수집시각,체인,지점,우편번호,카테고리,행사기간,상품명,상품정보,행사가격,앱가격,할인율,기준가격,출처,검색우편번호,도시,가격적용단위,할인조건,원문근거,검토상태,정상가격,원본행
2026-09-20 21:02 Europe/Berlin,REWE,"REWE Markt, An der Piwipp 120, 40468 Düsseldorf",40468,음료,21.09.2026-27.09.2026,Adelholzener Mineralwasser,"versch. Sorten, je 12 x 0,75-l-Fl.-Kasten, (1 l = 0,72 €), zzgl. 3,30 € Pfand",6.49,,,"0,72 €",https://www.rewe.de/angebote/duesseldorf/8322016/rewe-markt-an-der-piwipp-120/,40468;40474,Düsseldorf,,,,미검토,,2;271
2026-09-20 21:02 Europe/Berlin,REWE,"REWE Markt, An der Piwipp 120, 40468 Düsseldorf",40468,음료,21.09.2026-27.09.2026,Afri Cola Extra Koffein,"koffeinhaltig, je 6 x 1-l-Fl.-Pckg., (1 l = 0,89 €), zzgl. 1,50 € Pfand",5.34,,,"0,89 €",https://www.rewe.de/angebote/duesseldorf/8322016/rewe-markt-an-der-piwipp-120/,40468;40474,Düsseldorf,,,,미검토,,3;272
2026-09-20 21:02 Europe/Berlin,REWE,"REWE Markt, An der Piwipp 120, 40468 Düsseldorf",40468,식품,21.09.2026-27.09.2026,Altenburger Ziegenrolle,"je 150-g-Pckg., (1 kg = 16,60 €)",2.49,,,"16,60 €",https://www.rewe.de/angebote/duesseldorf/8322016/rewe-markt-an-der-piwipp-120/,40468;40474,Düsseldorf,,,,미검토,,4;273
2026-09-20 21:02 Europe/Berlin,REWE,"REWE Markt, An der Piwipp 120, 40468 Düsseldorf",40468,식품,21.09.2026-27.09.2026,Andros So Good - so Veggie,"aus Kokosmilch, je 350-g-Becher, (1 kg = 4,26 €)",1.49,,,"4,26 €",https://www.rewe.de/angebote/duesseldorf/8322016/rewe-markt-an-der-piwipp-120/,40468;40474,Düsseldorf,,,,미검토,,5;274
2026-09-20 21:02 Europe/Berlin,REWE,"REWE Markt, An der Piwipp 120, 40468 Düsseldorf",40468,식품,21.09.2026-27.09.2026,Aoste Longhetti,"Classique, je 65-g-Pckg., (1 kg = 27,54 €)",1.79,,,"27,54 €",https://www.rewe.de/angebote/duesseldorf/8322016/rewe-markt-an-der-piwipp-120/,40468;40474,Düsseldorf,,,,미검토,,6;275
2026-09-20 21:02 Europe/Berlin,REWE,"REWE Markt, An der Piwipp 120, 40468 Düsseldorf",40468,식품,21.09.2026-27.09.2026,Aoste Stickado,"Classique, je 70-g-Pckg., (1 kg = 25,57 €)",1.79,,,"25,57 €",https://www.rewe.de/angebote/duesseldorf/8322016/rewe-markt-an-der-piwipp-120/,40468;40474,Düsseldorf,,,,미검토,,7;276
2026-09-20 21:02 Europe/Berlin,REWE,"REWE Markt, An der Piwipp 120, 40468 Düsseldorf",40468,식품,21.09.2026-27.09.2026,Appel Zarte Filets vom Hering,"versch. Sorten, je 200-g-Dose, (1 kg = 5,55 €)",1.11,,,"5,55 €",https://www.rewe.de/angebote/duesseldorf/8322016/rewe-markt-an-der-piwipp-120/,40468;40474,Düsseldorf,,,,미검토,,8;277
2026-09-20 21:02 Europe/Berlin,REWE,"REWE Markt, An der Piwipp 120, 40468 Düsseldorf",40468,식품,21.09.2026-27.09.2026,Ayuko Ramen Nudeln,"vorgekocht, je 180-g-Btl., (1 kg = 4,39 €)",0.79,,,"4,39 €",https://www.rewe.de/angebote/duesseldorf/8322016/rewe-markt-an-der-piwipp-120/,40468;40474,Düsseldorf,,,,미검토,,9;278
2026-09-20 21:02 Europe/Berlin,REWE,"REWE Markt, An der Piwipp 120, 40468 Düsseldorf",40468,식품,21.09.2026-27.09.2026,Ayuko Udon Nudeln,"vorgekocht, je 200-g-Btl., (1 kg = 3,95 €)",0.79,,,"3,95 €",https://www.rewe.de/angebote/duesseldorf/8322016/rewe-markt-an-der-piwipp-120/,40468;40474,Düsseldorf,,,,미검토,,10;279
2026-09-20 21:02 Europe/Berlin,REWE,"REWE Markt, An der Piwipp 120, 40468 Düsseldorf",40468,주류,21.09.2026-27.09.2026,Bacardi Carta Blanca Superior,"37,5% Vol. oder Razz 27% Vol., je 0,7-l-Fl., (1 l = 14,99 €)",10.49,,,"14,99 €",https://www.rewe.de/angebote/duesseldorf/8322016/rewe-markt-an-der-piwipp-120/,40468;40474,Düsseldorf,,,,미검토,,11;280
2026-09-20 21:02 Europe/Berlin,REWE,"REWE Markt, An der Piwipp 120, 40468 Düsseldorf",40468,식품,21.09.2026-27.09.2026,Bahlsen Pick Up!,"versch. Sorten, je 5 x 28-g-Pckg., (1 kg = 14,21 €)",1.99,,,"14,21 €",https://www.rewe.de/angebote/duesseldorf/8322016/rewe-markt-an-der-piwipp-120/,40468;40474,Düsseldorf,,,,미검토,,12;281
2026-09-20 21:02 Europe/Berlin,REWE,"REWE Markt, An der Piwipp 120, 40468 Düsseldorf",40468,식품,21.09.2026-27.09.2026,Barilla Classic Pasta,"versch. Ausformungen, je 500-g-Pckg., (1 kg = 1,76 €)",0.88,,,"1,76 €",https://www.rewe.de/angebote/duesseldorf/8322016/rewe-markt-an-der-piwipp-120/,40468;40474,Düsseldorf,,,,미검토,,13;282
2026-09-20 21:02 Europe/Berlin,REWE,"REWE Markt, An der Piwipp 120, 40468 Düsseldorf",40468,식품,21.09.2026-27.09.2026,Barilla Pasta Sauce,"Basilico, je 400-g-Glas, (1 kg = 4,48 €)",1.79,,,"4,48 €",https://www.rewe.de/angebote/duesseldorf/8322016/rewe-markt-an-der-piwipp-120/,40468;40474,Düsseldorf,,,,미검토,,14;283
2026-09-20 21:02 Europe/Berlin,REWE,"REWE Markt, An der Piwipp 120, 40468 Düsseldorf",40468,식품,21.09.2026-27.09.2026,Barilla Pesto Rosso,"je 200-g-Glas, (1 kg = 8,95 €)",1.79,,,"8,95 €",https://www.rewe.de/angebote/duesseldorf/8322016/rewe-markt-an-der-piwipp-120/,40468;40474,Düsseldorf,,,,미검토,,15;284
2026-09-20 21:02 Europe/Berlin,REWE,"REWE Markt, An der Piwipp 120, 40468 Düsseldorf",40468,식품,21.09.2026-27.09.2026,Bauli Buondi L'Originale,"je 198-g-Pckg., (1 kg = 11,57 €)",2.29,,,"11,57 €",https://www.rewe.de/angebote/duesseldorf/8322016/rewe-markt-an-der-piwipp-120/,40468;40474,Düsseldorf,,,,미검토,,16;285
2026-09-20 21:02 Europe/Berlin,REWE,"REWE Markt, An der Piwipp 120, 40468 Düsseldorf",40468,식품,21.09.2026-27.09.2026,Bauli Buondi L'Originale Cacao,"je 258-g-Pckg., (1 kg = 8,88 €)",2.29,,,"8,88 €",https://www.rewe.de/angebote/duesseldorf/8322016/rewe-markt-an-der-piwipp-120/,40468;40474,Düsseldorf,,,,미검토,,17;286
2026-09-20 21:02 Europe/Berlin,REWE,"REWE Markt, An der Piwipp 120, 40468 Düsseldorf",40468,주류,21.09.2026-27.09.2026,Beck’s Pils,"versch. Sorten, je 20 x 0,5-l-Fl.-Kasten, (1 l = 1,10 €), zzgl. 3,10 € Pfand",10.99,,,"1,10 €",https://www.rewe.de/angebote/duesseldorf/8322016/rewe-markt-an-der-piwipp-120/,40468;40474,Düsseldorf,,,,미검토,,18;287
2026-09-20 21:02 Europe/Berlin,REWE,"REWE Markt, An der Piwipp 120, 40468 Düsseldorf",40468,식품,21.09.2026-27.09.2026,Ben & Jerry’s Ice Cream,"versch. Sorten, je 465-ml-Becher, (1 l = 8,58 €)",3.99,,,"8,58 €",https://www.rewe.de/angebote/duesseldorf/8322016/rewe-markt-an-der-piwipp-120/,40468;40474,Düsseldorf,,,,미검토,,19;288
2026-09-20 21:02 Europe/Berlin,REWE,"REWE Markt, An der Piwipp 120, 40468 Düsseldorf",40468,식품,21.09.2026-27.09.2026,Bergader Bergbauern Käse würzig-nussig,"Schnittkäse, 48% Fett i.Tr., je 100 g",1.69,,,,https://www.rewe.de/angebote/duesseldorf/8322016/rewe-markt-an-der-piwipp-120/,40468;40474,Düsseldorf,,,,미검토,,20;289
2026-09-20 21:02 Europe/Berlin,REWE,"REWE Markt, An der Piwipp 120, 40468 Düsseldorf",40468,식품,21.09.2026-27.09.2026,Bille Geflügelsalami,"versch. Sorten, je 100 g",1.49,,,,https://www.rewe.de/angebote/duesseldorf/8322016/rewe-markt-an-der-piwipp-120/,40468;40474,Düsseldorf,,,,미검토,,21;290
2026-09-20 21:02 Europe/Berlin,REWE,"REWE Markt, An der Piwipp 120, 40468 Düsseldorf",40468,식품,21.09.2026-27.09.2026,Bio Mango,"Sorte: siehe Etikett, Kl. II, je St.",1.99,,,,https://www.rewe.de/angebote/duesseldorf/8322016/rewe-markt-an-der-piwipp-120/,40468;40474,Düsseldorf,,,,미검토,,22;291
2026-09-20 21:02 Europe/Berlin,REWE,"REWE Markt, An der Piwipp 120, 40468 Düsseldorf",40468,식품,21.09.2026-27.09.2026,Bio Romana Salatherzen,"Kl. II, je 2 St.-Pckg.",1.59,,,,https://www.rewe.de/angebote/duesseldorf/8322016/rewe-markt-an-der-piwipp-120/,40468;40474,Düsseldorf,,,,미검토,,23;292
2026-09-20 21:02 Europe/Berlin,REWE,"REWE Markt, An der Piwipp 120, 40468 Düsseldorf",40468,식품,21.09.2026-27.09.2026,Bio Sombra Kürbis,je 1 kg,2.29,,,,https://www.rewe.de/angebote/duesseldorf/8322016/rewe-markt-an-der-piwipp-120/,40468;40474,Düsseldorf,,,,미검토,,24;293
2026-09-20 21:02 Europe/Berlin,REWE,"REWE Markt, An der Piwipp 120, 40468 Düsseldorf",40468,주류,21.09.2026-27.09.2026,Bitburger Premium Pils,"je 0,5-l-Dose, (1 l = 1,58 €), zzgl. 0,25 € Pfand",0.79,,,"1,58 €",https://www.rewe.de/angebote/duesseldorf/8322016/rewe-markt-an-der-piwipp-120/,40468;40474,Düsseldorf,,,,미검토,,25;294
2026-09-20 21:02 Europe/Berlin,REWE,"REWE Markt, An der Piwipp 120, 40468 Düsseldorf",40468,주류,21.09.2026-27.09.2026,Blackforest Needle Dry Gin,"40% Vol., je 0,5-l-Fl., (1 l = 19,98 €)",9.99,,,"19,98 €",https://www.rewe.de/angebote/duesseldorf/8322016/rewe-markt-an-der-piwipp-120/,40468;40474,Düsseldorf,,,,미검토,,26;295
2026-09-20 21:02 Europe/Berlin,REWE,"REWE Markt, An der Piwipp 120, 40468 Düsseldorf",40468,주류,21.09.2026-27.09.2026,Bombay Sapphire London Dry Gin,"40% Vol., je 0,7-l-Fl., (1 l = 22,84 €)",15.99,,,"22,84 €",https://www.rewe.de/angebote/duesseldorf/8322016/rewe-markt-an-der-piwipp-120/,40468;40474,Düsseldorf,,,,미검토,,27;296
2026-09-20 21:02 Europe/Berlin,REWE,"REWE Markt, An der Piwipp 120, 40468 Düsseldorf",40468,식품,21.09.2026-27.09.2026,Bonduelle Kopfsalat,"je 175-g-Btl., (1 kg = 10,23 €)",1.79,,,"10,23 €",https://www.rewe.de/angebote/duesseldorf/8322016/rewe-markt-an-der-piwipp-120/,40468;40474,Düsseldorf,,,,미검토,,28;297
2026-09-20 21:02 Europe/Berlin,REWE,"REWE Markt, An der Piwipp 120, 40468 Düsseldorf",40468,식품,21.09.2026-27.09.2026,Bonduelle Wildkräutersalat,"je 110-g-Btl., (1 kg = 16,27 €)",1.79,,,"16,27 €",https://www.rewe.de/angebote/duesseldorf/8322016/rewe-markt-an-der-piwipp-120/,40468;40474,Düsseldorf,,,,미검토,,29;298
2026-09-20 21:02 Europe/Berlin,REWE,"REWE Markt, An der Piwipp 120, 40468 Düsseldorf",40468,식품,21.09.2026-27.09.2026,Breitsamer Honig Faires Frühstück,"je 500-g-Glas, (1 kg = 9,98 €)",4.99,,,"9,98 €",https://www.rewe.de/angebote/duesseldorf/8322016/rewe-markt-an-der-piwipp-120/,40468;40474,Düsseldorf,,,,미검토,,30;299
2026-09-20 21:02 Europe/Berlin,REWE,"REWE Markt, An der Piwipp 120, 40468 Düsseldorf",40468,식품,21.09.2026-27.09.2026,Brunch Brotaufstrich,"versch. Sorten, je 185-g-Becher, (1 kg = 6,97 €)",1.29,,,"6,97 €",https://www.rewe.de/angebote/duesseldorf/8322016/rewe-markt-an-der-piwipp-120/,40468;40474,Düsseldorf,,,,미검토,,31;300
2026-09-20 21:02 Europe/Berlin,REWE,"REWE Markt, An der Piwipp 120, 40468 Düsseldorf",40468,주류,21.09.2026-27.09.2026,Budweiser Premium Czech Lager,"je 20 x 0,5-l-Fl.-Kasten, (1 l = 1,50 €), zzgl. 3,10 € Pfand",14.99,,,"1,50 €",https://www.rewe.de/angebote/duesseldorf/8322016/rewe-markt-an-der-piwipp-120/,40468;40474,Düsseldorf,,,,미검토,,32;301
2026-09-20 21:02 Europe/Berlin,REWE,"REWE Markt, An der Piwipp 120, 40468 Düsseldorf",40468,식품,21.09.2026-27.09.2026,Bürger Maultaschen,"traditionell schwäbisch, je 360-g-Btl., (1 kg = 4,69 €)",1.69,,,"4,69 €",https://www.rewe.de/angebote/duesseldorf/8322016/rewe-markt-an-der-piwipp-120/,40468;40474,Düsseldorf,,,,미검토,,33;302
2026-09-20 21:02 Europe/Berlin,REWE,"REWE Markt, An der Piwipp 120, 40468 Düsseldorf",40468,식품,21.09.2026-27.09.2026,Burgis Sonntagsknödel,"je 500-g-Pckg., (1 kg = 3,58 €)",1.79,,,"3,58 €",https://www.rewe.de/angebote/duesseldorf/8322016/rewe-markt-an-der-piwipp-120/,40468;40474,Düsseldorf,,,,미검토,,34;303
2026-09-20 21:02 Europe/Berlin,REWE,"REWE Markt, An der Piwipp 120, 40468 Düsseldorf",40468,음료,21.09.2026-27.09.2026,Burgwallbronn Mineralwasser,"versch. Sorten, je 12 x 1-l-Fl.-Kasten, (1 l = 0,42 €), zzgl. 3,30 € Pfand",4.99,,,"0,42 €",https://www.rewe.de/angebote/duesseldorf/8322016/rewe-markt-an-der-piwipp-120/,40468;40474,Düsseldorf,,,,미검토,,35;304
2026-09-20 21:02 Europe/Berlin,REWE,"REWE Markt, An der Piwipp 120, 40468 Düsseldorf",40468,식품,21.09.2026-27.09.2026,Butcher’s Angus Irish Beef oder Beef Rindfleisch Burger Patties,"je 230-g-Pckg., (1 kg = 18,65 €)",4.29,,,"18,65 €",https://www.rewe.de/angebote/duesseldorf/8322016/rewe-markt-an-der-piwipp-120/,40468;40474,Düsseldorf,,,,미검토,,36;305
2026-09-20 21:02 Europe/Berlin,REWE,"REWE Markt, An der Piwipp 120, 40468 Düsseldorf",40468,식품,21.09.2026-27.09.2026,Butcher’s Barbecue Schweine-Nackensteaks,"in versch. Marinaden, je 380-g-Pckg., (1 kg = 9,97 €)",3.79,,,"9,97 €",https://www.rewe.de/angebote/duesseldorf/8322016/rewe-markt-an-der-piwipp-120/,40468;40474,Düsseldorf,,,,미검토,,37;306
2026-09-20 21:02 Europe/Berlin,REWE,"REWE Markt, An der Piwipp 120, 40468 Düsseldorf",40468,식품,21.09.2026-27.09.2026,Butter-Quarktasche,je St.,0.99,,,,https://www.rewe.de/angebote/duesseldorf/8322016/rewe-markt-an-der-piwipp-120/,40468;40474,Düsseldorf,,,,미검토,,38;307
2026-09-20 21:02 Europe/Berlin,REWE,"REWE Markt, An der Piwipp 120, 40468 Düsseldorf",40468,식품,21.09.2026-27.09.2026,Buttermilch-Batzen,"Hefefeingebäck, mild und süß-aromatisch im Geschmack, je 350-g-St., (1 kg = 4,26 €)",1.49,,,"4,26 €",https://www.rewe.de/angebote/duesseldorf/8322016/rewe-markt-an-der-piwipp-120/,40468;40474,Düsseldorf,,,,미검토,,39;308
2026-09-20 21:02 Europe/Berlin,REWE,"REWE Markt, An der Piwipp 120, 40468 Düsseldorf",40468,식품,21.09.2026-27.09.2026,Casa Modena Salame Gran Magro,"feine Salamispezialität, je 100 g",2.29,,,,https://www.rewe.de/angebote/duesseldorf/8322016/rewe-markt-an-der-piwipp-120/,40468;40474,Düsseldorf,,,,미검토,,40;309
2026-09-20 21:02 Europe/Berlin,REWE,"REWE Markt, An der Piwipp 120, 40468 Düsseldorf",40468,식품,21.09.2026-27.09.2026,Chicorée,"Kl. I, je 500-g-Pckg., (1 kg = 3,18 €)",1.59,,,"3,18 €",https://www.rewe.de/angebote/duesseldorf/8322016/rewe-markt-an-der-piwipp-120/,40468;40474,Düsseldorf,,,,미검토,,41;310
2026-09-20 21:02 Europe/Berlin,REWE,"REWE Markt, An der Piwipp 120, 40468 Düsseldorf",40468,음료,21.09.2026-27.09.2026,Coca-Cola oder Coca-Cola Zero Friendspack,"koffeinhaltig, je 10 x 0,33-l-Dosen-Pckg., (1 l = 1,82 €), zzgl. 2,50 € Pfand",5.99,,,"1,82 €",https://www.rewe.de/angebote/duesseldorf/8322016/rewe-markt-an-der-piwipp-120/,40468;40474,Düsseldorf,,,,미검토,,42;311
2026-09-20 21:02 Europe/Berlin,REWE,"REWE Markt, An der Piwipp 120, 40468 Düsseldorf",40468,식품,21.09.2026-27.09.2026,Coppenrath & Wiese Lust auf Kuchen Erdbeer Cheesecake,"tiefgefroren, je 550-g-Pckg., (1 kg = 6,35 €)",3.49,,,"6,35 €",https://www.rewe.de/angebote/duesseldorf/8322016/rewe-markt-an-der-piwipp-120/,40468;40474,Düsseldorf,,,,미검토,,43;312
2026-09-20 21:02 Europe/Berlin,REWE,"REWE Markt, An der Piwipp 120, 40468 Düsseldorf",40468,식품,21.09.2026-27.09.2026,Coppenrath & Wiese Lust auf Vegan Mandel-Bienenstich-Torte,"tiefgefroren, je 360-g-Pckg., (1 kg = 9,69 €)",3.49,,,"9,69 €",https://www.rewe.de/angebote/duesseldorf/8322016/rewe-markt-an-der-piwipp-120/,40468;40474,Düsseldorf,,,,미검토,,44;313
2026-09-20 21:02 Europe/Berlin,REWE,"REWE Markt, An der Piwipp 120, 40468 Düsseldorf",40468,식품,21.09.2026-27.09.2026,Coppenrath & Wiese Sahne Rolle,"versch. Sorten, tiefgefroren, je 350-g-Pckg., (1 kg = 7,40 €)",2.59,,,"7,40 €",https://www.rewe.de/angebote/duesseldorf/8322016/rewe-markt-an-der-piwipp-120/,40468;40474,Düsseldorf,,,,미검토,,45;314
2026-09-20 21:02 Europe/Berlin,REWE,"REWE Markt, An der Piwipp 120, 40468 Düsseldorf",40468,식품,21.09.2026-27.09.2026,Corny Müsliriegel Milch Classic,"je 4 x 30-g-Pckg., (1 kg = 14,92 €)",1.79,,,"14,92 €",https://www.rewe.de/angebote/duesseldorf/8322016/rewe-markt-an-der-piwipp-120/,40468;40474,Düsseldorf,,,,미검토,,46;315
2026-09-20 21:02 Europe/Berlin,REWE,"REWE Markt, An der Piwipp 120, 40468 Düsseldorf",40468,식품,21.09.2026-27.09.2026,Corny Müsliriegel Schoko,"je 6 x 25-g-Pckg., (1 kg = 11,93 €)",1.79,,,"11,93 €",https://www.rewe.de/angebote/duesseldorf/8322016/rewe-markt-an-der-piwipp-120/,40468;40474,Düsseldorf,,,,미검토,,47;316
2026-09-20 21:02 Europe/Berlin,REWE,"REWE Markt, An der Piwipp 120, 40468 Düsseldorf",40468,식품,21.09.2026-27.09.2026,Costa Pacific Prawns,"tiefgefroren, je 215-g-Btl., (1 kg = 37,16 €)",7.99,,,"37,16 €",https://www.rewe.de/angebote/duesseldorf/8322016/rewe-markt-an-der-piwipp-120/,40468;40474,Düsseldorf,,,,미검토,,48;317
2026-09-20 21:02 Europe/Berlin,REWE,"REWE Markt, An der Piwipp 120, 40468 Düsseldorf",40468,식품,21.09.2026-27.09.2026,Dallmayr Crema d’Oro,"ganze Bohnen, je 1000-g-Pckg.",12.99,,,,https://www.rewe.de/angebote/duesseldorf/8322016/rewe-markt-an-der-piwipp-120/,40468;40474,Düsseldorf,,,,미검토,,49;318
2026-09-20 21:02 Europe/Berlin,REWE,"REWE Markt, An der Piwipp 120, 40468 Düsseldorf",40468,식품,21.09.2026-27.09.2026,DeBeukelaer Cereola,"versch. Sorten, je 150-g-Pckg., (1 kg = 9,93 €)",1.49,,,"9,93 €",https://www.rewe.de/angebote/duesseldorf/8322016/rewe-markt-an-der-piwipp-120/,40468;40474,Düsseldorf,,,,미검토,,50;319
2026-09-20 21:02 Europe/Berlin,REWE,"REWE Markt, An der Piwipp 120, 40468 Düsseldorf",40468,주류,21.09.2026-27.09.2026,Deutsches Weintor Exklusiv Qualitätswein,"versch. Sorten, trocken, je 0,75-l-Fl., (1 l = 5,32 €)",3.99,,,"5,32 €",https://www.rewe.de/angebote/duesseldorf/8322016/rewe-markt-an-der-piwipp-120/,40468;40474,Düsseldorf,,,,미검토,,51;320
2026-09-20 21:02 Europe/Berlin,REWE,"REWE Markt, An der Piwipp 120, 40468 Düsseldorf",40468,식품,21.09.2026-27.09.2026,Doritos Nacho Cheese,"je 110-g-Pckg., (1 kg = 9,00 €)",0.99,,,"9,00 €",https://www.rewe.de/angebote/duesseldorf/8322016/rewe-markt-an-der-piwipp-120/,40468;40474,Düsseldorf,,,,미검토,,52;321
2026-09-20 21:02 Europe/Berlin,REWE,"REWE Markt, An der Piwipp 120, 40468 Düsseldorf",40468,식품,21.09.2026-27.09.2026,Dr. Oetker Bourbon-Vanille Soße,"je 250-ml-Becher, (1 l = 5,16 €)",1.29,,,"5,16 €",https://www.rewe.de/angebote/duesseldorf/8322016/rewe-markt-an-der-piwipp-120/,40468;40474,Düsseldorf,,,,미검토,,53;322
2026-09-20 21:02 Europe/Berlin,REWE,"REWE Markt, An der Piwipp 120, 40468 Düsseldorf",40468,식품,21.09.2026-27.09.2026,Dr. Oetker Götterspeise,"Waldmeister mit Bourbon-Vanillesoße, je 160-g-Becher, (1 kg = 4,31 €)",0.69,,,"4,31 €",https://www.rewe.de/angebote/duesseldorf/8322016/rewe-markt-an-der-piwipp-120/,40468;40474,Düsseldorf,,,,미검토,,54;323
2026-09-20 21:02 Europe/Berlin,REWE,"REWE Markt, An der Piwipp 120, 40468 Düsseldorf",40468,식품,21.09.2026-27.09.2026,Dr. Oetker Götterspeise XXL Waldmeister,"je 500-g-Becher, (1 kg = 2,58 €)",1.29,,,"2,58 €",https://www.rewe.de/angebote/duesseldorf/8322016/rewe-markt-an-der-piwipp-120/,40468;40474,Düsseldorf,,,,미검토,,55;324
2026-09-20 21:02 Europe/Berlin,REWE,"REWE Markt, An der Piwipp 120, 40468 Düsseldorf",40468,식품,21.09.2026-27.09.2026,Dr. Oetker Grießbrei,"je 92-g-Btl., (1 kg = 10,76 €)",0.99,,,"10,76 €",https://www.rewe.de/angebote/duesseldorf/8322016/rewe-markt-an-der-piwipp-120/,40468;40474,Düsseldorf,,,,미검토,,56;325
2026-09-20 21:02 Europe/Berlin,REWE,"REWE Markt, An der Piwipp 120, 40468 Düsseldorf",40468,식품,21.09.2026-27.09.2026,Dr. Oetker Milchreis,"je 125-g-Btl., (1 kg = 7,92 €)",0.99,,,"7,92 €",https://www.rewe.de/angebote/duesseldorf/8322016/rewe-markt-an-der-piwipp-120/,40468;40474,Düsseldorf,,,,미검토,,57;326
2026-09-20 21:02 Europe/Berlin,REWE,"REWE Markt, An der Piwipp 120, 40468 Düsseldorf",40468,식품,21.09.2026-27.09.2026,Dr. Oetker Paradiescreme Kleine Auszeit,"Vanille, je 27-g-Btl., (1 kg = 29,26 €)",0.79,,,"29,26 €",https://www.rewe.de/angebote/duesseldorf/8322016/rewe-markt-an-der-piwipp-120/,40468;40474,Düsseldorf,,,,미검토,,58;327
2026-09-20 21:02 Europe/Berlin,REWE,"REWE Markt, An der Piwipp 120, 40468 Düsseldorf",40468,식품,21.09.2026-27.09.2026,Dr. Oetker Ristorante Pizza Salame,"tiefgefroren, je 320-g-Pckg., (1 kg = 5,59 €)",1.79,,,"5,59 €",https://www.rewe.de/angebote/duesseldorf/8322016/rewe-markt-an-der-piwipp-120/,40468;40474,Düsseldorf,,,,미검토,,59;328
2026-09-20 21:02 Europe/Berlin,REWE,"REWE Markt, An der Piwipp 120, 40468 Düsseldorf",40468,식품,21.09.2026-27.09.2026,Dr. Oetker Ristorante Pizza Spinaci,"tiefgefroren, je 390-g-Pckg., (1 kg = 4,59 €)",1.79,,,"4,59 €",https://www.rewe.de/angebote/duesseldorf/8322016/rewe-markt-an-der-piwipp-120/,40468;40474,Düsseldorf,,,,미검토,,60;329
2026-09-20 21:02 Europe/Berlin,REWE,"REWE Markt, An der Piwipp 120, 40468 Düsseldorf",40468,식품,21.09.2026-27.09.2026,Dr. Oetker Rotwein Mousse,"je 100-g-Becher, (1 kg = 6,90 €)",0.69,,,"6,90 €",https://www.rewe.de/angebote/duesseldorf/8322016/rewe-markt-an-der-piwipp-120/,40468;40474,Düsseldorf,,,,미검토,,61;330
2026-09-20 21:02 Europe/Berlin,REWE,"REWE Markt, An der Piwipp 120, 40468 Düsseldorf",40468,식품,21.09.2026-27.09.2026,Dr. Oetker Seelenwärmer Tassen-Cremepudding,"Schokolade, je 58-g-Pckg., (1 kg = 13,62 €)",0.79,,,"13,62 €",https://www.rewe.de/angebote/duesseldorf/8322016/rewe-markt-an-der-piwipp-120/,40468;40474,Düsseldorf,,,,미검토,,62;331
2026-09-20 21:02 Europe/Berlin,REWE,"REWE Markt, An der Piwipp 120, 40468 Düsseldorf",40468,음료,21.09.2026-27.09.2026,Dryll Elektrolyte-Getränk,"versch. Sorten, je 0,33-l-Dose, (1 l = 4,52 €), zzgl. 0,25 € Pfand",1.49,,,"4,52 €",https://www.rewe.de/angebote/duesseldorf/8322016/rewe-markt-an-der-piwipp-120/,40468;40474,Düsseldorf,,,,미검토,,63;332
2026-09-20 21:02 Europe/Berlin,REWE,"REWE Markt, An der Piwipp 120, 40468 Düsseldorf",40468,음료,21.09.2026-27.09.2026,Effect Energy Drink,"versch. Sorten, koffeinhaltig, je 0,33-l-Dose, (1 l = 2,09 €), zzgl. 0,25 € Pfand",0.69,,,"2,09 €",https://www.rewe.de/angebote/duesseldorf/8322016/rewe-markt-an-der-piwipp-120/,40468;40474,Düsseldorf,,,,미검토,,64;333
2026-09-20 21:02 Europe/Berlin,REWE,"REWE Markt, An der Piwipp 120, 40468 Düsseldorf",40468,식품,21.09.2026-27.09.2026,Ehrmann High Protein Pudding oder High Protein Joghurt,"versch. Sorten, je 200-g-Becher, (1 kg = 4,95 €)",0.99,,,"4,95 €",https://www.rewe.de/angebote/duesseldorf/8322016/rewe-markt-an-der-piwipp-120/,40468;40474,Düsseldorf,,,,미검토,,65;334
2026-09-20 21:02 Europe/Berlin,REWE,"REWE Markt, An der Piwipp 120, 40468 Düsseldorf",40468,식품,21.09.2026-27.09.2026,Eisbergsalat,"Kl. I, je St.",0.89,,,,https://www.rewe.de/angebote/duesseldorf/8322016/rewe-markt-an-der-piwipp-120/,40468;40474,Düsseldorf,,,,미검토,,66;335
2026-09-20 21:02 Europe/Berlin,REWE,"REWE Markt, An der Piwipp 120, 40468 Düsseldorf",40468,식품,21.09.2026-27.09.2026,El Pozo Iberico Fuetec Spanische Salami,"je 150-g-Pckg., (1 kg = 17,27 €)",2.59,,,"17,27 €",https://www.rewe.de/angebote/duesseldorf/8322016/rewe-markt-an-der-piwipp-120/,40468;40474,Düsseldorf,,,,미검토,,67;336
2026-09-20 21:02 Europe/Berlin,REWE,"REWE Markt, An der Piwipp 120, 40468 Düsseldorf",40468,식품,21.09.2026-27.09.2026,Elpozo Original Fuetec spanische Salami,"luftgetrocknet, je 170-g-Pckg., (1 kg = 15,24 €)",2.59,,,"15,24 €",https://www.rewe.de/angebote/duesseldorf/8322016/rewe-markt-an-der-piwipp-120/,40468;40474,Düsseldorf,,,,미검토,,68;337
2026-09-20 21:02 Europe/Berlin,REWE,"REWE Markt, An der Piwipp 120, 40468 Düsseldorf",40468,식품,21.09.2026-27.09.2026,Entrecôte,"vom Jungbullen, am Stück oder in Scheiben, je 100 g",3.19,,,,https://www.rewe.de/angebote/duesseldorf/8322016/rewe-markt-an-der-piwipp-120/,40468;40474,Düsseldorf,,,,미검토,,69;338
2026-09-20 21:02 Europe/Berlin,REWE,"REWE Markt, An der Piwipp 120, 40468 Düsseldorf",40468,식품,21.09.2026-27.09.2026,Erasco Eintopf,"versch. Sorten, je 800-g-Dose, (1 kg = 2,35 €)",1.88,,,"2,35 €",https://www.rewe.de/angebote/duesseldorf/8322016/rewe-markt-an-der-piwipp-120/,40468;40474,Düsseldorf,,,,미검토,,70;339
2026-09-20 21:02 Europe/Berlin,REWE,"REWE Markt, An der Piwipp 120, 40468 Düsseldorf",40468,주류,21.09.2026-27.09.2026,Erdinger Weißbier oder Brauhaus,"auch alkoholfrei, je 20 x 0,5-l-Fl.-Kasten, (1 l = 1,40 €), zzgl. 3,10 € Pfand",13.99,,,"1,40 €",https://www.rewe.de/angebote/duesseldorf/8322016/rewe-markt-an-der-piwipp-120/,40468;40474,Düsseldorf,,,,미검토,,71;340
2026-09-20 21:02 Europe/Berlin,REWE,"REWE Markt, An der Piwipp 120, 40468 Düsseldorf",40468,주류,21.09.2026-27.09.2026,Finvara Irish Whiskey,"43% Vol., je 0,7-l-Fl., (1 l = 28,56 €)",19.99,,,"28,56 €",https://www.rewe.de/angebote/duesseldorf/8322016/rewe-markt-an-der-piwipp-120/,40468;40474,Düsseldorf,,,,미검토,,72;341
2026-09-20 21:02 Europe/Berlin,REWE,"REWE Markt, An der Piwipp 120, 40468 Düsseldorf",40468,주류,21.09.2026-27.09.2026,Flor de Cana Rum Oro Reserva,"37,5% Vol., je 0,7-l-Fl., (1 l = 14,27 €)",9.99,,,"14,27 €",https://www.rewe.de/angebote/duesseldorf/8322016/rewe-markt-an-der-piwipp-120/,40468;40474,Düsseldorf,,,,미검토,,73;342
2026-09-20 21:02 Europe/Berlin,REWE,"REWE Markt, An der Piwipp 120, 40468 Düsseldorf",40468,식품,21.09.2026-27.09.2026,Fol Epi Classic,"frz. Schnittkäse, versch. Sorten, je 150-g-Pckg., (1 kg = 9,93 €)",1.49,,,"9,93 €",https://www.rewe.de/angebote/duesseldorf/8322016/rewe-markt-an-der-piwipp-120/,40468;40474,Düsseldorf,,,,미검토,,74;343
2026-09-20 21:02 Europe/Berlin,REWE,"REWE Markt, An der Piwipp 120, 40468 Düsseldorf",40468,식품,21.09.2026-27.09.2026,Followfood Bio Lachs Filets,"tiefgefroren, je 200-g-Pckg., (1 kg = 39,95 €)",7.99,,,"39,95 €",https://www.rewe.de/angebote/duesseldorf/8322016/rewe-markt-an-der-piwipp-120/,40468;40474,Düsseldorf,,,,미검토,,75;344
2026-09-20 21:02 Europe/Berlin,REWE,"REWE Markt, An der Piwipp 120, 40468 Düsseldorf",40468,식품,21.09.2026-27.09.2026,Foodmaker Big Bowl,"versch. Sorten, je 375-g-Schale, (1 kg = 13,31 €)",4.99,,,"13,31 €",https://www.rewe.de/angebote/duesseldorf/8322016/rewe-markt-an-der-piwipp-120/,40468;40474,Düsseldorf,,,,미검토,,76;345
2026-09-20 21:02 Europe/Berlin,REWE,"REWE Markt, An der Piwipp 120, 40468 Düsseldorf",40468,식품,21.09.2026-27.09.2026,Frico Gouda jung,"holl. Schnittkäse, 51% Fett i.Tr., je 100 g",0.89,,,,https://www.rewe.de/angebote/duesseldorf/8322016/rewe-markt-an-der-piwipp-120/,40468;40474,Düsseldorf,,,,미검토,,77;346
2026-09-20 21:02 Europe/Berlin,REWE,"REWE Markt, An der Piwipp 120, 40468 Düsseldorf",40468,식품,21.09.2026-27.09.2026,Frische Kräuter Petersilie glatt,"je 40-g-Schale, (1 kg = 19,75 €)",0.79,,,"19,75 €",https://www.rewe.de/angebote/duesseldorf/8322016/rewe-markt-an-der-piwipp-120/,40468;40474,Düsseldorf,,,,미검토,,78;347
2026-09-20 21:02 Europe/Berlin,REWE,"REWE Markt, An der Piwipp 120, 40468 Düsseldorf",40468,식품,21.09.2026-27.09.2026,Frische Kräuter Schnittlauch,"je 25-g-Schale, (1 kg = 31,60 €)",0.79,,,"31,60 €",https://www.rewe.de/angebote/duesseldorf/8322016/rewe-markt-an-der-piwipp-120/,40468;40474,Düsseldorf,,,,미검토,,79;348
2026-09-20 21:02 Europe/Berlin,REWE,"REWE Markt, An der Piwipp 120, 40468 Düsseldorf",40468,식품,21.09.2026-27.09.2026,Frisches Hähnchen-Brustfilet,"natur, je 100 g",1.59,,,,https://www.rewe.de/angebote/duesseldorf/8322016/rewe-markt-an-der-piwipp-120/,40468;40474,Düsseldorf,,,,미검토,,80;349
2026-09-20 21:02 Europe/Berlin,REWE,"REWE Markt, An der Piwipp 120, 40468 Düsseldorf",40468,식품,21.09.2026-27.09.2026,Frisches Oktoberfest-Hendl,"gewürzt, SB-verpackt, je 1 kg",6.99,,,,https://www.rewe.de/angebote/duesseldorf/8322016/rewe-markt-an-der-piwipp-120/,40468;40474,Düsseldorf,,,,미검토,,81;350
2026-09-20 21:02 Europe/Berlin,REWE,"REWE Markt, An der Piwipp 120, 40468 Düsseldorf",40468,식품,21.09.2026-27.09.2026,Frischkäsecreme »Elsässer Art«,je 100 g,1.79,,,,https://www.rewe.de/angebote/duesseldorf/8322016/rewe-markt-an-der-piwipp-120/,40468;40474,Düsseldorf,,,,미검토,,82;351
2026-09-20 21:02 Europe/Berlin,REWE,"REWE Markt, An der Piwipp 120, 40468 Düsseldorf",40468,식품,21.09.2026-27.09.2026,Frosta Gemüsepfanne alla Toscana,"tiefgefroren, je 480-g-Btl., (1 kg = 4,15 €)",1.99,,,"4,15 €",https://www.rewe.de/angebote/duesseldorf/8322016/rewe-markt-an-der-piwipp-120/,40468;40474,Düsseldorf,,,,미검토,,83;352
2026-09-20 21:02 Europe/Berlin,REWE,"REWE Markt, An der Piwipp 120, 40468 Düsseldorf",40468,식품,21.09.2026-27.09.2026,Frosta Rahm Geschnetzeltes,"tiefgefroren, je 375-g-Btl., (1 kg = 5,31 €)",1.99,,,"5,31 €",https://www.rewe.de/angebote/duesseldorf/8322016/rewe-markt-an-der-piwipp-120/,40468;40474,Düsseldorf,,,,미검토,,84;353
2026-09-20 21:02 Europe/Berlin,REWE,"REWE Markt, An der Piwipp 120, 40468 Düsseldorf",40468,주류,21.09.2026-27.09.2026,Fürst Bismarck Mineralwasser,"versch. Sorten, je 12 x 1-l-Fl.-Kasten, (1 l = 0,46 €), zzgl. 4,50 € Pfand",5.49,,,"0,46 €",https://www.rewe.de/angebote/duesseldorf/8322016/rewe-markt-an-der-piwipp-120/,40468;40474,Düsseldorf,,,,미검토,,85;354
2026-09-20 21:02 Europe/Berlin,REWE,"REWE Markt, An der Piwipp 120, 40468 Düsseldorf",40468,식품,21.09.2026-27.09.2026,Galbani Mozzarella Classic,"je 225-g-Pckg., (1 kg = 8,88 €), 125 g Abtropfgewicht",1.11,,,"8,88 €",https://www.rewe.de/angebote/duesseldorf/8322016/rewe-markt-an-der-piwipp-120/,40468;40474,Düsseldorf,,,,미검토,,86;355
2026-09-20 21:02 Europe/Berlin,REWE,"REWE Markt, An der Piwipp 120, 40468 Düsseldorf",40468,식품,21.09.2026-27.09.2026,Garden Gourmet Vegane Filetstreifen,"je 175-g-Pckg., (1 kg = 14,23 €)",2.49,,,"14,23 €",https://www.rewe.de/angebote/duesseldorf/8322016/rewe-markt-an-der-piwipp-120/,40468;40474,Düsseldorf,,,,미검토,,87;356
2026-09-20 21:02 Europe/Berlin,REWE,"REWE Markt, An der Piwipp 120, 40468 Düsseldorf",40468,식품,21.09.2026-27.09.2026,Garden Gourmet Vegetarische Gemüsebällchen,"je 200-g-Pckg., (1 kg = 12,45 €)",2.49,,,"12,45 €",https://www.rewe.de/angebote/duesseldorf/8322016/rewe-markt-an-der-piwipp-120/,40468;40474,Düsseldorf,,,,미검토,,88;357
2026-09-20 21:02 Europe/Berlin,REWE,"REWE Markt, An der Piwipp 120, 40468 Düsseldorf",40468,식품,21.09.2026-27.09.2026,Gelbe Speisezwiebeln,"Kl. II, je 1,5-kg-Netz, (1 kg = 0,79 €)",1.19,,,"0,79 €",https://www.rewe.de/angebote/duesseldorf/8322016/rewe-markt-an-der-piwipp-120/,40468;40474,Düsseldorf,,,,미검토,,89;358
2026-09-20 21:02 Europe/Berlin,REWE,"REWE Markt, An der Piwipp 120, 40468 Düsseldorf",40468,식품,21.09.2026-27.09.2026,Géramont Scheiben mit Skyr,"je 150-g-Pckg., (1 kg = 15,26 €)",2.29,,,"15,26 €",https://www.rewe.de/angebote/duesseldorf/8322016/rewe-markt-an-der-piwipp-120/,40468;40474,Düsseldorf,,,,미검토,,90;359
2026-09-20 21:02 Europe/Berlin,REWE,"REWE Markt, An der Piwipp 120, 40468 Düsseldorf",40468,식품,21.09.2026-27.09.2026,Géramont Weichkäse,"je 200-g-Pckg., (1 kg = 11,45 €)",2.29,,,"11,45 €",https://www.rewe.de/angebote/duesseldorf/8322016/rewe-markt-an-der-piwipp-120/,40468;40474,Düsseldorf,,,,미검토,,91;360
2026-09-20 21:02 Europe/Berlin,REWE,"REWE Markt, An der Piwipp 120, 40468 Düsseldorf",40468,음료,21.09.2026-27.09.2026,Gerolsteiner Mineralwasser,"versch. Sorten, je 6 x 1-l-Fl.-Kasten, (1 l = 0,83 €), zzgl. 2,40 € Pfand",4.99,,,"0,83 €",https://www.rewe.de/angebote/duesseldorf/8322016/rewe-markt-an-der-piwipp-120/,40468;40474,Düsseldorf,,,,미검토,,92;361
2026-09-20 21:02 Europe/Berlin,REWE,"REWE Markt, An der Piwipp 120, 40468 Düsseldorf",40468,음료,21.09.2026-27.09.2026,Gönrgy Energy Drink,"versch. Sorten, koffeinhaltig, je 0,5-l-Dose, (1 l = 1,98 €), zzgl. 0,25 € Pfand",0.99,,,"1,98 €",https://www.rewe.de/angebote/duesseldorf/8322016/rewe-markt-an-der-piwipp-120/,40468;40474,Düsseldorf,,,,미검토,,93;362
2026-09-20 21:02 Europe/Berlin,REWE,"REWE Markt, An der Piwipp 120, 40468 Düsseldorf",40468,식품,21.09.2026-27.09.2026,Granatapfelkerne,"je 80-g-Schale, (1 kg = 21,13 €)",1.69,,,"21,13 €",https://www.rewe.de/angebote/duesseldorf/8322016/rewe-markt-an-der-piwipp-120/,40468;40474,Düsseldorf,,,,미검토,,94;363
2026-09-20 21:02 Europe/Berlin,REWE,"REWE Markt, An der Piwipp 120, 40468 Düsseldorf",40468,주류,21.09.2026-27.09.2026,Grand Sud Vin de France,"versch. Sorten, trocken, je 1-l-Fl.",2.99,,,,https://www.rewe.de/angebote/duesseldorf/8322016/rewe-markt-an-der-piwipp-120/,40468;40474,Düsseldorf,,,,미검토,,95;364
2026-09-20 21:02 Europe/Berlin,REWE,"REWE Markt, An der Piwipp 120, 40468 Düsseldorf",40468,음료,21.09.2026-27.09.2026,Granini Die Limo,"versch. Sorten, je 1-l-Fl., zzgl. 0,25 € Pfand",1.29,,,,https://www.rewe.de/angebote/duesseldorf/8322016/rewe-markt-an-der-piwipp-120/,40468;40474,Düsseldorf,,,,미검토,,96;365
2026-09-20 21:02 Europe/Berlin,REWE,"REWE Markt, An der Piwipp 120, 40468 Düsseldorf",40468,음료,21.09.2026-27.09.2026,Granini Fresh,"versch. Sorten, je 0,75-l-Fl., (1 l = 1,72 €), zzgl. 0,25 € Pfand",1.29,,,"1,72 €",https://www.rewe.de/angebote/duesseldorf/8322016/rewe-markt-an-der-piwipp-120/,40468;40474,Düsseldorf,,,,미검토,,97;366
2026-09-20 21:02 Europe/Berlin,REWE,"REWE Markt, An der Piwipp 120, 40468 Düsseldorf",40468,주류,21.09.2026-27.09.2026,Grasovka Vodka,"38% Vol., je 0,7-l-Fl., (1 l = 14,27 €)",9.99,,,"14,27 €",https://www.rewe.de/angebote/duesseldorf/8322016/rewe-markt-an-der-piwipp-120/,40468;40474,Düsseldorf,,,,미검토,,98;367
2026-09-20 21:02 Europe/Berlin,REWE,"REWE Markt, An der Piwipp 120, 40468 Düsseldorf",40468,식품,21.09.2026-27.09.2026,Grillspieß Dönerstyle,"je 320-g-Pckg., (1 kg = 12,47 €)",3.99,,,"12,47 €",https://www.rewe.de/angebote/duesseldorf/8322016/rewe-markt-an-der-piwipp-120/,40468;40474,Düsseldorf,,,,미검토,,99;368
2026-09-20 21:02 Europe/Berlin,REWE,"REWE Markt, An der Piwipp 120, 40468 Düsseldorf",40468,식품,21.09.2026-27.09.2026,Grüne Kiwi,"Kl. I, je St.",0.39,,,,https://www.rewe.de/angebote/duesseldorf/8322016/rewe-markt-an-der-piwipp-120/,40468;40474,Düsseldorf,,,,미검토,,100;369
2026-09-20 21:02 Europe/Berlin,REWE,"REWE Markt, An der Piwipp 120, 40468 Düsseldorf",40468,식품,21.09.2026-27.09.2026,Grüne Tafelbirnen,"Sorte: siehe Etikett, Kl. I, je 1-kg-Schale",1.49,,,,https://www.rewe.de/angebote/duesseldorf/8322016/rewe-markt-an-der-piwipp-120/,40468;40474,Düsseldorf,,,,미검토,,101;370
2026-09-20 21:02 Europe/Berlin,REWE,"REWE Markt, An der Piwipp 120, 40468 Düsseldorf",40468,식품,21.09.2026-27.09.2026,Grünländer mild & nussig,"Schnittkäse, 48% Fett i.Tr., je 100 g",1.19,,,,https://www.rewe.de/angebote/duesseldorf/8322016/rewe-markt-an-der-piwipp-120/,40468;40474,Düsseldorf,,,,미검토,,102;371
2026-09-20 21:02 Europe/Berlin,REWE,"REWE Markt, An der Piwipp 120, 40468 Düsseldorf",40468,식품,21.09.2026-27.09.2026,Gustavo Gusto Pizza Amore Napoli Mozzarella,"tiefgefroren, je 320-g-Pckg., (1 kg = 9,34 €)",2.99,,,"9,34 €",https://www.rewe.de/angebote/duesseldorf/8322016/rewe-markt-an-der-piwipp-120/,40468;40474,Düsseldorf,,,,미검토,,103;372
2026-09-20 21:02 Europe/Berlin,REWE,"REWE Markt, An der Piwipp 120, 40468 Düsseldorf",40468,식품,21.09.2026-27.09.2026,Gustavo Gusto Pizza Amore Napoli Salame,"tiefgefroren, je 315-g-Pckg., (1 kg = 9,49 €)",2.99,,,"9,49 €",https://www.rewe.de/angebote/duesseldorf/8322016/rewe-markt-an-der-piwipp-120/,40468;40474,Düsseldorf,,,,미검토,,104;373
2026-09-20 21:02 Europe/Berlin,REWE,"REWE Markt, An der Piwipp 120, 40468 Düsseldorf",40468,식품,21.09.2026-27.09.2026,Gutfried Geflügel-Fleischwurst,"fein-würzig, je 400-g-Pckg., (1 kg = 6,98 €)",2.79,,,"6,98 €",https://www.rewe.de/angebote/duesseldorf/8322016/rewe-markt-an-der-piwipp-120/,40468;40474,Düsseldorf,,,,미검토,,105;374
2026-09-20 21:02 Europe/Berlin,REWE,"REWE Markt, An der Piwipp 120, 40468 Düsseldorf",40468,식품,21.09.2026-27.09.2026,Gutfried Hähnchen-Fleischwurst,"würzig-frisch, je 350-g-Pckg., (1 kg = 7,97 €)",2.79,,,"7,97 €",https://www.rewe.de/angebote/duesseldorf/8322016/rewe-markt-an-der-piwipp-120/,40468;40474,Düsseldorf,,,,미검토,,106;375
2026-09-20 21:02 Europe/Berlin,REWE,"REWE Markt, An der Piwipp 120, 40468 Düsseldorf",40468,식품,21.09.2026-27.09.2026,Hähnchenbrust Ceprese,je 100 g,1.69,,,,https://www.rewe.de/angebote/duesseldorf/8322016/rewe-markt-an-der-piwipp-120/,40468;40474,Düsseldorf,,,,미검토,,107;376
2026-09-20 21:02 Europe/Berlin,REWE,"REWE Markt, An der Piwipp 120, 40468 Düsseldorf",40468,식품,21.09.2026-27.09.2026,Harry Airfryer Brot,"versch. Sorten, je 300-g-Btl., (1 kg = 4,97 €)",1.49,,,"4,97 €",https://www.rewe.de/angebote/duesseldorf/8322016/rewe-markt-an-der-piwipp-120/,40468;40474,Düsseldorf,,,,미검토,,108;377
2026-09-20 21:02 Europe/Berlin,REWE,"REWE Markt, An der Piwipp 120, 40468 Düsseldorf",40468,식품,21.09.2026-27.09.2026,Hein Gebratene Mini-Haxen,"kalt und warm ein Genuss, je 100 g",1.29,,,,https://www.rewe.de/angebote/duesseldorf/8322016/rewe-markt-an-der-piwipp-120/,40468;40474,Düsseldorf,,,,미검토,,109;378
2026-09-20 21:02 Europe/Berlin,REWE,"REWE Markt, An der Piwipp 120, 40468 Düsseldorf",40468,주류,21.09.2026-27.09.2026,Heineken Premium Beer oder alkoholfrei,"versch. Sorten, je 6 x 0,33-l-Fl.-Sixpack, (1 l = 2,52 €), zzgl. 0,48 € Pfand",4.99,,,"2,52 €",https://www.rewe.de/angebote/duesseldorf/8322016/rewe-markt-an-der-piwipp-120/,40468;40474,Düsseldorf,,,,미검토,,110;379
2026-09-20 21:02 Europe/Berlin,REWE,"REWE Markt, An der Piwipp 120, 40468 Düsseldorf",40468,음료,21.09.2026-27.09.2026,Hella Near Water,"versch. Sorten, je 0,75-l-Fl., (1 l = 0,79 €), zzgl. 0,25 € Pfand",0.59,,,"0,79 €",https://www.rewe.de/angebote/duesseldorf/8322016/rewe-markt-an-der-piwipp-120/,40468;40474,Düsseldorf,,,,미검토,,111;380
2026-09-20 21:02 Europe/Berlin,REWE,"REWE Markt, An der Piwipp 120, 40468 Düsseldorf",40468,식품,21.09.2026-27.09.2026,Hellmann’s Mayonnaise Die Cremige oder Chunky Burger Sauce,"je 250-ml-Fl., (1 l = 5,96 €)",1.49,,,"5,96 €",https://www.rewe.de/angebote/duesseldorf/8322016/rewe-markt-an-der-piwipp-120/,40468;40474,Düsseldorf,,,,미검토,,112;381
2026-09-20 21:02 Europe/Berlin,REWE,"REWE Markt, An der Piwipp 120, 40468 Düsseldorf",40468,식품,21.09.2026-27.09.2026,Henglein Gnocchi,"je 500-g-Pckg., (1 kg = 3,78 €)",1.89,,,"3,78 €",https://www.rewe.de/angebote/duesseldorf/8322016/rewe-markt-an-der-piwipp-120/,40468;40474,Düsseldorf,,,,미검토,,113;382
2026-09-20 21:02 Europe/Berlin,REWE,"REWE Markt, An der Piwipp 120, 40468 Düsseldorf",40468,식품,21.09.2026-27.09.2026,Herta Finesse,"versch. Sorten, je 100-g-Pckg., (1 kg = 13,90 €)",1.39,,,"13,90 €",https://www.rewe.de/angebote/duesseldorf/8322016/rewe-markt-an-der-piwipp-120/,40468;40474,Düsseldorf,,,,미검토,,114;383
2026-09-20 21:02 Europe/Berlin,REWE,"REWE Markt, An der Piwipp 120, 40468 Düsseldorf",40468,식품,21.09.2026-27.09.2026,Hinterhaxe,je 100 g,0.55,,,,https://www.rewe.de/angebote/duesseldorf/8322016/rewe-markt-an-der-piwipp-120/,40468;40474,Düsseldorf,,,,미검토,,115;384
2026-09-20 21:02 Europe/Berlin,REWE,"REWE Markt, An der Piwipp 120, 40468 Düsseldorf",40468,음료,21.09.2026-27.09.2026,Hohes C Saft,"versch. Sorten, inkl. 100% Orangensäfte, je 1-l-Fl., zzgl. 0,25 € Pfand",1.79,,,,https://www.rewe.de/angebote/duesseldorf/8322016/rewe-markt-an-der-piwipp-120/,40468;40474,Düsseldorf,,,,미검토,,116;385
2026-09-20 21:02 Europe/Berlin,REWE,"REWE Markt, An der Piwipp 120, 40468 Düsseldorf",40468,식품,21.09.2026-27.09.2026,Houdek Kabanos Klassik oder Knabber Kabanos,je 100 g,1.49,,,,https://www.rewe.de/angebote/duesseldorf/8322016/rewe-markt-an-der-piwipp-120/,40468;40474,Düsseldorf,,,,미검토,,117;386
2026-09-20 21:02 Europe/Berlin,REWE,"REWE Markt, An der Piwipp 120, 40468 Düsseldorf",40468,식품,21.09.2026-27.09.2026,Iglo 13 Backfischstäbchen,"tiefgefroren, je 364-g-Pckg., (1 kg = 8,21 €)",2.99,,,"8,21 €",https://www.rewe.de/angebote/duesseldorf/8322016/rewe-markt-an-der-piwipp-120/,40468;40474,Düsseldorf,,,,미검토,,118;387
2026-09-20 21:02 Europe/Berlin,REWE,"REWE Markt, An der Piwipp 120, 40468 Düsseldorf",40468,식품,21.09.2026-27.09.2026,Iglo 15 Fischstäbchen,"tiefgefroren, je 450-g-Pckg., (1 kg = 6,64 €)",2.99,,,"6,64 €",https://www.rewe.de/angebote/duesseldorf/8322016/rewe-markt-an-der-piwipp-120/,40468;40474,Düsseldorf,,,,미검토,,119;388
2026-09-20 21:02 Europe/Berlin,REWE,"REWE Markt, An der Piwipp 120, 40468 Düsseldorf",40468,식품,21.09.2026-27.09.2026,Iglo Chicken Nuggets,"versch. Sorten, tiefgefroren, je 250-g-Pckg., (1 kg = 11,96 €)",2.99,,,"11,96 €",https://www.rewe.de/angebote/duesseldorf/8322016/rewe-markt-an-der-piwipp-120/,40468;40474,Düsseldorf,,,,미검토,,120;389
2026-09-20 21:02 Europe/Berlin,REWE,"REWE Markt, An der Piwipp 120, 40468 Düsseldorf",40468,식품,21.09.2026-27.09.2026,Iglo Chicken Stripes,"tiefgefroren, je 220-g-Pckg., (1 kg = 13,59 €)",2.99,,,"13,59 €",https://www.rewe.de/angebote/duesseldorf/8322016/rewe-markt-an-der-piwipp-120/,40468;40474,Düsseldorf,,,,미검토,,121;390
2026-09-20 21:02 Europe/Berlin,REWE,"REWE Markt, An der Piwipp 120, 40468 Düsseldorf",40468,식품,21.09.2026-27.09.2026,ja! Backpapier-Zuschnitte,je 30 St.-Pckg.,0.95,,,,https://www.rewe.de/angebote/duesseldorf/8322016/rewe-markt-an-der-piwipp-120/,40468;40474,Düsseldorf,,,,미검토,,122;391
2026-09-20 21:02 Europe/Berlin,REWE,"REWE Markt, An der Piwipp 120, 40468 Düsseldorf",40468,식품,21.09.2026-27.09.2026,ja! Cheddar in Scheiben,"je 175-g-Pckg., (1 kg = 12,51 €)",2.19,,,"12,51 €",https://www.rewe.de/angebote/duesseldorf/8322016/rewe-markt-an-der-piwipp-120/,40468;40474,Düsseldorf,,,,미검토,,123;392
2026-09-20 21:02 Europe/Berlin,REWE,"REWE Markt, An der Piwipp 120, 40468 Düsseldorf",40468,식품,21.09.2026-27.09.2026,ja! Frische Hähnchen-Schenkel,"Hkl. A, mit Rückenstück, SB-verpackt, je 1 kg",4.81,,,,https://www.rewe.de/angebote/duesseldorf/8322016/rewe-markt-an-der-piwipp-120/,40468;40474,Düsseldorf,,,,미검토,,124;393
2026-09-20 21:02 Europe/Berlin,REWE,"REWE Markt, An der Piwipp 120, 40468 Düsseldorf",40468,식품,21.09.2026-27.09.2026,ja! Granduett,"versch. Sorten, je 190-g-Becher, (1 kg = 2,58 €)",0.49,,,"2,58 €",https://www.rewe.de/angebote/duesseldorf/8322016/rewe-markt-an-der-piwipp-120/,40468;40474,Düsseldorf,,,,미검토,,125;394
2026-09-20 21:02 Europe/Berlin,REWE,"REWE Markt, An der Piwipp 120, 40468 Düsseldorf",40468,식품,21.09.2026-27.09.2026,ja! Karamell Keks Creme,"je 100-g-Tafel, (1 kg = 9,90 €)",0.99,,,"9,90 €",https://www.rewe.de/angebote/duesseldorf/8322016/rewe-markt-an-der-piwipp-120/,40468;40474,Düsseldorf,,,,미검토,,126;395
2026-09-20 21:02 Europe/Berlin,REWE,"REWE Markt, An der Piwipp 120, 40468 Düsseldorf",40468,식품,21.09.2026-27.09.2026,ja! Käseaufschnitt,"Edamer, Tilsiter & Emmentaler, 45% Fett i.Tr., je 250-g-Pckg., (1 kg = 7,56 €)",1.89,,,"7,56 €",https://www.rewe.de/angebote/duesseldorf/8322016/rewe-markt-an-der-piwipp-120/,40468;40474,Düsseldorf,,,,미검토,,127;396
2026-09-20 21:02 Europe/Berlin,REWE,"REWE Markt, An der Piwipp 120, 40468 Düsseldorf",40468,식품,21.09.2026-27.09.2026,ja! Mandeln,"versch. Sorten, je 200-g-Btl., (1 kg = 12,45 €)",2.49,,,"12,45 €",https://www.rewe.de/angebote/duesseldorf/8322016/rewe-markt-an-der-piwipp-120/,40468;40474,Düsseldorf,,,,미검토,,128;397
2026-09-20 21:02 Europe/Berlin,REWE,"REWE Markt, An der Piwipp 120, 40468 Düsseldorf",40468,식품,21.09.2026-27.09.2026,ja! Mini Pizza,"versch. Sorten, tiefgefroren, je 360-g-Pckg., (1 kg = 6,92 €)",2.49,,,"6,92 €",https://www.rewe.de/angebote/duesseldorf/8322016/rewe-markt-an-der-piwipp-120/,40468;40474,Düsseldorf,,,,미검토,,129;398
2026-09-20 21:02 Europe/Berlin,REWE,"REWE Markt, An der Piwipp 120, 40468 Düsseldorf",40468,식품,21.09.2026-27.09.2026,ja! Rinder-Cevapcici,"je 400-g-Pckg., (1 kg = 13,23 €)",5.29,,,"13,23 €",https://www.rewe.de/angebote/duesseldorf/8322016/rewe-markt-an-der-piwipp-120/,40468;40474,Düsseldorf,,,,미검토,,130;399
2026-09-20 21:02 Europe/Berlin,REWE,"REWE Markt, An der Piwipp 120, 40468 Düsseldorf",40468,식품,21.09.2026-27.09.2026,ja! Sandwichwaffeln,"je 128-g-Pckg., (1 kg = 13,98 €)",1.79,,,"13,98 €",https://www.rewe.de/angebote/duesseldorf/8322016/rewe-markt-an-der-piwipp-120/,40468;40474,Düsseldorf,,,,미검토,,131;400
2026-09-20 21:02 Europe/Berlin,REWE,"REWE Markt, An der Piwipp 120, 40468 Düsseldorf",40468,식품,21.09.2026-27.09.2026,ja! Schweine-Nackenkotelett,"je 700-g-Pckg., (1 kg = 6,13 €)",4.29,,,"6,13 €",https://www.rewe.de/angebote/duesseldorf/8322016/rewe-markt-an-der-piwipp-120/,40468;40474,Düsseldorf,,,,미검토,,132;401
2026-09-20 21:02 Europe/Berlin,REWE,"REWE Markt, An der Piwipp 120, 40468 Düsseldorf",40468,식품,21.09.2026-27.09.2026,ja! Senf,"mittelscharf, je 250-ml-Glas, (1 l = 2,36 €)",0.59,,,"2,36 €",https://www.rewe.de/angebote/duesseldorf/8322016/rewe-markt-an-der-piwipp-120/,40468;40474,Düsseldorf,,,,미검토,,133;402
2026-09-20 21:02 Europe/Berlin,REWE,"REWE Markt, An der Piwipp 120, 40468 Düsseldorf",40468,식품,21.09.2026-27.09.2026,ja! Westfälischer Pumpernickel,"aus Roggenvollkornschrot, je 500-g-Pckg., (1 kg = 2,98 €)",1.49,,,"2,98 €",https://www.rewe.de/angebote/duesseldorf/8322016/rewe-markt-an-der-piwipp-120/,40468;40474,Düsseldorf,,,,미검토,,134;403
2026-09-20 21:02 Europe/Berlin,REWE,"REWE Markt, An der Piwipp 120, 40468 Düsseldorf",40468,주류,21.09.2026-27.09.2026,Jack Daniel’s Coca-Cola oder Southern Peach,"10% Vol., teilw. koffeinhaltig, je 0,33-l-Dose, (1 l = 6,03 €), zzgl. 0,25 € Pfand",1.99,,,"6,03 €",https://www.rewe.de/angebote/duesseldorf/8322016/rewe-markt-an-der-piwipp-120/,40468;40474,Düsseldorf,,,,미검토,,135;404
2026-09-20 21:02 Europe/Berlin,REWE,"REWE Markt, An der Piwipp 120, 40468 Düsseldorf",40468,식품,21.09.2026-27.09.2026,Jacobs 2in1 Classic,"je 124-g-Pckg., (1 kg = 16,05 €)",1.99,,,"16,05 €",https://www.rewe.de/angebote/duesseldorf/8322016/rewe-markt-an-der-piwipp-120/,40468;40474,Düsseldorf,,,,미검토,,136;405
2026-09-20 21:02 Europe/Berlin,REWE,"REWE Markt, An der Piwipp 120, 40468 Düsseldorf",40468,식품,21.09.2026-27.09.2026,Jacobs 3in1 Classic,"je 120-g-Pckg., (1 kg = 16,58 €)",1.99,,,"16,58 €",https://www.rewe.de/angebote/duesseldorf/8322016/rewe-markt-an-der-piwipp-120/,40468;40474,Düsseldorf,,,,미검토,,137;406
2026-09-20 21:02 Europe/Berlin,REWE,"REWE Markt, An der Piwipp 120, 40468 Düsseldorf",40468,식품,21.09.2026-27.09.2026,Jacobs Krönung,"versch. Sorten, gemahlener Bohnenkaffee, je 500-g-Pckg., (1 kg = 11,98 €)",5.99,,,"11,98 €",https://www.rewe.de/angebote/duesseldorf/8322016/rewe-markt-an-der-piwipp-120/,40468;40474,Düsseldorf,,,,미검토,,138;407
2026-09-20 21:02 Europe/Berlin,REWE,"REWE Markt, An der Piwipp 120, 40468 Düsseldorf",40468,주류,21.09.2026-27.09.2026,Johnnie Walker Red Label Blended Scotch Whisky,"40% Vol., je 0,7-l-Fl., (1 l = 15,70 €)",10.99,,,"15,70 €",https://www.rewe.de/angebote/duesseldorf/8322016/rewe-markt-an-der-piwipp-120/,40468;40474,Düsseldorf,,,,미검토,,139;408
2026-09-20 21:02 Europe/Berlin,REWE,"REWE Markt, An der Piwipp 120, 40468 Düsseldorf",40468,주류,21.09.2026-27.09.2026,Jules Mumm Sekt,"versch. Sorten, je 0,75-l-Fl., (1 l = 5,32 €)",3.99,,,"5,32 €",https://www.rewe.de/angebote/duesseldorf/8322016/rewe-markt-an-der-piwipp-120/,40468;40474,Düsseldorf,,,,미검토,,140;409
2026-09-20 21:02 Europe/Berlin,REWE,"REWE Markt, An der Piwipp 120, 40468 Düsseldorf",40468,식품,21.09.2026-27.09.2026,Kalbs-Leber,je 100 g,1.99,,,,https://www.rewe.de/angebote/duesseldorf/8322016/rewe-markt-an-der-piwipp-120/,40468;40474,Düsseldorf,,,,미검토,,141;410
2026-09-20 21:02 Europe/Berlin,REWE,"REWE Markt, An der Piwipp 120, 40468 Düsseldorf",40468,주류,21.09.2026-27.09.2026,Karlsberg Mixery,"versch. Sorten, teilw. koffeinhaltig, je 6 x 0,33-l-Fl.-Sixpack, (1 l = 2,02 €), zzgl. 0,48 € Pfand",3.99,,,"2,02 €",https://www.rewe.de/angebote/duesseldorf/8322016/rewe-markt-an-der-piwipp-120/,40468;40474,Düsseldorf,,,,미검토,,142;411
2026-09-20 21:02 Europe/Berlin,REWE,"REWE Markt, An der Piwipp 120, 40468 Düsseldorf",40468,식품,21.09.2026-27.09.2026,Käserebellen Berg Rebell,"Hartkäse, 50% Fett i.Tr., je 100 g",1.99,,,,https://www.rewe.de/angebote/duesseldorf/8322016/rewe-markt-an-der-piwipp-120/,40468;40474,Düsseldorf,,,,미검토,,143;412
2026-09-20 21:02 Europe/Berlin,REWE,"REWE Markt, An der Piwipp 120, 40468 Düsseldorf",40468,식품,21.09.2026-27.09.2026,Kasseler Nacken,"vom Schwein, ohne Knochen, am Stück oder in Scheiben, je 100 g",0.99,,,,https://www.rewe.de/angebote/duesseldorf/8322016/rewe-markt-an-der-piwipp-120/,40468;40474,Düsseldorf,,,,미검토,,144;413
2026-09-20 21:02 Europe/Berlin,REWE,"REWE Markt, An der Piwipp 120, 40468 Düsseldorf",40468,식품,21.09.2026-27.09.2026,Kernlose Tafeltrauben,"Sorte: siehe Etikett, Kl. I, je 1 kg",3.99,,,,https://www.rewe.de/angebote/duesseldorf/8322016/rewe-markt-an-der-piwipp-120/,40468;40474,Düsseldorf,,,,미검토,,145;414
2026-09-20 21:02 Europe/Berlin,REWE,"REWE Markt, An der Piwipp 120, 40468 Düsseldorf",40468,식품,21.09.2026-27.09.2026,Kerrygold Cheddar gerieben,"je 150-g-Btl., (1 kg = 10,60 €)",1.59,,,"10,60 €",https://www.rewe.de/angebote/duesseldorf/8322016/rewe-markt-an-der-piwipp-120/,40468;40474,Düsseldorf,,,,미검토,,146;415
2026-09-20 21:02 Europe/Berlin,REWE,"REWE Markt, An der Piwipp 120, 40468 Düsseldorf",40468,식품,21.09.2026-27.09.2026,Kerrygold Cheddar Käse Scheiben,"je 130-g-Pckg., (1 kg = 12,23 €)",1.59,,,"12,23 €",https://www.rewe.de/angebote/duesseldorf/8322016/rewe-markt-an-der-piwipp-120/,40468;40474,Düsseldorf,,,,미검토,,147;416
2026-09-20 21:02 Europe/Berlin,REWE,"REWE Markt, An der Piwipp 120, 40468 Düsseldorf",40468,식품,21.09.2026-27.09.2026,Kerrygold Original Irische Butter oder Extra,"versch. Sorten, je 250-g-Pckg. / 250-g-Becher, (1 kg = 7,16 €)",1.79,,,"7,16 €",https://www.rewe.de/angebote/duesseldorf/8322016/rewe-markt-an-der-piwipp-120/,40468;40474,Düsseldorf,,,,미검토,,148;417
2026-09-20 21:02 Europe/Berlin,REWE,"REWE Markt, An der Piwipp 120, 40468 Düsseldorf",40468,식품,21.09.2026-27.09.2026,Kinder Bueno,"je 10 x 21,5-g-Pckg., (1 kg = 13,91 €)",2.99,,,"13,91 €",https://www.rewe.de/angebote/duesseldorf/8322016/rewe-markt-an-der-piwipp-120/,40468;40474,Düsseldorf,,,,미검토,,149;418
2026-09-20 21:02 Europe/Berlin,REWE,"REWE Markt, An der Piwipp 120, 40468 Düsseldorf",40468,식품,21.09.2026-27.09.2026,Kinder Schoko-Bons,"je 200-g-Btl., (1 kg = 14,95 €)",2.99,,,"14,95 €",https://www.rewe.de/angebote/duesseldorf/8322016/rewe-markt-an-der-piwipp-120/,40468;40474,Düsseldorf,,,,미검토,,150;419
2026-09-20 21:02 Europe/Berlin,REWE,"REWE Markt, An der Piwipp 120, 40468 Düsseldorf",40468,식품,21.09.2026-27.09.2026,King Cuisine Hummus,"je 175-g-Schale, (1 kg = 10,23 €)",1.79,,,"10,23 €",https://www.rewe.de/angebote/duesseldorf/8322016/rewe-markt-an-der-piwipp-120/,40468;40474,Düsseldorf,,,,미검토,,151;420
2026-09-20 21:02 Europe/Berlin,REWE,"REWE Markt, An der Piwipp 120, 40468 Düsseldorf",40468,식품,21.09.2026-27.09.2026,Kiri Dippi,"je 105-g-Pckg., (1 kg = 18,95 €)",1.99,,,"18,95 €",https://www.rewe.de/angebote/duesseldorf/8322016/rewe-markt-an-der-piwipp-120/,40468;40474,Düsseldorf,,,,미검토,,152;421
2026-09-20 21:02 Europe/Berlin,REWE,"REWE Markt, An der Piwipp 120, 40468 Düsseldorf",40468,식품,21.09.2026-27.09.2026,Kiri Portionen,"je 108-g-Pckg., (1 kg = 18,43 €)",1.99,,,"18,43 €",https://www.rewe.de/angebote/duesseldorf/8322016/rewe-markt-an-der-piwipp-120/,40468;40474,Düsseldorf,,,,미검토,,153;422
2026-09-20 21:02 Europe/Berlin,REWE,"REWE Markt, An der Piwipp 120, 40468 Düsseldorf",40468,식품,21.09.2026-27.09.2026,Knorr Soße 3er-Pack,"versch. Sorten, ausreichend für 3 x 250 ml, je Pckg.",0.89,,,,https://www.rewe.de/angebote/duesseldorf/8322016/rewe-markt-an-der-piwipp-120/,40468;40474,Düsseldorf,,,,미검토,,154;423
2026-09-20 21:02 Europe/Berlin,REWE,"REWE Markt, An der Piwipp 120, 40468 Düsseldorf",40468,식품,21.09.2026-27.09.2026,Krone Räucher-Lachs,"je 150-g-Pckg., (1 kg = 26,60 €)",3.99,,,"26,60 €",https://www.rewe.de/angebote/duesseldorf/8322016/rewe-markt-an-der-piwipp-120/,40468;40474,Düsseldorf,,,,미검토,,155;424
2026-09-20 21:02 Europe/Berlin,REWE,"REWE Markt, An der Piwipp 120, 40468 Düsseldorf",40468,식품,21.09.2026-27.09.2026,Krustenbraten,"vom Schweineschinken, je 100 g",0.66,,,,https://www.rewe.de/angebote/duesseldorf/8322016/rewe-markt-an-der-piwipp-120/,40468;40474,Düsseldorf,,,,미검토,,156;425
2026-09-20 21:02 Europe/Berlin,REWE,"REWE Markt, An der Piwipp 120, 40468 Düsseldorf",40468,주류,21.09.2026-27.09.2026,Lamberti Pinot Grigio DOC,"trocken, je 0,75-l-Fl., (1 l = 5,32 €)",3.99,,,"5,32 €",https://www.rewe.de/angebote/duesseldorf/8322016/rewe-markt-an-der-piwipp-120/,40468;40474,Düsseldorf,,,,미검토,,157;426
2026-09-20 21:02 Europe/Berlin,REWE,"REWE Markt, An der Piwipp 120, 40468 Düsseldorf",40468,식품,21.09.2026-27.09.2026,Lambertz Amerikaner,"je 220-g-Pckg., (1 kg = 9,05 €)",1.99,,,"9,05 €",https://www.rewe.de/angebote/duesseldorf/8322016/rewe-markt-an-der-piwipp-120/,40468;40474,Düsseldorf,,,,미검토,,158;427
2026-09-20 21:02 Europe/Berlin,REWE,"REWE Markt, An der Piwipp 120, 40468 Düsseldorf",40468,식품,21.09.2026-27.09.2026,Landliebe Joghurt,"versch. Sorten, je 500-g-Glas, (1 kg = 2,22 €), zzgl. 0,15 € Pfand",1.11,,,"2,22 €",https://www.rewe.de/angebote/duesseldorf/8322016/rewe-markt-an-der-piwipp-120/,40468;40474,Düsseldorf,,,,미검토,,159;428
2026-09-20 21:02 Europe/Berlin,REWE,"REWE Markt, An der Piwipp 120, 40468 Düsseldorf",40468,식품,21.09.2026-27.09.2026,Landliebe Sahnepudding,"Schokolade, je 150-g-Becher, (1 kg = 3,27 €)",0.49,,,"3,27 €",https://www.rewe.de/angebote/duesseldorf/8322016/rewe-markt-an-der-piwipp-120/,40468;40474,Düsseldorf,,,,미검토,,160;429
2026-09-20 21:02 Europe/Berlin,REWE,"REWE Markt, An der Piwipp 120, 40468 Düsseldorf",40468,식품,21.09.2026-27.09.2026,Landliebe Vollmilchpudding,"Schoko, je 225-g-Becher, (1 kg = 2,18 €)",0.49,,,"2,18 €",https://www.rewe.de/angebote/duesseldorf/8322016/rewe-markt-an-der-piwipp-120/,40468;40474,Düsseldorf,,,,미검토,,161;430
2026-09-20 21:02 Europe/Berlin,REWE,"REWE Markt, An der Piwipp 120, 40468 Düsseldorf",40468,식품,21.09.2026-27.09.2026,Laugenzopf Elsässer Art,je St.,0.99,,,,https://www.rewe.de/angebote/duesseldorf/8322016/rewe-markt-an-der-piwipp-120/,40468;40474,Düsseldorf,,,,미검토,,162;431
2026-09-20 21:02 Europe/Berlin,REWE,"REWE Markt, An der Piwipp 120, 40468 Düsseldorf",40468,식품,21.09.2026-27.09.2026,Lay’s Chips,"gesalzen, je 150-g-Pckg., (1 kg = 6,60 €)",0.99,,,"6,60 €",https://www.rewe.de/angebote/duesseldorf/8322016/rewe-markt-an-der-piwipp-120/,40468;40474,Düsseldorf,,,,미검토,,163;432
2026-09-20 21:02 Europe/Berlin,REWE,"REWE Markt, An der Piwipp 120, 40468 Düsseldorf",40468,식품,21.09.2026-27.09.2026,Leerdammer Käsescheiben,"versch. Sorten, je 140-g-Pckg., (1 kg = 12,07 €)",1.69,,,"12,07 €",https://www.rewe.de/angebote/duesseldorf/8322016/rewe-markt-an-der-piwipp-120/,40468;40474,Düsseldorf,,,,미검토,,164;433
2026-09-20 21:02 Europe/Berlin,REWE,"REWE Markt, An der Piwipp 120, 40468 Düsseldorf",40468,식품,21.09.2026-27.09.2026,Limetten,"Ursprung und Sorte: siehe Etikett, Kl. I, je 4 St.-Schale",1.19,,,,https://www.rewe.de/angebote/duesseldorf/8322016/rewe-markt-an-der-piwipp-120/,40468;40474,Düsseldorf,,,,미검토,,165;434
2026-09-20 21:02 Europe/Berlin,REWE,"REWE Markt, An der Piwipp 120, 40468 Düsseldorf",40468,식품,21.09.2026-27.09.2026,Lysell Feinmarinaden,"versch. Sorten, je 125-g-Dose, (1 kg = 13,52 €)",1.69,,,"13,52 €",https://www.rewe.de/angebote/duesseldorf/8322016/rewe-markt-an-der-piwipp-120/,40468;40474,Düsseldorf,,,,미검토,,166;435
2026-09-20 21:02 Europe/Berlin,REWE,"REWE Markt, An der Piwipp 120, 40468 Düsseldorf",40468,식품,21.09.2026-27.09.2026,Maggi Fix Airfryer Paprika Pommes Frites,"je 34-g-Btl., (1 kg = 12,94 €)",0.44,,,"12,94 €",https://www.rewe.de/angebote/duesseldorf/8322016/rewe-markt-an-der-piwipp-120/,40468;40474,Düsseldorf,,,,미검토,,167;436
2026-09-20 21:02 Europe/Berlin,REWE,"REWE Markt, An der Piwipp 120, 40468 Düsseldorf",40468,식품,21.09.2026-27.09.2026,Maggi Fix Nudel-Schinken Gratin,"je 33-g-Btl., (1 kg = 13,33 €)",0.44,,,"13,33 €",https://www.rewe.de/angebote/duesseldorf/8322016/rewe-markt-an-der-piwipp-120/,40468;40474,Düsseldorf,,,,미검토,,168;437
2026-09-20 21:02 Europe/Berlin,REWE,"REWE Markt, An der Piwipp 120, 40468 Düsseldorf",40468,식품,21.09.2026-27.09.2026,Maggi Für Genießer Pfefferrahmsauce,"ausreichend für 250 ml, je Btl.",0.79,,,,https://www.rewe.de/angebote/duesseldorf/8322016/rewe-markt-an-der-piwipp-120/,40468;40474,Düsseldorf,,,,미검토,,169;438
2026-09-20 21:02 Europe/Berlin,REWE,"REWE Markt, An der Piwipp 120, 40468 Düsseldorf",40468,식품,21.09.2026-27.09.2026,Maggi Für Genießer Zwiebelsuppe,"ausreichend für 750 ml, je Btl.",0.79,,,,https://www.rewe.de/angebote/duesseldorf/8322016/rewe-markt-an-der-piwipp-120/,40468;40474,Düsseldorf,,,,미검토,,170;439
2026-09-20 21:02 Europe/Berlin,REWE,"REWE Markt, An der Piwipp 120, 40468 Düsseldorf",40468,식품,21.09.2026-27.09.2026,Maggi Ravioli,"in Tomatensauce, je 800-g-Dose, (1 kg = 2,49 €)",1.99,,,"2,49 €",https://www.rewe.de/angebote/duesseldorf/8322016/rewe-markt-an-der-piwipp-120/,40468;40474,Düsseldorf,,,,미검토,,171;440
2026-09-20 21:02 Europe/Berlin,REWE,"REWE Markt, An der Piwipp 120, 40468 Düsseldorf",40468,식품,21.09.2026-27.09.2026,Magnum Almond,"je 6 x 100-ml-Pckg., (1 l = 4,98 €)",2.99,,,"4,98 €",https://www.rewe.de/angebote/duesseldorf/8322016/rewe-markt-an-der-piwipp-120/,40468;40474,Düsseldorf,,,,미검토,,172;441
2026-09-20 21:02 Europe/Berlin,REWE,"REWE Markt, An der Piwipp 120, 40468 Düsseldorf",40468,식품,21.09.2026-27.09.2026,Magnum Crackables Pistachio,"je 440-ml-Becher, (1 l = 6,80 €)",2.99,,,"6,80 €",https://www.rewe.de/angebote/duesseldorf/8322016/rewe-markt-an-der-piwipp-120/,40468;40474,Düsseldorf,,,,미검토,,173;442
2026-09-20 21:02 Europe/Berlin,REWE,"REWE Markt, An der Piwipp 120, 40468 Düsseldorf",40468,식품,21.09.2026-27.09.2026,Mälzer & Fu Ice Cream Creations,"versch. Sorten, je 4 x 120-ml-Pckg., (1 l = 8,31 €)",3.99,,,"8,31 €",https://www.rewe.de/angebote/duesseldorf/8322016/rewe-markt-an-der-piwipp-120/,40468;40474,Düsseldorf,,,,미검토,,174;443
2026-09-20 21:02 Europe/Berlin,REWE,"REWE Markt, An der Piwipp 120, 40468 Düsseldorf",40468,식품,21.09.2026-27.09.2026,Matthews Hähnchen Filetstreifen,"Klassik, je 125-g-Pckg., (1 kg = 18,32 €)",2.29,,,"18,32 €",https://www.rewe.de/angebote/duesseldorf/8322016/rewe-markt-an-der-piwipp-120/,40468;40474,Düsseldorf,,,,미검토,,175;444
2026-09-20 21:02 Europe/Berlin,REWE,"REWE Markt, An der Piwipp 120, 40468 Düsseldorf",40468,식품,21.09.2026-27.09.2026,Matthews Hähnchenbrust Filetstücke,"Paprika, je 150-g-Pckg., (1 kg = 15,27 €)",2.29,,,"15,27 €",https://www.rewe.de/angebote/duesseldorf/8322016/rewe-markt-an-der-piwipp-120/,40468;40474,Düsseldorf,,,,미검토,,176;445
2026-09-20 21:02 Europe/Berlin,REWE,"REWE Markt, An der Piwipp 120, 40468 Düsseldorf",40468,식품,21.09.2026-27.09.2026,McCain 1-2-3 Frites Original,"tiefgefroren, je 1500-g-Btl., (1 kg = 1,99 €)",2.99,,,"1,99 €",https://www.rewe.de/angebote/duesseldorf/8322016/rewe-markt-an-der-piwipp-120/,40468;40474,Düsseldorf,,,,미검토,,177;446
2026-09-20 21:02 Europe/Berlin,REWE,"REWE Markt, An der Piwipp 120, 40468 Düsseldorf",40468,식품,21.09.2026-27.09.2026,McCain Golden Longs,"tiefgefroren, je 1000-g-Btl.",2.99,,,,https://www.rewe.de/angebote/duesseldorf/8322016/rewe-markt-an-der-piwipp-120/,40468;40474,Düsseldorf,,,,미검토,,178;447
2026-09-20 21:02 Europe/Berlin,REWE,"REWE Markt, An der Piwipp 120, 40468 Düsseldorf",40468,주류,21.09.2026-27.09.2026,Meat Master Cuvée rot,"samtig und weich, je 0,75-l-Fl., (1 l = 7,99 €)",5.99,,,"7,99 €",https://www.rewe.de/angebote/duesseldorf/8322016/rewe-markt-an-der-piwipp-120/,40468;40474,Düsseldorf,,,,미검토,,179;448
2026-09-20 21:02 Europe/Berlin,REWE,"REWE Markt, An der Piwipp 120, 40468 Düsseldorf",40468,주류,21.09.2026-27.09.2026,Meat Master Grauburgunder,"frisch und fruchtig, je 0,75-l-Fl., (1 l = 7,99 €)",5.99,,,"7,99 €",https://www.rewe.de/angebote/duesseldorf/8322016/rewe-markt-an-der-piwipp-120/,40468;40474,Düsseldorf,,,,미검토,,180;449
2026-09-20 21:02 Europe/Berlin,REWE,"REWE Markt, An der Piwipp 120, 40468 Düsseldorf",40468,주류,21.09.2026-27.09.2026,Meat Master Spätburgunder Rosé,"frisch und fruchtig, je 0,75-l-Fl., (1 l = 7,99 €)",5.99,,,"7,99 €",https://www.rewe.de/angebote/duesseldorf/8322016/rewe-markt-an-der-piwipp-120/,40468;40474,Düsseldorf,,,,미검토,,181;450
2026-09-20 21:02 Europe/Berlin,REWE,"REWE Markt, An der Piwipp 120, 40468 Düsseldorf",40468,주류,21.09.2026-27.09.2026,Mederano de Freixenet oder Mia Wein,"versch. Sorten, halbtrocken, je 0,75-l-Fl., (1 l = 3,99 €)",2.99,,,"3,99 €",https://www.rewe.de/angebote/duesseldorf/8322016/rewe-markt-an-der-piwipp-120/,40468;40474,Düsseldorf,,,,미검토,,182;451
2026-09-20 21:02 Europe/Berlin,REWE,"REWE Markt, An der Piwipp 120, 40468 Düsseldorf",40468,식품,21.09.2026-27.09.2026,Metten Rindfleischsalami,je 100 g,2.49,,,,https://www.rewe.de/angebote/duesseldorf/8322016/rewe-markt-an-der-piwipp-120/,40468;40474,Düsseldorf,,,,미검토,,183;452
2026-09-20 21:02 Europe/Berlin,REWE,"REWE Markt, An der Piwipp 120, 40468 Düsseldorf",40468,식품,21.09.2026-27.09.2026,Milka Alpenmilch Schokolade,"je 250-g-Tafel, (1 kg = 11,16 €)",2.79,,,"11,16 €",https://www.rewe.de/angebote/duesseldorf/8322016/rewe-markt-an-der-piwipp-120/,40468;40474,Düsseldorf,,,,미검토,,184;453
2026-09-20 21:02 Europe/Berlin,REWE,"REWE Markt, An der Piwipp 120, 40468 Düsseldorf",40468,식품,21.09.2026-27.09.2026,Milka Gingerbread,"je 300-g-Tafel, (1 kg = 9,30 €)",2.79,,,"9,30 €",https://www.rewe.de/angebote/duesseldorf/8322016/rewe-markt-an-der-piwipp-120/,40468;40474,Düsseldorf,,,,미검토,,185;454
2026-09-20 21:02 Europe/Berlin,REWE,"REWE Markt, An der Piwipp 120, 40468 Düsseldorf",40468,식품,21.09.2026-27.09.2026,Milka Pralinés Alles Gute,"je 110-g-Pckg., (1 kg = 18,09 €)",1.99,,,"18,09 €",https://www.rewe.de/angebote/duesseldorf/8322016/rewe-markt-an-der-piwipp-120/,40468;40474,Düsseldorf,,,,미검토,,186;455
2026-09-20 21:02 Europe/Berlin,REWE,"REWE Markt, An der Piwipp 120, 40468 Düsseldorf",40468,식품,21.09.2026-27.09.2026,Milka Pralinés Dankeschön,"je 111-g-Pckg., (1 kg = 17,93 €)",1.99,,,"17,93 €",https://www.rewe.de/angebote/duesseldorf/8322016/rewe-markt-an-der-piwipp-120/,40468;40474,Düsseldorf,,,,미검토,,187;456
2026-09-20 21:02 Europe/Berlin,REWE,"REWE Markt, An der Piwipp 120, 40468 Düsseldorf",40468,식품,21.09.2026-27.09.2026,Milram Dessertsoße Vanille,"sahnig lecker, je 500-ml-Pckg., (1 l = 3,38 €)",1.69,,,"3,38 €",https://www.rewe.de/angebote/duesseldorf/8322016/rewe-markt-an-der-piwipp-120/,40468;40474,Düsseldorf,,,,미검토,,188;457
2026-09-20 21:02 Europe/Berlin,REWE,"REWE Markt, An der Piwipp 120, 40468 Düsseldorf",40468,식품,21.09.2026-27.09.2026,Mini Babybel 5er,"45% Fett i.Tr., je 100-g-Netz, (1 kg = 17,90 €)",1.79,,,"17,90 €",https://www.rewe.de/angebote/duesseldorf/8322016/rewe-markt-an-der-piwipp-120/,40468;40474,Düsseldorf,,,,미검토,,189;458
2026-09-20 21:02 Europe/Berlin,REWE,"REWE Markt, An der Piwipp 120, 40468 Düsseldorf",40468,식품,21.09.2026-27.09.2026,Möhrenstifte,"je 200-g-Btl., (1 kg = 3,95 €)",0.79,,,"3,95 €",https://www.rewe.de/angebote/duesseldorf/8322016/rewe-markt-an-der-piwipp-120/,40468;40474,Düsseldorf,,,,미검토,,190;459
2026-09-20 21:02 Europe/Berlin,REWE,"REWE Markt, An der Piwipp 120, 40468 Düsseldorf",40468,식품,21.09.2026-27.09.2026,Morawitzky Pfefferbeißer oder Mettenden,je 100 g,1.49,,,,https://www.rewe.de/angebote/duesseldorf/8322016/rewe-markt-an-der-piwipp-120/,40468;40474,Düsseldorf,,,,미검토,,191;460
2026-09-20 21:02 Europe/Berlin,REWE,"REWE Markt, An der Piwipp 120, 40468 Düsseldorf",40468,식품,21.09.2026-27.09.2026,Müller Froop,"versch. Sorten, je 150-g-Becher, (1 kg = 2,93 €)",0.44,,,"2,93 €",https://www.rewe.de/angebote/duesseldorf/8322016/rewe-markt-an-der-piwipp-120/,40468;40474,Düsseldorf,,,,미검토,,192;461
2026-09-20 21:02 Europe/Berlin,REWE,"REWE Markt, An der Piwipp 120, 40468 Düsseldorf",40468,식품,21.09.2026-27.09.2026,Müller Müllermilch,"versch. Sorten, je 400-ml-Fl., (1 l = 1,98 €), zzgl. 0,25 € Pfand",0.79,,,"1,98 €",https://www.rewe.de/angebote/duesseldorf/8322016/rewe-markt-an-der-piwipp-120/,40468;40474,Düsseldorf,,,,미검토,,193;462
2026-09-20 21:02 Europe/Berlin,REWE,"REWE Markt, An der Piwipp 120, 40468 Düsseldorf",40468,식품,21.09.2026-27.09.2026,Mutti geschälte italienische Tomaten,"je 400-g-Dose, (1 kg = 4,27 €), 260 g Abtropfgewicht",1.11,,,"4,27 €",https://www.rewe.de/angebote/duesseldorf/8322016/rewe-markt-an-der-piwipp-120/,40468;40474,Düsseldorf,,,,미검토,,194;463
2026-09-20 21:02 Europe/Berlin,REWE,"REWE Markt, An der Piwipp 120, 40468 Düsseldorf",40468,식품,21.09.2026-27.09.2026,Mutti Polpa,"feinstes Tomatenfruchtfleisch, je 400-g-Dose, (1 kg = 2,78 €)",1.11,,,"2,78 €",https://www.rewe.de/angebote/duesseldorf/8322016/rewe-markt-an-der-piwipp-120/,40468;40474,Düsseldorf,,,,미검토,,195;464
2026-09-20 21:02 Europe/Berlin,REWE,"REWE Markt, An der Piwipp 120, 40468 Düsseldorf",40468,식품,21.09.2026-27.09.2026,Nergi Kiwibeeren,"je 125-g-Schale, (1 kg = 15,92 €)",1.99,,,"15,92 €",https://www.rewe.de/angebote/duesseldorf/8322016/rewe-markt-an-der-piwipp-120/,40468;40474,Düsseldorf,,,,미검토,,196;465
2026-09-20 21:02 Europe/Berlin,REWE,"REWE Markt, An der Piwipp 120, 40468 Düsseldorf",40468,식품,21.09.2026-27.09.2026,Nescafé Classic,"löslicher Bohnenkaffee, je 200-g-Glas, (1 kg = 29,95 €)",5.99,,,"29,95 €",https://www.rewe.de/angebote/duesseldorf/8322016/rewe-markt-an-der-piwipp-120/,40468;40474,Düsseldorf,,,,미검토,,197;466
2026-09-20 21:02 Europe/Berlin,REWE,"REWE Markt, An der Piwipp 120, 40468 Düsseldorf",40468,식품,21.09.2026-27.09.2026,Nestlé Cini Minis,"je 375-g-Pckg., (1 kg = 6,64 €)",2.49,,,"6,64 €",https://www.rewe.de/angebote/duesseldorf/8322016/rewe-markt-an-der-piwipp-120/,40468;40474,Düsseldorf,,,,미검토,,198;467
2026-09-20 21:02 Europe/Berlin,REWE,"REWE Markt, An der Piwipp 120, 40468 Düsseldorf",40468,식품,21.09.2026-27.09.2026,Nestlé Nesquik,"je 330-g-Pckg., (1 kg = 7,55 €)",2.49,,,"7,55 €",https://www.rewe.de/angebote/duesseldorf/8322016/rewe-markt-an-der-piwipp-120/,40468;40474,Düsseldorf,,,,미검토,,199;468
2026-09-20 21:02 Europe/Berlin,REWE,"REWE Markt, An der Piwipp 120, 40468 Düsseldorf",40468,식품,21.09.2026-27.09.2026,Nimm 2 Lachgummi,"versch. Sorten, je 250-g-Btl., (1 kg = 3,96 €)",0.99,,,"3,96 €",https://www.rewe.de/angebote/duesseldorf/8322016/rewe-markt-an-der-piwipp-120/,40468;40474,Düsseldorf,,,,미검토,,200;469
2026-09-20 21:02 Europe/Berlin,REWE,"REWE Markt, An der Piwipp 120, 40468 Düsseldorf",40468,식품,21.09.2026-27.09.2026,Nuii Ice Cream Salted Caramel & Australian Macadamia oder Milka Vanilla & Chocolate Swirl,"je 3 x 90-ml-Pckg., (1 l = 8,22 €)",2.22,,,"8,22 €",https://www.rewe.de/angebote/duesseldorf/8322016/rewe-markt-an-der-piwipp-120/,40468;40474,Düsseldorf,,,,미검토,,201;470
2026-09-20 21:02 Europe/Berlin,REWE,"REWE Markt, An der Piwipp 120, 40468 Düsseldorf",40468,식품,21.09.2026-27.09.2026,Nutella,"je 450-g-Glas, (1 kg = 5,98 €)",2.69,,,"5,98 €",https://www.rewe.de/angebote/duesseldorf/8322016/rewe-markt-an-der-piwipp-120/,40468;40474,Düsseldorf,,,,미검토,,202;471
2026-09-20 21:02 Europe/Berlin,REWE,"REWE Markt, An der Piwipp 120, 40468 Düsseldorf",40468,식품,21.09.2026-27.09.2026,Nutella Plant Based,"je 350-g-Glas, (1 kg = 7,69 €)",2.69,,,"7,69 €",https://www.rewe.de/angebote/duesseldorf/8322016/rewe-markt-an-der-piwipp-120/,40468;40474,Düsseldorf,,,,미검토,,203;472
2026-09-20 21:02 Europe/Berlin,REWE,"REWE Markt, An der Piwipp 120, 40468 Düsseldorf",40468,식품,21.09.2026-27.09.2026,Odenwald Apfelmus,"0% Zuckerzusatz, 100% Frucht, je 355-g-Glas, (1 kg = 4,20 €)",1.49,,,"4,20 €",https://www.rewe.de/angebote/duesseldorf/8322016/rewe-markt-an-der-piwipp-120/,40468;40474,Düsseldorf,,,,미검토,,204;473
2026-09-20 21:02 Europe/Berlin,REWE,"REWE Markt, An der Piwipp 120, 40468 Düsseldorf",40468,식품,21.09.2026-27.09.2026,Orangen,"Sorte: siehe Etikett, Kl. I, je 1,5-kg-Netz, (1 kg = 1,66 €)",2.49,,,"1,66 €",https://www.rewe.de/angebote/duesseldorf/8322016/rewe-markt-an-der-piwipp-120/,40468;40474,Düsseldorf,,,,미검토,,205;474
2026-09-20 21:02 Europe/Berlin,REWE,"REWE Markt, An der Piwipp 120, 40468 Düsseldorf",40468,식품,21.09.2026-27.09.2026,Oreo Kekse,"Original, je 154-g-Rolle, (1 kg = 8,38 €)",1.29,,,"8,38 €",https://www.rewe.de/angebote/duesseldorf/8322016/rewe-markt-an-der-piwipp-120/,40468;40474,Düsseldorf,,,,미검토,,206;475
2026-09-20 21:02 Europe/Berlin,REWE,"REWE Markt, An der Piwipp 120, 40468 Düsseldorf",40468,식품,21.09.2026-27.09.2026,Oreo Kekse,"BTS, je 157-g-Rolle, (1 kg = 8,22 €)",1.29,,,"8,22 €",https://www.rewe.de/angebote/duesseldorf/8322016/rewe-markt-an-der-piwipp-120/,40468;40474,Düsseldorf,,,,미검토,,207;476
2026-09-20 21:02 Europe/Berlin,REWE,"REWE Markt, An der Piwipp 120, 40468 Düsseldorf",40468,식품,21.09.2026-27.09.2026,Ostmann Let’s do,"versch. Sorten, je 70-g-Dose, (1 kg = 42,71 €)",2.99,,,"42,71 €",https://www.rewe.de/angebote/duesseldorf/8322016/rewe-markt-an-der-piwipp-120/,40468;40474,Düsseldorf,,,,미검토,,208;477
2026-09-20 21:02 Europe/Berlin,REWE,"REWE Markt, An der Piwipp 120, 40468 Düsseldorf",40468,식품,21.09.2026-27.09.2026,Pema Haferbrot Vital+,"je 250-g-Pckg., (1 kg = 6,36 €)",1.59,,,"6,36 €",https://www.rewe.de/angebote/duesseldorf/8322016/rewe-markt-an-der-piwipp-120/,40468;40474,Düsseldorf,,,,미검토,,209;478
2026-09-20 21:02 Europe/Berlin,REWE,"REWE Markt, An der Piwipp 120, 40468 Düsseldorf",40468,주류,21.09.2026-27.09.2026,Peter & Peter Riesling oder Grauburgunder Qualitätswein,"feinherb, trocken, je 0,75-l-Fl., (1 l = 5,32 €)",3.99,,,"5,32 €",https://www.rewe.de/angebote/duesseldorf/8322016/rewe-markt-an-der-piwipp-120/,40468;40474,Düsseldorf,,,,미검토,,210;479
2026-09-20 21:02 Europe/Berlin,REWE,"REWE Markt, An der Piwipp 120, 40468 Düsseldorf",40468,식품,21.09.2026-27.09.2026,Pfanni Kartoffel Püree,"das Lockere, je 240-g-Pckg., (1 kg = 6,21 €)",1.49,,,"6,21 €",https://www.rewe.de/angebote/duesseldorf/8322016/rewe-markt-an-der-piwipp-120/,40468;40474,Düsseldorf,,,,미검토,,211;480
2026-09-20 21:02 Europe/Berlin,REWE,"REWE Markt, An der Piwipp 120, 40468 Düsseldorf",40468,식품,21.09.2026-27.09.2026,Pfanni Kartoffel Püree,"das Komplette, je 283,5-g-Pckg., (1 kg = 5,26 €)",1.49,,,"5,26 €",https://www.rewe.de/angebote/duesseldorf/8322016/rewe-markt-an-der-piwipp-120/,40468;40474,Düsseldorf,,,,미검토,,212;481
2026-09-20 21:02 Europe/Berlin,REWE,"REWE Markt, An der Piwipp 120, 40468 Düsseldorf",40468,식품,21.09.2026-27.09.2026,Pfanni Knödel,"versch. Sorten, je 200-g-Pckg., (1 kg = 7,45 €)",1.49,,,"7,45 €",https://www.rewe.de/angebote/duesseldorf/8322016/rewe-markt-an-der-piwipp-120/,40468;40474,Düsseldorf,,,,미검토,,213;482
2026-09-20 21:02 Europe/Berlin,REWE,"REWE Markt, An der Piwipp 120, 40468 Düsseldorf",40468,식품,21.09.2026-27.09.2026,Philadelphia,"Natur, je 195-g-Pckg., (1 kg = 5,69 €)",1.11,,,"5,69 €",https://www.rewe.de/angebote/duesseldorf/8322016/rewe-markt-an-der-piwipp-120/,40468;40474,Düsseldorf,,,,미검토,,214;483
2026-09-20 21:02 Europe/Berlin,REWE,"REWE Markt, An der Piwipp 120, 40468 Düsseldorf",40468,식품,21.09.2026-27.09.2026,Pizzadonut Flammkuchen,je St.,0.99,,,,https://www.rewe.de/angebote/duesseldorf/8322016/rewe-markt-an-der-piwipp-120/,40468;40474,Düsseldorf,,,,미검토,,215;484
2026-09-20 21:02 Europe/Berlin,REWE,"REWE Markt, An der Piwipp 120, 40468 Düsseldorf",40468,식품,21.09.2026-27.09.2026,Popp Brotaufstrich,"versch. Sorten, je 150-g-Becher, (1 kg = 8,60 €)",1.29,,,"8,60 €",https://www.rewe.de/angebote/duesseldorf/8322016/rewe-markt-an-der-piwipp-120/,40468;40474,Düsseldorf,,,,미검토,,216;485
2026-09-20 21:02 Europe/Berlin,REWE,"REWE Markt, An der Piwipp 120, 40468 Düsseldorf",40468,음료,21.09.2026-27.09.2026,Powerade Mountain Blast,"je 1-l-Fl., zzgl. 0,25 € Pfand",1.59,,,,https://www.rewe.de/angebote/duesseldorf/8322016/rewe-markt-an-der-piwipp-120/,40468;40474,Düsseldorf,,,,미검토,,217;486
2026-09-20 21:02 Europe/Berlin,REWE,"REWE Markt, An der Piwipp 120, 40468 Düsseldorf",40468,식품,21.09.2026-27.09.2026,Premium Geflügelrolle,"gefüllt mit einer saftigen Hähnchenwurst, je St.",1.00,,,,https://www.rewe.de/angebote/duesseldorf/8322016/rewe-markt-an-der-piwipp-120/,40468;40474,Düsseldorf,,,,미검토,,218;487
2026-09-20 21:02 Europe/Berlin,REWE,"REWE Markt, An der Piwipp 120, 40468 Düsseldorf",40468,식품,21.09.2026-27.09.2026,Puten Oberkeule,je 100 g,0.99,,,,https://www.rewe.de/angebote/duesseldorf/8322016/rewe-markt-an-der-piwipp-120/,40468;40474,Düsseldorf,,,,미검토,,219;488
2026-09-20 21:02 Europe/Berlin,REWE,"REWE Markt, An der Piwipp 120, 40468 Düsseldorf",40468,식품,21.09.2026-27.09.2026,Quäse Körniger Frischkäse,"je 200-g-Becher, (1 kg = 7,45 €)",1.49,,,"7,45 €",https://www.rewe.de/angebote/duesseldorf/8322016/rewe-markt-an-der-piwipp-120/,40468;40474,Düsseldorf,,,,미검토,,220;489
2026-09-20 21:02 Europe/Berlin,REWE,"REWE Markt, An der Piwipp 120, 40468 Düsseldorf",40468,주류,21.09.2026-27.09.2026,Radeberger Pilsner,"je 20 x 0,5-l-Fl.-Kasten, (1 l = 1,10 €), zzgl. 3,10 € Pfand",10.99,,,"1,10 €",https://www.rewe.de/angebote/duesseldorf/8322016/rewe-markt-an-der-piwipp-120/,40468;40474,Düsseldorf,,,,미검토,,221;490
2026-09-20 21:02 Europe/Berlin,REWE,"REWE Markt, An der Piwipp 120, 40468 Düsseldorf",40468,식품,21.09.2026-27.09.2026,Rama mit Butter,"je 250-g-Pckg., (1 kg = 5,16 €)",1.29,,,"5,16 €",https://www.rewe.de/angebote/duesseldorf/8322016/rewe-markt-an-der-piwipp-120/,40468;40474,Düsseldorf,,,,미검토,,222;491
2026-09-20 21:02 Europe/Berlin,REWE,"REWE Markt, An der Piwipp 120, 40468 Düsseldorf",40468,식품,21.09.2026-27.09.2026,"Rama zum Streichen, Backen & Kochen","je 400-g-Becher, (1 kg = 3,23 €)",1.29,,,"3,23 €",https://www.rewe.de/angebote/duesseldorf/8322016/rewe-markt-an-der-piwipp-120/,40468;40474,Düsseldorf,,,,미검토,,223;492
2026-09-20 21:02 Europe/Berlin,REWE,"REWE Markt, An der Piwipp 120, 40468 Düsseldorf",40468,식품,21.09.2026-27.09.2026,Rapso Rapsöl,"100% rein, aus kontrolliertem Anbau, je 750-ml-Fl., (1 l = 4,65 €)",3.49,,,"4,65 €",https://www.rewe.de/angebote/duesseldorf/8322016/rewe-markt-an-der-piwipp-120/,40468;40474,Düsseldorf,,,,미검토,,224;493
2026-09-20 21:02 Europe/Berlin,REWE,"REWE Markt, An der Piwipp 120, 40468 Düsseldorf",40468,음료,21.09.2026-27.09.2026,Red Bull Energy Drink,"versch. Sorten, koffeinhaltig, je 0,25-l-Dose, (1 l = 3,52 €), zzgl. 0,25 € Pfand",0.88,,,"3,52 €",https://www.rewe.de/angebote/duesseldorf/8322016/rewe-markt-an-der-piwipp-120/,40468;40474,Düsseldorf,,,,미검토,,225;494
2026-09-20 21:02 Europe/Berlin,REWE,"REWE Markt, An der Piwipp 120, 40468 Düsseldorf",40468,식품,21.09.2026-27.09.2026,Reinert Klosterschinken,je 100 g,1.49,,,,https://www.rewe.de/angebote/duesseldorf/8322016/rewe-markt-an-der-piwipp-120/,40468;40474,Düsseldorf,,,,미검토,,226;495
2026-09-20 21:02 Europe/Berlin,REWE,"REWE Markt, An der Piwipp 120, 40468 Düsseldorf",40468,식품,21.09.2026-27.09.2026,Rinder-Filet,"vom Jungbullen, am Stück oder in Scheiben, je 100 g",5.29,,,,https://www.rewe.de/angebote/duesseldorf/8322016/rewe-markt-an-der-piwipp-120/,40468;40474,Düsseldorf,,,,미검토,,227;496
2026-09-20 21:02 Europe/Berlin,REWE,"REWE Markt, An der Piwipp 120, 40468 Düsseldorf",40468,식품,21.09.2026-27.09.2026,Ritter Sport Schokolade,"versch. Sorten, je 100-g-Tafel, (1 kg = 11,10 €)",1.11,,,"11,10 €",https://www.rewe.de/angebote/duesseldorf/8322016/rewe-markt-an-der-piwipp-120/,40468;40474,Düsseldorf,,,,미검토,,228;497
2026-09-20 21:02 Europe/Berlin,REWE,"REWE Markt, An der Piwipp 120, 40468 Düsseldorf",40468,식품,21.09.2026-27.09.2026,Roastbeef,"am Stück oder in Scheiben, je 100 g",3.19,,,,https://www.rewe.de/angebote/duesseldorf/8322016/rewe-markt-an-der-piwipp-120/,40468;40474,Düsseldorf,,,,미검토,,229;498
2026-09-20 21:02 Europe/Berlin,REWE,"REWE Markt, An der Piwipp 120, 40468 Düsseldorf",40468,식품,21.09.2026-27.09.2026,Rochebaron oder Peyrigoux,"frz. Weichkäse, versch. Sorten, je 100 g",2.69,,,,https://www.rewe.de/angebote/duesseldorf/8322016/rewe-markt-an-der-piwipp-120/,40468;40474,Düsseldorf,,,,미검토,,230;499
2026-09-20 21:02 Europe/Berlin,REWE,"REWE Markt, An der Piwipp 120, 40468 Düsseldorf",40468,식품,21.09.2026-27.09.2026,Rote Tafeläpfel,"»Nicoter«, Kl. I, je 760-g-Schale, (1 kg = 2,62 €)",1.99,,,"2,62 €",https://www.rewe.de/angebote/duesseldorf/8322016/rewe-markt-an-der-piwipp-120/,40468;40474,Düsseldorf,,,,미검토,,231;500
2026-09-20 21:02 Europe/Berlin,REWE,"REWE Markt, An der Piwipp 120, 40468 Düsseldorf",40468,식품,21.09.2026-27.09.2026,Rügenwalder Mühle Pommersche Gutsleberwurst,"versch. Sorten, je 100 g",1.79,,,,https://www.rewe.de/angebote/duesseldorf/8322016/rewe-markt-an-der-piwipp-120/,40468;40474,Düsseldorf,,,,미검토,,232;501
2026-09-20 21:02 Europe/Berlin,REWE,"REWE Markt, An der Piwipp 120, 40468 Düsseldorf",40468,식품,21.09.2026-27.09.2026,Saupiquet Thunfisch-Filets,"in Olivenöl, je 2 x 80-g-Dosen-Pckg., (1 kg = 23,94 €), 104 g Abtropfgewicht",2.49,,,"23,94 €",https://www.rewe.de/angebote/duesseldorf/8322016/rewe-markt-an-der-piwipp-120/,40468;40474,Düsseldorf,,,,미검토,,233;502
2026-09-20 21:02 Europe/Berlin,REWE,"REWE Markt, An der Piwipp 120, 40468 Düsseldorf",40468,식품,21.09.2026-27.09.2026,Saupiquet Thunfisch-Filets,"Naturale, je 2 x 80-g-Dosen-Pckg., (1 kg = 22,23 €), 112 g Abtropfgewicht",2.49,,,"22,23 €",https://www.rewe.de/angebote/duesseldorf/8322016/rewe-markt-an-der-piwipp-120/,40468;40474,Düsseldorf,,,,미검토,,234;503
2026-09-20 21:02 Europe/Berlin,REWE,"REWE Markt, An der Piwipp 120, 40468 Düsseldorf",40468,주류,21.09.2026-27.09.2026,Scavi & Ray Prosecco Frizzante,"je 0,75-l-Fl., (1 l = 7,99 €)",5.99,,,"7,99 €",https://www.rewe.de/angebote/duesseldorf/8322016/rewe-markt-an-der-piwipp-120/,40468;40474,Düsseldorf,,,,미검토,,235;504
2026-09-20 21:02 Europe/Berlin,REWE,"REWE Markt, An der Piwipp 120, 40468 Düsseldorf",40468,주류,21.09.2026-27.09.2026,"Schmackes Hell oder alkoholfrei 0,0%","versch. Sorten, je 6 x 0,33-l-Fl.-Sixpack, (1 l = 1,76 €), zzgl. 0,48 € Pfand",3.49,,,"1,76 €",https://www.rewe.de/angebote/duesseldorf/8322016/rewe-markt-an-der-piwipp-120/,40468;40474,Düsseldorf,,,,미검토,,236;505
2026-09-20 21:02 Europe/Berlin,REWE,"REWE Markt, An der Piwipp 120, 40468 Düsseldorf",40468,식품,21.09.2026-27.09.2026,Schweine-Stielkotelett,je 100 g,0.89,,,,https://www.rewe.de/angebote/duesseldorf/8322016/rewe-markt-an-der-piwipp-120/,40468;40474,Düsseldorf,,,,미검토,,237;506
2026-09-20 21:02 Europe/Berlin,REWE,"REWE Markt, An der Piwipp 120, 40468 Düsseldorf",40468,음료,21.09.2026-27.09.2026,Sinalco Limonade,"versch. Sorten, teilw. koffeinhaltig, je 1,25-l-Fl., (1 l = 0,63 €), zzgl. 0,25 € Pfand",0.79,,,"0,63 €",https://www.rewe.de/angebote/duesseldorf/8322016/rewe-markt-an-der-piwipp-120/,40468;40474,Düsseldorf,,,,미검토,,238;507
2026-09-20 21:02 Europe/Berlin,REWE,"REWE Markt, An der Piwipp 120, 40468 Düsseldorf",40468,식품,21.09.2026-27.09.2026,Snickers Original Ice Cream,"je 251,5-ml-Pckg., (1 l = 9,11 €)",2.29,,,"9,11 €",https://www.rewe.de/angebote/duesseldorf/8322016/rewe-markt-an-der-piwipp-120/,40468;40474,Düsseldorf,,,,미검토,,239;508
2026-09-20 21:02 Europe/Berlin,REWE,"REWE Markt, An der Piwipp 120, 40468 Düsseldorf",40468,주류,21.09.2026-27.09.2026,Spaten Münchner Hell,"je 20 x 0,5-l-Fl.-Kasten, (1 l = 1,50 €), zzgl. 3,10 € Pfand",14.99,,,"1,50 €",https://www.rewe.de/angebote/duesseldorf/8322016/rewe-markt-an-der-piwipp-120/,40468;40474,Düsseldorf,,,,미검토,,240;509
2026-09-20 21:02 Europe/Berlin,REWE,"REWE Markt, An der Piwipp 120, 40468 Düsseldorf",40468,식품,21.09.2026-27.09.2026,Speisekartoffeln,"Sorte und Kocheigenschaft: siehe Etikett, Qualität I, je 2,5-kg-Btl., (1 kg = 0,76 €)",1.89,,,"0,76 €",https://www.rewe.de/angebote/duesseldorf/8322016/rewe-markt-an-der-piwipp-120/,40468;40474,Düsseldorf,,,,미검토,,241;510
2026-09-20 21:02 Europe/Berlin,REWE,"REWE Markt, An der Piwipp 120, 40468 Düsseldorf",40468,식품,21.09.2026-27.09.2026,Speisemöhren,"Kl. I, je 1,5-kg-Btl., (1 kg = 0,74 €)",1.11,,,"0,74 €",https://www.rewe.de/angebote/duesseldorf/8322016/rewe-markt-an-der-piwipp-120/,40468;40474,Düsseldorf,,,,미검토,,242;511
2026-09-20 21:02 Europe/Berlin,REWE,"REWE Markt, An der Piwipp 120, 40468 Düsseldorf",40468,식품,21.09.2026-27.09.2026,Spreewaldhof Spreelinge Gewürzgurken,"je 670-g-Glas, (1 kg = 4,69 €), 360 g Abtropfgewicht",1.69,,,"4,69 €",https://www.rewe.de/angebote/duesseldorf/8322016/rewe-markt-an-der-piwipp-120/,40468;40474,Düsseldorf,,,,미검토,,243;512
2026-09-20 21:02 Europe/Berlin,REWE,"REWE Markt, An der Piwipp 120, 40468 Düsseldorf",40468,식품,21.09.2026-27.09.2026,St. Michel Choco Crepes,"je 180-g-Btl., (1 kg = 8,28 €)",1.49,,,"8,28 €",https://www.rewe.de/angebote/duesseldorf/8322016/rewe-markt-an-der-piwipp-120/,40468;40474,Düsseldorf,,,,미검토,,244;513
2026-09-20 21:02 Europe/Berlin,REWE,"REWE Markt, An der Piwipp 120, 40468 Düsseldorf",40468,식품,21.09.2026-27.09.2026,Starbucks House Blend Kaffeekapseln,"Lungo, je 52-g-Pckg., (1 kg = 70,96 €)",3.69,,,"70,96 €",https://www.rewe.de/angebote/duesseldorf/8322016/rewe-markt-an-der-piwipp-120/,40468;40474,Düsseldorf,,,,미검토,,245;514
2026-09-20 21:02 Europe/Berlin,REWE,"REWE Markt, An der Piwipp 120, 40468 Düsseldorf",40468,식품,21.09.2026-27.09.2026,Starbucks Smooth Caramel Kaffeekapseln,"je 51-g-Pckg., (1 kg = 72,35 €)",3.69,,,"72,35 €",https://www.rewe.de/angebote/duesseldorf/8322016/rewe-markt-an-der-piwipp-120/,40468;40474,Düsseldorf,,,,미검토,,246;515
2026-09-20 21:02 Europe/Berlin,REWE,"REWE Markt, An der Piwipp 120, 40468 Düsseldorf",40468,식품,21.09.2026-27.09.2026,Storck Toffifee,"versch. Sorten, je 125-g-Pckg., (1 kg = 8,88 €)",1.11,,,"8,88 €",https://www.rewe.de/angebote/duesseldorf/8322016/rewe-markt-an-der-piwipp-120/,40468;40474,Düsseldorf,,,,미검토,,247;516
2026-09-20 21:02 Europe/Berlin,REWE,"REWE Markt, An der Piwipp 120, 40468 Düsseldorf",40468,식품,21.09.2026-27.09.2026,Strohwohl Frischwurst-Aufschnitt,"versch. Sorten, je 100 g",1.39,,,,https://www.rewe.de/angebote/duesseldorf/8322016/rewe-markt-an-der-piwipp-120/,40468;40474,Düsseldorf,,,,미검토,,248;517
2026-09-20 21:02 Europe/Berlin,REWE,"REWE Markt, An der Piwipp 120, 40468 Düsseldorf",40468,주류,21.09.2026-27.09.2026,Süss & Fruchtig oder Trollinger Qualitätswein,"versch. Sorten, je 0,75-l-Fl., (1 l = 3,99 €)",2.99,,,"3,99 €",https://www.rewe.de/angebote/duesseldorf/8322016/rewe-markt-an-der-piwipp-120/,40468;40474,Düsseldorf,,,,미검토,,249;518
2026-09-20 21:02 Europe/Berlin,REWE,"REWE Markt, An der Piwipp 120, 40468 Düsseldorf",40468,주류,21.09.2026-27.09.2026,Tamnavulin Speyside Sherry,"40% Vol., je 0,7-l-Fl., (1 l = 28,56 €)",19.99,,,"28,56 €",https://www.rewe.de/angebote/duesseldorf/8322016/rewe-markt-an-der-piwipp-120/,40468;40474,Düsseldorf,,,,미검토,,250;519
2026-09-20 21:02 Europe/Berlin,REWE,"REWE Markt, An der Piwipp 120, 40468 Düsseldorf",40468,식품,21.09.2026-27.09.2026,Thomy Delikatess Mayonnaise,"je 250-ml-Glas, (1 l = 7,16 €)",1.79,,,"7,16 €",https://www.rewe.de/angebote/duesseldorf/8322016/rewe-markt-an-der-piwipp-120/,40468;40474,Düsseldorf,,,,미검토,,251;520
2026-09-20 21:02 Europe/Berlin,REWE,"REWE Markt, An der Piwipp 120, 40468 Düsseldorf",40468,식품,21.09.2026-27.09.2026,Thomy Delikatess Mayonnaise,"je 200-ml-Tube, (1 l = 8,95 €)",1.79,,,"8,95 €",https://www.rewe.de/angebote/duesseldorf/8322016/rewe-markt-an-der-piwipp-120/,40468;40474,Düsseldorf,,,,미검토,,252;521
2026-09-20 21:02 Europe/Berlin,REWE,"REWE Markt, An der Piwipp 120, 40468 Düsseldorf",40468,식품,21.09.2026-27.09.2026,Timmendorfer Rügenwalder Teewurst,"versch. Sorten, je 100 g",1.79,,,,https://www.rewe.de/angebote/duesseldorf/8322016/rewe-markt-an-der-piwipp-120/,40468;40474,Düsseldorf,,,,미검토,,253;522
2026-09-20 21:02 Europe/Berlin,REWE,"REWE Markt, An der Piwipp 120, 40468 Düsseldorf",40468,식품,21.09.2026-27.09.2026,Tony’s Schokolade,"versch. Sorten, je 180-g-Pckg., (1 kg = 16,61 €)",2.99,,,"16,61 €",https://www.rewe.de/angebote/duesseldorf/8322016/rewe-markt-an-der-piwipp-120/,40468;40474,Düsseldorf,,,,미검토,,254;523
2026-09-20 21:02 Europe/Berlin,REWE,"REWE Markt, An der Piwipp 120, 40468 Düsseldorf",40468,식품,21.09.2026-27.09.2026,Trumpf Edle Tropfen Obstbrände,"je 200-g-Pckg., (1 kg = 14,95 €)",2.99,,,"14,95 €",https://www.rewe.de/angebote/duesseldorf/8322016/rewe-markt-an-der-piwipp-120/,40468;40474,Düsseldorf,,,,미검토,,255;524
2026-09-20 21:02 Europe/Berlin,REWE,"REWE Markt, An der Piwipp 120, 40468 Düsseldorf",40468,식품,21.09.2026-27.09.2026,Ültje Erdnüsse,"geröstet & gesalzen, je 180-g-Dose, (1 kg = 9,39 €)",1.69,,,"9,39 €",https://www.rewe.de/angebote/duesseldorf/8322016/rewe-markt-an-der-piwipp-120/,40468;40474,Düsseldorf,,,,미검토,,256;525
2026-09-20 21:02 Europe/Berlin,REWE,"REWE Markt, An der Piwipp 120, 40468 Düsseldorf",40468,식품,21.09.2026-27.09.2026,Ültje Fusion Peanuts,"Paprika Flamed Style, je 150-g-Btl., (1 kg = 11,27 €)",1.69,,,"11,27 €",https://www.rewe.de/angebote/duesseldorf/8322016/rewe-markt-an-der-piwipp-120/,40468;40474,Düsseldorf,,,,미검토,,257;526
2026-09-20 21:02 Europe/Berlin,REWE,"REWE Markt, An der Piwipp 120, 40468 Düsseldorf",40468,식품,21.09.2026-27.09.2026,Vita Coco Kokosnusswasser,"versch. Sorten, je 330-ml-Pckg., (1 l = 4,82 €)",1.59,,,"4,82 €",https://www.rewe.de/angebote/duesseldorf/8322016/rewe-markt-an-der-piwipp-120/,40468;40474,Düsseldorf,,,,미검토,,258;527
2026-09-20 21:02 Europe/Berlin,REWE,"REWE Markt, An der Piwipp 120, 40468 Düsseldorf",40468,음료,21.09.2026-27.09.2026,Volvic Touch oder Tee,"versch. Sorten, je 1,5-l-Fl., (1 l = 0,74 €), zzgl. 0,25 € Pfand",1.11,,,"0,74 €",https://www.rewe.de/angebote/duesseldorf/8322016/rewe-markt-an-der-piwipp-120/,40468;40474,Düsseldorf,,,,미검토,,259;528
2026-09-20 21:02 Europe/Berlin,REWE,"REWE Markt, An der Piwipp 120, 40468 Düsseldorf",40468,음료,21.09.2026-27.09.2026,Vöslauer Flavour Mineralwasser,"versch. Sorten, je 6 x 1-l-Fl.-Pckg., (1 l = 0,79 €), zzgl. 1,50 € Pfand",4.74,,,"0,79 €",https://www.rewe.de/angebote/duesseldorf/8322016/rewe-markt-an-der-piwipp-120/,40468;40474,Düsseldorf,,,,미검토,,260;529
2026-09-20 21:02 Europe/Berlin,REWE,"REWE Markt, An der Piwipp 120, 40468 Düsseldorf",40468,식품,21.09.2026-27.09.2026,Wasa Sesam & Vollkorn,"je 200-g-Pckg., (1 kg = 8,95 €)",1.79,,,"8,95 €",https://www.rewe.de/angebote/duesseldorf/8322016/rewe-markt-an-der-piwipp-120/,40468;40474,Düsseldorf,,,,미검토,,261;530
2026-09-20 21:02 Europe/Berlin,REWE,"REWE Markt, An der Piwipp 120, 40468 Düsseldorf",40468,식품,21.09.2026-27.09.2026,Wasa Vollkorn Roggen,"je 260-g-Pckg., (1 kg = 6,88 €)",1.79,,,"6,88 €",https://www.rewe.de/angebote/duesseldorf/8322016/rewe-markt-an-der-piwipp-120/,40468;40474,Düsseldorf,,,,미검토,,262;531
2026-09-20 21:02 Europe/Berlin,REWE,"REWE Markt, An der Piwipp 120, 40468 Düsseldorf",40468,식품,21.09.2026-27.09.2026,Weihenstephan Kochsahne,"je 250-g-Pckg., (1 kg = 5,16 €)",1.29,,,"5,16 €",https://www.rewe.de/angebote/duesseldorf/8322016/rewe-markt-an-der-piwipp-120/,40468;40474,Düsseldorf,,,,미검토,,263;532
2026-09-20 21:02 Europe/Berlin,REWE,"REWE Markt, An der Piwipp 120, 40468 Düsseldorf",40468,식품,21.09.2026-27.09.2026,Weihenstephan Naturjoghurt mild,"versch. Sorten, je 500-g-Becher, (1 kg = 1,98 €)",0.99,,,"1,98 €",https://www.rewe.de/angebote/duesseldorf/8322016/rewe-markt-an-der-piwipp-120/,40468;40474,Düsseldorf,,,,미검토,,264;533
2026-09-20 21:02 Europe/Berlin,REWE,"REWE Markt, An der Piwipp 120, 40468 Düsseldorf",40468,식품,21.09.2026-27.09.2026,Wiesenhof Bruzzzler Minis,"je 350-g-Pckg., (1 kg = 9,97 €)",3.49,,,"9,97 €",https://www.rewe.de/angebote/duesseldorf/8322016/rewe-markt-an-der-piwipp-120/,40468;40474,Düsseldorf,,,,미검토,,265;534
2026-09-20 21:02 Europe/Berlin,REWE,"REWE Markt, An der Piwipp 120, 40468 Düsseldorf",40468,식품,21.09.2026-27.09.2026,Wiesenhof Bruzzzler Original,"je 5 x 80-g-Pckg., (1 kg = 8,73 €)",3.49,,,"8,73 €",https://www.rewe.de/angebote/duesseldorf/8322016/rewe-markt-an-der-piwipp-120/,40468;40474,Düsseldorf,,,,미검토,,266;535
2026-09-20 21:02 Europe/Berlin,REWE,"REWE Markt, An der Piwipp 120, 40468 Düsseldorf",40468,식품,21.09.2026-27.09.2026,Wilhelm Brandenburg Bayrischer Leberkäse,je 100 g,0.99,,,,https://www.rewe.de/angebote/duesseldorf/8322016/rewe-markt-an-der-piwipp-120/,40468;40474,Düsseldorf,,,,미검토,,267;536
2026-09-20 21:02 Europe/Berlin,REWE,"REWE Markt, An der Piwipp 120, 40468 Düsseldorf",40468,식품,21.09.2026-27.09.2026,Wilhelm Brandenburg Hackfleisch gemischt,"vom Rind und Schwein, je 250-g-Pckg., (1 kg = 9,96 €)",2.49,,,"9,96 €",https://www.rewe.de/angebote/duesseldorf/8322016/rewe-markt-an-der-piwipp-120/,40468;40474,Düsseldorf,,,,미검토,,268;537
2026-09-20 21:02 Europe/Berlin,REWE,"REWE Markt, An der Piwipp 120, 40468 Düsseldorf",40468,식품,21.09.2026-27.09.2026,Zentis Frühstücks-Konfitüre,"versch. Sorten, je 230-g-Glas, (1 kg = 6,48 €)",1.49,,,"6,48 €",https://www.rewe.de/angebote/duesseldorf/8322016/rewe-markt-an-der-piwipp-120/,40468;40474,Düsseldorf,,,,미검토,,269;538
2026-09-20 21:02 Europe/Berlin,REWE,"REWE Markt, An der Piwipp 120, 40468 Düsseldorf",40468,식품,21.09.2026-27.09.2026,Zwiebelbaguette,"je 330-g-lose, (1 kg = 6,03 €)",1.99,,,"6,03 €",https://www.rewe.de/angebote/duesseldorf/8322016/rewe-markt-an-der-piwipp-120/,40468;40474,Düsseldorf,,,,미검토,,270;539
2026-09-20 21:02 Europe/Berlin,REWE,"REWE H. Amshove, Varziner Str. 7-17, 44369 Dortmund",44369,식품,21.09.2026-27.09.2026,Abraham Kernschinken,"geräuchert oder luftgetrocknet, je 100 g",1.79,,,,https://www.rewe.de/angebote/dortmund/1762800/rewe-markt-varziner-str-7-17/,44369,Dortmund,,,,미검토,,540
2026-09-20 21:02 Europe/Berlin,REWE,"REWE H. Amshove, Varziner Str. 7-17, 44369 Dortmund",44369,음료,21.09.2026-27.09.2026,Adelholzener Mineralwasser,"versch. Sorten, je 12 x 0,75-l-Fl.-Kasten, (1 l = 0,72 €), zzgl. 3,30 € Pfand",6.49,,,"0,72 €",https://www.rewe.de/angebote/dortmund/1762800/rewe-markt-varziner-str-7-17/,44369,Dortmund,,,,미검토,,541
2026-09-20 21:02 Europe/Berlin,REWE,"REWE H. Amshove, Varziner Str. 7-17, 44369 Dortmund",44369,음료,21.09.2026-27.09.2026,Afri Cola Extra Koffein,"koffeinhaltig, je 6 x 1-l-Fl.-Pckg., (1 l = 0,89 €), zzgl. 1,50 € Pfand",5.34,,,"0,89 €",https://www.rewe.de/angebote/dortmund/1762800/rewe-markt-varziner-str-7-17/,44369,Dortmund,,,,미검토,,542
2026-09-20 21:02 Europe/Berlin,REWE,"REWE H. Amshove, Varziner Str. 7-17, 44369 Dortmund",44369,식품,21.09.2026-27.09.2026,Alt Westfälischer Metzgerschinken,"gekocht, je 100 g",1.99,,,,https://www.rewe.de/angebote/dortmund/1762800/rewe-markt-varziner-str-7-17/,44369,Dortmund,,,,미검토,,543
2026-09-20 21:02 Europe/Berlin,REWE,"REWE H. Amshove, Varziner Str. 7-17, 44369 Dortmund",44369,식품,21.09.2026-27.09.2026,Altenburger Ziegenrolle,"je 150-g-Pckg., (1 kg = 16,60 €)",2.49,,,"16,60 €",https://www.rewe.de/angebote/dortmund/1762800/rewe-markt-varziner-str-7-17/,44369,Dortmund,,,,미검토,,544
2026-09-20 21:02 Europe/Berlin,REWE,"REWE H. Amshove, Varziner Str. 7-17, 44369 Dortmund",44369,식품,21.09.2026-27.09.2026,Andros So Good - so Veggie,"aus Kokosmilch, je 350-g-Becher, (1 kg = 4,26 €)",1.49,,,"4,26 €",https://www.rewe.de/angebote/dortmund/1762800/rewe-markt-varziner-str-7-17/,44369,Dortmund,,,,미검토,,545
2026-09-20 21:02 Europe/Berlin,REWE,"REWE H. Amshove, Varziner Str. 7-17, 44369 Dortmund",44369,식품,21.09.2026-27.09.2026,Aoste Longhetti,"Classique, je 65-g-Pckg., (1 kg = 27,54 €)",1.79,,,"27,54 €",https://www.rewe.de/angebote/dortmund/1762800/rewe-markt-varziner-str-7-17/,44369,Dortmund,,,,미검토,,546
2026-09-20 21:02 Europe/Berlin,REWE,"REWE H. Amshove, Varziner Str. 7-17, 44369 Dortmund",44369,식품,21.09.2026-27.09.2026,Aoste Stickado,"Classique, je 70-g-Pckg., (1 kg = 25,57 €)",1.79,,,"25,57 €",https://www.rewe.de/angebote/dortmund/1762800/rewe-markt-varziner-str-7-17/,44369,Dortmund,,,,미검토,,547
2026-09-20 21:02 Europe/Berlin,REWE,"REWE H. Amshove, Varziner Str. 7-17, 44369 Dortmund",44369,식품,21.09.2026-27.09.2026,Appel Zarte Filets vom Hering,"versch. Sorten, je 200-g-Dose, (1 kg = 5,55 €)",1.11,,,"5,55 €",https://www.rewe.de/angebote/dortmund/1762800/rewe-markt-varziner-str-7-17/,44369,Dortmund,,,,미검토,,548
2026-09-20 21:02 Europe/Berlin,REWE,"REWE H. Amshove, Varziner Str. 7-17, 44369 Dortmund",44369,식품,21.09.2026-27.09.2026,Appenzeller kräftig-würzig,"Schweizer Hartkäse, 48% Fett i.Tr., je 100 g",2.29,,,,https://www.rewe.de/angebote/dortmund/1762800/rewe-markt-varziner-str-7-17/,44369,Dortmund,,,,미검토,,549
2026-09-20 21:02 Europe/Berlin,REWE,"REWE H. Amshove, Varziner Str. 7-17, 44369 Dortmund",44369,주류,21.09.2026-27.09.2026,Astra,"versch. Sorten, je 6 x 0,33-l-Fl.-Sixpack, (1 l = 2,27 €), zzgl. 0,48 € Pfand",4.49,,,"2,27 €",https://www.rewe.de/angebote/dortmund/1762800/rewe-markt-varziner-str-7-17/,44369,Dortmund,,,,미검토,,550
2026-09-20 21:02 Europe/Berlin,REWE,"REWE H. Amshove, Varziner Str. 7-17, 44369 Dortmund",44369,식품,21.09.2026-27.09.2026,Ayuko Ramen Nudeln,"vorgekocht, je 180-g-Btl., (1 kg = 4,39 €)",0.79,,,"4,39 €",https://www.rewe.de/angebote/dortmund/1762800/rewe-markt-varziner-str-7-17/,44369,Dortmund,,,,미검토,,551
2026-09-20 21:02 Europe/Berlin,REWE,"REWE H. Amshove, Varziner Str. 7-17, 44369 Dortmund",44369,식품,21.09.2026-27.09.2026,Ayuko Udon Nudeln,"vorgekocht, je 200-g-Btl., (1 kg = 3,95 €)",0.79,,,"3,95 €",https://www.rewe.de/angebote/dortmund/1762800/rewe-markt-varziner-str-7-17/,44369,Dortmund,,,,미검토,,552
2026-09-20 21:02 Europe/Berlin,REWE,"REWE H. Amshove, Varziner Str. 7-17, 44369 Dortmund",44369,주류,21.09.2026-27.09.2026,Bacardi Carta Blanca Superior,"37,5% Vol. oder Razz 27% Vol., je 0,7-l-Fl., (1 l = 14,99 €)",10.49,,,"14,99 €",https://www.rewe.de/angebote/dortmund/1762800/rewe-markt-varziner-str-7-17/,44369,Dortmund,,,,미검토,,553
2026-09-20 21:02 Europe/Berlin,REWE,"REWE H. Amshove, Varziner Str. 7-17, 44369 Dortmund",44369,식품,21.09.2026-27.09.2026,Badisches Vespermett,"Hausmacher Brühwurstspezialität, nach Art eines gekochten Schinkenmetts, ummantelt von würzigem Gelee, je 100 g",1.59,,,,https://www.rewe.de/angebote/dortmund/1762800/rewe-markt-varziner-str-7-17/,44369,Dortmund,,,,미검토,,554
2026-09-20 21:02 Europe/Berlin,REWE,"REWE H. Amshove, Varziner Str. 7-17, 44369 Dortmund",44369,식품,21.09.2026-27.09.2026,Bahlsen Pick Up!,"versch. Sorten, je 5 x 28-g-Pckg., (1 kg = 14,21 €)",1.99,,,"14,21 €",https://www.rewe.de/angebote/dortmund/1762800/rewe-markt-varziner-str-7-17/,44369,Dortmund,,,,미검토,,555
2026-09-20 21:02 Europe/Berlin,REWE,"REWE H. Amshove, Varziner Str. 7-17, 44369 Dortmund",44369,식품,21.09.2026-27.09.2026,Barilla Classic Pasta,"versch. Ausformungen, je 500-g-Pckg., (1 kg = 1,76 €)",0.88,,,"1,76 €",https://www.rewe.de/angebote/dortmund/1762800/rewe-markt-varziner-str-7-17/,44369,Dortmund,,,,미검토,,556
2026-09-20 21:02 Europe/Berlin,REWE,"REWE H. Amshove, Varziner Str. 7-17, 44369 Dortmund",44369,식품,21.09.2026-27.09.2026,Barilla Pasta Sauce,"Basilico, je 400-g-Glas, (1 kg = 4,48 €)",1.79,,,"4,48 €",https://www.rewe.de/angebote/dortmund/1762800/rewe-markt-varziner-str-7-17/,44369,Dortmund,,,,미검토,,557
2026-09-20 21:02 Europe/Berlin,REWE,"REWE H. Amshove, Varziner Str. 7-17, 44369 Dortmund",44369,식품,21.09.2026-27.09.2026,Barilla Pesto Rosso,"je 200-g-Glas, (1 kg = 8,95 €)",1.79,,,"8,95 €",https://www.rewe.de/angebote/dortmund/1762800/rewe-markt-varziner-str-7-17/,44369,Dortmund,,,,미검토,,558
2026-09-20 21:02 Europe/Berlin,REWE,"REWE H. Amshove, Varziner Str. 7-17, 44369 Dortmund",44369,주류,21.09.2026-27.09.2026,Beck’s Pils,"versch. Sorten, je 20 x 0,5-l-Fl.-Kasten, (1 l = 1,10 €), zzgl. 3,10 € Pfand",10.99,,,"1,10 €",https://www.rewe.de/angebote/dortmund/1762800/rewe-markt-varziner-str-7-17/,44369,Dortmund,,,,미검토,,559
2026-09-20 21:02 Europe/Berlin,REWE,"REWE H. Amshove, Varziner Str. 7-17, 44369 Dortmund",44369,식품,21.09.2026-27.09.2026,Beemster Graskaas Pikant,"holl. Schnittkäse, aus der ersten Frühlings-Weidemilch, danach 4 Monate gereift, 48% Fett i.Tr., je 100 g",1.29,,,,https://www.rewe.de/angebote/dortmund/1762800/rewe-markt-varziner-str-7-17/,44369,Dortmund,,,,미검토,,560
2026-09-20 21:02 Europe/Berlin,REWE,"REWE H. Amshove, Varziner Str. 7-17, 44369 Dortmund",44369,식품,21.09.2026-27.09.2026,Ben & Jerry’s Ice Cream,"versch. Sorten, je 465-ml-Becher, (1 l = 8,58 €)",3.99,,,"8,58 €",https://www.rewe.de/angebote/dortmund/1762800/rewe-markt-varziner-str-7-17/,44369,Dortmund,,,,미검토,,561
2026-09-20 21:02 Europe/Berlin,REWE,"REWE H. Amshove, Varziner Str. 7-17, 44369 Dortmund",44369,식품,21.09.2026-27.09.2026,Bio Datteln,"mit Stein, je 250-g-Schale, (1 kg = 7,16 €)",1.79,,,"7,16 €",https://www.rewe.de/angebote/dortmund/1762800/rewe-markt-varziner-str-7-17/,44369,Dortmund,,,,미검토,,562
2026-09-20 21:02 Europe/Berlin,REWE,"REWE H. Amshove, Varziner Str. 7-17, 44369 Dortmund",44369,식품,21.09.2026-27.09.2026,Bio Mango,"Sorte: siehe Etikett, Kl. II, je St.",1.99,,,,https://www.rewe.de/angebote/dortmund/1762800/rewe-markt-varziner-str-7-17/,44369,Dortmund,,,,미검토,,563
2026-09-20 21:02 Europe/Berlin,REWE,"REWE H. Amshove, Varziner Str. 7-17, 44369 Dortmund",44369,식품,21.09.2026-27.09.2026,Bio Romana Salatherzen,"Kl. II, je 2 St.-Pckg.",1.59,,,,https://www.rewe.de/angebote/dortmund/1762800/rewe-markt-varziner-str-7-17/,44369,Dortmund,,,,미검토,,564
2026-09-20 21:02 Europe/Berlin,REWE,"REWE H. Amshove, Varziner Str. 7-17, 44369 Dortmund",44369,주류,21.09.2026-27.09.2026,Bitburger Premium Pils,"je 0,5-l-Dose, (1 l = 1,58 €), zzgl. 0,25 € Pfand",0.79,,,"1,58 €",https://www.rewe.de/angebote/dortmund/1762800/rewe-markt-varziner-str-7-17/,44369,Dortmund,,,,미검토,,565
2026-09-20 21:02 Europe/Berlin,REWE,"REWE H. Amshove, Varziner Str. 7-17, 44369 Dortmund",44369,주류,21.09.2026-27.09.2026,Bombay Sapphire London Dry Gin,"40% Vol., je 0,7-l-Fl., (1 l = 22,84 €)",15.99,,,"22,84 €",https://www.rewe.de/angebote/dortmund/1762800/rewe-markt-varziner-str-7-17/,44369,Dortmund,,,,미검토,,566
2026-09-20 21:02 Europe/Berlin,REWE,"REWE H. Amshove, Varziner Str. 7-17, 44369 Dortmund",44369,식품,21.09.2026-27.09.2026,Bonduelle Kopfsalat,"je 175-g-Btl., (1 kg = 10,23 €)",1.79,,,"10,23 €",https://www.rewe.de/angebote/dortmund/1762800/rewe-markt-varziner-str-7-17/,44369,Dortmund,,,,미검토,,567
2026-09-20 21:02 Europe/Berlin,REWE,"REWE H. Amshove, Varziner Str. 7-17, 44369 Dortmund",44369,식품,21.09.2026-27.09.2026,Bonduelle Wildkräutersalat,"je 110-g-Btl., (1 kg = 16,27 €)",1.79,,,"16,27 €",https://www.rewe.de/angebote/dortmund/1762800/rewe-markt-varziner-str-7-17/,44369,Dortmund,,,,미검토,,568
2026-09-20 21:02 Europe/Berlin,REWE,"REWE H. Amshove, Varziner Str. 7-17, 44369 Dortmund",44369,식품,21.09.2026-27.09.2026,Breitsamer Honig Faires Frühstück,"je 500-g-Glas, (1 kg = 9,98 €)",4.99,,,"9,98 €",https://www.rewe.de/angebote/dortmund/1762800/rewe-markt-varziner-str-7-17/,44369,Dortmund,,,,미검토,,569
2026-09-20 21:02 Europe/Berlin,REWE,"REWE H. Amshove, Varziner Str. 7-17, 44369 Dortmund",44369,식품,21.09.2026-27.09.2026,Brunch Brotaufstrich,"versch. Sorten, je 185-g-Becher, (1 kg = 6,97 €)",1.29,,,"6,97 €",https://www.rewe.de/angebote/dortmund/1762800/rewe-markt-varziner-str-7-17/,44369,Dortmund,,,,미검토,,570
2026-09-20 21:02 Europe/Berlin,REWE,"REWE H. Amshove, Varziner Str. 7-17, 44369 Dortmund",44369,주류,21.09.2026-27.09.2026,Budweiser Premium Czech Lager,"je 20 x 0,5-l-Fl.-Kasten, (1 l = 1,50 €), zzgl. 3,10 € Pfand",14.99,,,"1,50 €",https://www.rewe.de/angebote/dortmund/1762800/rewe-markt-varziner-str-7-17/,44369,Dortmund,,,,미검토,,571
2026-09-20 21:02 Europe/Berlin,REWE,"REWE H. Amshove, Varziner Str. 7-17, 44369 Dortmund",44369,식품,21.09.2026-27.09.2026,Bürger Maultaschen,"traditionell schwäbisch, je 360-g-Btl., (1 kg = 4,69 €)",1.69,,,"4,69 €",https://www.rewe.de/angebote/dortmund/1762800/rewe-markt-varziner-str-7-17/,44369,Dortmund,,,,미검토,,572
2026-09-20 21:02 Europe/Berlin,REWE,"REWE H. Amshove, Varziner Str. 7-17, 44369 Dortmund",44369,식품,21.09.2026-27.09.2026,Burgis Sonntagsknödel,"je 500-g-Pckg., (1 kg = 3,58 €)",1.79,,,"3,58 €",https://www.rewe.de/angebote/dortmund/1762800/rewe-markt-varziner-str-7-17/,44369,Dortmund,,,,미검토,,573
2026-09-20 21:02 Europe/Berlin,REWE,"REWE H. Amshove, Varziner Str. 7-17, 44369 Dortmund",44369,식품,21.09.2026-27.09.2026,Butcher’s Barbecue Schweine-Nackensteaks,"SB-verpackt, in versch. Marinaden, z.B. Smoked Paprika oder Kräuterbutter, je 380-g-Pckg., (1 kg = 9,97 €)",3.79,,,"9,97 €",https://www.rewe.de/angebote/dortmund/1762800/rewe-markt-varziner-str-7-17/,44369,Dortmund,,,,미검토,,574
2026-09-20 21:02 Europe/Berlin,REWE,"REWE H. Amshove, Varziner Str. 7-17, 44369 Dortmund",44369,식품,21.09.2026-27.09.2026,Chicorée,"Kl. I, je 500-g-Pckg., (1 kg = 3,18 €)",1.59,,,"3,18 €",https://www.rewe.de/angebote/dortmund/1762800/rewe-markt-varziner-str-7-17/,44369,Dortmund,,,,미검토,,575
2026-09-20 21:02 Europe/Berlin,REWE,"REWE H. Amshove, Varziner Str. 7-17, 44369 Dortmund",44369,음료,21.09.2026-27.09.2026,Coca-Cola oder Coca-Cola Zero Friendspack,"koffeinhaltig, je 10 x 0,33-l-Dosen-Pckg., (1 l = 1,82 €), zzgl. 2,50 € Pfand",5.99,,,"1,82 €",https://www.rewe.de/angebote/dortmund/1762800/rewe-markt-varziner-str-7-17/,44369,Dortmund,,,,미검토,,576
2026-09-20 21:02 Europe/Berlin,REWE,"REWE H. Amshove, Varziner Str. 7-17, 44369 Dortmund",44369,식품,21.09.2026-27.09.2026,Comté,"frz. Hartkäse, 8 Monate gereift, 50% Fett i.Tr., je 100 g",2.99,,,,https://www.rewe.de/angebote/dortmund/1762800/rewe-markt-varziner-str-7-17/,44369,Dortmund,,,,미검토,,577
2026-09-20 21:02 Europe/Berlin,REWE,"REWE H. Amshove, Varziner Str. 7-17, 44369 Dortmund",44369,식품,21.09.2026-27.09.2026,Coppenrath & Wiese Lust auf Kuchen Erdbeer Cheesecake,"tiefgefroren, je 550-g-Pckg., (1 kg = 6,35 €)",3.49,,,"6,35 €",https://www.rewe.de/angebote/dortmund/1762800/rewe-markt-varziner-str-7-17/,44369,Dortmund,,,,미검토,,578
2026-09-20 21:02 Europe/Berlin,REWE,"REWE H. Amshove, Varziner Str. 7-17, 44369 Dortmund",44369,식품,21.09.2026-27.09.2026,Coppenrath & Wiese Lust auf Vegan Mandel-Bienenstich-Torte,"tiefgefroren, je 360-g-Pckg., (1 kg = 9,69 €)",3.49,,,"9,69 €",https://www.rewe.de/angebote/dortmund/1762800/rewe-markt-varziner-str-7-17/,44369,Dortmund,,,,미검토,,579
2026-09-20 21:02 Europe/Berlin,REWE,"REWE H. Amshove, Varziner Str. 7-17, 44369 Dortmund",44369,식품,21.09.2026-27.09.2026,Coppenrath & Wiese Sahne Rolle,"versch. Sorten, tiefgefroren, je 350-g-Pckg., (1 kg = 7,40 €)",2.59,,,"7,40 €",https://www.rewe.de/angebote/dortmund/1762800/rewe-markt-varziner-str-7-17/,44369,Dortmund,,,,미검토,,580
2026-09-20 21:02 Europe/Berlin,REWE,"REWE H. Amshove, Varziner Str. 7-17, 44369 Dortmund",44369,식품,21.09.2026-27.09.2026,Corny Müsliriegel Milch Classic,"je 4 x 30-g-Pckg., (1 kg = 14,92 €)",1.79,,,"14,92 €",https://www.rewe.de/angebote/dortmund/1762800/rewe-markt-varziner-str-7-17/,44369,Dortmund,,,,미검토,,581
2026-09-20 21:02 Europe/Berlin,REWE,"REWE H. Amshove, Varziner Str. 7-17, 44369 Dortmund",44369,식품,21.09.2026-27.09.2026,Corny Müsliriegel Schoko,"je 6 x 25-g-Pckg., (1 kg = 11,93 €)",1.79,,,"11,93 €",https://www.rewe.de/angebote/dortmund/1762800/rewe-markt-varziner-str-7-17/,44369,Dortmund,,,,미검토,,582
2026-09-20 21:02 Europe/Berlin,REWE,"REWE H. Amshove, Varziner Str. 7-17, 44369 Dortmund",44369,식품,21.09.2026-27.09.2026,Costa Pacific Prawns,"tiefgefroren, je 215-g-Btl., (1 kg = 37,16 €)",7.99,,,"37,16 €",https://www.rewe.de/angebote/dortmund/1762800/rewe-markt-varziner-str-7-17/,44369,Dortmund,,,,미검토,,583
2026-09-20 21:02 Europe/Berlin,REWE,"REWE H. Amshove, Varziner Str. 7-17, 44369 Dortmund",44369,식품,21.09.2026-27.09.2026,Dallmayr Crema d’Oro,"ganze Bohnen, je 1000-g-Pckg.",12.99,,,,https://www.rewe.de/angebote/dortmund/1762800/rewe-markt-varziner-str-7-17/,44369,Dortmund,,,,미검토,,584
2026-09-20 21:02 Europe/Berlin,REWE,"REWE H. Amshove, Varziner Str. 7-17, 44369 Dortmund",44369,식품,21.09.2026-27.09.2026,DeBeukelaer Cereola,"versch. Sorten, je 150-g-Pckg., (1 kg = 9,93 €)",1.49,,,"9,93 €",https://www.rewe.de/angebote/dortmund/1762800/rewe-markt-varziner-str-7-17/,44369,Dortmund,,,,미검토,,585
2026-09-20 21:02 Europe/Berlin,REWE,"REWE H. Amshove, Varziner Str. 7-17, 44369 Dortmund",44369,식품,21.09.2026-27.09.2026,Dodoni Feta,"je 150-g-Pckg., (1 kg = 13,27 €)",1.99,,,"13,27 €",https://www.rewe.de/angebote/dortmund/1762800/rewe-markt-varziner-str-7-17/,44369,Dortmund,,,,미검토,,586
2026-09-20 21:02 Europe/Berlin,REWE,"REWE H. Amshove, Varziner Str. 7-17, 44369 Dortmund",44369,식품,21.09.2026-27.09.2026,Doritos Nacho Cheese,"je 110-g-Pckg., (1 kg = 9,00 €)",0.99,,,"9,00 €",https://www.rewe.de/angebote/dortmund/1762800/rewe-markt-varziner-str-7-17/,44369,Dortmund,,,,미검토,,587
2026-09-20 21:02 Europe/Berlin,REWE,"REWE H. Amshove, Varziner Str. 7-17, 44369 Dortmund",44369,식품,21.09.2026-27.09.2026,Dr. Oetker Bourbon-Vanille Soße,"je 250-ml-Becher, (1 l = 5,16 €)",1.29,,,"5,16 €",https://www.rewe.de/angebote/dortmund/1762800/rewe-markt-varziner-str-7-17/,44369,Dortmund,,,,미검토,,588
2026-09-20 21:02 Europe/Berlin,REWE,"REWE H. Amshove, Varziner Str. 7-17, 44369 Dortmund",44369,식품,21.09.2026-27.09.2026,Dr. Oetker Götterspeise,"Waldmeister mit Bourbon-Vanillesoße, je 160-g-Becher, (1 kg = 4,31 €)",0.69,,,"4,31 €",https://www.rewe.de/angebote/dortmund/1762800/rewe-markt-varziner-str-7-17/,44369,Dortmund,,,,미검토,,589
2026-09-20 21:02 Europe/Berlin,REWE,"REWE H. Amshove, Varziner Str. 7-17, 44369 Dortmund",44369,식품,21.09.2026-27.09.2026,Dr. Oetker Götterspeise XXL Waldmeister,"je 500-g-Becher, (1 kg = 2,58 €)",1.29,,,"2,58 €",https://www.rewe.de/angebote/dortmund/1762800/rewe-markt-varziner-str-7-17/,44369,Dortmund,,,,미검토,,590
2026-09-20 21:02 Europe/Berlin,REWE,"REWE H. Amshove, Varziner Str. 7-17, 44369 Dortmund",44369,식품,21.09.2026-27.09.2026,Dr. Oetker Grießbrei,"je 92-g-Btl., (1 kg = 10,76 €)",0.99,,,"10,76 €",https://www.rewe.de/angebote/dortmund/1762800/rewe-markt-varziner-str-7-17/,44369,Dortmund,,,,미검토,,591
2026-09-20 21:02 Europe/Berlin,REWE,"REWE H. Amshove, Varziner Str. 7-17, 44369 Dortmund",44369,식품,21.09.2026-27.09.2026,Dr. Oetker Milchreis,"je 125-g-Btl., (1 kg = 7,92 €)",0.99,,,"7,92 €",https://www.rewe.de/angebote/dortmund/1762800/rewe-markt-varziner-str-7-17/,44369,Dortmund,,,,미검토,,592
2026-09-20 21:02 Europe/Berlin,REWE,"REWE H. Amshove, Varziner Str. 7-17, 44369 Dortmund",44369,식품,21.09.2026-27.09.2026,Dr. Oetker Paradiescreme Kleine Auszeit,"Vanille, je 27-g-Btl., (1 kg = 29,26 €)",0.79,,,"29,26 €",https://www.rewe.de/angebote/dortmund/1762800/rewe-markt-varziner-str-7-17/,44369,Dortmund,,,,미검토,,593
2026-09-20 21:02 Europe/Berlin,REWE,"REWE H. Amshove, Varziner Str. 7-17, 44369 Dortmund",44369,식품,21.09.2026-27.09.2026,Dr. Oetker Ristorante Pizza Salame,"tiefgefroren, je 320-g-Pckg., (1 kg = 5,59 €)",1.79,,,"5,59 €",https://www.rewe.de/angebote/dortmund/1762800/rewe-markt-varziner-str-7-17/,44369,Dortmund,,,,미검토,,594
2026-09-20 21:02 Europe/Berlin,REWE,"REWE H. Amshove, Varziner Str. 7-17, 44369 Dortmund",44369,식품,21.09.2026-27.09.2026,Dr. Oetker Ristorante Pizza Spinaci,"tiefgefroren, je 390-g-Pckg., (1 kg = 4,59 €)",1.79,,,"4,59 €",https://www.rewe.de/angebote/dortmund/1762800/rewe-markt-varziner-str-7-17/,44369,Dortmund,,,,미검토,,595
2026-09-20 21:02 Europe/Berlin,REWE,"REWE H. Amshove, Varziner Str. 7-17, 44369 Dortmund",44369,식품,21.09.2026-27.09.2026,Dr. Oetker Rotwein Mousse,"je 100-g-Becher, (1 kg = 6,90 €)",0.69,,,"6,90 €",https://www.rewe.de/angebote/dortmund/1762800/rewe-markt-varziner-str-7-17/,44369,Dortmund,,,,미검토,,596
2026-09-20 21:02 Europe/Berlin,REWE,"REWE H. Amshove, Varziner Str. 7-17, 44369 Dortmund",44369,식품,21.09.2026-27.09.2026,Dr. Oetker Seelenwärmer Tassen-Cremepudding,"Schokolade, je 58-g-Pckg., (1 kg = 13,62 €)",0.79,,,"13,62 €",https://www.rewe.de/angebote/dortmund/1762800/rewe-markt-varziner-str-7-17/,44369,Dortmund,,,,미검토,,597
2026-09-20 21:02 Europe/Berlin,REWE,"REWE H. Amshove, Varziner Str. 7-17, 44369 Dortmund",44369,음료,21.09.2026-27.09.2026,Dryll Elektrolyte-Getränk,"versch. Sorten, je 0,33-l-Dose, (1 l = 4,52 €), zzgl. 0,25 € Pfand",1.49,,,"4,52 €",https://www.rewe.de/angebote/dortmund/1762800/rewe-markt-varziner-str-7-17/,44369,Dortmund,,,,미검토,,598
2026-09-20 21:02 Europe/Berlin,REWE,"REWE H. Amshove, Varziner Str. 7-17, 44369 Dortmund",44369,음료,21.09.2026-27.09.2026,Effect Energy Drink,"versch. Sorten, koffeinhaltig, je 0,33-l-Dose, (1 l = 2,09 €), zzgl. 0,25 € Pfand",0.69,,,"2,09 €",https://www.rewe.de/angebote/dortmund/1762800/rewe-markt-varziner-str-7-17/,44369,Dortmund,,,,미검토,,599
2026-09-20 21:02 Europe/Berlin,REWE,"REWE H. Amshove, Varziner Str. 7-17, 44369 Dortmund",44369,식품,21.09.2026-27.09.2026,Ehrmann High Protein Pudding oder High Protein Joghurt,"versch. Sorten, je 200-g-Becher, (1 kg = 4,95 €)",0.99,,,"4,95 €",https://www.rewe.de/angebote/dortmund/1762800/rewe-markt-varziner-str-7-17/,44369,Dortmund,,,,미검토,,600
2026-09-20 21:02 Europe/Berlin,REWE,"REWE H. Amshove, Varziner Str. 7-17, 44369 Dortmund",44369,식품,21.09.2026-27.09.2026,Eisbergsalat,"Kl. I, je St.",0.89,,,,https://www.rewe.de/angebote/dortmund/1762800/rewe-markt-varziner-str-7-17/,44369,Dortmund,,,,미검토,,601
2026-09-20 21:02 Europe/Berlin,REWE,"REWE H. Amshove, Varziner Str. 7-17, 44369 Dortmund",44369,식품,21.09.2026-27.09.2026,El Pozo Iberico Fuetec Spanische Salami,"je 150-g-Pckg., (1 kg = 17,27 €)",2.59,,,"17,27 €",https://www.rewe.de/angebote/dortmund/1762800/rewe-markt-varziner-str-7-17/,44369,Dortmund,,,,미검토,,602
2026-09-20 21:02 Europe/Berlin,REWE,"REWE H. Amshove, Varziner Str. 7-17, 44369 Dortmund",44369,식품,21.09.2026-27.09.2026,Elpozo Original Fuetec spanische Salami,"luftgetrocknet, je 170-g-Pckg., (1 kg = 15,24 €)",2.59,,,"15,24 €",https://www.rewe.de/angebote/dortmund/1762800/rewe-markt-varziner-str-7-17/,44369,Dortmund,,,,미검토,,603
2026-09-20 21:02 Europe/Berlin,REWE,"REWE H. Amshove, Varziner Str. 7-17, 44369 Dortmund",44369,식품,21.09.2026-27.09.2026,Erasco Eintopf,"versch. Sorten, je 800-g-Dose, (1 kg = 2,35 €)",1.88,,,"2,35 €",https://www.rewe.de/angebote/dortmund/1762800/rewe-markt-varziner-str-7-17/,44369,Dortmund,,,,미검토,,604
2026-09-20 21:02 Europe/Berlin,REWE,"REWE H. Amshove, Varziner Str. 7-17, 44369 Dortmund",44369,주류,21.09.2026-27.09.2026,Erdinger Weißbier oder Brauhaus,"auch alkoholfrei, je 20 x 0,5-l-Fl.-Kasten, (1 l = 1,40 €), zzgl. 3,10 € Pfand",13.99,,,"1,40 €",https://www.rewe.de/angebote/dortmund/1762800/rewe-markt-varziner-str-7-17/,44369,Dortmund,,,,미검토,,605
2026-09-20 21:02 Europe/Berlin,REWE,"REWE H. Amshove, Varziner Str. 7-17, 44369 Dortmund",44369,식품,21.09.2026-27.09.2026,Ferrero Kinder Pingui,"je 8 x 30-g-Pckg., (1 kg = 9,25 €)",2.22,,,"9,25 €",https://www.rewe.de/angebote/dortmund/1762800/rewe-markt-varziner-str-7-17/,44369,Dortmund,,,,미검토,,606
2026-09-20 21:02 Europe/Berlin,REWE,"REWE H. Amshove, Varziner Str. 7-17, 44369 Dortmund",44369,식품,21.09.2026-27.09.2026,Ferrero Milchschnitte,"je 11 x 28-g-Pckg., (1 kg = 7,21 €)",2.22,,,"7,21 €",https://www.rewe.de/angebote/dortmund/1762800/rewe-markt-varziner-str-7-17/,44369,Dortmund,,,,미검토,,607
2026-09-20 21:02 Europe/Berlin,REWE,"REWE H. Amshove, Varziner Str. 7-17, 44369 Dortmund",44369,주류,21.09.2026-27.09.2026,Finvara Irish Whiskey,"43% Vol., je 0,7-l-Fl., (1 l = 28,56 €)",19.99,,,"28,56 €",https://www.rewe.de/angebote/dortmund/1762800/rewe-markt-varziner-str-7-17/,44369,Dortmund,,,,미검토,,608
2026-09-20 21:02 Europe/Berlin,REWE,"REWE H. Amshove, Varziner Str. 7-17, 44369 Dortmund",44369,주류,21.09.2026-27.09.2026,Flor de Cana Rum Oro Reserva,"37,5% Vol., je 0,7-l-Fl., (1 l = 14,27 €)",9.99,,,"14,27 €",https://www.rewe.de/angebote/dortmund/1762800/rewe-markt-varziner-str-7-17/,44369,Dortmund,,,,미검토,,609
2026-09-20 21:02 Europe/Berlin,REWE,"REWE H. Amshove, Varziner Str. 7-17, 44369 Dortmund",44369,식품,21.09.2026-27.09.2026,Fol Epi Classic,"frz. Schnittkäse, versch. Sorten, je 150-g-Pckg., (1 kg = 9,93 €)",1.49,,,"9,93 €",https://www.rewe.de/angebote/dortmund/1762800/rewe-markt-varziner-str-7-17/,44369,Dortmund,,,,미검토,,610
2026-09-20 21:02 Europe/Berlin,REWE,"REWE H. Amshove, Varziner Str. 7-17, 44369 Dortmund",44369,식품,21.09.2026-27.09.2026,Followfood Bio Lachs Filets,"tiefgefroren, je 200-g-Pckg., (1 kg = 39,95 €)",7.99,,,"39,95 €",https://www.rewe.de/angebote/dortmund/1762800/rewe-markt-varziner-str-7-17/,44369,Dortmund,,,,미검토,,611
2026-09-20 21:02 Europe/Berlin,REWE,"REWE H. Amshove, Varziner Str. 7-17, 44369 Dortmund",44369,식품,21.09.2026-27.09.2026,Foodmaker Big Bowl,"versch. Sorten, je 375-g-Schale, (1 kg = 13,31 €)",4.99,,,"13,31 €",https://www.rewe.de/angebote/dortmund/1762800/rewe-markt-varziner-str-7-17/,44369,Dortmund,,,,미검토,,612
2026-09-20 21:02 Europe/Berlin,REWE,"REWE H. Amshove, Varziner Str. 7-17, 44369 Dortmund",44369,음료,21.09.2026-27.09.2026,Forstetal Mineralwasser,"versch. Sorten, je 12 x 1-l-Fl.-Kasten PET, (1 l = 0,50 €), zzgl. 3,30 € Pfand",5.99,,,"0,50 €",https://www.rewe.de/angebote/dortmund/1762800/rewe-markt-varziner-str-7-17/,44369,Dortmund,,,,미검토,,613
2026-09-20 21:02 Europe/Berlin,REWE,"REWE H. Amshove, Varziner Str. 7-17, 44369 Dortmund",44369,식품,21.09.2026-27.09.2026,Frische Beinscheibe,"für die klare Brühe oder den deftigen Eintopf, je 100 g",0.89,,,,https://www.rewe.de/angebote/dortmund/1762800/rewe-markt-varziner-str-7-17/,44369,Dortmund,,,,미검토,,614
2026-09-20 21:02 Europe/Berlin,REWE,"REWE H. Amshove, Varziner Str. 7-17, 44369 Dortmund",44369,식품,21.09.2026-27.09.2026,Frische Bratwurst oder Chorizo-Bratwurst,"pikant gewürzt, mehrmals täglich frisch hergestellt, je 100 g",0.59,,,,https://www.rewe.de/angebote/dortmund/1762800/rewe-markt-varziner-str-7-17/,44369,Dortmund,,,,미검토,,615
2026-09-20 21:02 Europe/Berlin,REWE,"REWE H. Amshove, Varziner Str. 7-17, 44369 Dortmund",44369,식품,21.09.2026-27.09.2026,Frische deutsche Hähnchenschenkel mit Rückenstück,"Hkl. A, je 100 g",0.33,,,,https://www.rewe.de/angebote/dortmund/1762800/rewe-markt-varziner-str-7-17/,44369,Dortmund,,,,미검토,,616
2026-09-20 21:02 Europe/Berlin,REWE,"REWE H. Amshove, Varziner Str. 7-17, 44369 Dortmund",44369,식품,21.09.2026-27.09.2026,Frische Hähncheninnenfilets,"besonders zart und kalorienarm, je 100 g",0.99,,,,https://www.rewe.de/angebote/dortmund/1762800/rewe-markt-varziner-str-7-17/,44369,Dortmund,,,,미검토,,617
2026-09-20 21:02 Europe/Berlin,REWE,"REWE H. Amshove, Varziner Str. 7-17, 44369 Dortmund",44369,식품,21.09.2026-27.09.2026,Frische Kräuter Petersilie glatt,"je 40-g-Pckg., (1 kg = 17,25 €)",0.69,,,"17,25 €",https://www.rewe.de/angebote/dortmund/1762800/rewe-markt-varziner-str-7-17/,44369,Dortmund,,,,미검토,,618
2026-09-20 21:02 Europe/Berlin,REWE,"REWE H. Amshove, Varziner Str. 7-17, 44369 Dortmund",44369,식품,21.09.2026-27.09.2026,Frische Kräuter Schnittlauch,"je 25-g-Pckg., (1 kg = 27,60 €)",0.69,,,"27,60 €",https://www.rewe.de/angebote/dortmund/1762800/rewe-markt-varziner-str-7-17/,44369,Dortmund,,,,미검토,,619
2026-09-20 21:02 Europe/Berlin,REWE,"REWE H. Amshove, Varziner Str. 7-17, 44369 Dortmund",44369,식품,21.09.2026-27.09.2026,"Frische Spareribs, natur oder mariniert","Kotelettrippe vom Schwein, ideal für den Grill, je 100 g",0.89,,,,https://www.rewe.de/angebote/dortmund/1762800/rewe-markt-varziner-str-7-17/,44369,Dortmund,,,,미검토,,620
2026-09-20 21:02 Europe/Berlin,REWE,"REWE H. Amshove, Varziner Str. 7-17, 44369 Dortmund",44369,식품,21.09.2026-27.09.2026,Frische Stielkoteletts oder Grillkoteletts »Kentucky«,"ideal zum Braten in der Pfanne oder für den Grill, je 100 g",0.59,,,,https://www.rewe.de/angebote/dortmund/1762800/rewe-markt-varziner-str-7-17/,44369,Dortmund,,,,미검토,,621
2026-09-20 21:02 Europe/Berlin,REWE,"REWE H. Amshove, Varziner Str. 7-17, 44369 Dortmund",44369,식품,21.09.2026-27.09.2026,Frischer Tafelspitz,"vom Rind, ein edles Stück aus der Keule, perfekt als Kochfleisch in Meerrettich Soße, je 100 g",1.49,,,,https://www.rewe.de/angebote/dortmund/1762800/rewe-markt-varziner-str-7-17/,44369,Dortmund,,,,미검토,,622
2026-09-20 21:02 Europe/Berlin,REWE,"REWE H. Amshove, Varziner Str. 7-17, 44369 Dortmund",44369,식품,21.09.2026-27.09.2026,Frisches gemischtes Hackfleisch,"zum Braten, aus Schweine- und Rindfleisch, stets frisch hergestellt, je 100 g",0.77,,,,https://www.rewe.de/angebote/dortmund/1762800/rewe-markt-varziner-str-7-17/,44369,Dortmund,,,,미검토,,623
2026-09-20 21:02 Europe/Berlin,REWE,"REWE H. Amshove, Varziner Str. 7-17, 44369 Dortmund",44369,식품,21.09.2026-27.09.2026,Frisches Porc Duroc Rack,"der besondere Braten, auch als Kotelett, für den Genuss der Extraklasse, je 100 g",1.99,,,,https://www.rewe.de/angebote/dortmund/1762800/rewe-markt-varziner-str-7-17/,44369,Dortmund,,,,미검토,,624
2026-09-20 21:02 Europe/Berlin,REWE,"REWE H. Amshove, Varziner Str. 7-17, 44369 Dortmund",44369,식품,21.09.2026-27.09.2026,Frisches Schweinemett,"pikant gewürzt, mehrmals täglich frisch hergestellt, je 100 g",0.59,,,,https://www.rewe.de/angebote/dortmund/1762800/rewe-markt-varziner-str-7-17/,44369,Dortmund,,,,미검토,,625
2026-09-20 21:02 Europe/Berlin,REWE,"REWE H. Amshove, Varziner Str. 7-17, 44369 Dortmund",44369,식품,21.09.2026-27.09.2026,Frosta Gemüsepfanne alla Toscana,"tiefgefroren, je 480-g-Btl., (1 kg = 4,15 €)",1.99,,,"4,15 €",https://www.rewe.de/angebote/dortmund/1762800/rewe-markt-varziner-str-7-17/,44369,Dortmund,,,,미검토,,626
2026-09-20 21:02 Europe/Berlin,REWE,"REWE H. Amshove, Varziner Str. 7-17, 44369 Dortmund",44369,식품,21.09.2026-27.09.2026,Frosta High Protein Fertiggerichte,"versch. Sorten, tiefgefroren, je 500-g-Btl., (1 kg = 8,88 €)",4.44,,,"8,88 €",https://www.rewe.de/angebote/dortmund/1762800/rewe-markt-varziner-str-7-17/,44369,Dortmund,,,,미검토,,627
2026-09-20 21:02 Europe/Berlin,REWE,"REWE H. Amshove, Varziner Str. 7-17, 44369 Dortmund",44369,식품,21.09.2026-27.09.2026,Frosta Rahm Geschnetzeltes,"tiefgefroren, je 375-g-Btl., (1 kg = 5,31 €)",1.99,,,"5,31 €",https://www.rewe.de/angebote/dortmund/1762800/rewe-markt-varziner-str-7-17/,44369,Dortmund,,,,미검토,,628
2026-09-20 21:02 Europe/Berlin,REWE,"REWE H. Amshove, Varziner Str. 7-17, 44369 Dortmund",44369,식품,21.09.2026-27.09.2026,Galbani Mozzarella Classic,"je 225-g-Pckg., (1 kg = 8,88 €), 125 g Abtropfgewicht",1.11,,,"8,88 €",https://www.rewe.de/angebote/dortmund/1762800/rewe-markt-varziner-str-7-17/,44369,Dortmund,,,,미검토,,629
2026-09-20 21:02 Europe/Berlin,REWE,"REWE H. Amshove, Varziner Str. 7-17, 44369 Dortmund",44369,식품,21.09.2026-27.09.2026,Garden Gourmet Vegane Filetstreifen,"je 175-g-Pckg., (1 kg = 14,23 €)",2.49,,,"14,23 €",https://www.rewe.de/angebote/dortmund/1762800/rewe-markt-varziner-str-7-17/,44369,Dortmund,,,,미검토,,630
2026-09-20 21:02 Europe/Berlin,REWE,"REWE H. Amshove, Varziner Str. 7-17, 44369 Dortmund",44369,식품,21.09.2026-27.09.2026,Garden Gourmet Vegetarische Gemüsebällchen,"je 200-g-Pckg., (1 kg = 12,45 €)",2.49,,,"12,45 €",https://www.rewe.de/angebote/dortmund/1762800/rewe-markt-varziner-str-7-17/,44369,Dortmund,,,,미검토,,631
2026-09-20 21:02 Europe/Berlin,REWE,"REWE H. Amshove, Varziner Str. 7-17, 44369 Dortmund",44369,식품,21.09.2026-27.09.2026,Gelbe Speisezwiebeln,"Kl. II, je 1,5-kg-Netz, (1 kg = 0,79 €)",1.19,,,"0,79 €",https://www.rewe.de/angebote/dortmund/1762800/rewe-markt-varziner-str-7-17/,44369,Dortmund,,,,미검토,,632
2026-09-20 21:02 Europe/Berlin,REWE,"REWE H. Amshove, Varziner Str. 7-17, 44369 Dortmund",44369,식품,21.09.2026-27.09.2026,Géramont Scheiben mit Skyr,"je 150-g-Pckg., (1 kg = 15,26 €)",2.29,,,"15,26 €",https://www.rewe.de/angebote/dortmund/1762800/rewe-markt-varziner-str-7-17/,44369,Dortmund,,,,미검토,,633
2026-09-20 21:02 Europe/Berlin,REWE,"REWE H. Amshove, Varziner Str. 7-17, 44369 Dortmund",44369,식품,21.09.2026-27.09.2026,Géramont Weichkäse,"je 200-g-Pckg., (1 kg = 11,45 €)",2.29,,,"11,45 €",https://www.rewe.de/angebote/dortmund/1762800/rewe-markt-varziner-str-7-17/,44369,Dortmund,,,,미검토,,634
2026-09-20 21:02 Europe/Berlin,REWE,"REWE H. Amshove, Varziner Str. 7-17, 44369 Dortmund",44369,음료,21.09.2026-27.09.2026,Gerolsteiner Mineralwasser,"versch. Sorten, je 6 x 1-l-Fl.-Kasten, (1 l = 0,83 €), zzgl. 2,40 € Pfand",4.99,,,"0,83 €",https://www.rewe.de/angebote/dortmund/1762800/rewe-markt-varziner-str-7-17/,44369,Dortmund,,,,미검토,,635
2026-09-20 21:02 Europe/Berlin,REWE,"REWE H. Amshove, Varziner Str. 7-17, 44369 Dortmund",44369,음료,21.09.2026-27.09.2026,Gönrgy Energy Drink,"versch. Sorten, koffeinhaltig, je 0,5-l-Dose, (1 l = 1,98 €), zzgl. 0,25 € Pfand",0.99,,,"1,98 €",https://www.rewe.de/angebote/dortmund/1762800/rewe-markt-varziner-str-7-17/,44369,Dortmund,,,,미검토,,636
2026-09-20 21:02 Europe/Berlin,REWE,"REWE H. Amshove, Varziner Str. 7-17, 44369 Dortmund",44369,식품,21.09.2026-27.09.2026,Gourmetspieß,"zartes Schweinefleisch mit Grillkäse in Bacon gewickelt, herzhaft mariniert, je 100 g",1.99,,,,https://www.rewe.de/angebote/dortmund/1762800/rewe-markt-varziner-str-7-17/,44369,Dortmund,,,,미검토,,637
2026-09-20 21:02 Europe/Berlin,REWE,"REWE H. Amshove, Varziner Str. 7-17, 44369 Dortmund",44369,식품,21.09.2026-27.09.2026,Granatapfelkerne,"je 80-g-Schale, (1 kg = 21,13 €)",1.69,,,"21,13 €",https://www.rewe.de/angebote/dortmund/1762800/rewe-markt-varziner-str-7-17/,44369,Dortmund,,,,미검토,,638
2026-09-20 21:02 Europe/Berlin,REWE,"REWE H. Amshove, Varziner Str. 7-17, 44369 Dortmund",44369,주류,21.09.2026-27.09.2026,Grand Sud Vin de France,"versch. Sorten, trocken, je 1-l-Fl.",2.99,,,,https://www.rewe.de/angebote/dortmund/1762800/rewe-markt-varziner-str-7-17/,44369,Dortmund,,,,미검토,,639
2026-09-20 21:02 Europe/Berlin,REWE,"REWE H. Amshove, Varziner Str. 7-17, 44369 Dortmund",44369,음료,21.09.2026-27.09.2026,Granini Die Limo,"versch. Sorten, je 1-l-Fl., zzgl. 0,25 € Pfand",1.29,,,,https://www.rewe.de/angebote/dortmund/1762800/rewe-markt-varziner-str-7-17/,44369,Dortmund,,,,미검토,,640
2026-09-20 21:02 Europe/Berlin,REWE,"REWE H. Amshove, Varziner Str. 7-17, 44369 Dortmund",44369,음료,21.09.2026-27.09.2026,Granini Fresh,"versch. Sorten, je 0,75-l-Fl., (1 l = 1,72 €), zzgl. 0,25 € Pfand",1.29,,,"1,72 €",https://www.rewe.de/angebote/dortmund/1762800/rewe-markt-varziner-str-7-17/,44369,Dortmund,,,,미검토,,641
2026-09-20 21:02 Europe/Berlin,REWE,"REWE H. Amshove, Varziner Str. 7-17, 44369 Dortmund",44369,주류,21.09.2026-27.09.2026,Grasovka Vodka,"38% Vol., je 0,7-l-Fl., (1 l = 14,27 €)",9.99,,,"14,27 €",https://www.rewe.de/angebote/dortmund/1762800/rewe-markt-varziner-str-7-17/,44369,Dortmund,,,,미검토,,642
2026-09-20 21:02 Europe/Berlin,REWE,"REWE H. Amshove, Varziner Str. 7-17, 44369 Dortmund",44369,식품,21.09.2026-27.09.2026,Grillhaxe,"verzehrfertig vorbereitet und fertig gegart, je St.",5.50,,,,https://www.rewe.de/angebote/dortmund/1762800/rewe-markt-varziner-str-7-17/,44369,Dortmund,,,,미검토,,643
2026-09-20 21:02 Europe/Berlin,REWE,"REWE H. Amshove, Varziner Str. 7-17, 44369 Dortmund",44369,식품,21.09.2026-27.09.2026,Grüne Kiwi,"Kl. I, je St.",0.39,,,,https://www.rewe.de/angebote/dortmund/1762800/rewe-markt-varziner-str-7-17/,44369,Dortmund,,,,미검토,,644
2026-09-20 21:02 Europe/Berlin,REWE,"REWE H. Amshove, Varziner Str. 7-17, 44369 Dortmund",44369,식품,21.09.2026-27.09.2026,Grüne Tafelbirnen,"Sorte: siehe Etikett, Kl. I, je 1-kg-Schale",1.49,,,,https://www.rewe.de/angebote/dortmund/1762800/rewe-markt-varziner-str-7-17/,44369,Dortmund,,,,미검토,,645
2026-09-20 21:02 Europe/Berlin,REWE,"REWE H. Amshove, Varziner Str. 7-17, 44369 Dortmund",44369,식품,21.09.2026-27.09.2026,Grünländer mild & nussig,"Schnittkäse, 48% Fett i.Tr., je 100 g",1.19,,,,https://www.rewe.de/angebote/dortmund/1762800/rewe-markt-varziner-str-7-17/,44369,Dortmund,,,,미검토,,646
2026-09-20 21:02 Europe/Berlin,REWE,"REWE H. Amshove, Varziner Str. 7-17, 44369 Dortmund",44369,식품,21.09.2026-27.09.2026,Gustavo Gusto Pizza Amore Napoli Mozzarella,"tiefgefroren, je 320-g-Pckg., (1 kg = 9,34 €)",2.99,,,"9,34 €",https://www.rewe.de/angebote/dortmund/1762800/rewe-markt-varziner-str-7-17/,44369,Dortmund,,,,미검토,,647
2026-09-20 21:02 Europe/Berlin,REWE,"REWE H. Amshove, Varziner Str. 7-17, 44369 Dortmund",44369,식품,21.09.2026-27.09.2026,Gustavo Gusto Pizza Amore Napoli Salame,"tiefgefroren, je 315-g-Pckg., (1 kg = 9,49 €)",2.99,,,"9,49 €",https://www.rewe.de/angebote/dortmund/1762800/rewe-markt-varziner-str-7-17/,44369,Dortmund,,,,미검토,,648
2026-09-20 21:02 Europe/Berlin,REWE,"REWE H. Amshove, Varziner Str. 7-17, 44369 Dortmund",44369,식품,21.09.2026-27.09.2026,Gutfried Geflügel-Fleischwurst,"fein-würzig, je 400-g-Pckg., (1 kg = 6,98 €)",2.79,,,"6,98 €",https://www.rewe.de/angebote/dortmund/1762800/rewe-markt-varziner-str-7-17/,44369,Dortmund,,,,미검토,,649
2026-09-20 21:02 Europe/Berlin,REWE,"REWE H. Amshove, Varziner Str. 7-17, 44369 Dortmund",44369,식품,21.09.2026-27.09.2026,Gutfried Hähnchen-Fleischwurst,"würzig-frisch, je 350-g-Pckg., (1 kg = 7,97 €)",2.79,,,"7,97 €",https://www.rewe.de/angebote/dortmund/1762800/rewe-markt-varziner-str-7-17/,44369,Dortmund,,,,미검토,,650
2026-09-20 21:02 Europe/Berlin,REWE,"REWE H. Amshove, Varziner Str. 7-17, 44369 Dortmund",44369,식품,21.09.2026-27.09.2026,Hähnchen Pollo Fino,"zartes Hähnchenoberkeulen- fleisch ohne Knochen, natur oder versch. mariniert, z.B. »Chili Cheese« oder »Kentucky«, je 100 g",0.79,,,,https://www.rewe.de/angebote/dortmund/1762800/rewe-markt-varziner-str-7-17/,44369,Dortmund,,,,미검토,,651
2026-09-20 21:02 Europe/Berlin,REWE,"REWE H. Amshove, Varziner Str. 7-17, 44369 Dortmund",44369,식품,21.09.2026-27.09.2026,Harry »1688« Mehrkornbrot,"geschnitten, je 500-g-Pckg., (1 kg = 2,98 €)",1.49,,,"2,98 €",https://www.rewe.de/angebote/dortmund/1762800/rewe-markt-varziner-str-7-17/,44369,Dortmund,,,,미검토,,652
2026-09-20 21:02 Europe/Berlin,REWE,"REWE H. Amshove, Varziner Str. 7-17, 44369 Dortmund",44369,식품,21.09.2026-27.09.2026,Heimatschwein Filet,"das zarteste Stück Fleisch vom Schwein, je 100 g",0.89,,,,https://www.rewe.de/angebote/dortmund/1762800/rewe-markt-varziner-str-7-17/,44369,Dortmund,,,,미검토,,653
2026-09-20 21:02 Europe/Berlin,REWE,"REWE H. Amshove, Varziner Str. 7-17, 44369 Dortmund",44369,주류,21.09.2026-27.09.2026,Heineken Premium Beer oder alkoholfrei,"versch. Sorten, je 6 x 0,33-l-Fl.-Sixpack, (1 l = 2,52 €), zzgl. 0,48 € Pfand",4.99,,,"2,52 €",https://www.rewe.de/angebote/dortmund/1762800/rewe-markt-varziner-str-7-17/,44369,Dortmund,,,,미검토,,654
2026-09-20 21:02 Europe/Berlin,REWE,"REWE H. Amshove, Varziner Str. 7-17, 44369 Dortmund",44369,음료,21.09.2026-27.09.2026,Hella Near Water,"versch. Sorten, je 0,75-l-Fl., (1 l = 0,79 €), zzgl. 0,25 € Pfand",0.59,,,"0,79 €",https://www.rewe.de/angebote/dortmund/1762800/rewe-markt-varziner-str-7-17/,44369,Dortmund,,,,미검토,,655
2026-09-20 21:02 Europe/Berlin,REWE,"REWE H. Amshove, Varziner Str. 7-17, 44369 Dortmund",44369,식품,21.09.2026-27.09.2026,Hellmann’s Mayonnaise Die Cremige oder Chunky Burger Sauce,"je 250-ml-Fl., (1 l = 5,96 €)",1.49,,,"5,96 €",https://www.rewe.de/angebote/dortmund/1762800/rewe-markt-varziner-str-7-17/,44369,Dortmund,,,,미검토,,656
2026-09-20 21:02 Europe/Berlin,REWE,"REWE H. Amshove, Varziner Str. 7-17, 44369 Dortmund",44369,식품,21.09.2026-27.09.2026,Henglein Gnocchi,"je 500-g-Pckg., (1 kg = 3,78 €)",1.89,,,"3,78 €",https://www.rewe.de/angebote/dortmund/1762800/rewe-markt-varziner-str-7-17/,44369,Dortmund,,,,미검토,,657
2026-09-20 21:02 Europe/Berlin,REWE,"REWE H. Amshove, Varziner Str. 7-17, 44369 Dortmund",44369,식품,21.09.2026-27.09.2026,Herta Finesse,"versch. Sorten, je 100-g-Pckg., (1 kg = 13,90 €)",1.39,,,"13,90 €",https://www.rewe.de/angebote/dortmund/1762800/rewe-markt-varziner-str-7-17/,44369,Dortmund,,,,미검토,,658
2026-09-20 21:02 Europe/Berlin,REWE,"REWE H. Amshove, Varziner Str. 7-17, 44369 Dortmund",44369,음료,21.09.2026-27.09.2026,Hohes C Saft,"versch. Sorten, inkl. 100% Orangensäfte, je 1-l-Fl., zzgl. 0,25 € Pfand",1.79,,,,https://www.rewe.de/angebote/dortmund/1762800/rewe-markt-varziner-str-7-17/,44369,Dortmund,,,,미검토,,659
2026-09-20 21:02 Europe/Berlin,REWE,"REWE H. Amshove, Varziner Str. 7-17, 44369 Dortmund",44369,식품,21.09.2026-27.09.2026,Holländischer Gouda mittelalt,"6 Monate gereift, würzig und cremig, 48% Fett i.Tr., je 100 g",0.79,,,,https://www.rewe.de/angebote/dortmund/1762800/rewe-markt-varziner-str-7-17/,44369,Dortmund,,,,미검토,,660
2026-09-20 21:02 Europe/Berlin,REWE,"REWE H. Amshove, Varziner Str. 7-17, 44369 Dortmund",44369,식품,21.09.2026-27.09.2026,Houdek Kabanos,"im Heißrauch gegart, ca. 250 g Stücke, je 100 g",1.49,,,,https://www.rewe.de/angebote/dortmund/1762800/rewe-markt-varziner-str-7-17/,44369,Dortmund,,,,미검토,,661
2026-09-20 21:02 Europe/Berlin,REWE,"REWE H. Amshove, Varziner Str. 7-17, 44369 Dortmund",44369,식품,21.09.2026-27.09.2026,Hüttnschnitzel,"frische rohe Schweinerückenschnitzel, flüssig gewürzt, gefüllt mit Semmelknödelteig und paniert mit Kürbiskernpanade, je 100 g",1.29,,,,https://www.rewe.de/angebote/dortmund/1762800/rewe-markt-varziner-str-7-17/,44369,Dortmund,,,,미검토,,662
2026-09-20 21:02 Europe/Berlin,REWE,"REWE H. Amshove, Varziner Str. 7-17, 44369 Dortmund",44369,식품,21.09.2026-27.09.2026,Iglo 13 Backfischstäbchen,"tiefgefroren, je 364-g-Pckg., (1 kg = 8,21 €)",2.99,,,"8,21 €",https://www.rewe.de/angebote/dortmund/1762800/rewe-markt-varziner-str-7-17/,44369,Dortmund,,,,미검토,,663
2026-09-20 21:02 Europe/Berlin,REWE,"REWE H. Amshove, Varziner Str. 7-17, 44369 Dortmund",44369,식품,21.09.2026-27.09.2026,Iglo 15 Fischstäbchen,"tiefgefroren, je 450-g-Pckg., (1 kg = 6,64 €)",2.99,,,"6,64 €",https://www.rewe.de/angebote/dortmund/1762800/rewe-markt-varziner-str-7-17/,44369,Dortmund,,,,미검토,,664
2026-09-20 21:02 Europe/Berlin,REWE,"REWE H. Amshove, Varziner Str. 7-17, 44369 Dortmund",44369,식품,21.09.2026-27.09.2026,Iglo Chicken Nuggets,"versch. Sorten, tiefgefroren, je 250-g-Pckg., (1 kg = 11,96 €)",2.99,,,"11,96 €",https://www.rewe.de/angebote/dortmund/1762800/rewe-markt-varziner-str-7-17/,44369,Dortmund,,,,미검토,,665
2026-09-20 21:02 Europe/Berlin,REWE,"REWE H. Amshove, Varziner Str. 7-17, 44369 Dortmund",44369,식품,21.09.2026-27.09.2026,Iglo Chicken Stripes,"tiefgefroren, je 220-g-Pckg., (1 kg = 13,59 €)",2.99,,,"13,59 €",https://www.rewe.de/angebote/dortmund/1762800/rewe-markt-varziner-str-7-17/,44369,Dortmund,,,,미검토,,666
2026-09-20 21:02 Europe/Berlin,REWE,"REWE H. Amshove, Varziner Str. 7-17, 44369 Dortmund",44369,식품,21.09.2026-27.09.2026,Imperial Hähnchen-Salami,"aus 100% Hähnchenfleisch, hergestellt mit Pflanzenfett, 3 Wochen gereift, je 100 g",1.79,,,,https://www.rewe.de/angebote/dortmund/1762800/rewe-markt-varziner-str-7-17/,44369,Dortmund,,,,미검토,,667
2026-09-20 21:02 Europe/Berlin,REWE,"REWE H. Amshove, Varziner Str. 7-17, 44369 Dortmund",44369,식품,21.09.2026-27.09.2026,ja! Backpapier-Zuschnitte,je 30 St.-Pckg.,0.95,,,,https://www.rewe.de/angebote/dortmund/1762800/rewe-markt-varziner-str-7-17/,44369,Dortmund,,,,미검토,,668
2026-09-20 21:02 Europe/Berlin,REWE,"REWE H. Amshove, Varziner Str. 7-17, 44369 Dortmund",44369,식품,21.09.2026-27.09.2026,ja! Cheddar in Scheiben,"je 175-g-Pckg., (1 kg = 12,51 €)",2.19,,,"12,51 €",https://www.rewe.de/angebote/dortmund/1762800/rewe-markt-varziner-str-7-17/,44369,Dortmund,,,,미검토,,669
2026-09-20 21:02 Europe/Berlin,REWE,"REWE H. Amshove, Varziner Str. 7-17, 44369 Dortmund",44369,식품,21.09.2026-27.09.2026,ja! Granduett,"versch. Sorten, je 190-g-Becher, (1 kg = 2,58 €)",0.49,,,"2,58 €",https://www.rewe.de/angebote/dortmund/1762800/rewe-markt-varziner-str-7-17/,44369,Dortmund,,,,미검토,,670
2026-09-20 21:02 Europe/Berlin,REWE,"REWE H. Amshove, Varziner Str. 7-17, 44369 Dortmund",44369,식품,21.09.2026-27.09.2026,ja! Karamell Keks Creme,"je 100-g-Tafel, (1 kg = 9,90 €)",0.99,,,"9,90 €",https://www.rewe.de/angebote/dortmund/1762800/rewe-markt-varziner-str-7-17/,44369,Dortmund,,,,미검토,,671
2026-09-20 21:02 Europe/Berlin,REWE,"REWE H. Amshove, Varziner Str. 7-17, 44369 Dortmund",44369,식품,21.09.2026-27.09.2026,ja! Käseaufschnitt,"Edamer, Tilsiter & Emmentaler, 45% Fett i.Tr., je 250-g-Pckg., (1 kg = 7,56 €)",1.89,,,"7,56 €",https://www.rewe.de/angebote/dortmund/1762800/rewe-markt-varziner-str-7-17/,44369,Dortmund,,,,미검토,,672
2026-09-20 21:02 Europe/Berlin,REWE,"REWE H. Amshove, Varziner Str. 7-17, 44369 Dortmund",44369,식품,21.09.2026-27.09.2026,ja! Mandeln,"versch. Sorten, je 200-g-Btl., (1 kg = 12,45 €)",2.49,,,"12,45 €",https://www.rewe.de/angebote/dortmund/1762800/rewe-markt-varziner-str-7-17/,44369,Dortmund,,,,미검토,,673
2026-09-20 21:02 Europe/Berlin,REWE,"REWE H. Amshove, Varziner Str. 7-17, 44369 Dortmund",44369,식품,21.09.2026-27.09.2026,ja! Mini Pizza,"versch. Sorten, tiefgefroren, je 360-g-Pckg., (1 kg = 6,92 €)",2.49,,,"6,92 €",https://www.rewe.de/angebote/dortmund/1762800/rewe-markt-varziner-str-7-17/,44369,Dortmund,,,,미검토,,674
2026-09-20 21:02 Europe/Berlin,REWE,"REWE H. Amshove, Varziner Str. 7-17, 44369 Dortmund",44369,식품,21.09.2026-27.09.2026,ja! Sandwichwaffeln,"je 128-g-Pckg., (1 kg = 13,98 €)",1.79,,,"13,98 €",https://www.rewe.de/angebote/dortmund/1762800/rewe-markt-varziner-str-7-17/,44369,Dortmund,,,,미검토,,675
2026-09-20 21:02 Europe/Berlin,REWE,"REWE H. Amshove, Varziner Str. 7-17, 44369 Dortmund",44369,식품,21.09.2026-27.09.2026,ja! Senf,"mittelscharf, je 250-ml-Glas, (1 l = 2,36 €)",0.59,,,"2,36 €",https://www.rewe.de/angebote/dortmund/1762800/rewe-markt-varziner-str-7-17/,44369,Dortmund,,,,미검토,,676
2026-09-20 21:02 Europe/Berlin,REWE,"REWE H. Amshove, Varziner Str. 7-17, 44369 Dortmund",44369,식품,21.09.2026-27.09.2026,ja! Westfälischer Pumpernickel,"aus Roggenvollkornschrot, je 500-g-Pckg., (1 kg = 2,98 €)",1.49,,,"2,98 €",https://www.rewe.de/angebote/dortmund/1762800/rewe-markt-varziner-str-7-17/,44369,Dortmund,,,,미검토,,677
2026-09-20 21:02 Europe/Berlin,REWE,"REWE H. Amshove, Varziner Str. 7-17, 44369 Dortmund",44369,주류,21.09.2026-27.09.2026,Jack Daniel’s Coca-Cola oder Southern Peach,"10% Vol., teilw. koffeinhaltig, je 0,33-l-Dose, (1 l = 6,03 €), zzgl. 0,25 € Pfand",1.99,,,"6,03 €",https://www.rewe.de/angebote/dortmund/1762800/rewe-markt-varziner-str-7-17/,44369,Dortmund,,,,미검토,,678
2026-09-20 21:02 Europe/Berlin,REWE,"REWE H. Amshove, Varziner Str. 7-17, 44369 Dortmund",44369,식품,21.09.2026-27.09.2026,Jacobs 2in1 Classic,"je 124-g-Pckg., (1 kg = 16,05 €)",1.99,,,"16,05 €",https://www.rewe.de/angebote/dortmund/1762800/rewe-markt-varziner-str-7-17/,44369,Dortmund,,,,미검토,,679
2026-09-20 21:02 Europe/Berlin,REWE,"REWE H. Amshove, Varziner Str. 7-17, 44369 Dortmund",44369,식품,21.09.2026-27.09.2026,Jacobs 3in1 Classic,"je 120-g-Pckg., (1 kg = 16,58 €)",1.99,,,"16,58 €",https://www.rewe.de/angebote/dortmund/1762800/rewe-markt-varziner-str-7-17/,44369,Dortmund,,,,미검토,,680
2026-09-20 21:02 Europe/Berlin,REWE,"REWE H. Amshove, Varziner Str. 7-17, 44369 Dortmund",44369,식품,21.09.2026-27.09.2026,Jacobs Krönung,"versch. Sorten, gemahlener Bohnenkaffee, je 500-g-Pckg., (1 kg = 11,98 €)",5.99,,,"11,98 €",https://www.rewe.de/angebote/dortmund/1762800/rewe-markt-varziner-str-7-17/,44369,Dortmund,,,,미검토,,681
2026-09-20 21:02 Europe/Berlin,REWE,"REWE H. Amshove, Varziner Str. 7-17, 44369 Dortmund",44369,주류,21.09.2026-27.09.2026,Johnnie Walker Red Label Blended Scotch Whisky,"40% Vol., je 0,7-l-Fl., (1 l = 15,70 €)",10.99,,,"15,70 €",https://www.rewe.de/angebote/dortmund/1762800/rewe-markt-varziner-str-7-17/,44369,Dortmund,,,,미검토,,682
2026-09-20 21:02 Europe/Berlin,REWE,"REWE H. Amshove, Varziner Str. 7-17, 44369 Dortmund",44369,주류,21.09.2026-27.09.2026,Jules Mumm Sekt,"versch. Sorten, je 0,75-l-Fl., (1 l = 5,32 €)",3.99,,,"5,32 €",https://www.rewe.de/angebote/dortmund/1762800/rewe-markt-varziner-str-7-17/,44369,Dortmund,,,,미검토,,683
2026-09-20 21:02 Europe/Berlin,REWE,"REWE H. Amshove, Varziner Str. 7-17, 44369 Dortmund",44369,주류,21.09.2026-27.09.2026,Karlsberg Mixery,"versch. Sorten, teilw. koffeinhaltig, je 6 x 0,33-l-Fl.-Sixpack, (1 l = 2,02 €), zzgl. 0,48 € Pfand",3.99,,,"2,02 €",https://www.rewe.de/angebote/dortmund/1762800/rewe-markt-varziner-str-7-17/,44369,Dortmund,,,,미검토,,684
2026-09-20 21:02 Europe/Berlin,REWE,"REWE H. Amshove, Varziner Str. 7-17, 44369 Dortmund",44369,식품,21.09.2026-27.09.2026,Kernlose Tafeltrauben,"Sorte: siehe Etikett, Kl. I, je 1 kg",3.99,,,,https://www.rewe.de/angebote/dortmund/1762800/rewe-markt-varziner-str-7-17/,44369,Dortmund,,,,미검토,,685
2026-09-20 21:02 Europe/Berlin,REWE,"REWE H. Amshove, Varziner Str. 7-17, 44369 Dortmund",44369,식품,21.09.2026-27.09.2026,Kerrygold Cheddar gerieben,"je 150-g-Btl., (1 kg = 10,60 €)",1.59,,,"10,60 €",https://www.rewe.de/angebote/dortmund/1762800/rewe-markt-varziner-str-7-17/,44369,Dortmund,,,,미검토,,686
2026-09-20 21:02 Europe/Berlin,REWE,"REWE H. Amshove, Varziner Str. 7-17, 44369 Dortmund",44369,식품,21.09.2026-27.09.2026,Kerrygold Cheddar Käse Scheiben,"je 130-g-Pckg., (1 kg = 12,23 €)",1.59,,,"12,23 €",https://www.rewe.de/angebote/dortmund/1762800/rewe-markt-varziner-str-7-17/,44369,Dortmund,,,,미검토,,687
2026-09-20 21:02 Europe/Berlin,REWE,"REWE H. Amshove, Varziner Str. 7-17, 44369 Dortmund",44369,식품,21.09.2026-27.09.2026,Kerrygold Original Irische Butter oder Extra,"versch. Sorten, je 250-g-Pckg. / 250-g-Becher, (1 kg = 7,16 €)",1.79,,,"7,16 €",https://www.rewe.de/angebote/dortmund/1762800/rewe-markt-varziner-str-7-17/,44369,Dortmund,,,,미검토,,688
2026-09-20 21:02 Europe/Berlin,REWE,"REWE H. Amshove, Varziner Str. 7-17, 44369 Dortmund",44369,식품,21.09.2026-27.09.2026,Kinder Bueno,"je 10 x 21,5-g-Pckg., (1 kg = 13,91 €)",2.99,,,"13,91 €",https://www.rewe.de/angebote/dortmund/1762800/rewe-markt-varziner-str-7-17/,44369,Dortmund,,,,미검토,,689
2026-09-20 21:02 Europe/Berlin,REWE,"REWE H. Amshove, Varziner Str. 7-17, 44369 Dortmund",44369,식품,21.09.2026-27.09.2026,Kinder Schoko-Bons,"je 200-g-Btl., (1 kg = 14,95 €)",2.99,,,"14,95 €",https://www.rewe.de/angebote/dortmund/1762800/rewe-markt-varziner-str-7-17/,44369,Dortmund,,,,미검토,,690
2026-09-20 21:02 Europe/Berlin,REWE,"REWE H. Amshove, Varziner Str. 7-17, 44369 Dortmund",44369,식품,21.09.2026-27.09.2026,King Cuisine Hummus,"je 175-g-Schale, (1 kg = 10,23 €)",1.79,,,"10,23 €",https://www.rewe.de/angebote/dortmund/1762800/rewe-markt-varziner-str-7-17/,44369,Dortmund,,,,미검토,,691
2026-09-20 21:02 Europe/Berlin,REWE,"REWE H. Amshove, Varziner Str. 7-17, 44369 Dortmund",44369,식품,21.09.2026-27.09.2026,Kiri Dippi,"je 105-g-Pckg., (1 kg = 18,95 €)",1.99,,,"18,95 €",https://www.rewe.de/angebote/dortmund/1762800/rewe-markt-varziner-str-7-17/,44369,Dortmund,,,,미검토,,692
2026-09-20 21:02 Europe/Berlin,REWE,"REWE H. Amshove, Varziner Str. 7-17, 44369 Dortmund",44369,식품,21.09.2026-27.09.2026,Kiri Portionen,"je 108-g-Pckg., (1 kg = 18,43 €)",1.99,,,"18,43 €",https://www.rewe.de/angebote/dortmund/1762800/rewe-markt-varziner-str-7-17/,44369,Dortmund,,,,미검토,,693
2026-09-20 21:02 Europe/Berlin,REWE,"REWE H. Amshove, Varziner Str. 7-17, 44369 Dortmund",44369,식품,21.09.2026-27.09.2026,Knorr Soße 3er-Pack,"versch. Sorten, ausreichend für 3 x 250 ml, je Pckg.",0.89,,,,https://www.rewe.de/angebote/dortmund/1762800/rewe-markt-varziner-str-7-17/,44369,Dortmund,,,,미검토,,694
2026-09-20 21:02 Europe/Berlin,REWE,"REWE H. Amshove, Varziner Str. 7-17, 44369 Dortmund",44369,식품,21.09.2026-27.09.2026,KoRo Crunchy Choco Fruits,"versch. Sorten, je 50-g-Btl., (1 kg = 49,80 €)",2.49,,,"49,80 €",https://www.rewe.de/angebote/dortmund/1762800/rewe-markt-varziner-str-7-17/,44369,Dortmund,,,,미검토,,695
2026-09-20 21:02 Europe/Berlin,REWE,"REWE H. Amshove, Varziner Str. 7-17, 44369 Dortmund",44369,식품,21.09.2026-27.09.2026,Krone Räucher-Lachs,"je 150-g-Pckg., (1 kg = 26,60 €)",3.99,,,"26,60 €",https://www.rewe.de/angebote/dortmund/1762800/rewe-markt-varziner-str-7-17/,44369,Dortmund,,,,미검토,,696
2026-09-20 21:02 Europe/Berlin,REWE,"REWE H. Amshove, Varziner Str. 7-17, 44369 Dortmund",44369,식품,21.09.2026-27.09.2026,Krustenbraten,"frisch gegrillt, pikant gewürzt, je 100 g",1.49,,,,https://www.rewe.de/angebote/dortmund/1762800/rewe-markt-varziner-str-7-17/,44369,Dortmund,,,,미검토,,697
2026-09-20 21:02 Europe/Berlin,REWE,"REWE H. Amshove, Varziner Str. 7-17, 44369 Dortmund",44369,식품,21.09.2026-27.09.2026,Kürbis Hokkaido,je 1 kg,0.99,,,,https://www.rewe.de/angebote/dortmund/1762800/rewe-markt-varziner-str-7-17/,44369,Dortmund,,,,미검토,,698
2026-09-20 21:02 Europe/Berlin,REWE,"REWE H. Amshove, Varziner Str. 7-17, 44369 Dortmund",44369,주류,21.09.2026-27.09.2026,Lamberti Pinot Grigio DOC,"trocken, je 0,75-l-Fl., (1 l = 5,32 €)",3.99,,,"5,32 €",https://www.rewe.de/angebote/dortmund/1762800/rewe-markt-varziner-str-7-17/,44369,Dortmund,,,,미검토,,699
2026-09-20 21:02 Europe/Berlin,REWE,"REWE H. Amshove, Varziner Str. 7-17, 44369 Dortmund",44369,식품,21.09.2026-27.09.2026,Lambertz Amerikaner,"je 220-g-Pckg., (1 kg = 9,05 €)",1.99,,,"9,05 €",https://www.rewe.de/angebote/dortmund/1762800/rewe-markt-varziner-str-7-17/,44369,Dortmund,,,,미검토,,700
2026-09-20 21:02 Europe/Berlin,REWE,"REWE H. Amshove, Varziner Str. 7-17, 44369 Dortmund",44369,식품,21.09.2026-27.09.2026,Landliebe Joghurt,"versch. Sorten, je 500-g-Glas, (1 kg = 2,22 €), zzgl. 0,15 € Pfand",1.11,,,"2,22 €",https://www.rewe.de/angebote/dortmund/1762800/rewe-markt-varziner-str-7-17/,44369,Dortmund,,,,미검토,,701
2026-09-20 21:02 Europe/Berlin,REWE,"REWE H. Amshove, Varziner Str. 7-17, 44369 Dortmund",44369,식품,21.09.2026-27.09.2026,Landliebe Sahnepudding,"Schokolade, je 150-g-Becher, (1 kg = 3,27 €)",0.49,,,"3,27 €",https://www.rewe.de/angebote/dortmund/1762800/rewe-markt-varziner-str-7-17/,44369,Dortmund,,,,미검토,,702
2026-09-20 21:02 Europe/Berlin,REWE,"REWE H. Amshove, Varziner Str. 7-17, 44369 Dortmund",44369,식품,21.09.2026-27.09.2026,Landliebe Vollmilchpudding,"Schoko, je 225-g-Becher, (1 kg = 2,18 €)",0.49,,,"2,18 €",https://www.rewe.de/angebote/dortmund/1762800/rewe-markt-varziner-str-7-17/,44369,Dortmund,,,,미검토,,703
2026-09-20 21:02 Europe/Berlin,REWE,"REWE H. Amshove, Varziner Str. 7-17, 44369 Dortmund",44369,식품,21.09.2026-27.09.2026,Lay’s Chips,"gesalzen, je 150-g-Pckg., (1 kg = 6,60 €)",0.99,,,"6,60 €",https://www.rewe.de/angebote/dortmund/1762800/rewe-markt-varziner-str-7-17/,44369,Dortmund,,,,미검토,,704
2026-09-20 21:02 Europe/Berlin,REWE,"REWE H. Amshove, Varziner Str. 7-17, 44369 Dortmund",44369,식품,21.09.2026-27.09.2026,Leerdammer Käsescheiben,"versch. Sorten, je 140-g-Pckg., (1 kg = 12,07 €)",1.69,,,"12,07 €",https://www.rewe.de/angebote/dortmund/1762800/rewe-markt-varziner-str-7-17/,44369,Dortmund,,,,미검토,,705
2026-09-20 21:02 Europe/Berlin,REWE,"REWE H. Amshove, Varziner Str. 7-17, 44369 Dortmund",44369,식품,21.09.2026-27.09.2026,Limetten,"Ursprung und Sorte: siehe Etikett, Kl. I, je 4 St.-Schale",1.19,,,,https://www.rewe.de/angebote/dortmund/1762800/rewe-markt-varziner-str-7-17/,44369,Dortmund,,,,미검토,,706
2026-09-20 21:02 Europe/Berlin,REWE,"REWE H. Amshove, Varziner Str. 7-17, 44369 Dortmund",44369,식품,21.09.2026-27.09.2026,LiveFresh Skyr Protein Drink,"versch. Sorten, je 250-ml-Fl., (1 l = 7,96 €), zzgl. 0,25 € Pfand",1.99,,,"7,96 €",https://www.rewe.de/angebote/dortmund/1762800/rewe-markt-varziner-str-7-17/,44369,Dortmund,,,,미검토,,707
2026-09-20 21:02 Europe/Berlin,REWE,"REWE H. Amshove, Varziner Str. 7-17, 44369 Dortmund",44369,식품,21.09.2026-27.09.2026,Lysell Feinmarinaden,"versch. Sorten, je 125-g-Dose, (1 kg = 13,52 €)",1.69,,,"13,52 €",https://www.rewe.de/angebote/dortmund/1762800/rewe-markt-varziner-str-7-17/,44369,Dortmund,,,,미검토,,708
2026-09-20 21:02 Europe/Berlin,REWE,"REWE H. Amshove, Varziner Str. 7-17, 44369 Dortmund",44369,식품,21.09.2026-27.09.2026,Maggi Fix Airfryer Paprika Pommes Frites,"je 34-g-Btl., (1 kg = 12,94 €)",0.44,,,"12,94 €",https://www.rewe.de/angebote/dortmund/1762800/rewe-markt-varziner-str-7-17/,44369,Dortmund,,,,미검토,,709
2026-09-20 21:02 Europe/Berlin,REWE,"REWE H. Amshove, Varziner Str. 7-17, 44369 Dortmund",44369,식품,21.09.2026-27.09.2026,Maggi Fix Nudel-Schinken Gratin,"je 33-g-Btl., (1 kg = 13,33 €)",0.44,,,"13,33 €",https://www.rewe.de/angebote/dortmund/1762800/rewe-markt-varziner-str-7-17/,44369,Dortmund,,,,미검토,,710
2026-09-20 21:02 Europe/Berlin,REWE,"REWE H. Amshove, Varziner Str. 7-17, 44369 Dortmund",44369,식품,21.09.2026-27.09.2026,Maggi Für Genießer Pfefferrahmsauce,"ausreichend für 250 ml, je Btl.",0.79,,,,https://www.rewe.de/angebote/dortmund/1762800/rewe-markt-varziner-str-7-17/,44369,Dortmund,,,,미검토,,711
2026-09-20 21:02 Europe/Berlin,REWE,"REWE H. Amshove, Varziner Str. 7-17, 44369 Dortmund",44369,식품,21.09.2026-27.09.2026,Maggi Für Genießer Zwiebelsuppe,"ausreichend für 750 ml, je Btl.",0.79,,,,https://www.rewe.de/angebote/dortmund/1762800/rewe-markt-varziner-str-7-17/,44369,Dortmund,,,,미검토,,712
2026-09-20 21:02 Europe/Berlin,REWE,"REWE H. Amshove, Varziner Str. 7-17, 44369 Dortmund",44369,식품,21.09.2026-27.09.2026,Maggi Ravioli,"in Tomatensauce, je 800-g-Dose, (1 kg = 2,49 €)",1.99,,,"2,49 €",https://www.rewe.de/angebote/dortmund/1762800/rewe-markt-varziner-str-7-17/,44369,Dortmund,,,,미검토,,713
2026-09-20 21:02 Europe/Berlin,REWE,"REWE H. Amshove, Varziner Str. 7-17, 44369 Dortmund",44369,식품,21.09.2026-27.09.2026,Magnum Almond,"je 6 x 100-ml-Pckg., (1 l = 4,98 €)",2.99,,,"4,98 €",https://www.rewe.de/angebote/dortmund/1762800/rewe-markt-varziner-str-7-17/,44369,Dortmund,,,,미검토,,714
2026-09-20 21:02 Europe/Berlin,REWE,"REWE H. Amshove, Varziner Str. 7-17, 44369 Dortmund",44369,식품,21.09.2026-27.09.2026,Magnum Crackables Pistachio,"je 440-ml-Becher, (1 l = 6,80 €)",2.99,,,"6,80 €",https://www.rewe.de/angebote/dortmund/1762800/rewe-markt-varziner-str-7-17/,44369,Dortmund,,,,미검토,,715
2026-09-20 21:02 Europe/Berlin,REWE,"REWE H. Amshove, Varziner Str. 7-17, 44369 Dortmund",44369,식품,21.09.2026-27.09.2026,Mälzer & Fu Ice Cream Creations,"versch. Sorten, je 4 x 120-ml-Pckg., (1 l = 8,31 €)",3.99,,,"8,31 €",https://www.rewe.de/angebote/dortmund/1762800/rewe-markt-varziner-str-7-17/,44369,Dortmund,,,,미검토,,716
2026-09-20 21:02 Europe/Berlin,REWE,"REWE H. Amshove, Varziner Str. 7-17, 44369 Dortmund",44369,식품,21.09.2026-27.09.2026,Manchego,"span. Hartkäse aus Schafmilch, besonders intensiv und würzig, eine besondere Delikatesse, 18 Monate gereift, 50% Fett i.Tr., je 100 g",2.79,,,,https://www.rewe.de/angebote/dortmund/1762800/rewe-markt-varziner-str-7-17/,44369,Dortmund,,,,미검토,,717
2026-09-20 21:02 Europe/Berlin,REWE,"REWE H. Amshove, Varziner Str. 7-17, 44369 Dortmund",44369,식품,21.09.2026-27.09.2026,Maryland Studentenfutter,"Berry, je 275-g-Becher, (1 kg = 10,51 €)",2.89,,,"10,51 €",https://www.rewe.de/angebote/dortmund/1762800/rewe-markt-varziner-str-7-17/,44369,Dortmund,,,,미검토,,718
2026-09-20 21:02 Europe/Berlin,REWE,"REWE H. Amshove, Varziner Str. 7-17, 44369 Dortmund",44369,식품,21.09.2026-27.09.2026,Maryland Studentenfutter,"Klassik, je 300-g-Becher, (1 kg = 9,63 €)",2.89,,,"9,63 €",https://www.rewe.de/angebote/dortmund/1762800/rewe-markt-varziner-str-7-17/,44369,Dortmund,,,,미검토,,719
2026-09-20 21:02 Europe/Berlin,REWE,"REWE H. Amshove, Varziner Str. 7-17, 44369 Dortmund",44369,식품,21.09.2026-27.09.2026,Matthews Hähnchen Filetstreifen,"Klassik, je 125-g-Pckg., (1 kg = 18,32 €)",2.29,,,"18,32 €",https://www.rewe.de/angebote/dortmund/1762800/rewe-markt-varziner-str-7-17/,44369,Dortmund,,,,미검토,,720
2026-09-20 21:02 Europe/Berlin,REWE,"REWE H. Amshove, Varziner Str. 7-17, 44369 Dortmund",44369,식품,21.09.2026-27.09.2026,Matthews Hähnchenbrust Filetstücke,"Paprika, je 150-g-Pckg., (1 kg = 15,27 €)",2.29,,,"15,27 €",https://www.rewe.de/angebote/dortmund/1762800/rewe-markt-varziner-str-7-17/,44369,Dortmund,,,,미검토,,721
2026-09-20 21:02 Europe/Berlin,REWE,"REWE H. Amshove, Varziner Str. 7-17, 44369 Dortmund",44369,식품,21.09.2026-27.09.2026,McCain 1-2-3 Frites Original,"tiefgefroren, je 1500-g-Btl., (1 kg = 1,99 €)",2.99,,,"1,99 €",https://www.rewe.de/angebote/dortmund/1762800/rewe-markt-varziner-str-7-17/,44369,Dortmund,,,,미검토,,722
2026-09-20 21:02 Europe/Berlin,REWE,"REWE H. Amshove, Varziner Str. 7-17, 44369 Dortmund",44369,식품,21.09.2026-27.09.2026,McCain Golden Longs,"tiefgefroren, je 1000-g-Btl.",2.99,,,,https://www.rewe.de/angebote/dortmund/1762800/rewe-markt-varziner-str-7-17/,44369,Dortmund,,,,미검토,,723
2026-09-20 21:02 Europe/Berlin,REWE,"REWE H. Amshove, Varziner Str. 7-17, 44369 Dortmund",44369,주류,21.09.2026-27.09.2026,Mederano de Freixenet oder Mia Wein,"versch. Sorten, halbtrocken, je 0,75-l-Fl., (1 l = 3,99 €)",2.99,,,"3,99 €",https://www.rewe.de/angebote/dortmund/1762800/rewe-markt-varziner-str-7-17/,44369,Dortmund,,,,미검토,,724
2026-09-20 21:02 Europe/Berlin,REWE,"REWE H. Amshove, Varziner Str. 7-17, 44369 Dortmund",44369,식품,21.09.2026-27.09.2026,Milka Alpenmilch Schokolade,"je 250-g-Tafel, (1 kg = 11,16 €)",2.79,,,"11,16 €",https://www.rewe.de/angebote/dortmund/1762800/rewe-markt-varziner-str-7-17/,44369,Dortmund,,,,미검토,,725
2026-09-20 21:02 Europe/Berlin,REWE,"REWE H. Amshove, Varziner Str. 7-17, 44369 Dortmund",44369,식품,21.09.2026-27.09.2026,Milka Gingerbread,"je 300-g-Tafel, (1 kg = 9,30 €)",2.79,,,"9,30 €",https://www.rewe.de/angebote/dortmund/1762800/rewe-markt-varziner-str-7-17/,44369,Dortmund,,,,미검토,,726
2026-09-20 21:02 Europe/Berlin,REWE,"REWE H. Amshove, Varziner Str. 7-17, 44369 Dortmund",44369,식품,21.09.2026-27.09.2026,Milka Pralinés Alles Gute,"je 110-g-Pckg., (1 kg = 18,09 €)",1.99,,,"18,09 €",https://www.rewe.de/angebote/dortmund/1762800/rewe-markt-varziner-str-7-17/,44369,Dortmund,,,,미검토,,727
2026-09-20 21:02 Europe/Berlin,REWE,"REWE H. Amshove, Varziner Str. 7-17, 44369 Dortmund",44369,식품,21.09.2026-27.09.2026,Milka Pralinés Dankeschön,"je 111-g-Pckg., (1 kg = 17,93 €)",1.99,,,"17,93 €",https://www.rewe.de/angebote/dortmund/1762800/rewe-markt-varziner-str-7-17/,44369,Dortmund,,,,미검토,,728
2026-09-20 21:02 Europe/Berlin,REWE,"REWE H. Amshove, Varziner Str. 7-17, 44369 Dortmund",44369,식품,21.09.2026-27.09.2026,Milram Dessertsoße Vanille,"sahnig lecker, je 500-ml-Pckg., (1 l = 3,38 €)",1.69,,,"3,38 €",https://www.rewe.de/angebote/dortmund/1762800/rewe-markt-varziner-str-7-17/,44369,Dortmund,,,,미검토,,729
2026-09-20 21:02 Europe/Berlin,REWE,"REWE H. Amshove, Varziner Str. 7-17, 44369 Dortmund",44369,식품,21.09.2026-27.09.2026,Mini Babybel 5er,"45% Fett i.Tr., je 100-g-Netz, (1 kg = 17,90 €)",1.79,,,"17,90 €",https://www.rewe.de/angebote/dortmund/1762800/rewe-markt-varziner-str-7-17/,44369,Dortmund,,,,미검토,,730
2026-09-20 21:02 Europe/Berlin,REWE,"REWE H. Amshove, Varziner Str. 7-17, 44369 Dortmund",44369,식품,21.09.2026-27.09.2026,Mini Rispentomaten,"Kl. I, je 350-g-Schale, (1 kg = 4,54 €)",1.59,,,"4,54 €",https://www.rewe.de/angebote/dortmund/1762800/rewe-markt-varziner-str-7-17/,44369,Dortmund,,,,미검토,,731
2026-09-20 21:02 Europe/Berlin,REWE,"REWE H. Amshove, Varziner Str. 7-17, 44369 Dortmund",44369,식품,21.09.2026-27.09.2026,Minus L Athentikos oder Skyr,"laktosefrei, 9%/0,2% Fett, je 400-g-Becher, (1 kg = 3,73 €)",1.49,,,"3,73 €",https://www.rewe.de/angebote/dortmund/1762800/rewe-markt-varziner-str-7-17/,44369,Dortmund,,,,미검토,,732
2026-09-20 21:02 Europe/Berlin,REWE,"REWE H. Amshove, Varziner Str. 7-17, 44369 Dortmund",44369,식품,21.09.2026-27.09.2026,Möhrenstifte,"je 200-g-Btl., (1 kg = 3,95 €)",0.79,,,"3,95 €",https://www.rewe.de/angebote/dortmund/1762800/rewe-markt-varziner-str-7-17/,44369,Dortmund,,,,미검토,,733
2026-09-20 21:02 Europe/Berlin,REWE,"REWE H. Amshove, Varziner Str. 7-17, 44369 Dortmund",44369,음료,21.09.2026-27.09.2026,More Fizi,"Ballaststoff Limo, zuckerfrei, versch. Sorten, je 0,33-l-Dose, (1 l = 4,51 €), zzgl. 0,25 € Pfand",1.49,,,"4,51 €",https://www.rewe.de/angebote/dortmund/1762800/rewe-markt-varziner-str-7-17/,44369,Dortmund,,,,미검토,,734
2026-09-20 21:02 Europe/Berlin,REWE,"REWE H. Amshove, Varziner Str. 7-17, 44369 Dortmund",44369,주류,21.09.2026-27.09.2026,Moselland Akzente Qualitätswein,"versch. Sorten, je 0,75-l-Fl., (1 l = 4,65 €)",3.49,,,"4,65 €",https://www.rewe.de/angebote/dortmund/1762800/rewe-markt-varziner-str-7-17/,44369,Dortmund,,,,미검토,,735
2026-09-20 21:02 Europe/Berlin,REWE,"REWE H. Amshove, Varziner Str. 7-17, 44369 Dortmund",44369,식품,21.09.2026-27.09.2026,Müller Froop,"versch. Sorten, je 150-g-Becher, (1 kg = 2,93 €)",0.44,,,"2,93 €",https://www.rewe.de/angebote/dortmund/1762800/rewe-markt-varziner-str-7-17/,44369,Dortmund,,,,미검토,,736
2026-09-20 21:02 Europe/Berlin,REWE,"REWE H. Amshove, Varziner Str. 7-17, 44369 Dortmund",44369,식품,21.09.2026-27.09.2026,Müller Müllermilch,"versch. Sorten, je 400-ml-Fl., (1 l = 1,98 €), zzgl. 0,25 € Pfand",0.79,,,"1,98 €",https://www.rewe.de/angebote/dortmund/1762800/rewe-markt-varziner-str-7-17/,44369,Dortmund,,,,미검토,,737
2026-09-20 21:02 Europe/Berlin,REWE,"REWE H. Amshove, Varziner Str. 7-17, 44369 Dortmund",44369,식품,21.09.2026-27.09.2026,Mutti geschälte italienische Tomaten,"je 400-g-Dose, (1 kg = 4,27 €), 260 g Abtropfgewicht",1.11,,,"4,27 €",https://www.rewe.de/angebote/dortmund/1762800/rewe-markt-varziner-str-7-17/,44369,Dortmund,,,,미검토,,738
2026-09-20 21:02 Europe/Berlin,REWE,"REWE H. Amshove, Varziner Str. 7-17, 44369 Dortmund",44369,식품,21.09.2026-27.09.2026,Mutti Polpa,"feinstes Tomatenfruchtfleisch, je 400-g-Dose, (1 kg = 2,78 €)",1.11,,,"2,78 €",https://www.rewe.de/angebote/dortmund/1762800/rewe-markt-varziner-str-7-17/,44369,Dortmund,,,,미검토,,739
2026-09-20 21:02 Europe/Berlin,REWE,"REWE H. Amshove, Varziner Str. 7-17, 44369 Dortmund",44369,식품,21.09.2026-27.09.2026,Nergi Kiwibeeren,"je 125-g-Schale, (1 kg = 15,92 €)",1.99,,,"15,92 €",https://www.rewe.de/angebote/dortmund/1762800/rewe-markt-varziner-str-7-17/,44369,Dortmund,,,,미검토,,740
2026-09-20 21:02 Europe/Berlin,REWE,"REWE H. Amshove, Varziner Str. 7-17, 44369 Dortmund",44369,식품,21.09.2026-27.09.2026,Nescafé Classic,"löslicher Bohnenkaffee, je 200-g-Glas, (1 kg = 29,95 €)",5.99,,,"29,95 €",https://www.rewe.de/angebote/dortmund/1762800/rewe-markt-varziner-str-7-17/,44369,Dortmund,,,,미검토,,741
2026-09-20 21:02 Europe/Berlin,REWE,"REWE H. Amshove, Varziner Str. 7-17, 44369 Dortmund",44369,식품,21.09.2026-27.09.2026,Nestlé Cini Minis,"je 375-g-Pckg., (1 kg = 6,64 €)",2.49,,,"6,64 €",https://www.rewe.de/angebote/dortmund/1762800/rewe-markt-varziner-str-7-17/,44369,Dortmund,,,,미검토,,742
2026-09-20 21:02 Europe/Berlin,REWE,"REWE H. Amshove, Varziner Str. 7-17, 44369 Dortmund",44369,식품,21.09.2026-27.09.2026,Nestlé Nesquik,"je 330-g-Pckg., (1 kg = 7,55 €)",2.49,,,"7,55 €",https://www.rewe.de/angebote/dortmund/1762800/rewe-markt-varziner-str-7-17/,44369,Dortmund,,,,미검토,,743
2026-09-20 21:02 Europe/Berlin,REWE,"REWE H. Amshove, Varziner Str. 7-17, 44369 Dortmund",44369,식품,21.09.2026-27.09.2026,Nimm 2 Lachgummi,"versch. Sorten, je 250-g-Btl., (1 kg = 3,96 €)",0.99,,,"3,96 €",https://www.rewe.de/angebote/dortmund/1762800/rewe-markt-varziner-str-7-17/,44369,Dortmund,,,,미검토,,744
2026-09-20 21:02 Europe/Berlin,REWE,"REWE H. Amshove, Varziner Str. 7-17, 44369 Dortmund",44369,식품,21.09.2026-27.09.2026,Nuii Ice Cream Salted Caramel & Australian Macadamia oder Milka Vanilla & Chocolate Swirl,"je 3 x 90-ml-Pckg., (1 l = 8,22 €)",2.22,,,"8,22 €",https://www.rewe.de/angebote/dortmund/1762800/rewe-markt-varziner-str-7-17/,44369,Dortmund,,,,미검토,,745
2026-09-20 21:02 Europe/Berlin,REWE,"REWE H. Amshove, Varziner Str. 7-17, 44369 Dortmund",44369,식품,21.09.2026-27.09.2026,Nutella,"je 450-g-Glas, (1 kg = 5,98 €)",2.69,,,"5,98 €",https://www.rewe.de/angebote/dortmund/1762800/rewe-markt-varziner-str-7-17/,44369,Dortmund,,,,미검토,,746
2026-09-20 21:02 Europe/Berlin,REWE,"REWE H. Amshove, Varziner Str. 7-17, 44369 Dortmund",44369,식품,21.09.2026-27.09.2026,Nutella Plant Based,"je 350-g-Glas, (1 kg = 7,69 €)",2.69,,,"7,69 €",https://www.rewe.de/angebote/dortmund/1762800/rewe-markt-varziner-str-7-17/,44369,Dortmund,,,,미검토,,747
2026-09-20 21:02 Europe/Berlin,REWE,"REWE H. Amshove, Varziner Str. 7-17, 44369 Dortmund",44369,식품,21.09.2026-27.09.2026,Odenwald Apfelmus,"0% Zuckerzusatz, 100% Frucht, je 355-g-Glas, (1 kg = 4,20 €)",1.49,,,"4,20 €",https://www.rewe.de/angebote/dortmund/1762800/rewe-markt-varziner-str-7-17/,44369,Dortmund,,,,미검토,,748
2026-09-20 21:02 Europe/Berlin,REWE,"REWE H. Amshove, Varziner Str. 7-17, 44369 Dortmund",44369,식품,21.09.2026-27.09.2026,Orangen,"Sorte: siehe Etikett, Kl. I, je 1,5-kg-Netz, (1 kg = 1,59 €)",2.39,,,"1,59 €",https://www.rewe.de/angebote/dortmund/1762800/rewe-markt-varziner-str-7-17/,44369,Dortmund,,,,미검토,,749
2026-09-20 21:02 Europe/Berlin,REWE,"REWE H. Amshove, Varziner Str. 7-17, 44369 Dortmund",44369,식품,21.09.2026-27.09.2026,Oreo Kekse,"Original, je 154-g-Rolle, (1 kg = 8,38 €)",1.29,,,"8,38 €",https://www.rewe.de/angebote/dortmund/1762800/rewe-markt-varziner-str-7-17/,44369,Dortmund,,,,미검토,,750
2026-09-20 21:02 Europe/Berlin,REWE,"REWE H. Amshove, Varziner Str. 7-17, 44369 Dortmund",44369,식품,21.09.2026-27.09.2026,Oreo Kekse,"BTS, je 157-g-Rolle, (1 kg = 8,22 €)",1.29,,,"8,22 €",https://www.rewe.de/angebote/dortmund/1762800/rewe-markt-varziner-str-7-17/,44369,Dortmund,,,,미검토,,751
2026-09-20 21:02 Europe/Berlin,REWE,"REWE H. Amshove, Varziner Str. 7-17, 44369 Dortmund",44369,식품,21.09.2026-27.09.2026,Original Italienischer Parmaschinken,je 100 g,2.99,,,,https://www.rewe.de/angebote/dortmund/1762800/rewe-markt-varziner-str-7-17/,44369,Dortmund,,,,미검토,,752
2026-09-20 21:02 Europe/Berlin,REWE,"REWE H. Amshove, Varziner Str. 7-17, 44369 Dortmund",44369,식품,21.09.2026-27.09.2026,Ostmann Let’s do,"versch. Sorten, je 70-g-Dose, (1 kg = 42,71 €)",2.99,,,"42,71 €",https://www.rewe.de/angebote/dortmund/1762800/rewe-markt-varziner-str-7-17/,44369,Dortmund,,,,미검토,,753
2026-09-20 21:02 Europe/Berlin,REWE,"REWE H. Amshove, Varziner Str. 7-17, 44369 Dortmund",44369,식품,21.09.2026-27.09.2026,Pema Haferbrot Vital+,"je 250-g-Pckg., (1 kg = 6,36 €)",1.59,,,"6,36 €",https://www.rewe.de/angebote/dortmund/1762800/rewe-markt-varziner-str-7-17/,44369,Dortmund,,,,미검토,,754
2026-09-20 21:02 Europe/Berlin,REWE,"REWE H. Amshove, Varziner Str. 7-17, 44369 Dortmund",44369,식품,21.09.2026-27.09.2026,Pfanni Kartoffel Püree,"das Komplette, je 283,5-g-Pckg., (1 kg = 5,26 €)",1.49,,,"5,26 €",https://www.rewe.de/angebote/dortmund/1762800/rewe-markt-varziner-str-7-17/,44369,Dortmund,,,,미검토,,755
2026-09-20 21:02 Europe/Berlin,REWE,"REWE H. Amshove, Varziner Str. 7-17, 44369 Dortmund",44369,식품,21.09.2026-27.09.2026,Pfanni Kartoffel Püree,"das Lockere, je 240-g-Pckg., (1 kg = 6,21 €)",1.49,,,"6,21 €",https://www.rewe.de/angebote/dortmund/1762800/rewe-markt-varziner-str-7-17/,44369,Dortmund,,,,미검토,,756
2026-09-20 21:02 Europe/Berlin,REWE,"REWE H. Amshove, Varziner Str. 7-17, 44369 Dortmund",44369,식품,21.09.2026-27.09.2026,Pfanni Knödel,"versch. Sorten, je 200-g-Pckg., (1 kg = 7,45 €)",1.49,,,"7,45 €",https://www.rewe.de/angebote/dortmund/1762800/rewe-markt-varziner-str-7-17/,44369,Dortmund,,,,미검토,,757
2026-09-20 21:02 Europe/Berlin,REWE,"REWE H. Amshove, Varziner Str. 7-17, 44369 Dortmund",44369,식품,21.09.2026-27.09.2026,Philadelphia,"Natur, je 195-g-Pckg., (1 kg = 5,69 €)",1.11,,,"5,69 €",https://www.rewe.de/angebote/dortmund/1762800/rewe-markt-varziner-str-7-17/,44369,Dortmund,,,,미검토,,758
2026-09-20 21:02 Europe/Berlin,REWE,"REWE H. Amshove, Varziner Str. 7-17, 44369 Dortmund",44369,식품,21.09.2026-27.09.2026,Popp Brotaufstrich,"versch. Sorten, je 150-g-Becher, (1 kg = 8,60 €)",1.29,,,"8,60 €",https://www.rewe.de/angebote/dortmund/1762800/rewe-markt-varziner-str-7-17/,44369,Dortmund,,,,미검토,,759
2026-09-20 21:02 Europe/Berlin,REWE,"REWE H. Amshove, Varziner Str. 7-17, 44369 Dortmund",44369,음료,21.09.2026-27.09.2026,Powerade Mountain Blast,"je 1-l-Fl., zzgl. 0,25 € Pfand",1.59,,,,https://www.rewe.de/angebote/dortmund/1762800/rewe-markt-varziner-str-7-17/,44369,Dortmund,,,,미검토,,760
2026-09-20 21:02 Europe/Berlin,REWE,"REWE H. Amshove, Varziner Str. 7-17, 44369 Dortmund",44369,식품,21.09.2026-27.09.2026,Quäse Körniger Frischkäse,"je 200-g-Becher, (1 kg = 7,45 €)",1.49,,,"7,45 €",https://www.rewe.de/angebote/dortmund/1762800/rewe-markt-varziner-str-7-17/,44369,Dortmund,,,,미검토,,761
2026-09-20 21:02 Europe/Berlin,REWE,"REWE H. Amshove, Varziner Str. 7-17, 44369 Dortmund",44369,식품,21.09.2026-27.09.2026,"Rack & Rüther Frische Leberwurst, Blutwurst oder Zwiebelwurst","mit Bärlauch geschmacklich abgestimmt, je 100 g",1.89,,,,https://www.rewe.de/angebote/dortmund/1762800/rewe-markt-varziner-str-7-17/,44369,Dortmund,,,,미검토,,762
2026-09-20 21:02 Europe/Berlin,REWE,"REWE H. Amshove, Varziner Str. 7-17, 44369 Dortmund",44369,주류,21.09.2026-27.09.2026,Radeberger Pilsner,"je 20 x 0,5-l-Fl.-Kasten, (1 l = 1,10 €), zzgl. 3,10 € Pfand",10.99,,,"1,10 €",https://www.rewe.de/angebote/dortmund/1762800/rewe-markt-varziner-str-7-17/,44369,Dortmund,,,,미검토,,763
2026-09-20 21:02 Europe/Berlin,REWE,"REWE H. Amshove, Varziner Str. 7-17, 44369 Dortmund",44369,식품,21.09.2026-27.09.2026,Rama mit Butter,"je 250-g-Pckg., (1 kg = 5,16 €)",1.29,,,"5,16 €",https://www.rewe.de/angebote/dortmund/1762800/rewe-markt-varziner-str-7-17/,44369,Dortmund,,,,미검토,,764
2026-09-20 21:02 Europe/Berlin,REWE,"REWE H. Amshove, Varziner Str. 7-17, 44369 Dortmund",44369,식품,21.09.2026-27.09.2026,"Rama zum Streichen, Backen & Kochen","je 400-g-Becher, (1 kg = 3,23 €)",1.29,,,"3,23 €",https://www.rewe.de/angebote/dortmund/1762800/rewe-markt-varziner-str-7-17/,44369,Dortmund,,,,미검토,,765
2026-09-20 21:02 Europe/Berlin,REWE,"REWE H. Amshove, Varziner Str. 7-17, 44369 Dortmund",44369,식품,21.09.2026-27.09.2026,Rapso Rapsöl,"100% rein, aus kontrolliertem Anbau, je 750-ml-Fl., (1 l = 4,65 €)",3.49,,,"4,65 €",https://www.rewe.de/angebote/dortmund/1762800/rewe-markt-varziner-str-7-17/,44369,Dortmund,,,,미검토,,766
2026-09-20 21:02 Europe/Berlin,REWE,"REWE H. Amshove, Varziner Str. 7-17, 44369 Dortmund",44369,음료,21.09.2026-27.09.2026,Red Bull Energy Drink,"versch. Sorten, koffeinhaltig, je 0,25-l-Dose, (1 l = 3,52 €), zzgl. 0,25 € Pfand",0.88,,,"3,52 €",https://www.rewe.de/angebote/dortmund/1762800/rewe-markt-varziner-str-7-17/,44369,Dortmund,,,,미검토,,767
2026-09-20 21:02 Europe/Berlin,REWE,"REWE H. Amshove, Varziner Str. 7-17, 44369 Dortmund",44369,식품,21.09.2026-27.09.2026,REWE Beste Wahl Mandel-Kokos-Mango-Mix,"je 150-g-Btl., (1 kg = 15,27 €)",2.29,,,"15,27 €",https://www.rewe.de/angebote/dortmund/1762800/rewe-markt-varziner-str-7-17/,44369,Dortmund,,,,미검토,,768
2026-09-20 21:02 Europe/Berlin,REWE,"REWE H. Amshove, Varziner Str. 7-17, 44369 Dortmund",44369,식품,21.09.2026-27.09.2026,REWE Bio Apfelchips,"je 70-g-Pckg., (1 kg = 25,57 €)",1.79,,,"25,57 €",https://www.rewe.de/angebote/dortmund/1762800/rewe-markt-varziner-str-7-17/,44369,Dortmund,,,,미검토,,769
2026-09-20 21:02 Europe/Berlin,REWE,"REWE H. Amshove, Varziner Str. 7-17, 44369 Dortmund",44369,식품,21.09.2026-27.09.2026,REWE Bio Bananenchips,"je 300-g-Btl., (1 kg = 5,97 €)",1.79,,,"5,97 €",https://www.rewe.de/angebote/dortmund/1762800/rewe-markt-varziner-str-7-17/,44369,Dortmund,,,,미검토,,770
2026-09-20 21:02 Europe/Berlin,REWE,"REWE H. Amshove, Varziner Str. 7-17, 44369 Dortmund",44369,식품,21.09.2026-27.09.2026,REWE Bio Cashewkerne,"je 250-g-Btl., (1 kg = 11,96 €)",2.99,,,"11,96 €",https://www.rewe.de/angebote/dortmund/1762800/rewe-markt-varziner-str-7-17/,44369,Dortmund,,,,미검토,,771
2026-09-20 21:02 Europe/Berlin,REWE,"REWE H. Amshove, Varziner Str. 7-17, 44369 Dortmund",44369,식품,21.09.2026-27.09.2026,REWE Bio Edamame,"tiefgefroren, je 300-g-Pckg., (1 kg = 9,63 €)",2.89,,,"9,63 €",https://www.rewe.de/angebote/dortmund/1762800/rewe-markt-varziner-str-7-17/,44369,Dortmund,,,,미검토,,772
2026-09-20 21:02 Europe/Berlin,REWE,"REWE H. Amshove, Varziner Str. 7-17, 44369 Dortmund",44369,식품,21.09.2026-27.09.2026,REWE Bio Kokoschips,"je 100-g-Pckg., (1 kg = 17,90 €)",1.79,,,"17,90 €",https://www.rewe.de/angebote/dortmund/1762800/rewe-markt-varziner-str-7-17/,44369,Dortmund,,,,미검토,,773
2026-09-20 21:02 Europe/Berlin,REWE,"REWE H. Amshove, Varziner Str. 7-17, 44369 Dortmund",44369,식품,21.09.2026-27.09.2026,REWE Bio Mozzarella,"45% Fett i.Tr., je 200-g-Btl., (1 kg = 7,92 €), 125 g Abtropfgewicht",0.99,,,"7,92 €",https://www.rewe.de/angebote/dortmund/1762800/rewe-markt-varziner-str-7-17/,44369,Dortmund,,,,미검토,,774
2026-09-20 21:02 Europe/Berlin,REWE,"REWE H. Amshove, Varziner Str. 7-17, 44369 Dortmund",44369,음료,21.09.2026-27.09.2026,REWE Bio Rote Bete Saft,je 1-l-Pckg.,1.49,,,,https://www.rewe.de/angebote/dortmund/1762800/rewe-markt-varziner-str-7-17/,44369,Dortmund,,,,미검토,,775
2026-09-20 21:02 Europe/Berlin,REWE,"REWE H. Amshove, Varziner Str. 7-17, 44369 Dortmund",44369,식품,21.09.2026-27.09.2026,REWE Fleischkäse,"roh, zum Backen, SB-verpackt, je 500-g-Pckg., (1 kg = 6,66 €)",3.33,,,"6,66 €",https://www.rewe.de/angebote/dortmund/1762800/rewe-markt-varziner-str-7-17/,44369,Dortmund,,,,미검토,,776
2026-09-20 21:02 Europe/Berlin,REWE,"REWE H. Amshove, Varziner Str. 7-17, 44369 Dortmund",44369,식품,21.09.2026-27.09.2026,REWE Hausmarke Herzhafter Wurst-Aufschnitt,"versch. Sorten, je 100 g",0.99,,,,https://www.rewe.de/angebote/dortmund/1762800/rewe-markt-varziner-str-7-17/,44369,Dortmund,,,,미검토,,777
2026-09-20 21:02 Europe/Berlin,REWE,"REWE H. Amshove, Varziner Str. 7-17, 44369 Dortmund",44369,식품,21.09.2026-27.09.2026,REWE Hausmarke Rostbratwurst,"Westfälische Art, je 500-g-Pckg., (1 kg = 6,66 €)",3.33,,,"6,66 €",https://www.rewe.de/angebote/dortmund/1762800/rewe-markt-varziner-str-7-17/,44369,Dortmund,,,,미검토,,778
2026-09-20 21:02 Europe/Berlin,REWE,"REWE H. Amshove, Varziner Str. 7-17, 44369 Dortmund",44369,식품,21.09.2026-27.09.2026,REWE Hausmarke Schinken Zwiebelmettwurst,je 100 g,1.29,,,,https://www.rewe.de/angebote/dortmund/1762800/rewe-markt-varziner-str-7-17/,44369,Dortmund,,,,미검토,,779
2026-09-20 21:02 Europe/Berlin,REWE,"REWE H. Amshove, Varziner Str. 7-17, 44369 Dortmund",44369,식품,21.09.2026-27.09.2026,Rheinisches Rindersauerfleisch,je 100 g,1.99,,,,https://www.rewe.de/angebote/dortmund/1762800/rewe-markt-varziner-str-7-17/,44369,Dortmund,,,,미검토,,780
2026-09-20 21:02 Europe/Berlin,REWE,"REWE H. Amshove, Varziner Str. 7-17, 44369 Dortmund",44369,식품,21.09.2026-27.09.2026,Ritter Sport Schokolade,"versch. Sorten, je 100-g-Tafel, (1 kg = 11,10 €)",1.11,,,"11,10 €",https://www.rewe.de/angebote/dortmund/1762800/rewe-markt-varziner-str-7-17/,44369,Dortmund,,,,미검토,,781
2026-09-20 21:02 Europe/Berlin,REWE,"REWE H. Amshove, Varziner Str. 7-17, 44369 Dortmund",44369,식품,21.09.2026-27.09.2026,Rote Tafeläpfel,"»Nicoter«, Kl. I, je 760-g-Schale, (1 kg = 2,62 €)",1.99,,,"2,62 €",https://www.rewe.de/angebote/dortmund/1762800/rewe-markt-varziner-str-7-17/,44369,Dortmund,,,,미검토,,782
2026-09-20 21:02 Europe/Berlin,REWE,"REWE H. Amshove, Varziner Str. 7-17, 44369 Dortmund",44369,식품,21.09.2026-27.09.2026,Rucola,"Kl. I, je 125-g-Schale, (1 kg = 5,28 €)",0.66,,,"5,28 €",https://www.rewe.de/angebote/dortmund/1762800/rewe-markt-varziner-str-7-17/,44369,Dortmund,,,,미검토,,783
2026-09-20 21:02 Europe/Berlin,REWE,"REWE H. Amshove, Varziner Str. 7-17, 44369 Dortmund",44369,식품,21.09.2026-27.09.2026,Saupiquet Thunfisch-Filets,"in Olivenöl, je 2 x 80-g-Dosen-Pckg., (1 kg = 23,94 €), 104 g Abtropfgewicht",2.49,,,"23,94 €",https://www.rewe.de/angebote/dortmund/1762800/rewe-markt-varziner-str-7-17/,44369,Dortmund,,,,미검토,,784
2026-09-20 21:02 Europe/Berlin,REWE,"REWE H. Amshove, Varziner Str. 7-17, 44369 Dortmund",44369,식품,21.09.2026-27.09.2026,Saupiquet Thunfisch-Filets,"Naturale, je 2 x 80-g-Dosen-Pckg., (1 kg = 22,23 €), 112 g Abtropfgewicht",2.49,,,"22,23 €",https://www.rewe.de/angebote/dortmund/1762800/rewe-markt-varziner-str-7-17/,44369,Dortmund,,,,미검토,,785
2026-09-20 21:02 Europe/Berlin,REWE,"REWE H. Amshove, Varziner Str. 7-17, 44369 Dortmund",44369,주류,21.09.2026-27.09.2026,Scavi & Ray Prosecco Frizzante,"je 0,75-l-Fl., (1 l = 7,99 €)",5.99,,,"7,99 €",https://www.rewe.de/angebote/dortmund/1762800/rewe-markt-varziner-str-7-17/,44369,Dortmund,,,,미검토,,786
2026-09-20 21:02 Europe/Berlin,REWE,"REWE H. Amshove, Varziner Str. 7-17, 44369 Dortmund",44369,식품,21.09.2026-27.09.2026,Schwarzwaldmilch Protein H-Milch,je 1-l-Pckg.,1.49,,,,https://www.rewe.de/angebote/dortmund/1762800/rewe-markt-varziner-str-7-17/,44369,Dortmund,,,,미검토,,787
2026-09-20 21:02 Europe/Berlin,REWE,"REWE H. Amshove, Varziner Str. 7-17, 44369 Dortmund",44369,식품,21.09.2026-27.09.2026,Simply Fruit Gefriergetrocknete Früchte,"100% Frucht, versch. Sorten, je 100-g-Dose, (1 kg = 69,90 €)",6.99,,,"69,90 €",https://www.rewe.de/angebote/dortmund/1762800/rewe-markt-varziner-str-7-17/,44369,Dortmund,,,,미검토,,788
2026-09-20 21:02 Europe/Berlin,REWE,"REWE H. Amshove, Varziner Str. 7-17, 44369 Dortmund",44369,음료,21.09.2026-27.09.2026,Sinalco Limonade,"versch. Sorten, teilw. koffeinhaltig, je 12 x 1-l-Fl.-Kasten, (1 l = 0,67 €), zzgl. 3,30 € Pfand",7.99,,,"0,67 €",https://www.rewe.de/angebote/dortmund/1762800/rewe-markt-varziner-str-7-17/,44369,Dortmund,,,,미검토,,789
2026-09-20 21:02 Europe/Berlin,REWE,"REWE H. Amshove, Varziner Str. 7-17, 44369 Dortmund",44369,식품,21.09.2026-27.09.2026,Snickers Original Ice Cream,"je 251,5-ml-Pckg., (1 l = 9,11 €)",2.29,,,"9,11 €",https://www.rewe.de/angebote/dortmund/1762800/rewe-markt-varziner-str-7-17/,44369,Dortmund,,,,미검토,,790
2026-09-20 21:02 Europe/Berlin,REWE,"REWE H. Amshove, Varziner Str. 7-17, 44369 Dortmund",44369,주류,21.09.2026-27.09.2026,Spaten Münchner Hell,"je 20 x 0,5-l-Fl.-Kasten, (1 l = 1,50 €), zzgl. 3,10 € Pfand",14.99,,,"1,50 €",https://www.rewe.de/angebote/dortmund/1762800/rewe-markt-varziner-str-7-17/,44369,Dortmund,,,,미검토,,791
2026-09-20 21:02 Europe/Berlin,REWE,"REWE H. Amshove, Varziner Str. 7-17, 44369 Dortmund",44369,식품,21.09.2026-27.09.2026,Speisekartoffeln,"Sorte und Kocheigenschaft: siehe Etikett, Qualität I, je 2,5-kg-Btl., (1 kg = 0,76 €)",1.89,,,"0,76 €",https://www.rewe.de/angebote/dortmund/1762800/rewe-markt-varziner-str-7-17/,44369,Dortmund,,,,미검토,,792
2026-09-20 21:02 Europe/Berlin,REWE,"REWE H. Amshove, Varziner Str. 7-17, 44369 Dortmund",44369,식품,21.09.2026-27.09.2026,Speisemöhren,"Kl. I, je 1,5-kg-Btl., (1 kg = 0,74 €)",1.11,,,"0,74 €",https://www.rewe.de/angebote/dortmund/1762800/rewe-markt-varziner-str-7-17/,44369,Dortmund,,,,미검토,,793
2026-09-20 21:02 Europe/Berlin,REWE,"REWE H. Amshove, Varziner Str. 7-17, 44369 Dortmund",44369,식품,21.09.2026-27.09.2026,Spreewaldhof Spreelinge Gewürzgurken,"je 670-g-Glas, (1 kg = 4,69 €), 360 g Abtropfgewicht",1.69,,,"4,69 €",https://www.rewe.de/angebote/dortmund/1762800/rewe-markt-varziner-str-7-17/,44369,Dortmund,,,,미검토,,794
2026-09-20 21:02 Europe/Berlin,REWE,"REWE H. Amshove, Varziner Str. 7-17, 44369 Dortmund",44369,식품,21.09.2026-27.09.2026,Starbucks House Blend Kaffeekapseln,"Lungo, je 52-g-Pckg., (1 kg = 70,96 €)",3.69,,,"70,96 €",https://www.rewe.de/angebote/dortmund/1762800/rewe-markt-varziner-str-7-17/,44369,Dortmund,,,,미검토,,795
2026-09-20 21:02 Europe/Berlin,REWE,"REWE H. Amshove, Varziner Str. 7-17, 44369 Dortmund",44369,식품,21.09.2026-27.09.2026,Starbucks Smooth Caramel Kaffeekapseln,"je 51-g-Pckg., (1 kg = 72,35 €)",3.69,,,"72,35 €",https://www.rewe.de/angebote/dortmund/1762800/rewe-markt-varziner-str-7-17/,44369,Dortmund,,,,미검토,,796
2026-09-20 21:02 Europe/Berlin,REWE,"REWE H. Amshove, Varziner Str. 7-17, 44369 Dortmund",44369,주류,21.09.2026-27.09.2026,Stauder Pils,"je 20 x 0,5-l-Fl.-Kasten, (1 l = 1,50 €), zzgl. 3,10 € Pfand",14.99,,,"1,50 €",https://www.rewe.de/angebote/dortmund/1762800/rewe-markt-varziner-str-7-17/,44369,Dortmund,,,,미검토,,797
2026-09-20 21:02 Europe/Berlin,REWE,"REWE H. Amshove, Varziner Str. 7-17, 44369 Dortmund",44369,주류,21.09.2026-27.09.2026,Stauder Pils,"je 24 x 0,33-l-Fl.-Kasten, (1 l = 1,89 €), zzgl. 3,42 € Pfand",14.99,,,"1,89 €",https://www.rewe.de/angebote/dortmund/1762800/rewe-markt-varziner-str-7-17/,44369,Dortmund,,,,미검토,,798
2026-09-20 21:02 Europe/Berlin,REWE,"REWE H. Amshove, Varziner Str. 7-17, 44369 Dortmund",44369,식품,21.09.2026-27.09.2026,Stilfser Bergkäse,"Schnittkäse aus Südtirol, 45% Fett i.Tr., je 100 g",1.79,,,,https://www.rewe.de/angebote/dortmund/1762800/rewe-markt-varziner-str-7-17/,44369,Dortmund,,,,미검토,,799
2026-09-20 21:02 Europe/Berlin,REWE,"REWE H. Amshove, Varziner Str. 7-17, 44369 Dortmund",44369,식품,21.09.2026-27.09.2026,Storck Toffifee,"versch. Sorten, je 125-g-Pckg., (1 kg = 8,88 €)",1.11,,,"8,88 €",https://www.rewe.de/angebote/dortmund/1762800/rewe-markt-varziner-str-7-17/,44369,Dortmund,,,,미검토,,800
2026-09-20 21:02 Europe/Berlin,REWE,"REWE H. Amshove, Varziner Str. 7-17, 44369 Dortmund",44369,주류,21.09.2026-27.09.2026,Süss & Fruchtig oder Trollinger Qualitätswein,"versch. Sorten, je 0,75-l-Fl., (1 l = 3,99 €)",2.99,,,"3,99 €",https://www.rewe.de/angebote/dortmund/1762800/rewe-markt-varziner-str-7-17/,44369,Dortmund,,,,미검토,,801
2026-09-20 21:02 Europe/Berlin,REWE,"REWE H. Amshove, Varziner Str. 7-17, 44369 Dortmund",44369,식품,21.09.2026-27.09.2026,Tafelspitz mit Meerrettich,je 100 g,1.99,,,,https://www.rewe.de/angebote/dortmund/1762800/rewe-markt-varziner-str-7-17/,44369,Dortmund,,,,미검토,,802
2026-09-20 21:02 Europe/Berlin,REWE,"REWE H. Amshove, Varziner Str. 7-17, 44369 Dortmund",44369,식품,21.09.2026-27.09.2026,Thomy Delikatess Mayonnaise,"je 200-ml-Tube, (1 l = 8,95 €)",1.79,,,"8,95 €",https://www.rewe.de/angebote/dortmund/1762800/rewe-markt-varziner-str-7-17/,44369,Dortmund,,,,미검토,,803
2026-09-20 21:02 Europe/Berlin,REWE,"REWE H. Amshove, Varziner Str. 7-17, 44369 Dortmund",44369,식품,21.09.2026-27.09.2026,Thomy Delikatess Mayonnaise,"je 250-ml-Glas, (1 l = 7,16 €)",1.79,,,"7,16 €",https://www.rewe.de/angebote/dortmund/1762800/rewe-markt-varziner-str-7-17/,44369,Dortmund,,,,미검토,,804
2026-09-20 21:02 Europe/Berlin,REWE,"REWE H. Amshove, Varziner Str. 7-17, 44369 Dortmund",44369,식품,21.09.2026-27.09.2026,Tony’s Schokolade,"versch. Sorten, je 180-g-Pckg., (1 kg = 16,61 €)",2.99,,,"16,61 €",https://www.rewe.de/angebote/dortmund/1762800/rewe-markt-varziner-str-7-17/,44369,Dortmund,,,,미검토,,805
2026-09-20 21:02 Europe/Berlin,REWE,"REWE H. Amshove, Varziner Str. 7-17, 44369 Dortmund",44369,식품,21.09.2026-27.09.2026,Trumpf Edle Tropfen Obstbrände,"je 200-g-Pckg., (1 kg = 14,95 €)",2.99,,,"14,95 €",https://www.rewe.de/angebote/dortmund/1762800/rewe-markt-varziner-str-7-17/,44369,Dortmund,,,,미검토,,806
2026-09-20 21:02 Europe/Berlin,REWE,"REWE H. Amshove, Varziner Str. 7-17, 44369 Dortmund",44369,식품,21.09.2026-27.09.2026,Ültje Erdnüsse,"geröstet & gesalzen, je 180-g-Dose, (1 kg = 9,39 €)",1.69,,,"9,39 €",https://www.rewe.de/angebote/dortmund/1762800/rewe-markt-varziner-str-7-17/,44369,Dortmund,,,,미검토,,807
2026-09-20 21:02 Europe/Berlin,REWE,"REWE H. Amshove, Varziner Str. 7-17, 44369 Dortmund",44369,식품,21.09.2026-27.09.2026,Ültje Fusion Peanuts,"Paprika Flamed Style, je 150-g-Btl., (1 kg = 11,27 €)",1.69,,,"11,27 €",https://www.rewe.de/angebote/dortmund/1762800/rewe-markt-varziner-str-7-17/,44369,Dortmund,,,,미검토,,808
2026-09-20 21:02 Europe/Berlin,REWE,"REWE H. Amshove, Varziner Str. 7-17, 44369 Dortmund",44369,음료,21.09.2026-27.09.2026,Valensina Sport +,"versch. Sorten, je 0,5-l-Fl., (1 l = 1,98 €), zzgl. 0,25 € Pfand",0.99,,,"1,98 €",https://www.rewe.de/angebote/dortmund/1762800/rewe-markt-varziner-str-7-17/,44369,Dortmund,,,,미검토,,809
2026-09-20 21:02 Europe/Berlin,REWE,"REWE H. Amshove, Varziner Str. 7-17, 44369 Dortmund",44369,식품,21.09.2026-27.09.2026,Vita Coco Kokosnusswasser,"versch. Sorten, je 330-ml-Pckg., (1 l = 4,82 €)",1.59,,,"4,82 €",https://www.rewe.de/angebote/dortmund/1762800/rewe-markt-varziner-str-7-17/,44369,Dortmund,,,,미검토,,810
2026-09-20 21:02 Europe/Berlin,REWE,"REWE H. Amshove, Varziner Str. 7-17, 44369 Dortmund",44369,식품,21.09.2026-27.09.2026,Vly High Protein Drink,"versch. Sorten, je 330-ml-Fl., (1 l = 4,21 €), zzgl. 0,25 € Pfand",1.39,,,"4,21 €",https://www.rewe.de/angebote/dortmund/1762800/rewe-markt-varziner-str-7-17/,44369,Dortmund,,,,미검토,,811
2026-09-20 21:02 Europe/Berlin,REWE,"REWE H. Amshove, Varziner Str. 7-17, 44369 Dortmund",44369,식품,21.09.2026-27.09.2026,Vly Joghurt-Alternative auf Erbsenprotein Basis,"versch. Sorten, je 400-g-Becher, (1 kg = 3,48 €)",1.39,,,"3,48 €",https://www.rewe.de/angebote/dortmund/1762800/rewe-markt-varziner-str-7-17/,44369,Dortmund,,,,미검토,,812
2026-09-20 21:02 Europe/Berlin,REWE,"REWE H. Amshove, Varziner Str. 7-17, 44369 Dortmund",44369,음료,21.09.2026-27.09.2026,Volvic Touch oder Tee,"versch. Sorten, je 1,5-l-Fl., (1 l = 0,74 €), zzgl. 0,25 € Pfand",1.11,,,"0,74 €",https://www.rewe.de/angebote/dortmund/1762800/rewe-markt-varziner-str-7-17/,44369,Dortmund,,,,미검토,,813
2026-09-20 21:02 Europe/Berlin,REWE,"REWE H. Amshove, Varziner Str. 7-17, 44369 Dortmund",44369,음료,21.09.2026-27.09.2026,Volvic Vitamin +,"versch. Sorten, je 0,75-l-Fl., (1 l = 1,85 €), zzgl. 0,25 € Pfand",1.39,,,"1,85 €",https://www.rewe.de/angebote/dortmund/1762800/rewe-markt-varziner-str-7-17/,44369,Dortmund,,,,미검토,,814
2026-09-20 21:02 Europe/Berlin,REWE,"REWE H. Amshove, Varziner Str. 7-17, 44369 Dortmund",44369,음료,21.09.2026-27.09.2026,Vöslauer Flavour Mineralwasser,"versch. Sorten, je 6 x 1-l-Fl.-Pckg., (1 l = 0,79 €), zzgl. 1,50 € Pfand",4.74,,,"0,79 €",https://www.rewe.de/angebote/dortmund/1762800/rewe-markt-varziner-str-7-17/,44369,Dortmund,,,,미검토,,815
2026-09-20 21:02 Europe/Berlin,REWE,"REWE H. Amshove, Varziner Str. 7-17, 44369 Dortmund",44369,식품,21.09.2026-27.09.2026,Wasa Sesam & Vollkorn,"je 200-g-Pckg., (1 kg = 8,95 €)",1.79,,,"8,95 €",https://www.rewe.de/angebote/dortmund/1762800/rewe-markt-varziner-str-7-17/,44369,Dortmund,,,,미검토,,816
2026-09-20 21:02 Europe/Berlin,REWE,"REWE H. Amshove, Varziner Str. 7-17, 44369 Dortmund",44369,식품,21.09.2026-27.09.2026,Wasa Vollkorn Roggen,"je 260-g-Pckg., (1 kg = 6,88 €)",1.79,,,"6,88 €",https://www.rewe.de/angebote/dortmund/1762800/rewe-markt-varziner-str-7-17/,44369,Dortmund,,,,미검토,,817
2026-09-20 21:02 Europe/Berlin,REWE,"REWE H. Amshove, Varziner Str. 7-17, 44369 Dortmund",44369,식품,21.09.2026-27.09.2026,Weihenstephan Kochsahne,"je 250-g-Pckg., (1 kg = 5,16 €)",1.29,,,"5,16 €",https://www.rewe.de/angebote/dortmund/1762800/rewe-markt-varziner-str-7-17/,44369,Dortmund,,,,미검토,,818
2026-09-20 21:02 Europe/Berlin,REWE,"REWE H. Amshove, Varziner Str. 7-17, 44369 Dortmund",44369,식품,21.09.2026-27.09.2026,Weihenstephan Naturjoghurt mild,"versch. Sorten, je 500-g-Becher, (1 kg = 1,98 €)",0.99,,,"1,98 €",https://www.rewe.de/angebote/dortmund/1762800/rewe-markt-varziner-str-7-17/,44369,Dortmund,,,,미검토,,819
2026-09-20 21:02 Europe/Berlin,REWE,"REWE H. Amshove, Varziner Str. 7-17, 44369 Dortmund",44369,식품,21.09.2026-27.09.2026,Wiesenhof Bruzzzler Minis,"je 350-g-Pckg., (1 kg = 9,97 €)",3.49,,,"9,97 €",https://www.rewe.de/angebote/dortmund/1762800/rewe-markt-varziner-str-7-17/,44369,Dortmund,,,,미검토,,820
2026-09-20 21:02 Europe/Berlin,REWE,"REWE H. Amshove, Varziner Str. 7-17, 44369 Dortmund",44369,식품,21.09.2026-27.09.2026,Wiesenhof Bruzzzler Original,"je 5 x 80-g-Pckg., (1 kg = 8,73 €)",3.49,,,"8,73 €",https://www.rewe.de/angebote/dortmund/1762800/rewe-markt-varziner-str-7-17/,44369,Dortmund,,,,미검토,,821
2026-09-20 21:02 Europe/Berlin,REWE,"REWE H. Amshove, Varziner Str. 7-17, 44369 Dortmund",44369,식품,21.09.2026-27.09.2026,Wiesenhof Geflügelaufschnitt,"versch. Sorten, je 100 g",1.29,,,,https://www.rewe.de/angebote/dortmund/1762800/rewe-markt-varziner-str-7-17/,44369,Dortmund,,,,미검토,,822
2026-09-20 21:02 Europe/Berlin,REWE,"REWE H. Amshove, Varziner Str. 7-17, 44369 Dortmund",44369,식품,21.09.2026-27.09.2026,Wilhelm Brandenburg Kasseler-Lachsscheiben,"SB-verpackt, aus dem Rücken, gepökelt und geräuchert, je 250-g-Pckg., (1 kg = 11,96 €)",2.99,,,"11,96 €",https://www.rewe.de/angebote/dortmund/1762800/rewe-markt-varziner-str-7-17/,44369,Dortmund,,,,미검토,,823
2026-09-20 21:02 Europe/Berlin,REWE,"REWE H. Amshove, Varziner Str. 7-17, 44369 Dortmund",44369,주류,21.09.2026-27.09.2026,Wilthener Gebirgskräuter,"30% Vol., je 0,7-l-Fl., (1 l = 7,84 €)",5.49,,,"7,84 €",https://www.rewe.de/angebote/dortmund/1762800/rewe-markt-varziner-str-7-17/,44369,Dortmund,,,,미검토,,824
2026-09-20 21:02 Europe/Berlin,REWE,"REWE H. Amshove, Varziner Str. 7-17, 44369 Dortmund",44369,식품,21.09.2026-27.09.2026,Windmolen Verse Kaas,"holl. Frischkäse, versch. Sorten, 60% Fett i.Tr., je 100 g",1.79,,,,https://www.rewe.de/angebote/dortmund/1762800/rewe-markt-varziner-str-7-17/,44369,Dortmund,,,,미검토,,825
2026-09-20 21:02 Europe/Berlin,REWE,"REWE H. Amshove, Varziner Str. 7-17, 44369 Dortmund",44369,식품,21.09.2026-27.09.2026,Zentis Frühstücks-Konfitüre,"versch. Sorten, je 230-g-Glas, (1 kg = 6,48 €)",1.49,,,"6,48 €",https://www.rewe.de/angebote/dortmund/1762800/rewe-markt-varziner-str-7-17/,44369,Dortmund,,,,미검토,,826
2026-09-20 21:02 Europe/Berlin,REWE,"REWE H. Amshove, Varziner Str. 7-17, 44369 Dortmund",44369,식품,21.09.2026-27.09.2026,Zierkürbisse im Korb,"enthält 5-7 Stück, je Korb",3.99,,,,https://www.rewe.de/angebote/dortmund/1762800/rewe-markt-varziner-str-7-17/,44369,Dortmund,,,,미검토,,827
2026-09-20 21:02 Europe/Berlin,REWE,"REWE Markt, Kaiserplatz 1 / Adalbertstr. 100, 52062 Aachen",52062,음료,21.09.2026-27.09.2026,Adelholzener Mineralwasser,"versch. Sorten, je 12 x 0,75-l-Fl.-Kasten, (1 l = 0,72 €), zzgl. 3,30 € Pfand",6.49,,,"0,72 €",https://www.rewe.de/angebote/aachen/1931021/rewe-markt-kaiserplatz-1-adalbertstr-100/,52062,Aachen,,,,미검토,,828
2026-09-20 21:02 Europe/Berlin,REWE,"REWE Markt, Kaiserplatz 1 / Adalbertstr. 100, 52062 Aachen",52062,음료,21.09.2026-27.09.2026,Afri Cola Extra Koffein,"koffeinhaltig, je 6 x 1-l-Fl.-Pckg., (1 l = 0,89 €), zzgl. 1,50 € Pfand",5.34,,,"0,89 €",https://www.rewe.de/angebote/aachen/1931021/rewe-markt-kaiserplatz-1-adalbertstr-100/,52062,Aachen,,,,미검토,,829
2026-09-20 21:02 Europe/Berlin,REWE,"REWE Markt, Kaiserplatz 1 / Adalbertstr. 100, 52062 Aachen",52062,식품,21.09.2026-27.09.2026,Altenburger Ziegenrolle,"je 150-g-Pckg., (1 kg = 16,60 €)",2.49,,,"16,60 €",https://www.rewe.de/angebote/aachen/1931021/rewe-markt-kaiserplatz-1-adalbertstr-100/,52062,Aachen,,,,미검토,,830
2026-09-20 21:02 Europe/Berlin,REWE,"REWE Markt, Kaiserplatz 1 / Adalbertstr. 100, 52062 Aachen",52062,식품,21.09.2026-27.09.2026,Andros So Good - so Veggie,"aus Kokosmilch, je 350-g-Becher, (1 kg = 4,26 €)",1.49,,,"4,26 €",https://www.rewe.de/angebote/aachen/1931021/rewe-markt-kaiserplatz-1-adalbertstr-100/,52062,Aachen,,,,미검토,,831
2026-09-20 21:02 Europe/Berlin,REWE,"REWE Markt, Kaiserplatz 1 / Adalbertstr. 100, 52062 Aachen",52062,식품,21.09.2026-27.09.2026,Aoste Longhetti,"Classique, je 65-g-Pckg., (1 kg = 27,54 €)",1.79,,,"27,54 €",https://www.rewe.de/angebote/aachen/1931021/rewe-markt-kaiserplatz-1-adalbertstr-100/,52062,Aachen,,,,미검토,,832
2026-09-20 21:02 Europe/Berlin,REWE,"REWE Markt, Kaiserplatz 1 / Adalbertstr. 100, 52062 Aachen",52062,식품,21.09.2026-27.09.2026,Aoste Stickado,"Classique, je 70-g-Pckg., (1 kg = 25,57 €)",1.79,,,"25,57 €",https://www.rewe.de/angebote/aachen/1931021/rewe-markt-kaiserplatz-1-adalbertstr-100/,52062,Aachen,,,,미검토,,833
2026-09-20 21:02 Europe/Berlin,REWE,"REWE Markt, Kaiserplatz 1 / Adalbertstr. 100, 52062 Aachen",52062,식품,21.09.2026-27.09.2026,Appel Zarte Filets vom Hering,"versch. Sorten, je 200-g-Dose, (1 kg = 5,55 €)",1.11,,,"5,55 €",https://www.rewe.de/angebote/aachen/1931021/rewe-markt-kaiserplatz-1-adalbertstr-100/,52062,Aachen,,,,미검토,,834
2026-09-20 21:02 Europe/Berlin,REWE,"REWE Markt, Kaiserplatz 1 / Adalbertstr. 100, 52062 Aachen",52062,식품,21.09.2026-27.09.2026,Ayuko Ramen Nudeln,"vorgekocht, je 180-g-Btl., (1 kg = 4,39 €)",0.79,,,"4,39 €",https://www.rewe.de/angebote/aachen/1931021/rewe-markt-kaiserplatz-1-adalbertstr-100/,52062,Aachen,,,,미검토,,835
2026-09-20 21:02 Europe/Berlin,REWE,"REWE Markt, Kaiserplatz 1 / Adalbertstr. 100, 52062 Aachen",52062,식품,21.09.2026-27.09.2026,Ayuko Udon Nudeln,"vorgekocht, je 200-g-Btl., (1 kg = 3,95 €)",0.79,,,"3,95 €",https://www.rewe.de/angebote/aachen/1931021/rewe-markt-kaiserplatz-1-adalbertstr-100/,52062,Aachen,,,,미검토,,836
2026-09-20 21:02 Europe/Berlin,REWE,"REWE Markt, Kaiserplatz 1 / Adalbertstr. 100, 52062 Aachen",52062,주류,21.09.2026-27.09.2026,Bacardi Carta Blanca Superior,"37,5% Vol. oder Razz 27% Vol., je 0,7-l-Fl., (1 l = 14,99 €)",10.49,,,"14,99 €",https://www.rewe.de/angebote/aachen/1931021/rewe-markt-kaiserplatz-1-adalbertstr-100/,52062,Aachen,,,,미검토,,837
2026-09-20 21:02 Europe/Berlin,REWE,"REWE Markt, Kaiserplatz 1 / Adalbertstr. 100, 52062 Aachen",52062,식품,21.09.2026-27.09.2026,Bahlsen Pick Up!,"versch. Sorten, je 5 x 28-g-Pckg., (1 kg = 14,21 €)",1.99,,,"14,21 €",https://www.rewe.de/angebote/aachen/1931021/rewe-markt-kaiserplatz-1-adalbertstr-100/,52062,Aachen,,,,미검토,,838
2026-09-20 21:02 Europe/Berlin,REWE,"REWE Markt, Kaiserplatz 1 / Adalbertstr. 100, 52062 Aachen",52062,식품,21.09.2026-27.09.2026,Barilla Classic Pasta,"versch. Ausformungen, je 500-g-Pckg., (1 kg = 1,76 €)",0.88,,,"1,76 €",https://www.rewe.de/angebote/aachen/1931021/rewe-markt-kaiserplatz-1-adalbertstr-100/,52062,Aachen,,,,미검토,,839
2026-09-20 21:02 Europe/Berlin,REWE,"REWE Markt, Kaiserplatz 1 / Adalbertstr. 100, 52062 Aachen",52062,식품,21.09.2026-27.09.2026,Barilla Pasta Sauce,"Basilico, je 400-g-Glas, (1 kg = 4,48 €)",1.79,,,"4,48 €",https://www.rewe.de/angebote/aachen/1931021/rewe-markt-kaiserplatz-1-adalbertstr-100/,52062,Aachen,,,,미검토,,840
2026-09-20 21:02 Europe/Berlin,REWE,"REWE Markt, Kaiserplatz 1 / Adalbertstr. 100, 52062 Aachen",52062,식품,21.09.2026-27.09.2026,Barilla Pesto Rosso,"je 200-g-Glas, (1 kg = 8,95 €)",1.79,,,"8,95 €",https://www.rewe.de/angebote/aachen/1931021/rewe-markt-kaiserplatz-1-adalbertstr-100/,52062,Aachen,,,,미검토,,841
2026-09-20 21:02 Europe/Berlin,REWE,"REWE Markt, Kaiserplatz 1 / Adalbertstr. 100, 52062 Aachen",52062,식품,21.09.2026-27.09.2026,Bauli Buondi L'Originale,"je 198-g-Pckg., (1 kg = 11,57 €)",2.29,,,"11,57 €",https://www.rewe.de/angebote/aachen/1931021/rewe-markt-kaiserplatz-1-adalbertstr-100/,52062,Aachen,,,,미검토,,842
2026-09-20 21:02 Europe/Berlin,REWE,"REWE Markt, Kaiserplatz 1 / Adalbertstr. 100, 52062 Aachen",52062,식품,21.09.2026-27.09.2026,Bauli Buondi L'Originale Cacao,"je 258-g-Pckg., (1 kg = 8,88 €)",2.29,,,"8,88 €",https://www.rewe.de/angebote/aachen/1931021/rewe-markt-kaiserplatz-1-adalbertstr-100/,52062,Aachen,,,,미검토,,843
2026-09-20 21:02 Europe/Berlin,REWE,"REWE Markt, Kaiserplatz 1 / Adalbertstr. 100, 52062 Aachen",52062,주류,21.09.2026-27.09.2026,Beck’s Pils,"versch. Sorten, je 20 x 0,5-l-Fl.-Kasten, (1 l = 1,10 €), zzgl. 3,10 € Pfand",10.99,,,"1,10 €",https://www.rewe.de/angebote/aachen/1931021/rewe-markt-kaiserplatz-1-adalbertstr-100/,52062,Aachen,,,,미검토,,844
2026-09-20 21:02 Europe/Berlin,REWE,"REWE Markt, Kaiserplatz 1 / Adalbertstr. 100, 52062 Aachen",52062,식품,21.09.2026-27.09.2026,Ben & Jerry’s Ice Cream,"versch. Sorten, je 465-ml-Becher, (1 l = 8,58 €)",3.99,,,"8,58 €",https://www.rewe.de/angebote/aachen/1931021/rewe-markt-kaiserplatz-1-adalbertstr-100/,52062,Aachen,,,,미검토,,845
2026-09-20 21:02 Europe/Berlin,REWE,"REWE Markt, Kaiserplatz 1 / Adalbertstr. 100, 52062 Aachen",52062,식품,21.09.2026-27.09.2026,Bergader Bergbauern Käse würzig-nussig,"Schnittkäse, 48% Fett i.Tr., je 100 g",1.69,,,,https://www.rewe.de/angebote/aachen/1931021/rewe-markt-kaiserplatz-1-adalbertstr-100/,52062,Aachen,,,,미검토,,846
2026-09-20 21:02 Europe/Berlin,REWE,"REWE Markt, Kaiserplatz 1 / Adalbertstr. 100, 52062 Aachen",52062,식품,21.09.2026-27.09.2026,Bille Geflügelsalami,"versch. Sorten, je 100 g",1.49,,,,https://www.rewe.de/angebote/aachen/1931021/rewe-markt-kaiserplatz-1-adalbertstr-100/,52062,Aachen,,,,미검토,,847
2026-09-20 21:02 Europe/Berlin,REWE,"REWE Markt, Kaiserplatz 1 / Adalbertstr. 100, 52062 Aachen",52062,식품,21.09.2026-27.09.2026,Bio Mango,"Sorte: siehe Etikett, Kl. II, je St.",1.99,,,,https://www.rewe.de/angebote/aachen/1931021/rewe-markt-kaiserplatz-1-adalbertstr-100/,52062,Aachen,,,,미검토,,848
2026-09-20 21:02 Europe/Berlin,REWE,"REWE Markt, Kaiserplatz 1 / Adalbertstr. 100, 52062 Aachen",52062,식품,21.09.2026-27.09.2026,Bio Romana Salatherzen,"Kl. II, je 2 St.-Pckg.",1.59,,,,https://www.rewe.de/angebote/aachen/1931021/rewe-markt-kaiserplatz-1-adalbertstr-100/,52062,Aachen,,,,미검토,,849
2026-09-20 21:02 Europe/Berlin,REWE,"REWE Markt, Kaiserplatz 1 / Adalbertstr. 100, 52062 Aachen",52062,식품,21.09.2026-27.09.2026,Bio Sombra Kürbis,je 1 kg,2.29,,,,https://www.rewe.de/angebote/aachen/1931021/rewe-markt-kaiserplatz-1-adalbertstr-100/,52062,Aachen,,,,미검토,,850
2026-09-20 21:02 Europe/Berlin,REWE,"REWE Markt, Kaiserplatz 1 / Adalbertstr. 100, 52062 Aachen",52062,주류,21.09.2026-27.09.2026,Bitburger Premium Pils,"je 0,5-l-Dose, (1 l = 1,58 €), zzgl. 0,25 € Pfand",0.79,,,"1,58 €",https://www.rewe.de/angebote/aachen/1931021/rewe-markt-kaiserplatz-1-adalbertstr-100/,52062,Aachen,,,,미검토,,851
2026-09-20 21:02 Europe/Berlin,REWE,"REWE Markt, Kaiserplatz 1 / Adalbertstr. 100, 52062 Aachen",52062,주류,21.09.2026-27.09.2026,Blackforest Needle Dry Gin,"40% Vol., je 0,5-l-Fl., (1 l = 19,98 €)",9.99,,,"19,98 €",https://www.rewe.de/angebote/aachen/1931021/rewe-markt-kaiserplatz-1-adalbertstr-100/,52062,Aachen,,,,미검토,,852
2026-09-20 21:02 Europe/Berlin,REWE,"REWE Markt, Kaiserplatz 1 / Adalbertstr. 100, 52062 Aachen",52062,주류,21.09.2026-27.09.2026,Bombay Sapphire London Dry Gin,"40% Vol., je 0,7-l-Fl., (1 l = 22,84 €)",15.99,,,"22,84 €",https://www.rewe.de/angebote/aachen/1931021/rewe-markt-kaiserplatz-1-adalbertstr-100/,52062,Aachen,,,,미검토,,853
2026-09-20 21:02 Europe/Berlin,REWE,"REWE Markt, Kaiserplatz 1 / Adalbertstr. 100, 52062 Aachen",52062,식품,21.09.2026-27.09.2026,Bonduelle Kopfsalat,"je 175-g-Btl., (1 kg = 10,23 €)",1.79,,,"10,23 €",https://www.rewe.de/angebote/aachen/1931021/rewe-markt-kaiserplatz-1-adalbertstr-100/,52062,Aachen,,,,미검토,,854
2026-09-20 21:02 Europe/Berlin,REWE,"REWE Markt, Kaiserplatz 1 / Adalbertstr. 100, 52062 Aachen",52062,식품,21.09.2026-27.09.2026,Bonduelle Wildkräutersalat,"je 110-g-Btl., (1 kg = 16,27 €)",1.79,,,"16,27 €",https://www.rewe.de/angebote/aachen/1931021/rewe-markt-kaiserplatz-1-adalbertstr-100/,52062,Aachen,,,,미검토,,855
2026-09-20 21:02 Europe/Berlin,REWE,"REWE Markt, Kaiserplatz 1 / Adalbertstr. 100, 52062 Aachen",52062,식품,21.09.2026-27.09.2026,Breitsamer Honig Faires Frühstück,"je 500-g-Glas, (1 kg = 9,98 €)",4.99,,,"9,98 €",https://www.rewe.de/angebote/aachen/1931021/rewe-markt-kaiserplatz-1-adalbertstr-100/,52062,Aachen,,,,미검토,,856
2026-09-20 21:02 Europe/Berlin,REWE,"REWE Markt, Kaiserplatz 1 / Adalbertstr. 100, 52062 Aachen",52062,식품,21.09.2026-27.09.2026,Brunch Brotaufstrich,"versch. Sorten, je 185-g-Becher, (1 kg = 6,97 €)",1.29,,,"6,97 €",https://www.rewe.de/angebote/aachen/1931021/rewe-markt-kaiserplatz-1-adalbertstr-100/,52062,Aachen,,,,미검토,,857
2026-09-20 21:02 Europe/Berlin,REWE,"REWE Markt, Kaiserplatz 1 / Adalbertstr. 100, 52062 Aachen",52062,주류,21.09.2026-27.09.2026,Budweiser Premium Czech Lager,"je 20 x 0,5-l-Fl.-Kasten, (1 l = 1,50 €), zzgl. 3,10 € Pfand",14.99,,,"1,50 €",https://www.rewe.de/angebote/aachen/1931021/rewe-markt-kaiserplatz-1-adalbertstr-100/,52062,Aachen,,,,미검토,,858
2026-09-20 21:02 Europe/Berlin,REWE,"REWE Markt, Kaiserplatz 1 / Adalbertstr. 100, 52062 Aachen",52062,식품,21.09.2026-27.09.2026,Bürger Maultaschen,"traditionell schwäbisch, je 360-g-Btl., (1 kg = 4,69 €)",1.69,,,"4,69 €",https://www.rewe.de/angebote/aachen/1931021/rewe-markt-kaiserplatz-1-adalbertstr-100/,52062,Aachen,,,,미검토,,859
2026-09-20 21:02 Europe/Berlin,REWE,"REWE Markt, Kaiserplatz 1 / Adalbertstr. 100, 52062 Aachen",52062,식품,21.09.2026-27.09.2026,Burgis Sonntagsknödel,"je 500-g-Pckg., (1 kg = 3,58 €)",1.79,,,"3,58 €",https://www.rewe.de/angebote/aachen/1931021/rewe-markt-kaiserplatz-1-adalbertstr-100/,52062,Aachen,,,,미검토,,860
2026-09-20 21:02 Europe/Berlin,REWE,"REWE Markt, Kaiserplatz 1 / Adalbertstr. 100, 52062 Aachen",52062,음료,21.09.2026-27.09.2026,Burgwallbronn Mineralwasser,"versch. Sorten, je 12 x 1-l-Fl.-Kasten, (1 l = 0,42 €), zzgl. 3,30 € Pfand",4.99,,,"0,42 €",https://www.rewe.de/angebote/aachen/1931021/rewe-markt-kaiserplatz-1-adalbertstr-100/,52062,Aachen,,,,미검토,,861
2026-09-20 21:02 Europe/Berlin,REWE,"REWE Markt, Kaiserplatz 1 / Adalbertstr. 100, 52062 Aachen",52062,식품,21.09.2026-27.09.2026,Butcher’s Angus Irish Beef oder Beef Rindfleisch Burger Patties,"je 230-g-Pckg., (1 kg = 18,65 €)",4.29,,,"18,65 €",https://www.rewe.de/angebote/aachen/1931021/rewe-markt-kaiserplatz-1-adalbertstr-100/,52062,Aachen,,,,미검토,,862
2026-09-20 21:02 Europe/Berlin,REWE,"REWE Markt, Kaiserplatz 1 / Adalbertstr. 100, 52062 Aachen",52062,식품,21.09.2026-27.09.2026,Butcher’s Barbecue Schweine-Nackensteaks,"in versch. Marinaden, je 380-g-Pckg., (1 kg = 9,97 €)",3.79,,,"9,97 €",https://www.rewe.de/angebote/aachen/1931021/rewe-markt-kaiserplatz-1-adalbertstr-100/,52062,Aachen,,,,미검토,,863
2026-09-20 21:02 Europe/Berlin,REWE,"REWE Markt, Kaiserplatz 1 / Adalbertstr. 100, 52062 Aachen",52062,식품,21.09.2026-27.09.2026,Butter-Quarktasche,je St.,0.99,,,,https://www.rewe.de/angebote/aachen/1931021/rewe-markt-kaiserplatz-1-adalbertstr-100/,52062,Aachen,,,,미검토,,864
2026-09-20 21:02 Europe/Berlin,REWE,"REWE Markt, Kaiserplatz 1 / Adalbertstr. 100, 52062 Aachen",52062,식품,21.09.2026-27.09.2026,Buttermilch-Batzen,"Hefefeingebäck, mild und süß-aromatisch im Geschmack, je 350-g-St., (1 kg = 4,26 €)",1.49,,,"4,26 €",https://www.rewe.de/angebote/aachen/1931021/rewe-markt-kaiserplatz-1-adalbertstr-100/,52062,Aachen,,,,미검토,,865
2026-09-20 21:02 Europe/Berlin,REWE,"REWE Markt, Kaiserplatz 1 / Adalbertstr. 100, 52062 Aachen",52062,식품,21.09.2026-27.09.2026,Chicorée,"Kl. I, je 500-g-Pckg., (1 kg = 3,18 €)",1.59,,,"3,18 €",https://www.rewe.de/angebote/aachen/1931021/rewe-markt-kaiserplatz-1-adalbertstr-100/,52062,Aachen,,,,미검토,,866
2026-09-20 21:02 Europe/Berlin,REWE,"REWE Markt, Kaiserplatz 1 / Adalbertstr. 100, 52062 Aachen",52062,음료,21.09.2026-27.09.2026,Coca-Cola oder Coca-Cola Zero Friendspack,"koffeinhaltig, je 10 x 0,33-l-Dosen-Pckg., (1 l = 1,82 €), zzgl. 2,50 € Pfand",5.99,,,"1,82 €",https://www.rewe.de/angebote/aachen/1931021/rewe-markt-kaiserplatz-1-adalbertstr-100/,52062,Aachen,,,,미검토,,867
2026-09-20 21:02 Europe/Berlin,REWE,"REWE Markt, Kaiserplatz 1 / Adalbertstr. 100, 52062 Aachen",52062,식품,21.09.2026-27.09.2026,Coppenrath & Wiese Lust auf Kuchen Erdbeer Cheesecake,"tiefgefroren, je 550-g-Pckg., (1 kg = 6,35 €)",3.49,,,"6,35 €",https://www.rewe.de/angebote/aachen/1931021/rewe-markt-kaiserplatz-1-adalbertstr-100/,52062,Aachen,,,,미검토,,868
2026-09-20 21:02 Europe/Berlin,REWE,"REWE Markt, Kaiserplatz 1 / Adalbertstr. 100, 52062 Aachen",52062,식품,21.09.2026-27.09.2026,Coppenrath & Wiese Lust auf Vegan Mandel-Bienenstich-Torte,"tiefgefroren, je 360-g-Pckg., (1 kg = 9,69 €)",3.49,,,"9,69 €",https://www.rewe.de/angebote/aachen/1931021/rewe-markt-kaiserplatz-1-adalbertstr-100/,52062,Aachen,,,,미검토,,869
2026-09-20 21:02 Europe/Berlin,REWE,"REWE Markt, Kaiserplatz 1 / Adalbertstr. 100, 52062 Aachen",52062,식품,21.09.2026-27.09.2026,Coppenrath & Wiese Sahne Rolle,"versch. Sorten, tiefgefroren, je 350-g-Pckg., (1 kg = 7,40 €)",2.59,,,"7,40 €",https://www.rewe.de/angebote/aachen/1931021/rewe-markt-kaiserplatz-1-adalbertstr-100/,52062,Aachen,,,,미검토,,870
2026-09-20 21:02 Europe/Berlin,REWE,"REWE Markt, Kaiserplatz 1 / Adalbertstr. 100, 52062 Aachen",52062,식품,21.09.2026-27.09.2026,Corny Müsliriegel Milch Classic,"je 4 x 30-g-Pckg., (1 kg = 14,92 €)",1.79,,,"14,92 €",https://www.rewe.de/angebote/aachen/1931021/rewe-markt-kaiserplatz-1-adalbertstr-100/,52062,Aachen,,,,미검토,,871
2026-09-20 21:02 Europe/Berlin,REWE,"REWE Markt, Kaiserplatz 1 / Adalbertstr. 100, 52062 Aachen",52062,식품,21.09.2026-27.09.2026,Corny Müsliriegel Schoko,"je 6 x 25-g-Pckg., (1 kg = 11,93 €)",1.79,,,"11,93 €",https://www.rewe.de/angebote/aachen/1931021/rewe-markt-kaiserplatz-1-adalbertstr-100/,52062,Aachen,,,,미검토,,872
2026-09-20 21:02 Europe/Berlin,REWE,"REWE Markt, Kaiserplatz 1 / Adalbertstr. 100, 52062 Aachen",52062,식품,21.09.2026-27.09.2026,Costa Pacific Prawns,"tiefgefroren, je 215-g-Btl., (1 kg = 37,16 €)",7.99,,,"37,16 €",https://www.rewe.de/angebote/aachen/1931021/rewe-markt-kaiserplatz-1-adalbertstr-100/,52062,Aachen,,,,미검토,,873
2026-09-20 21:02 Europe/Berlin,REWE,"REWE Markt, Kaiserplatz 1 / Adalbertstr. 100, 52062 Aachen",52062,식품,21.09.2026-27.09.2026,Dallmayr Crema d’Oro,"ganze Bohnen, je 1000-g-Pckg.",12.99,,,,https://www.rewe.de/angebote/aachen/1931021/rewe-markt-kaiserplatz-1-adalbertstr-100/,52062,Aachen,,,,미검토,,874
2026-09-20 21:02 Europe/Berlin,REWE,"REWE Markt, Kaiserplatz 1 / Adalbertstr. 100, 52062 Aachen",52062,식품,21.09.2026-27.09.2026,DeBeukelaer Cereola,"versch. Sorten, je 150-g-Pckg., (1 kg = 9,93 €)",1.49,,,"9,93 €",https://www.rewe.de/angebote/aachen/1931021/rewe-markt-kaiserplatz-1-adalbertstr-100/,52062,Aachen,,,,미검토,,875
2026-09-20 21:02 Europe/Berlin,REWE,"REWE Markt, Kaiserplatz 1 / Adalbertstr. 100, 52062 Aachen",52062,주류,21.09.2026-27.09.2026,Deutsches Weintor Exklusiv Qualitätswein,"versch. Sorten, trocken, je 0,75-l-Fl., (1 l = 5,32 €)",3.99,,,"5,32 €",https://www.rewe.de/angebote/aachen/1931021/rewe-markt-kaiserplatz-1-adalbertstr-100/,52062,Aachen,,,,미검토,,876
2026-09-20 21:02 Europe/Berlin,REWE,"REWE Markt, Kaiserplatz 1 / Adalbertstr. 100, 52062 Aachen",52062,식품,21.09.2026-27.09.2026,Doritos Nacho Cheese,"je 110-g-Pckg., (1 kg = 9,00 €)",0.99,,,"9,00 €",https://www.rewe.de/angebote/aachen/1931021/rewe-markt-kaiserplatz-1-adalbertstr-100/,52062,Aachen,,,,미검토,,877
2026-09-20 21:02 Europe/Berlin,REWE,"REWE Markt, Kaiserplatz 1 / Adalbertstr. 100, 52062 Aachen",52062,식품,21.09.2026-27.09.2026,Dr. Oetker Bourbon-Vanille Soße,"je 250-ml-Becher, (1 l = 5,16 €)",1.29,,,"5,16 €",https://www.rewe.de/angebote/aachen/1931021/rewe-markt-kaiserplatz-1-adalbertstr-100/,52062,Aachen,,,,미검토,,878
2026-09-20 21:02 Europe/Berlin,REWE,"REWE Markt, Kaiserplatz 1 / Adalbertstr. 100, 52062 Aachen",52062,식품,21.09.2026-27.09.2026,Dr. Oetker Götterspeise,"Waldmeister mit Bourbon-Vanillesoße, je 160-g-Becher, (1 kg = 4,31 €)",0.69,,,"4,31 €",https://www.rewe.de/angebote/aachen/1931021/rewe-markt-kaiserplatz-1-adalbertstr-100/,52062,Aachen,,,,미검토,,879
2026-09-20 21:02 Europe/Berlin,REWE,"REWE Markt, Kaiserplatz 1 / Adalbertstr. 100, 52062 Aachen",52062,식품,21.09.2026-27.09.2026,Dr. Oetker Götterspeise XXL Waldmeister,"je 500-g-Becher, (1 kg = 2,58 €)",1.29,,,"2,58 €",https://www.rewe.de/angebote/aachen/1931021/rewe-markt-kaiserplatz-1-adalbertstr-100/,52062,Aachen,,,,미검토,,880
2026-09-20 21:02 Europe/Berlin,REWE,"REWE Markt, Kaiserplatz 1 / Adalbertstr. 100, 52062 Aachen",52062,식품,21.09.2026-27.09.2026,Dr. Oetker Grießbrei,"je 92-g-Btl., (1 kg = 10,76 €)",0.99,,,"10,76 €",https://www.rewe.de/angebote/aachen/1931021/rewe-markt-kaiserplatz-1-adalbertstr-100/,52062,Aachen,,,,미검토,,881
2026-09-20 21:02 Europe/Berlin,REWE,"REWE Markt, Kaiserplatz 1 / Adalbertstr. 100, 52062 Aachen",52062,식품,21.09.2026-27.09.2026,Dr. Oetker Milchreis,"je 125-g-Btl., (1 kg = 7,92 €)",0.99,,,"7,92 €",https://www.rewe.de/angebote/aachen/1931021/rewe-markt-kaiserplatz-1-adalbertstr-100/,52062,Aachen,,,,미검토,,882
2026-09-20 21:02 Europe/Berlin,REWE,"REWE Markt, Kaiserplatz 1 / Adalbertstr. 100, 52062 Aachen",52062,식품,21.09.2026-27.09.2026,Dr. Oetker Paradiescreme Kleine Auszeit,"Vanille, je 27-g-Btl., (1 kg = 29,26 €)",0.79,,,"29,26 €",https://www.rewe.de/angebote/aachen/1931021/rewe-markt-kaiserplatz-1-adalbertstr-100/,52062,Aachen,,,,미검토,,883
2026-09-20 21:02 Europe/Berlin,REWE,"REWE Markt, Kaiserplatz 1 / Adalbertstr. 100, 52062 Aachen",52062,식품,21.09.2026-27.09.2026,Dr. Oetker Ristorante Pizza Salame,"tiefgefroren, je 320-g-Pckg., (1 kg = 5,59 €)",1.79,,,"5,59 €",https://www.rewe.de/angebote/aachen/1931021/rewe-markt-kaiserplatz-1-adalbertstr-100/,52062,Aachen,,,,미검토,,884
2026-09-20 21:02 Europe/Berlin,REWE,"REWE Markt, Kaiserplatz 1 / Adalbertstr. 100, 52062 Aachen",52062,식품,21.09.2026-27.09.2026,Dr. Oetker Ristorante Pizza Spinaci,"tiefgefroren, je 390-g-Pckg., (1 kg = 4,59 €)",1.79,,,"4,59 €",https://www.rewe.de/angebote/aachen/1931021/rewe-markt-kaiserplatz-1-adalbertstr-100/,52062,Aachen,,,,미검토,,885
2026-09-20 21:02 Europe/Berlin,REWE,"REWE Markt, Kaiserplatz 1 / Adalbertstr. 100, 52062 Aachen",52062,식품,21.09.2026-27.09.2026,Dr. Oetker Rotwein Mousse,"je 100-g-Becher, (1 kg = 6,90 €)",0.69,,,"6,90 €",https://www.rewe.de/angebote/aachen/1931021/rewe-markt-kaiserplatz-1-adalbertstr-100/,52062,Aachen,,,,미검토,,886
2026-09-20 21:02 Europe/Berlin,REWE,"REWE Markt, Kaiserplatz 1 / Adalbertstr. 100, 52062 Aachen",52062,식품,21.09.2026-27.09.2026,Dr. Oetker Seelenwärmer Tassen-Cremepudding,"Schokolade, je 58-g-Pckg., (1 kg = 13,62 €)",0.79,,,"13,62 €",https://www.rewe.de/angebote/aachen/1931021/rewe-markt-kaiserplatz-1-adalbertstr-100/,52062,Aachen,,,,미검토,,887
2026-09-20 21:02 Europe/Berlin,REWE,"REWE Markt, Kaiserplatz 1 / Adalbertstr. 100, 52062 Aachen",52062,음료,21.09.2026-27.09.2026,Dryll Elektrolyte-Getränk,"versch. Sorten, je 0,33-l-Dose, (1 l = 4,52 €), zzgl. 0,25 € Pfand",1.49,,,"4,52 €",https://www.rewe.de/angebote/aachen/1931021/rewe-markt-kaiserplatz-1-adalbertstr-100/,52062,Aachen,,,,미검토,,888
2026-09-20 21:02 Europe/Berlin,REWE,"REWE Markt, Kaiserplatz 1 / Adalbertstr. 100, 52062 Aachen",52062,음료,21.09.2026-27.09.2026,Effect Energy Drink,"versch. Sorten, koffeinhaltig, je 0,33-l-Dose, (1 l = 2,09 €), zzgl. 0,25 € Pfand",0.69,,,"2,09 €",https://www.rewe.de/angebote/aachen/1931021/rewe-markt-kaiserplatz-1-adalbertstr-100/,52062,Aachen,,,,미검토,,889
2026-09-20 21:02 Europe/Berlin,REWE,"REWE Markt, Kaiserplatz 1 / Adalbertstr. 100, 52062 Aachen",52062,식품,21.09.2026-27.09.2026,Ehrmann High Protein Pudding oder High Protein Joghurt,"versch. Sorten, je 200-g-Becher, (1 kg = 4,95 €)",0.99,,,"4,95 €",https://www.rewe.de/angebote/aachen/1931021/rewe-markt-kaiserplatz-1-adalbertstr-100/,52062,Aachen,,,,미검토,,890
2026-09-20 21:02 Europe/Berlin,REWE,"REWE Markt, Kaiserplatz 1 / Adalbertstr. 100, 52062 Aachen",52062,식품,21.09.2026-27.09.2026,Eisbergsalat,"Kl. I, je St.",0.89,,,,https://www.rewe.de/angebote/aachen/1931021/rewe-markt-kaiserplatz-1-adalbertstr-100/,52062,Aachen,,,,미검토,,891
2026-09-20 21:02 Europe/Berlin,REWE,"REWE Markt, Kaiserplatz 1 / Adalbertstr. 100, 52062 Aachen",52062,식품,21.09.2026-27.09.2026,El Pozo Iberico Fuetec Spanische Salami,"je 150-g-Pckg., (1 kg = 17,27 €)",2.59,,,"17,27 €",https://www.rewe.de/angebote/aachen/1931021/rewe-markt-kaiserplatz-1-adalbertstr-100/,52062,Aachen,,,,미검토,,892
2026-09-20 21:02 Europe/Berlin,REWE,"REWE Markt, Kaiserplatz 1 / Adalbertstr. 100, 52062 Aachen",52062,식품,21.09.2026-27.09.2026,Elpozo Original Fuetec spanische Salami,"luftgetrocknet, je 170-g-Pckg., (1 kg = 15,24 €)",2.59,,,"15,24 €",https://www.rewe.de/angebote/aachen/1931021/rewe-markt-kaiserplatz-1-adalbertstr-100/,52062,Aachen,,,,미검토,,893
2026-09-20 21:02 Europe/Berlin,REWE,"REWE Markt, Kaiserplatz 1 / Adalbertstr. 100, 52062 Aachen",52062,식품,21.09.2026-27.09.2026,Erasco Eintopf,"versch. Sorten, je 800-g-Dose, (1 kg = 2,35 €)",1.88,,,"2,35 €",https://www.rewe.de/angebote/aachen/1931021/rewe-markt-kaiserplatz-1-adalbertstr-100/,52062,Aachen,,,,미검토,,894
2026-09-20 21:02 Europe/Berlin,REWE,"REWE Markt, Kaiserplatz 1 / Adalbertstr. 100, 52062 Aachen",52062,주류,21.09.2026-27.09.2026,Erdinger Weißbier oder Brauhaus,"auch alkoholfrei, je 20 x 0,5-l-Fl.-Kasten, (1 l = 1,40 €), zzgl. 3,10 € Pfand",13.99,,,"1,40 €",https://www.rewe.de/angebote/aachen/1931021/rewe-markt-kaiserplatz-1-adalbertstr-100/,52062,Aachen,,,,미검토,,895
2026-09-20 21:02 Europe/Berlin,REWE,"REWE Markt, Kaiserplatz 1 / Adalbertstr. 100, 52062 Aachen",52062,주류,21.09.2026-27.09.2026,Finvara Irish Whiskey,"43% Vol., je 0,7-l-Fl., (1 l = 28,56 €)",19.99,,,"28,56 €",https://www.rewe.de/angebote/aachen/1931021/rewe-markt-kaiserplatz-1-adalbertstr-100/,52062,Aachen,,,,미검토,,896
2026-09-20 21:02 Europe/Berlin,REWE,"REWE Markt, Kaiserplatz 1 / Adalbertstr. 100, 52062 Aachen",52062,주류,21.09.2026-27.09.2026,Flor de Cana Rum Oro Reserva,"37,5% Vol., je 0,7-l-Fl., (1 l = 14,27 €)",9.99,,,"14,27 €",https://www.rewe.de/angebote/aachen/1931021/rewe-markt-kaiserplatz-1-adalbertstr-100/,52062,Aachen,,,,미검토,,897
2026-09-20 21:02 Europe/Berlin,REWE,"REWE Markt, Kaiserplatz 1 / Adalbertstr. 100, 52062 Aachen",52062,식품,21.09.2026-27.09.2026,Fol Epi Classic,"frz. Schnittkäse, versch. Sorten, je 150-g-Pckg., (1 kg = 9,93 €)",1.49,,,"9,93 €",https://www.rewe.de/angebote/aachen/1931021/rewe-markt-kaiserplatz-1-adalbertstr-100/,52062,Aachen,,,,미검토,,898
2026-09-20 21:02 Europe/Berlin,REWE,"REWE Markt, Kaiserplatz 1 / Adalbertstr. 100, 52062 Aachen",52062,식품,21.09.2026-27.09.2026,Followfood Bio Lachs Filets,"tiefgefroren, je 200-g-Pckg., (1 kg = 39,95 €)",7.99,,,"39,95 €",https://www.rewe.de/angebote/aachen/1931021/rewe-markt-kaiserplatz-1-adalbertstr-100/,52062,Aachen,,,,미검토,,899
2026-09-20 21:02 Europe/Berlin,REWE,"REWE Markt, Kaiserplatz 1 / Adalbertstr. 100, 52062 Aachen",52062,식품,21.09.2026-27.09.2026,Foodmaker Big Bowl,"versch. Sorten, je 375-g-Schale, (1 kg = 13,31 €)",4.99,,,"13,31 €",https://www.rewe.de/angebote/aachen/1931021/rewe-markt-kaiserplatz-1-adalbertstr-100/,52062,Aachen,,,,미검토,,900
2026-09-20 21:02 Europe/Berlin,REWE,"REWE Markt, Kaiserplatz 1 / Adalbertstr. 100, 52062 Aachen",52062,식품,21.09.2026-27.09.2026,Frico Gouda jung,"holl. Schnittkäse, 51% Fett i.Tr., je 100 g",0.89,,,,https://www.rewe.de/angebote/aachen/1931021/rewe-markt-kaiserplatz-1-adalbertstr-100/,52062,Aachen,,,,미검토,,901
2026-09-20 21:02 Europe/Berlin,REWE,"REWE Markt, Kaiserplatz 1 / Adalbertstr. 100, 52062 Aachen",52062,식품,21.09.2026-27.09.2026,Frische Kräuter Petersilie glatt,"je 40-g-Schale, (1 kg = 19,75 €)",0.79,,,"19,75 €",https://www.rewe.de/angebote/aachen/1931021/rewe-markt-kaiserplatz-1-adalbertstr-100/,52062,Aachen,,,,미검토,,902
2026-09-20 21:02 Europe/Berlin,REWE,"REWE Markt, Kaiserplatz 1 / Adalbertstr. 100, 52062 Aachen",52062,식품,21.09.2026-27.09.2026,Frische Kräuter Schnittlauch,"je 25-g-Schale, (1 kg = 31,60 €)",0.79,,,"31,60 €",https://www.rewe.de/angebote/aachen/1931021/rewe-markt-kaiserplatz-1-adalbertstr-100/,52062,Aachen,,,,미검토,,903
2026-09-20 21:02 Europe/Berlin,REWE,"REWE Markt, Kaiserplatz 1 / Adalbertstr. 100, 52062 Aachen",52062,식품,21.09.2026-27.09.2026,Frisches Oktoberfest-Hendl,"gewürzt, SB-verpackt, je 1 kg",6.99,,,,https://www.rewe.de/angebote/aachen/1931021/rewe-markt-kaiserplatz-1-adalbertstr-100/,52062,Aachen,,,,미검토,,904
2026-09-20 21:02 Europe/Berlin,REWE,"REWE Markt, Kaiserplatz 1 / Adalbertstr. 100, 52062 Aachen",52062,식품,21.09.2026-27.09.2026,Frischwurst-Aufschnitt,"versch. Sorten, je 100 g",1.39,,,,https://www.rewe.de/angebote/aachen/1931021/rewe-markt-kaiserplatz-1-adalbertstr-100/,52062,Aachen,,,,미검토,,905
2026-09-20 21:02 Europe/Berlin,REWE,"REWE Markt, Kaiserplatz 1 / Adalbertstr. 100, 52062 Aachen",52062,식품,21.09.2026-27.09.2026,Frosta Gemüsepfanne alla Toscana,"tiefgefroren, je 480-g-Btl., (1 kg = 4,15 €)",1.99,,,"4,15 €",https://www.rewe.de/angebote/aachen/1931021/rewe-markt-kaiserplatz-1-adalbertstr-100/,52062,Aachen,,,,미검토,,906
2026-09-20 21:02 Europe/Berlin,REWE,"REWE Markt, Kaiserplatz 1 / Adalbertstr. 100, 52062 Aachen",52062,식품,21.09.2026-27.09.2026,Frosta Rahm Geschnetzeltes,"tiefgefroren, je 375-g-Btl., (1 kg = 5,31 €)",1.99,,,"5,31 €",https://www.rewe.de/angebote/aachen/1931021/rewe-markt-kaiserplatz-1-adalbertstr-100/,52062,Aachen,,,,미검토,,907
2026-09-20 21:02 Europe/Berlin,REWE,"REWE Markt, Kaiserplatz 1 / Adalbertstr. 100, 52062 Aachen",52062,식품,21.09.2026-27.09.2026,Galbani Mozzarella Classic,"je 225-g-Pckg., (1 kg = 8,88 €), 125 g Abtropfgewicht",1.11,,,"8,88 €",https://www.rewe.de/angebote/aachen/1931021/rewe-markt-kaiserplatz-1-adalbertstr-100/,52062,Aachen,,,,미검토,,908
2026-09-20 21:02 Europe/Berlin,REWE,"REWE Markt, Kaiserplatz 1 / Adalbertstr. 100, 52062 Aachen",52062,식품,21.09.2026-27.09.2026,Garden Gourmet Vegane Filetstreifen,"je 175-g-Pckg., (1 kg = 14,23 €)",2.49,,,"14,23 €",https://www.rewe.de/angebote/aachen/1931021/rewe-markt-kaiserplatz-1-adalbertstr-100/,52062,Aachen,,,,미검토,,909
2026-09-20 21:02 Europe/Berlin,REWE,"REWE Markt, Kaiserplatz 1 / Adalbertstr. 100, 52062 Aachen",52062,식품,21.09.2026-27.09.2026,Garden Gourmet Vegetarische Gemüsebällchen,"je 200-g-Pckg., (1 kg = 12,45 €)",2.49,,,"12,45 €",https://www.rewe.de/angebote/aachen/1931021/rewe-markt-kaiserplatz-1-adalbertstr-100/,52062,Aachen,,,,미검토,,910
2026-09-20 21:02 Europe/Berlin,REWE,"REWE Markt, Kaiserplatz 1 / Adalbertstr. 100, 52062 Aachen",52062,식품,21.09.2026-27.09.2026,Gelbe Speisezwiebeln,"Kl. II, je 1,5-kg-Netz, (1 kg = 0,79 €)",1.19,,,"0,79 €",https://www.rewe.de/angebote/aachen/1931021/rewe-markt-kaiserplatz-1-adalbertstr-100/,52062,Aachen,,,,미검토,,911
2026-09-20 21:02 Europe/Berlin,REWE,"REWE Markt, Kaiserplatz 1 / Adalbertstr. 100, 52062 Aachen",52062,식품,21.09.2026-27.09.2026,Géramont Scheiben mit Skyr,"je 150-g-Pckg., (1 kg = 15,26 €)",2.29,,,"15,26 €",https://www.rewe.de/angebote/aachen/1931021/rewe-markt-kaiserplatz-1-adalbertstr-100/,52062,Aachen,,,,미검토,,912
2026-09-20 21:02 Europe/Berlin,REWE,"REWE Markt, Kaiserplatz 1 / Adalbertstr. 100, 52062 Aachen",52062,식품,21.09.2026-27.09.2026,Géramont Weichkäse,"je 200-g-Pckg., (1 kg = 11,45 €)",2.29,,,"11,45 €",https://www.rewe.de/angebote/aachen/1931021/rewe-markt-kaiserplatz-1-adalbertstr-100/,52062,Aachen,,,,미검토,,913
2026-09-20 21:02 Europe/Berlin,REWE,"REWE Markt, Kaiserplatz 1 / Adalbertstr. 100, 52062 Aachen",52062,음료,21.09.2026-27.09.2026,Gerolsteiner Mineralwasser,"versch. Sorten, je 6 x 1-l-Fl.-Kasten, (1 l = 0,83 €), zzgl. 2,40 € Pfand",4.99,,,"0,83 €",https://www.rewe.de/angebote/aachen/1931021/rewe-markt-kaiserplatz-1-adalbertstr-100/,52062,Aachen,,,,미검토,,914
2026-09-20 21:02 Europe/Berlin,REWE,"REWE Markt, Kaiserplatz 1 / Adalbertstr. 100, 52062 Aachen",52062,음료,21.09.2026-27.09.2026,Gönrgy Energy Drink,"versch. Sorten, koffeinhaltig, je 0,5-l-Dose, (1 l = 1,98 €), zzgl. 0,25 € Pfand",0.99,,,"1,98 €",https://www.rewe.de/angebote/aachen/1931021/rewe-markt-kaiserplatz-1-adalbertstr-100/,52062,Aachen,,,,미검토,,915
2026-09-20 21:02 Europe/Berlin,REWE,"REWE Markt, Kaiserplatz 1 / Adalbertstr. 100, 52062 Aachen",52062,식품,21.09.2026-27.09.2026,Granatapfelkerne,"je 80-g-Schale, (1 kg = 21,13 €)",1.69,,,"21,13 €",https://www.rewe.de/angebote/aachen/1931021/rewe-markt-kaiserplatz-1-adalbertstr-100/,52062,Aachen,,,,미검토,,916
2026-09-20 21:02 Europe/Berlin,REWE,"REWE Markt, Kaiserplatz 1 / Adalbertstr. 100, 52062 Aachen",52062,주류,21.09.2026-27.09.2026,Grand Sud Vin de France,"versch. Sorten, trocken, je 1-l-Fl.",2.99,,,,https://www.rewe.de/angebote/aachen/1931021/rewe-markt-kaiserplatz-1-adalbertstr-100/,52062,Aachen,,,,미검토,,917
2026-09-20 21:02 Europe/Berlin,REWE,"REWE Markt, Kaiserplatz 1 / Adalbertstr. 100, 52062 Aachen",52062,음료,21.09.2026-27.09.2026,Granini Die Limo,"versch. Sorten, je 1-l-Fl., zzgl. 0,25 € Pfand",1.29,,,,https://www.rewe.de/angebote/aachen/1931021/rewe-markt-kaiserplatz-1-adalbertstr-100/,52062,Aachen,,,,미검토,,918
2026-09-20 21:02 Europe/Berlin,REWE,"REWE Markt, Kaiserplatz 1 / Adalbertstr. 100, 52062 Aachen",52062,음료,21.09.2026-27.09.2026,Granini Fresh,"versch. Sorten, je 0,75-l-Fl., (1 l = 1,72 €), zzgl. 0,25 € Pfand",1.29,,,"1,72 €",https://www.rewe.de/angebote/aachen/1931021/rewe-markt-kaiserplatz-1-adalbertstr-100/,52062,Aachen,,,,미검토,,919
2026-09-20 21:02 Europe/Berlin,REWE,"REWE Markt, Kaiserplatz 1 / Adalbertstr. 100, 52062 Aachen",52062,주류,21.09.2026-27.09.2026,Grasovka Vodka,"38% Vol., je 0,7-l-Fl., (1 l = 14,27 €)",9.99,,,"14,27 €",https://www.rewe.de/angebote/aachen/1931021/rewe-markt-kaiserplatz-1-adalbertstr-100/,52062,Aachen,,,,미검토,,920
2026-09-20 21:02 Europe/Berlin,REWE,"REWE Markt, Kaiserplatz 1 / Adalbertstr. 100, 52062 Aachen",52062,식품,21.09.2026-27.09.2026,Grillspieß Dönerstyle,"je 320-g-Pckg., (1 kg = 12,47 €)",3.99,,,"12,47 €",https://www.rewe.de/angebote/aachen/1931021/rewe-markt-kaiserplatz-1-adalbertstr-100/,52062,Aachen,,,,미검토,,921
2026-09-20 21:02 Europe/Berlin,REWE,"REWE Markt, Kaiserplatz 1 / Adalbertstr. 100, 52062 Aachen",52062,식품,21.09.2026-27.09.2026,Grüne Kiwi,"Kl. I, je St.",0.39,,,,https://www.rewe.de/angebote/aachen/1931021/rewe-markt-kaiserplatz-1-adalbertstr-100/,52062,Aachen,,,,미검토,,922
2026-09-20 21:02 Europe/Berlin,REWE,"REWE Markt, Kaiserplatz 1 / Adalbertstr. 100, 52062 Aachen",52062,식품,21.09.2026-27.09.2026,Grüne Tafelbirnen,"Sorte: siehe Etikett, Kl. I, je 1-kg-Schale",1.49,,,,https://www.rewe.de/angebote/aachen/1931021/rewe-markt-kaiserplatz-1-adalbertstr-100/,52062,Aachen,,,,미검토,,923
2026-09-20 21:02 Europe/Berlin,REWE,"REWE Markt, Kaiserplatz 1 / Adalbertstr. 100, 52062 Aachen",52062,식품,21.09.2026-27.09.2026,Grünländer mild & nussig,"Schnittkäse, 48% Fett i.Tr., je 100 g",1.19,,,,https://www.rewe.de/angebote/aachen/1931021/rewe-markt-kaiserplatz-1-adalbertstr-100/,52062,Aachen,,,,미검토,,924
2026-09-20 21:02 Europe/Berlin,REWE,"REWE Markt, Kaiserplatz 1 / Adalbertstr. 100, 52062 Aachen",52062,식품,21.09.2026-27.09.2026,Gustavo Gusto Pizza Amore Napoli Mozzarella,"tiefgefroren, je 320-g-Pckg., (1 kg = 9,34 €)",2.99,,,"9,34 €",https://www.rewe.de/angebote/aachen/1931021/rewe-markt-kaiserplatz-1-adalbertstr-100/,52062,Aachen,,,,미검토,,925
2026-09-20 21:02 Europe/Berlin,REWE,"REWE Markt, Kaiserplatz 1 / Adalbertstr. 100, 52062 Aachen",52062,식품,21.09.2026-27.09.2026,Gustavo Gusto Pizza Amore Napoli Salame,"tiefgefroren, je 315-g-Pckg., (1 kg = 9,49 €)",2.99,,,"9,49 €",https://www.rewe.de/angebote/aachen/1931021/rewe-markt-kaiserplatz-1-adalbertstr-100/,52062,Aachen,,,,미검토,,926
2026-09-20 21:02 Europe/Berlin,REWE,"REWE Markt, Kaiserplatz 1 / Adalbertstr. 100, 52062 Aachen",52062,식품,21.09.2026-27.09.2026,Gutfried Geflügel-Fleischwurst,"fein-würzig, je 400-g-Pckg., (1 kg = 6,98 €)",2.79,,,"6,98 €",https://www.rewe.de/angebote/aachen/1931021/rewe-markt-kaiserplatz-1-adalbertstr-100/,52062,Aachen,,,,미검토,,927
2026-09-20 21:02 Europe/Berlin,REWE,"REWE Markt, Kaiserplatz 1 / Adalbertstr. 100, 52062 Aachen",52062,식품,21.09.2026-27.09.2026,Gutfried Hähnchen-Fleischwurst,"würzig-frisch, je 350-g-Pckg., (1 kg = 7,97 €)",2.79,,,"7,97 €",https://www.rewe.de/angebote/aachen/1931021/rewe-markt-kaiserplatz-1-adalbertstr-100/,52062,Aachen,,,,미검토,,928
2026-09-20 21:02 Europe/Berlin,REWE,"REWE Markt, Kaiserplatz 1 / Adalbertstr. 100, 52062 Aachen",52062,식품,21.09.2026-27.09.2026,Harry Airfryer Brot,"versch. Sorten, je 300-g-Btl., (1 kg = 4,97 €)",1.49,,,"4,97 €",https://www.rewe.de/angebote/aachen/1931021/rewe-markt-kaiserplatz-1-adalbertstr-100/,52062,Aachen,,,,미검토,,929
2026-09-20 21:02 Europe/Berlin,REWE,"REWE Markt, Kaiserplatz 1 / Adalbertstr. 100, 52062 Aachen",52062,주류,21.09.2026-27.09.2026,Heineken Premium Beer oder alkoholfrei,"versch. Sorten, je 6 x 0,33-l-Fl.-Sixpack, (1 l = 2,52 €), zzgl. 0,48 € Pfand",4.99,,,"2,52 €",https://www.rewe.de/angebote/aachen/1931021/rewe-markt-kaiserplatz-1-adalbertstr-100/,52062,Aachen,,,,미검토,,930
2026-09-20 21:02 Europe/Berlin,REWE,"REWE Markt, Kaiserplatz 1 / Adalbertstr. 100, 52062 Aachen",52062,음료,21.09.2026-27.09.2026,Hella Near Water,"versch. Sorten, je 0,75-l-Fl., (1 l = 0,79 €), zzgl. 0,25 € Pfand",0.59,,,"0,79 €",https://www.rewe.de/angebote/aachen/1931021/rewe-markt-kaiserplatz-1-adalbertstr-100/,52062,Aachen,,,,미검토,,931
2026-09-20 21:02 Europe/Berlin,REWE,"REWE Markt, Kaiserplatz 1 / Adalbertstr. 100, 52062 Aachen",52062,식품,21.09.2026-27.09.2026,Hellmann’s Mayonnaise Die Cremige oder Chunky Burger Sauce,"je 250-ml-Fl., (1 l = 5,96 €)",1.49,,,"5,96 €",https://www.rewe.de/angebote/aachen/1931021/rewe-markt-kaiserplatz-1-adalbertstr-100/,52062,Aachen,,,,미검토,,932
2026-09-20 21:02 Europe/Berlin,REWE,"REWE Markt, Kaiserplatz 1 / Adalbertstr. 100, 52062 Aachen",52062,식품,21.09.2026-27.09.2026,Henglein Gnocchi,"je 500-g-Pckg., (1 kg = 3,78 €)",1.89,,,"3,78 €",https://www.rewe.de/angebote/aachen/1931021/rewe-markt-kaiserplatz-1-adalbertstr-100/,52062,Aachen,,,,미검토,,933
2026-09-20 21:02 Europe/Berlin,REWE,"REWE Markt, Kaiserplatz 1 / Adalbertstr. 100, 52062 Aachen",52062,식품,21.09.2026-27.09.2026,Herta Finesse,"versch. Sorten, je 100-g-Pckg., (1 kg = 13,90 €)",1.39,,,"13,90 €",https://www.rewe.de/angebote/aachen/1931021/rewe-markt-kaiserplatz-1-adalbertstr-100/,52062,Aachen,,,,미검토,,934
2026-09-20 21:02 Europe/Berlin,REWE,"REWE Markt, Kaiserplatz 1 / Adalbertstr. 100, 52062 Aachen",52062,음료,21.09.2026-27.09.2026,Hohes C Saft,"versch. Sorten, inkl. 100% Orangensäfte, je 1-l-Fl., zzgl. 0,25 € Pfand",1.79,,,,https://www.rewe.de/angebote/aachen/1931021/rewe-markt-kaiserplatz-1-adalbertstr-100/,52062,Aachen,,,,미검토,,935
2026-09-20 21:02 Europe/Berlin,REWE,"REWE Markt, Kaiserplatz 1 / Adalbertstr. 100, 52062 Aachen",52062,식품,21.09.2026-27.09.2026,Iglo 13 Backfischstäbchen,"tiefgefroren, je 364-g-Pckg., (1 kg = 8,21 €)",2.99,,,"8,21 €",https://www.rewe.de/angebote/aachen/1931021/rewe-markt-kaiserplatz-1-adalbertstr-100/,52062,Aachen,,,,미검토,,936
2026-09-20 21:02 Europe/Berlin,REWE,"REWE Markt, Kaiserplatz 1 / Adalbertstr. 100, 52062 Aachen",52062,식품,21.09.2026-27.09.2026,Iglo 15 Fischstäbchen,"tiefgefroren, je 450-g-Pckg., (1 kg = 6,64 €)",2.99,,,"6,64 €",https://www.rewe.de/angebote/aachen/1931021/rewe-markt-kaiserplatz-1-adalbertstr-100/,52062,Aachen,,,,미검토,,937
2026-09-20 21:02 Europe/Berlin,REWE,"REWE Markt, Kaiserplatz 1 / Adalbertstr. 100, 52062 Aachen",52062,식품,21.09.2026-27.09.2026,Iglo Chicken Nuggets,"versch. Sorten, tiefgefroren, je 250-g-Pckg., (1 kg = 11,96 €)",2.99,,,"11,96 €",https://www.rewe.de/angebote/aachen/1931021/rewe-markt-kaiserplatz-1-adalbertstr-100/,52062,Aachen,,,,미검토,,938
2026-09-20 21:02 Europe/Berlin,REWE,"REWE Markt, Kaiserplatz 1 / Adalbertstr. 100, 52062 Aachen",52062,식품,21.09.2026-27.09.2026,Iglo Chicken Stripes,"tiefgefroren, je 220-g-Pckg., (1 kg = 13,59 €)",2.99,,,"13,59 €",https://www.rewe.de/angebote/aachen/1931021/rewe-markt-kaiserplatz-1-adalbertstr-100/,52062,Aachen,,,,미검토,,939
2026-09-20 21:02 Europe/Berlin,REWE,"REWE Markt, Kaiserplatz 1 / Adalbertstr. 100, 52062 Aachen",52062,식품,21.09.2026-27.09.2026,ja! Backpapier-Zuschnitte,je 30 St.-Pckg.,0.95,,,,https://www.rewe.de/angebote/aachen/1931021/rewe-markt-kaiserplatz-1-adalbertstr-100/,52062,Aachen,,,,미검토,,940
2026-09-20 21:02 Europe/Berlin,REWE,"REWE Markt, Kaiserplatz 1 / Adalbertstr. 100, 52062 Aachen",52062,식품,21.09.2026-27.09.2026,ja! Cheddar in Scheiben,"je 175-g-Pckg., (1 kg = 12,51 €)",2.19,,,"12,51 €",https://www.rewe.de/angebote/aachen/1931021/rewe-markt-kaiserplatz-1-adalbertstr-100/,52062,Aachen,,,,미검토,,941
2026-09-20 21:02 Europe/Berlin,REWE,"REWE Markt, Kaiserplatz 1 / Adalbertstr. 100, 52062 Aachen",52062,식품,21.09.2026-27.09.2026,ja! Frische Hähnchen-Schenkel,"Hkl. A, mit Rückenstück, SB-verpackt, je 1 kg",4.81,,,,https://www.rewe.de/angebote/aachen/1931021/rewe-markt-kaiserplatz-1-adalbertstr-100/,52062,Aachen,,,,미검토,,942
2026-09-20 21:02 Europe/Berlin,REWE,"REWE Markt, Kaiserplatz 1 / Adalbertstr. 100, 52062 Aachen",52062,식품,21.09.2026-27.09.2026,ja! Granduett,"versch. Sorten, je 190-g-Becher, (1 kg = 2,58 €)",0.49,,,"2,58 €",https://www.rewe.de/angebote/aachen/1931021/rewe-markt-kaiserplatz-1-adalbertstr-100/,52062,Aachen,,,,미검토,,943
2026-09-20 21:02 Europe/Berlin,REWE,"REWE Markt, Kaiserplatz 1 / Adalbertstr. 100, 52062 Aachen",52062,식품,21.09.2026-27.09.2026,ja! Karamell Keks Creme,"je 100-g-Tafel, (1 kg = 9,90 €)",0.99,,,"9,90 €",https://www.rewe.de/angebote/aachen/1931021/rewe-markt-kaiserplatz-1-adalbertstr-100/,52062,Aachen,,,,미검토,,944
2026-09-20 21:02 Europe/Berlin,REWE,"REWE Markt, Kaiserplatz 1 / Adalbertstr. 100, 52062 Aachen",52062,식품,21.09.2026-27.09.2026,ja! Käseaufschnitt,"Edamer, Tilsiter & Emmentaler, 45% Fett i.Tr., je 250-g-Pckg., (1 kg = 7,56 €)",1.89,,,"7,56 €",https://www.rewe.de/angebote/aachen/1931021/rewe-markt-kaiserplatz-1-adalbertstr-100/,52062,Aachen,,,,미검토,,945
2026-09-20 21:02 Europe/Berlin,REWE,"REWE Markt, Kaiserplatz 1 / Adalbertstr. 100, 52062 Aachen",52062,식품,21.09.2026-27.09.2026,ja! Mandeln,"versch. Sorten, je 200-g-Btl., (1 kg = 12,45 €)",2.49,,,"12,45 €",https://www.rewe.de/angebote/aachen/1931021/rewe-markt-kaiserplatz-1-adalbertstr-100/,52062,Aachen,,,,미검토,,946
2026-09-20 21:02 Europe/Berlin,REWE,"REWE Markt, Kaiserplatz 1 / Adalbertstr. 100, 52062 Aachen",52062,식품,21.09.2026-27.09.2026,ja! Mini Pizza,"versch. Sorten, tiefgefroren, je 360-g-Pckg., (1 kg = 6,92 €)",2.49,,,"6,92 €",https://www.rewe.de/angebote/aachen/1931021/rewe-markt-kaiserplatz-1-adalbertstr-100/,52062,Aachen,,,,미검토,,947
2026-09-20 21:02 Europe/Berlin,REWE,"REWE Markt, Kaiserplatz 1 / Adalbertstr. 100, 52062 Aachen",52062,식품,21.09.2026-27.09.2026,ja! Rinder-Cevapcici,"je 400-g-Pckg., (1 kg = 13,23 €)",5.29,,,"13,23 €",https://www.rewe.de/angebote/aachen/1931021/rewe-markt-kaiserplatz-1-adalbertstr-100/,52062,Aachen,,,,미검토,,948
2026-09-20 21:02 Europe/Berlin,REWE,"REWE Markt, Kaiserplatz 1 / Adalbertstr. 100, 52062 Aachen",52062,식품,21.09.2026-27.09.2026,ja! Sandwichwaffeln,"je 128-g-Pckg., (1 kg = 13,98 €)",1.79,,,"13,98 €",https://www.rewe.de/angebote/aachen/1931021/rewe-markt-kaiserplatz-1-adalbertstr-100/,52062,Aachen,,,,미검토,,949
2026-09-20 21:02 Europe/Berlin,REWE,"REWE Markt, Kaiserplatz 1 / Adalbertstr. 100, 52062 Aachen",52062,식품,21.09.2026-27.09.2026,ja! Schweine-Nackenkotelett,"je 700-g-Pckg., (1 kg = 6,13 €)",4.29,,,"6,13 €",https://www.rewe.de/angebote/aachen/1931021/rewe-markt-kaiserplatz-1-adalbertstr-100/,52062,Aachen,,,,미검토,,950
2026-09-20 21:02 Europe/Berlin,REWE,"REWE Markt, Kaiserplatz 1 / Adalbertstr. 100, 52062 Aachen",52062,식품,21.09.2026-27.09.2026,ja! Senf,"mittelscharf, je 250-ml-Glas, (1 l = 2,36 €)",0.59,,,"2,36 €",https://www.rewe.de/angebote/aachen/1931021/rewe-markt-kaiserplatz-1-adalbertstr-100/,52062,Aachen,,,,미검토,,951
2026-09-20 21:02 Europe/Berlin,REWE,"REWE Markt, Kaiserplatz 1 / Adalbertstr. 100, 52062 Aachen",52062,식품,21.09.2026-27.09.2026,ja! Westfälischer Pumpernickel,"aus Roggenvollkornschrot, je 500-g-Pckg., (1 kg = 2,98 €)",1.49,,,"2,98 €",https://www.rewe.de/angebote/aachen/1931021/rewe-markt-kaiserplatz-1-adalbertstr-100/,52062,Aachen,,,,미검토,,952
2026-09-20 21:02 Europe/Berlin,REWE,"REWE Markt, Kaiserplatz 1 / Adalbertstr. 100, 52062 Aachen",52062,주류,21.09.2026-27.09.2026,Jack Daniel’s Coca-Cola oder Southern Peach,"10% Vol., teilw. koffeinhaltig, je 0,33-l-Dose, (1 l = 6,03 €), zzgl. 0,25 € Pfand",1.99,,,"6,03 €",https://www.rewe.de/angebote/aachen/1931021/rewe-markt-kaiserplatz-1-adalbertstr-100/,52062,Aachen,,,,미검토,,953
2026-09-20 21:02 Europe/Berlin,REWE,"REWE Markt, Kaiserplatz 1 / Adalbertstr. 100, 52062 Aachen",52062,식품,21.09.2026-27.09.2026,Jacobs 2in1 Classic,"je 124-g-Pckg., (1 kg = 16,05 €)",1.99,,,"16,05 €",https://www.rewe.de/angebote/aachen/1931021/rewe-markt-kaiserplatz-1-adalbertstr-100/,52062,Aachen,,,,미검토,,954
2026-09-20 21:02 Europe/Berlin,REWE,"REWE Markt, Kaiserplatz 1 / Adalbertstr. 100, 52062 Aachen",52062,식품,21.09.2026-27.09.2026,Jacobs 3in1 Classic,"je 120-g-Pckg., (1 kg = 16,58 €)",1.99,,,"16,58 €",https://www.rewe.de/angebote/aachen/1931021/rewe-markt-kaiserplatz-1-adalbertstr-100/,52062,Aachen,,,,미검토,,955
2026-09-20 21:02 Europe/Berlin,REWE,"REWE Markt, Kaiserplatz 1 / Adalbertstr. 100, 52062 Aachen",52062,식품,21.09.2026-27.09.2026,Jacobs Krönung,"versch. Sorten, gemahlener Bohnenkaffee, je 500-g-Pckg., (1 kg = 11,98 €)",5.99,,,"11,98 €",https://www.rewe.de/angebote/aachen/1931021/rewe-markt-kaiserplatz-1-adalbertstr-100/,52062,Aachen,,,,미검토,,956
2026-09-20 21:02 Europe/Berlin,REWE,"REWE Markt, Kaiserplatz 1 / Adalbertstr. 100, 52062 Aachen",52062,주류,21.09.2026-27.09.2026,Johnnie Walker Red Label Blended Scotch Whisky,"40% Vol., je 0,7-l-Fl., (1 l = 15,70 €)",10.99,,,"15,70 €",https://www.rewe.de/angebote/aachen/1931021/rewe-markt-kaiserplatz-1-adalbertstr-100/,52062,Aachen,,,,미검토,,957
2026-09-20 21:02 Europe/Berlin,REWE,"REWE Markt, Kaiserplatz 1 / Adalbertstr. 100, 52062 Aachen",52062,주류,21.09.2026-27.09.2026,Jules Mumm Sekt,"versch. Sorten, je 0,75-l-Fl., (1 l = 5,32 €)",3.99,,,"5,32 €",https://www.rewe.de/angebote/aachen/1931021/rewe-markt-kaiserplatz-1-adalbertstr-100/,52062,Aachen,,,,미검토,,958
2026-09-20 21:02 Europe/Berlin,REWE,"REWE Markt, Kaiserplatz 1 / Adalbertstr. 100, 52062 Aachen",52062,주류,21.09.2026-27.09.2026,Karlsberg Mixery,"versch. Sorten, teilw. koffeinhaltig, je 6 x 0,33-l-Fl.-Sixpack, (1 l = 2,02 €), zzgl. 0,48 € Pfand",3.99,,,"2,02 €",https://www.rewe.de/angebote/aachen/1931021/rewe-markt-kaiserplatz-1-adalbertstr-100/,52062,Aachen,,,,미검토,,959
2026-09-20 21:02 Europe/Berlin,REWE,"REWE Markt, Kaiserplatz 1 / Adalbertstr. 100, 52062 Aachen",52062,식품,21.09.2026-27.09.2026,Kernlose Tafeltrauben,"Sorte: siehe Etikett, Kl. I, je 1 kg",3.99,,,,https://www.rewe.de/angebote/aachen/1931021/rewe-markt-kaiserplatz-1-adalbertstr-100/,52062,Aachen,,,,미검토,,960
2026-09-20 21:02 Europe/Berlin,REWE,"REWE Markt, Kaiserplatz 1 / Adalbertstr. 100, 52062 Aachen",52062,식품,21.09.2026-27.09.2026,Kerrygold Cheddar gerieben,"je 150-g-Btl., (1 kg = 10,60 €)",1.59,,,"10,60 €",https://www.rewe.de/angebote/aachen/1931021/rewe-markt-kaiserplatz-1-adalbertstr-100/,52062,Aachen,,,,미검토,,961
2026-09-20 21:02 Europe/Berlin,REWE,"REWE Markt, Kaiserplatz 1 / Adalbertstr. 100, 52062 Aachen",52062,식품,21.09.2026-27.09.2026,Kerrygold Cheddar Käse Scheiben,"je 130-g-Pckg., (1 kg = 12,23 €)",1.59,,,"12,23 €",https://www.rewe.de/angebote/aachen/1931021/rewe-markt-kaiserplatz-1-adalbertstr-100/,52062,Aachen,,,,미검토,,962
2026-09-20 21:02 Europe/Berlin,REWE,"REWE Markt, Kaiserplatz 1 / Adalbertstr. 100, 52062 Aachen",52062,식품,21.09.2026-27.09.2026,Kerrygold Original Irische Butter oder Extra,"versch. Sorten, je 250-g-Pckg. / 250-g-Becher, (1 kg = 7,16 €)",1.79,,,"7,16 €",https://www.rewe.de/angebote/aachen/1931021/rewe-markt-kaiserplatz-1-adalbertstr-100/,52062,Aachen,,,,미검토,,963
2026-09-20 21:02 Europe/Berlin,REWE,"REWE Markt, Kaiserplatz 1 / Adalbertstr. 100, 52062 Aachen",52062,식품,21.09.2026-27.09.2026,Kinder Bueno,"je 10 x 21,5-g-Pckg., (1 kg = 13,91 €)",2.99,,,"13,91 €",https://www.rewe.de/angebote/aachen/1931021/rewe-markt-kaiserplatz-1-adalbertstr-100/,52062,Aachen,,,,미검토,,964
2026-09-20 21:02 Europe/Berlin,REWE,"REWE Markt, Kaiserplatz 1 / Adalbertstr. 100, 52062 Aachen",52062,식품,21.09.2026-27.09.2026,Kinder Schoko-Bons,"je 200-g-Btl., (1 kg = 14,95 €)",2.99,,,"14,95 €",https://www.rewe.de/angebote/aachen/1931021/rewe-markt-kaiserplatz-1-adalbertstr-100/,52062,Aachen,,,,미검토,,965
2026-09-20 21:02 Europe/Berlin,REWE,"REWE Markt, Kaiserplatz 1 / Adalbertstr. 100, 52062 Aachen",52062,식품,21.09.2026-27.09.2026,King Cuisine Hummus,"je 175-g-Schale, (1 kg = 10,23 €)",1.79,,,"10,23 €",https://www.rewe.de/angebote/aachen/1931021/rewe-markt-kaiserplatz-1-adalbertstr-100/,52062,Aachen,,,,미검토,,966
2026-09-20 21:02 Europe/Berlin,REWE,"REWE Markt, Kaiserplatz 1 / Adalbertstr. 100, 52062 Aachen",52062,식품,21.09.2026-27.09.2026,Kiri Dippi,"je 105-g-Pckg., (1 kg = 18,95 €)",1.99,,,"18,95 €",https://www.rewe.de/angebote/aachen/1931021/rewe-markt-kaiserplatz-1-adalbertstr-100/,52062,Aachen,,,,미검토,,967
2026-09-20 21:02 Europe/Berlin,REWE,"REWE Markt, Kaiserplatz 1 / Adalbertstr. 100, 52062 Aachen",52062,식품,21.09.2026-27.09.2026,Kiri Portionen,"je 108-g-Pckg., (1 kg = 18,43 €)",1.99,,,"18,43 €",https://www.rewe.de/angebote/aachen/1931021/rewe-markt-kaiserplatz-1-adalbertstr-100/,52062,Aachen,,,,미검토,,968
2026-09-20 21:02 Europe/Berlin,REWE,"REWE Markt, Kaiserplatz 1 / Adalbertstr. 100, 52062 Aachen",52062,식품,21.09.2026-27.09.2026,Knorr Soße 3er-Pack,"versch. Sorten, ausreichend für 3 x 250 ml, je Pckg.",0.89,,,,https://www.rewe.de/angebote/aachen/1931021/rewe-markt-kaiserplatz-1-adalbertstr-100/,52062,Aachen,,,,미검토,,969
2026-09-20 21:02 Europe/Berlin,REWE,"REWE Markt, Kaiserplatz 1 / Adalbertstr. 100, 52062 Aachen",52062,식품,21.09.2026-27.09.2026,Krone Räucher-Lachs,"je 150-g-Pckg., (1 kg = 26,60 €)",3.99,,,"26,60 €",https://www.rewe.de/angebote/aachen/1931021/rewe-markt-kaiserplatz-1-adalbertstr-100/,52062,Aachen,,,,미검토,,970
2026-09-20 21:02 Europe/Berlin,REWE,"REWE Markt, Kaiserplatz 1 / Adalbertstr. 100, 52062 Aachen",52062,주류,21.09.2026-27.09.2026,Lamberti Pinot Grigio DOC,"trocken, je 0,75-l-Fl., (1 l = 5,32 €)",3.99,,,"5,32 €",https://www.rewe.de/angebote/aachen/1931021/rewe-markt-kaiserplatz-1-adalbertstr-100/,52062,Aachen,,,,미검토,,971
2026-09-20 21:02 Europe/Berlin,REWE,"REWE Markt, Kaiserplatz 1 / Adalbertstr. 100, 52062 Aachen",52062,식품,21.09.2026-27.09.2026,Lambertz Amerikaner,"je 220-g-Pckg., (1 kg = 9,05 €)",1.99,,,"9,05 €",https://www.rewe.de/angebote/aachen/1931021/rewe-markt-kaiserplatz-1-adalbertstr-100/,52062,Aachen,,,,미검토,,972
2026-09-20 21:02 Europe/Berlin,REWE,"REWE Markt, Kaiserplatz 1 / Adalbertstr. 100, 52062 Aachen",52062,식품,21.09.2026-27.09.2026,Landliebe Joghurt,"versch. Sorten, je 500-g-Glas, (1 kg = 2,22 €), zzgl. 0,15 € Pfand",1.11,,,"2,22 €",https://www.rewe.de/angebote/aachen/1931021/rewe-markt-kaiserplatz-1-adalbertstr-100/,52062,Aachen,,,,미검토,,973
2026-09-20 21:02 Europe/Berlin,REWE,"REWE Markt, Kaiserplatz 1 / Adalbertstr. 100, 52062 Aachen",52062,식품,21.09.2026-27.09.2026,Landliebe Sahnepudding,"Schokolade, je 150-g-Becher, (1 kg = 3,27 €)",0.49,,,"3,27 €",https://www.rewe.de/angebote/aachen/1931021/rewe-markt-kaiserplatz-1-adalbertstr-100/,52062,Aachen,,,,미검토,,974
2026-09-20 21:02 Europe/Berlin,REWE,"REWE Markt, Kaiserplatz 1 / Adalbertstr. 100, 52062 Aachen",52062,식품,21.09.2026-27.09.2026,Landliebe Vollmilchpudding,"Schoko, je 225-g-Becher, (1 kg = 2,18 €)",0.49,,,"2,18 €",https://www.rewe.de/angebote/aachen/1931021/rewe-markt-kaiserplatz-1-adalbertstr-100/,52062,Aachen,,,,미검토,,975
2026-09-20 21:02 Europe/Berlin,REWE,"REWE Markt, Kaiserplatz 1 / Adalbertstr. 100, 52062 Aachen",52062,식품,21.09.2026-27.09.2026,Laugenzopf Elsässer Art,je St.,0.99,,,,https://www.rewe.de/angebote/aachen/1931021/rewe-markt-kaiserplatz-1-adalbertstr-100/,52062,Aachen,,,,미검토,,976
2026-09-20 21:02 Europe/Berlin,REWE,"REWE Markt, Kaiserplatz 1 / Adalbertstr. 100, 52062 Aachen",52062,식품,21.09.2026-27.09.2026,Lay’s Chips,"gesalzen, je 150-g-Pckg., (1 kg = 6,60 €)",0.99,,,"6,60 €",https://www.rewe.de/angebote/aachen/1931021/rewe-markt-kaiserplatz-1-adalbertstr-100/,52062,Aachen,,,,미검토,,977
2026-09-20 21:02 Europe/Berlin,REWE,"REWE Markt, Kaiserplatz 1 / Adalbertstr. 100, 52062 Aachen",52062,식품,21.09.2026-27.09.2026,Leerdammer Käsescheiben,"versch. Sorten, je 140-g-Pckg., (1 kg = 12,07 €)",1.69,,,"12,07 €",https://www.rewe.de/angebote/aachen/1931021/rewe-markt-kaiserplatz-1-adalbertstr-100/,52062,Aachen,,,,미검토,,978
2026-09-20 21:02 Europe/Berlin,REWE,"REWE Markt, Kaiserplatz 1 / Adalbertstr. 100, 52062 Aachen",52062,식품,21.09.2026-27.09.2026,Limetten,"Ursprung und Sorte: siehe Etikett, Kl. I, je 4 St.-Schale",1.19,,,,https://www.rewe.de/angebote/aachen/1931021/rewe-markt-kaiserplatz-1-adalbertstr-100/,52062,Aachen,,,,미검토,,979
2026-09-20 21:02 Europe/Berlin,REWE,"REWE Markt, Kaiserplatz 1 / Adalbertstr. 100, 52062 Aachen",52062,식품,21.09.2026-27.09.2026,Lysell Feinmarinaden,"versch. Sorten, je 125-g-Dose, (1 kg = 13,52 €)",1.69,,,"13,52 €",https://www.rewe.de/angebote/aachen/1931021/rewe-markt-kaiserplatz-1-adalbertstr-100/,52062,Aachen,,,,미검토,,980
2026-09-20 21:02 Europe/Berlin,REWE,"REWE Markt, Kaiserplatz 1 / Adalbertstr. 100, 52062 Aachen",52062,식품,21.09.2026-27.09.2026,Maggi Fix Airfryer Paprika Pommes Frites,"je 34-g-Btl., (1 kg = 12,94 €)",0.44,,,"12,94 €",https://www.rewe.de/angebote/aachen/1931021/rewe-markt-kaiserplatz-1-adalbertstr-100/,52062,Aachen,,,,미검토,,981
2026-09-20 21:02 Europe/Berlin,REWE,"REWE Markt, Kaiserplatz 1 / Adalbertstr. 100, 52062 Aachen",52062,식품,21.09.2026-27.09.2026,Maggi Fix Nudel-Schinken Gratin,"je 33-g-Btl., (1 kg = 13,33 €)",0.44,,,"13,33 €",https://www.rewe.de/angebote/aachen/1931021/rewe-markt-kaiserplatz-1-adalbertstr-100/,52062,Aachen,,,,미검토,,982
2026-09-20 21:02 Europe/Berlin,REWE,"REWE Markt, Kaiserplatz 1 / Adalbertstr. 100, 52062 Aachen",52062,식품,21.09.2026-27.09.2026,Maggi Für Genießer Pfefferrahmsauce,"ausreichend für 250 ml, je Btl.",0.79,,,,https://www.rewe.de/angebote/aachen/1931021/rewe-markt-kaiserplatz-1-adalbertstr-100/,52062,Aachen,,,,미검토,,983
2026-09-20 21:02 Europe/Berlin,REWE,"REWE Markt, Kaiserplatz 1 / Adalbertstr. 100, 52062 Aachen",52062,식품,21.09.2026-27.09.2026,Maggi Für Genießer Zwiebelsuppe,"ausreichend für 750 ml, je Btl.",0.79,,,,https://www.rewe.de/angebote/aachen/1931021/rewe-markt-kaiserplatz-1-adalbertstr-100/,52062,Aachen,,,,미검토,,984
2026-09-20 21:02 Europe/Berlin,REWE,"REWE Markt, Kaiserplatz 1 / Adalbertstr. 100, 52062 Aachen",52062,식품,21.09.2026-27.09.2026,Maggi Ravioli,"in Tomatensauce, je 800-g-Dose, (1 kg = 2,49 €)",1.99,,,"2,49 €",https://www.rewe.de/angebote/aachen/1931021/rewe-markt-kaiserplatz-1-adalbertstr-100/,52062,Aachen,,,,미검토,,985
2026-09-20 21:02 Europe/Berlin,REWE,"REWE Markt, Kaiserplatz 1 / Adalbertstr. 100, 52062 Aachen",52062,식품,21.09.2026-27.09.2026,Magnum Almond,"je 6 x 100-ml-Pckg., (1 l = 4,98 €)",2.99,,,"4,98 €",https://www.rewe.de/angebote/aachen/1931021/rewe-markt-kaiserplatz-1-adalbertstr-100/,52062,Aachen,,,,미검토,,986
2026-09-20 21:02 Europe/Berlin,REWE,"REWE Markt, Kaiserplatz 1 / Adalbertstr. 100, 52062 Aachen",52062,식품,21.09.2026-27.09.2026,Magnum Crackables Pistachio,"je 440-ml-Becher, (1 l = 6,80 €)",2.99,,,"6,80 €",https://www.rewe.de/angebote/aachen/1931021/rewe-markt-kaiserplatz-1-adalbertstr-100/,52062,Aachen,,,,미검토,,987
2026-09-20 21:02 Europe/Berlin,REWE,"REWE Markt, Kaiserplatz 1 / Adalbertstr. 100, 52062 Aachen",52062,식품,21.09.2026-27.09.2026,Mälzer & Fu Ice Cream Creations,"versch. Sorten, je 4 x 120-ml-Pckg., (1 l = 8,31 €)",3.99,,,"8,31 €",https://www.rewe.de/angebote/aachen/1931021/rewe-markt-kaiserplatz-1-adalbertstr-100/,52062,Aachen,,,,미검토,,988
2026-09-20 21:02 Europe/Berlin,REWE,"REWE Markt, Kaiserplatz 1 / Adalbertstr. 100, 52062 Aachen",52062,식품,21.09.2026-27.09.2026,Matthews Hähnchen Filetstreifen,"Klassik, je 125-g-Pckg., (1 kg = 18,32 €)",2.29,,,"18,32 €",https://www.rewe.de/angebote/aachen/1931021/rewe-markt-kaiserplatz-1-adalbertstr-100/,52062,Aachen,,,,미검토,,989
2026-09-20 21:02 Europe/Berlin,REWE,"REWE Markt, Kaiserplatz 1 / Adalbertstr. 100, 52062 Aachen",52062,식품,21.09.2026-27.09.2026,Matthews Hähnchenbrust Filetstücke,"Paprika, je 150-g-Pckg., (1 kg = 15,27 €)",2.29,,,"15,27 €",https://www.rewe.de/angebote/aachen/1931021/rewe-markt-kaiserplatz-1-adalbertstr-100/,52062,Aachen,,,,미검토,,990
2026-09-20 21:02 Europe/Berlin,REWE,"REWE Markt, Kaiserplatz 1 / Adalbertstr. 100, 52062 Aachen",52062,식품,21.09.2026-27.09.2026,McCain 1-2-3 Frites Original,"tiefgefroren, je 1500-g-Btl., (1 kg = 1,99 €)",2.99,,,"1,99 €",https://www.rewe.de/angebote/aachen/1931021/rewe-markt-kaiserplatz-1-adalbertstr-100/,52062,Aachen,,,,미검토,,991
2026-09-20 21:02 Europe/Berlin,REWE,"REWE Markt, Kaiserplatz 1 / Adalbertstr. 100, 52062 Aachen",52062,식품,21.09.2026-27.09.2026,McCain Golden Longs,"tiefgefroren, je 1000-g-Btl.",2.99,,,,https://www.rewe.de/angebote/aachen/1931021/rewe-markt-kaiserplatz-1-adalbertstr-100/,52062,Aachen,,,,미검토,,992
2026-09-20 21:02 Europe/Berlin,REWE,"REWE Markt, Kaiserplatz 1 / Adalbertstr. 100, 52062 Aachen",52062,주류,21.09.2026-27.09.2026,Mederano de Freixenet oder Mia Wein,"versch. Sorten, halbtrocken, je 0,75-l-Fl., (1 l = 3,99 €)",2.99,,,"3,99 €",https://www.rewe.de/angebote/aachen/1931021/rewe-markt-kaiserplatz-1-adalbertstr-100/,52062,Aachen,,,,미검토,,993
2026-09-20 21:02 Europe/Berlin,REWE,"REWE Markt, Kaiserplatz 1 / Adalbertstr. 100, 52062 Aachen",52062,식품,21.09.2026-27.09.2026,Metten Rindfleischsalami,je 100 g,2.49,,,,https://www.rewe.de/angebote/aachen/1931021/rewe-markt-kaiserplatz-1-adalbertstr-100/,52062,Aachen,,,,미검토,,994
2026-09-20 21:02 Europe/Berlin,REWE,"REWE Markt, Kaiserplatz 1 / Adalbertstr. 100, 52062 Aachen",52062,식품,21.09.2026-27.09.2026,Mettenden oder Pfefferbeißer,je 100 g,1.69,,,,https://www.rewe.de/angebote/aachen/1931021/rewe-markt-kaiserplatz-1-adalbertstr-100/,52062,Aachen,,,,미검토,,995
2026-09-20 21:02 Europe/Berlin,REWE,"REWE Markt, Kaiserplatz 1 / Adalbertstr. 100, 52062 Aachen",52062,식품,21.09.2026-27.09.2026,Milka Alpenmilch Schokolade,"je 250-g-Tafel, (1 kg = 11,16 €)",2.79,,,"11,16 €",https://www.rewe.de/angebote/aachen/1931021/rewe-markt-kaiserplatz-1-adalbertstr-100/,52062,Aachen,,,,미검토,,996
2026-09-20 21:02 Europe/Berlin,REWE,"REWE Markt, Kaiserplatz 1 / Adalbertstr. 100, 52062 Aachen",52062,식품,21.09.2026-27.09.2026,Milka Gingerbread,"je 300-g-Tafel, (1 kg = 9,30 €)",2.79,,,"9,30 €",https://www.rewe.de/angebote/aachen/1931021/rewe-markt-kaiserplatz-1-adalbertstr-100/,52062,Aachen,,,,미검토,,997
2026-09-20 21:02 Europe/Berlin,REWE,"REWE Markt, Kaiserplatz 1 / Adalbertstr. 100, 52062 Aachen",52062,식품,21.09.2026-27.09.2026,Milka Pralinés Alles Gute,"je 110-g-Pckg., (1 kg = 18,09 €)",1.99,,,"18,09 €",https://www.rewe.de/angebote/aachen/1931021/rewe-markt-kaiserplatz-1-adalbertstr-100/,52062,Aachen,,,,미검토,,998
2026-09-20 21:02 Europe/Berlin,REWE,"REWE Markt, Kaiserplatz 1 / Adalbertstr. 100, 52062 Aachen",52062,식품,21.09.2026-27.09.2026,Milka Pralinés Dankeschön,"je 111-g-Pckg., (1 kg = 17,93 €)",1.99,,,"17,93 €",https://www.rewe.de/angebote/aachen/1931021/rewe-markt-kaiserplatz-1-adalbertstr-100/,52062,Aachen,,,,미검토,,999
2026-09-20 21:02 Europe/Berlin,REWE,"REWE Markt, Kaiserplatz 1 / Adalbertstr. 100, 52062 Aachen",52062,식품,21.09.2026-27.09.2026,Milram Dessertsoße Vanille,"sahnig lecker, je 500-ml-Pckg., (1 l = 3,38 €)",1.69,,,"3,38 €",https://www.rewe.de/angebote/aachen/1931021/rewe-markt-kaiserplatz-1-adalbertstr-100/,52062,Aachen,,,,미검토,,1000
2026-09-20 21:02 Europe/Berlin,REWE,"REWE Markt, Kaiserplatz 1 / Adalbertstr. 100, 52062 Aachen",52062,식품,21.09.2026-27.09.2026,Mini Babybel 5er,"45% Fett i.Tr., je 100-g-Netz, (1 kg = 17,90 €)",1.79,,,"17,90 €",https://www.rewe.de/angebote/aachen/1931021/rewe-markt-kaiserplatz-1-adalbertstr-100/,52062,Aachen,,,,미검토,,1001
2026-09-20 21:02 Europe/Berlin,REWE,"REWE Markt, Kaiserplatz 1 / Adalbertstr. 100, 52062 Aachen",52062,식품,21.09.2026-27.09.2026,Möhrenstifte,"je 200-g-Btl., (1 kg = 3,95 €)",0.79,,,"3,95 €",https://www.rewe.de/angebote/aachen/1931021/rewe-markt-kaiserplatz-1-adalbertstr-100/,52062,Aachen,,,,미검토,,1002
2026-09-20 21:02 Europe/Berlin,REWE,"REWE Markt, Kaiserplatz 1 / Adalbertstr. 100, 52062 Aachen",52062,식품,21.09.2026-27.09.2026,Müller Froop,"versch. Sorten, je 150-g-Becher, (1 kg = 2,93 €)",0.44,,,"2,93 €",https://www.rewe.de/angebote/aachen/1931021/rewe-markt-kaiserplatz-1-adalbertstr-100/,52062,Aachen,,,,미검토,,1003
2026-09-20 21:02 Europe/Berlin,REWE,"REWE Markt, Kaiserplatz 1 / Adalbertstr. 100, 52062 Aachen",52062,식품,21.09.2026-27.09.2026,Müller Müllermilch,"versch. Sorten, je 400-ml-Fl., (1 l = 1,98 €), zzgl. 0,25 € Pfand",0.79,,,"1,98 €",https://www.rewe.de/angebote/aachen/1931021/rewe-markt-kaiserplatz-1-adalbertstr-100/,52062,Aachen,,,,미검토,,1004
2026-09-20 21:02 Europe/Berlin,REWE,"REWE Markt, Kaiserplatz 1 / Adalbertstr. 100, 52062 Aachen",52062,식품,21.09.2026-27.09.2026,Mutti geschälte italienische Tomaten,"je 400-g-Dose, (1 kg = 4,27 €), 260 g Abtropfgewicht",1.11,,,"4,27 €",https://www.rewe.de/angebote/aachen/1931021/rewe-markt-kaiserplatz-1-adalbertstr-100/,52062,Aachen,,,,미검토,,1005
2026-09-20 21:02 Europe/Berlin,REWE,"REWE Markt, Kaiserplatz 1 / Adalbertstr. 100, 52062 Aachen",52062,식품,21.09.2026-27.09.2026,Mutti Polpa,"feinstes Tomatenfruchtfleisch, je 400-g-Dose, (1 kg = 2,78 €)",1.11,,,"2,78 €",https://www.rewe.de/angebote/aachen/1931021/rewe-markt-kaiserplatz-1-adalbertstr-100/,52062,Aachen,,,,미검토,,1006
2026-09-20 21:02 Europe/Berlin,REWE,"REWE Markt, Kaiserplatz 1 / Adalbertstr. 100, 52062 Aachen",52062,식품,21.09.2026-27.09.2026,Nergi Kiwibeeren,"je 125-g-Schale, (1 kg = 15,92 €)",1.99,,,"15,92 €",https://www.rewe.de/angebote/aachen/1931021/rewe-markt-kaiserplatz-1-adalbertstr-100/,52062,Aachen,,,,미검토,,1007
2026-09-20 21:02 Europe/Berlin,REWE,"REWE Markt, Kaiserplatz 1 / Adalbertstr. 100, 52062 Aachen",52062,식품,21.09.2026-27.09.2026,Nescafé Classic,"löslicher Bohnenkaffee, je 200-g-Glas, (1 kg = 29,95 €)",5.99,,,"29,95 €",https://www.rewe.de/angebote/aachen/1931021/rewe-markt-kaiserplatz-1-adalbertstr-100/,52062,Aachen,,,,미검토,,1008
2026-09-20 21:02 Europe/Berlin,REWE,"REWE Markt, Kaiserplatz 1 / Adalbertstr. 100, 52062 Aachen",52062,식품,21.09.2026-27.09.2026,Nestlé Cini Minis,"je 375-g-Pckg., (1 kg = 6,64 €)",2.49,,,"6,64 €",https://www.rewe.de/angebote/aachen/1931021/rewe-markt-kaiserplatz-1-adalbertstr-100/,52062,Aachen,,,,미검토,,1009
2026-09-20 21:02 Europe/Berlin,REWE,"REWE Markt, Kaiserplatz 1 / Adalbertstr. 100, 52062 Aachen",52062,식품,21.09.2026-27.09.2026,Nestlé Nesquik,"je 330-g-Pckg., (1 kg = 7,55 €)",2.49,,,"7,55 €",https://www.rewe.de/angebote/aachen/1931021/rewe-markt-kaiserplatz-1-adalbertstr-100/,52062,Aachen,,,,미검토,,1010
2026-09-20 21:02 Europe/Berlin,REWE,"REWE Markt, Kaiserplatz 1 / Adalbertstr. 100, 52062 Aachen",52062,식품,21.09.2026-27.09.2026,Nimm 2 Lachgummi,"versch. Sorten, je 250-g-Btl., (1 kg = 3,96 €)",0.99,,,"3,96 €",https://www.rewe.de/angebote/aachen/1931021/rewe-markt-kaiserplatz-1-adalbertstr-100/,52062,Aachen,,,,미검토,,1011
2026-09-20 21:02 Europe/Berlin,REWE,"REWE Markt, Kaiserplatz 1 / Adalbertstr. 100, 52062 Aachen",52062,식품,21.09.2026-27.09.2026,Nuii Ice Cream Salted Caramel & Australian Macadamia oder Milka Vanilla & Chocolate Swirl,"je 3 x 90-ml-Pckg., (1 l = 8,22 €)",2.22,,,"8,22 €",https://www.rewe.de/angebote/aachen/1931021/rewe-markt-kaiserplatz-1-adalbertstr-100/,52062,Aachen,,,,미검토,,1012
2026-09-20 21:02 Europe/Berlin,REWE,"REWE Markt, Kaiserplatz 1 / Adalbertstr. 100, 52062 Aachen",52062,식품,21.09.2026-27.09.2026,Nutella,"je 450-g-Glas, (1 kg = 5,98 €)",2.69,,,"5,98 €",https://www.rewe.de/angebote/aachen/1931021/rewe-markt-kaiserplatz-1-adalbertstr-100/,52062,Aachen,,,,미검토,,1013
2026-09-20 21:02 Europe/Berlin,REWE,"REWE Markt, Kaiserplatz 1 / Adalbertstr. 100, 52062 Aachen",52062,식품,21.09.2026-27.09.2026,Nutella Plant Based,"je 350-g-Glas, (1 kg = 7,69 €)",2.69,,,"7,69 €",https://www.rewe.de/angebote/aachen/1931021/rewe-markt-kaiserplatz-1-adalbertstr-100/,52062,Aachen,,,,미검토,,1014
2026-09-20 21:02 Europe/Berlin,REWE,"REWE Markt, Kaiserplatz 1 / Adalbertstr. 100, 52062 Aachen",52062,식품,21.09.2026-27.09.2026,Odenwald Apfelmus,"0% Zuckerzusatz, 100% Frucht, je 355-g-Glas, (1 kg = 4,20 €)",1.49,,,"4,20 €",https://www.rewe.de/angebote/aachen/1931021/rewe-markt-kaiserplatz-1-adalbertstr-100/,52062,Aachen,,,,미검토,,1015
2026-09-20 21:02 Europe/Berlin,REWE,"REWE Markt, Kaiserplatz 1 / Adalbertstr. 100, 52062 Aachen",52062,식품,21.09.2026-27.09.2026,Orangen,"Sorte: siehe Etikett, Kl. I, je 1,5-kg-Netz, (1 kg = 1,66 €)",2.49,,,"1,66 €",https://www.rewe.de/angebote/aachen/1931021/rewe-markt-kaiserplatz-1-adalbertstr-100/,52062,Aachen,,,,미검토,,1016
2026-09-20 21:02 Europe/Berlin,REWE,"REWE Markt, Kaiserplatz 1 / Adalbertstr. 100, 52062 Aachen",52062,식품,21.09.2026-27.09.2026,Oreo Kekse,"Original, je 154-g-Rolle, (1 kg = 8,38 €)",1.29,,,"8,38 €",https://www.rewe.de/angebote/aachen/1931021/rewe-markt-kaiserplatz-1-adalbertstr-100/,52062,Aachen,,,,미검토,,1017
2026-09-20 21:02 Europe/Berlin,REWE,"REWE Markt, Kaiserplatz 1 / Adalbertstr. 100, 52062 Aachen",52062,식품,21.09.2026-27.09.2026,Oreo Kekse,"BTS, je 157-g-Rolle, (1 kg = 8,22 €)",1.29,,,"8,22 €",https://www.rewe.de/angebote/aachen/1931021/rewe-markt-kaiserplatz-1-adalbertstr-100/,52062,Aachen,,,,미검토,,1018
2026-09-20 21:02 Europe/Berlin,REWE,"REWE Markt, Kaiserplatz 1 / Adalbertstr. 100, 52062 Aachen",52062,식품,21.09.2026-27.09.2026,Ostmann Let’s do,"versch. Sorten, je 70-g-Dose, (1 kg = 42,71 €)",2.99,,,"42,71 €",https://www.rewe.de/angebote/aachen/1931021/rewe-markt-kaiserplatz-1-adalbertstr-100/,52062,Aachen,,,,미검토,,1019
2026-09-20 21:02 Europe/Berlin,REWE,"REWE Markt, Kaiserplatz 1 / Adalbertstr. 100, 52062 Aachen",52062,식품,21.09.2026-27.09.2026,Pema Haferbrot Vital+,"je 250-g-Pckg., (1 kg = 6,36 €)",1.59,,,"6,36 €",https://www.rewe.de/angebote/aachen/1931021/rewe-markt-kaiserplatz-1-adalbertstr-100/,52062,Aachen,,,,미검토,,1020
2026-09-20 21:02 Europe/Berlin,REWE,"REWE Markt, Kaiserplatz 1 / Adalbertstr. 100, 52062 Aachen",52062,주류,21.09.2026-27.09.2026,Peter & Peter Riesling oder Grauburgunder Qualitätswein,"feinherb, trocken, je 0,75-l-Fl., (1 l = 5,32 €)",3.99,,,"5,32 €",https://www.rewe.de/angebote/aachen/1931021/rewe-markt-kaiserplatz-1-adalbertstr-100/,52062,Aachen,,,,미검토,,1021
2026-09-20 21:02 Europe/Berlin,REWE,"REWE Markt, Kaiserplatz 1 / Adalbertstr. 100, 52062 Aachen",52062,식품,21.09.2026-27.09.2026,Pfanni Kartoffel Püree,"das Komplette, je 283,5-g-Pckg., (1 kg = 5,26 €)",1.49,,,"5,26 €",https://www.rewe.de/angebote/aachen/1931021/rewe-markt-kaiserplatz-1-adalbertstr-100/,52062,Aachen,,,,미검토,,1022
2026-09-20 21:02 Europe/Berlin,REWE,"REWE Markt, Kaiserplatz 1 / Adalbertstr. 100, 52062 Aachen",52062,식품,21.09.2026-27.09.2026,Pfanni Kartoffel Püree,"das Lockere, je 240-g-Pckg., (1 kg = 6,21 €)",1.49,,,"6,21 €",https://www.rewe.de/angebote/aachen/1931021/rewe-markt-kaiserplatz-1-adalbertstr-100/,52062,Aachen,,,,미검토,,1023
2026-09-20 21:02 Europe/Berlin,REWE,"REWE Markt, Kaiserplatz 1 / Adalbertstr. 100, 52062 Aachen",52062,식품,21.09.2026-27.09.2026,Pfanni Knödel,"versch. Sorten, je 200-g-Pckg., (1 kg = 7,45 €)",1.49,,,"7,45 €",https://www.rewe.de/angebote/aachen/1931021/rewe-markt-kaiserplatz-1-adalbertstr-100/,52062,Aachen,,,,미검토,,1024
2026-09-20 21:02 Europe/Berlin,REWE,"REWE Markt, Kaiserplatz 1 / Adalbertstr. 100, 52062 Aachen",52062,식품,21.09.2026-27.09.2026,Philadelphia,"Natur, je 195-g-Pckg., (1 kg = 5,69 €)",1.11,,,"5,69 €",https://www.rewe.de/angebote/aachen/1931021/rewe-markt-kaiserplatz-1-adalbertstr-100/,52062,Aachen,,,,미검토,,1025
2026-09-20 21:02 Europe/Berlin,REWE,"REWE Markt, Kaiserplatz 1 / Adalbertstr. 100, 52062 Aachen",52062,식품,21.09.2026-27.09.2026,Pizzadonut Flammkuchen,je St.,0.99,,,,https://www.rewe.de/angebote/aachen/1931021/rewe-markt-kaiserplatz-1-adalbertstr-100/,52062,Aachen,,,,미검토,,1026
2026-09-20 21:02 Europe/Berlin,REWE,"REWE Markt, Kaiserplatz 1 / Adalbertstr. 100, 52062 Aachen",52062,식품,21.09.2026-27.09.2026,Popp Brotaufstrich,"versch. Sorten, je 150-g-Becher, (1 kg = 8,60 €)",1.29,,,"8,60 €",https://www.rewe.de/angebote/aachen/1931021/rewe-markt-kaiserplatz-1-adalbertstr-100/,52062,Aachen,,,,미검토,,1027
2026-09-20 21:02 Europe/Berlin,REWE,"REWE Markt, Kaiserplatz 1 / Adalbertstr. 100, 52062 Aachen",52062,음료,21.09.2026-27.09.2026,Powerade Mountain Blast,"je 1-l-Fl., zzgl. 0,25 € Pfand",1.59,,,,https://www.rewe.de/angebote/aachen/1931021/rewe-markt-kaiserplatz-1-adalbertstr-100/,52062,Aachen,,,,미검토,,1028
2026-09-20 21:02 Europe/Berlin,REWE,"REWE Markt, Kaiserplatz 1 / Adalbertstr. 100, 52062 Aachen",52062,식품,21.09.2026-27.09.2026,Premium Geflügelrolle,"gefüllt mit einer saftigen Hähnchenwurst, je St.",1.00,,,,https://www.rewe.de/angebote/aachen/1931021/rewe-markt-kaiserplatz-1-adalbertstr-100/,52062,Aachen,,,,미검토,,1029
2026-09-20 21:02 Europe/Berlin,REWE,"REWE Markt, Kaiserplatz 1 / Adalbertstr. 100, 52062 Aachen",52062,식품,21.09.2026-27.09.2026,Quäse Körniger Frischkäse,"je 200-g-Becher, (1 kg = 7,45 €)",1.49,,,"7,45 €",https://www.rewe.de/angebote/aachen/1931021/rewe-markt-kaiserplatz-1-adalbertstr-100/,52062,Aachen,,,,미검토,,1030
2026-09-20 21:02 Europe/Berlin,REWE,"REWE Markt, Kaiserplatz 1 / Adalbertstr. 100, 52062 Aachen",52062,주류,21.09.2026-27.09.2026,Radeberger Pilsner,"je 20 x 0,5-l-Fl.-Kasten, (1 l = 1,10 €), zzgl. 3,10 € Pfand",10.99,,,"1,10 €",https://www.rewe.de/angebote/aachen/1931021/rewe-markt-kaiserplatz-1-adalbertstr-100/,52062,Aachen,,,,미검토,,1031
2026-09-20 21:02 Europe/Berlin,REWE,"REWE Markt, Kaiserplatz 1 / Adalbertstr. 100, 52062 Aachen",52062,식품,21.09.2026-27.09.2026,Rama mit Butter,"je 250-g-Pckg., (1 kg = 5,16 €)",1.29,,,"5,16 €",https://www.rewe.de/angebote/aachen/1931021/rewe-markt-kaiserplatz-1-adalbertstr-100/,52062,Aachen,,,,미검토,,1032
2026-09-20 21:02 Europe/Berlin,REWE,"REWE Markt, Kaiserplatz 1 / Adalbertstr. 100, 52062 Aachen",52062,식품,21.09.2026-27.09.2026,"Rama zum Streichen, Backen & Kochen","je 400-g-Becher, (1 kg = 3,23 €)",1.29,,,"3,23 €",https://www.rewe.de/angebote/aachen/1931021/rewe-markt-kaiserplatz-1-adalbertstr-100/,52062,Aachen,,,,미검토,,1033
2026-09-20 21:02 Europe/Berlin,REWE,"REWE Markt, Kaiserplatz 1 / Adalbertstr. 100, 52062 Aachen",52062,식품,21.09.2026-27.09.2026,Rapso Rapsöl,"100% rein, aus kontrolliertem Anbau, je 750-ml-Fl., (1 l = 4,65 €)",3.49,,,"4,65 €",https://www.rewe.de/angebote/aachen/1931021/rewe-markt-kaiserplatz-1-adalbertstr-100/,52062,Aachen,,,,미검토,,1034
2026-09-20 21:02 Europe/Berlin,REWE,"REWE Markt, Kaiserplatz 1 / Adalbertstr. 100, 52062 Aachen",52062,음료,21.09.2026-27.09.2026,Red Bull Energy Drink,"versch. Sorten, koffeinhaltig, je 0,25-l-Dose, (1 l = 3,52 €), zzgl. 0,25 € Pfand",0.88,,,"3,52 €",https://www.rewe.de/angebote/aachen/1931021/rewe-markt-kaiserplatz-1-adalbertstr-100/,52062,Aachen,,,,미검토,,1035
2026-09-20 21:02 Europe/Berlin,REWE,"REWE Markt, Kaiserplatz 1 / Adalbertstr. 100, 52062 Aachen",52062,식품,21.09.2026-27.09.2026,Reinert Klosterschinken,je 100 g,1.49,,,,https://www.rewe.de/angebote/aachen/1931021/rewe-markt-kaiserplatz-1-adalbertstr-100/,52062,Aachen,,,,미검토,,1036
2026-09-20 21:02 Europe/Berlin,REWE,"REWE Markt, Kaiserplatz 1 / Adalbertstr. 100, 52062 Aachen",52062,식품,21.09.2026-27.09.2026,Ritter Sport Schokolade,"versch. Sorten, je 100-g-Tafel, (1 kg = 11,10 €)",1.11,,,"11,10 €",https://www.rewe.de/angebote/aachen/1931021/rewe-markt-kaiserplatz-1-adalbertstr-100/,52062,Aachen,,,,미검토,,1037
2026-09-20 21:02 Europe/Berlin,REWE,"REWE Markt, Kaiserplatz 1 / Adalbertstr. 100, 52062 Aachen",52062,식품,21.09.2026-27.09.2026,Rochebaron oder Peyrigoux,"frz. Weichkäse, versch. Sorten, je 100 g",2.69,,,,https://www.rewe.de/angebote/aachen/1931021/rewe-markt-kaiserplatz-1-adalbertstr-100/,52062,Aachen,,,,미검토,,1038
2026-09-20 21:02 Europe/Berlin,REWE,"REWE Markt, Kaiserplatz 1 / Adalbertstr. 100, 52062 Aachen",52062,식품,21.09.2026-27.09.2026,Rote Tafeläpfel,"»Nicoter«, Kl. I, je 760-g-Schale, (1 kg = 2,62 €)",1.99,,,"2,62 €",https://www.rewe.de/angebote/aachen/1931021/rewe-markt-kaiserplatz-1-adalbertstr-100/,52062,Aachen,,,,미검토,,1039
2026-09-20 21:02 Europe/Berlin,REWE,"REWE Markt, Kaiserplatz 1 / Adalbertstr. 100, 52062 Aachen",52062,식품,21.09.2026-27.09.2026,Rügenwalder Mühle Pommersche Gutsleberwurst,"versch. Sorten, je 100 g",1.79,,,,https://www.rewe.de/angebote/aachen/1931021/rewe-markt-kaiserplatz-1-adalbertstr-100/,52062,Aachen,,,,미검토,,1040
2026-09-20 21:02 Europe/Berlin,REWE,"REWE Markt, Kaiserplatz 1 / Adalbertstr. 100, 52062 Aachen",52062,식품,21.09.2026-27.09.2026,Saupiquet Thunfisch-Filets,"in Olivenöl, je 2 x 80-g-Dosen-Pckg., (1 kg = 23,94 €), 104 g Abtropfgewicht",2.49,,,"23,94 €",https://www.rewe.de/angebote/aachen/1931021/rewe-markt-kaiserplatz-1-adalbertstr-100/,52062,Aachen,,,,미검토,,1041
2026-09-20 21:02 Europe/Berlin,REWE,"REWE Markt, Kaiserplatz 1 / Adalbertstr. 100, 52062 Aachen",52062,식품,21.09.2026-27.09.2026,Saupiquet Thunfisch-Filets,"Naturale, je 2 x 80-g-Dosen-Pckg., (1 kg = 22,23 €), 112 g Abtropfgewicht",2.49,,,"22,23 €",https://www.rewe.de/angebote/aachen/1931021/rewe-markt-kaiserplatz-1-adalbertstr-100/,52062,Aachen,,,,미검토,,1042
2026-09-20 21:02 Europe/Berlin,REWE,"REWE Markt, Kaiserplatz 1 / Adalbertstr. 100, 52062 Aachen",52062,주류,21.09.2026-27.09.2026,Scavi & Ray Prosecco Frizzante,"je 0,75-l-Fl., (1 l = 7,99 €)",5.99,,,"7,99 €",https://www.rewe.de/angebote/aachen/1931021/rewe-markt-kaiserplatz-1-adalbertstr-100/,52062,Aachen,,,,미검토,,1043
2026-09-20 21:02 Europe/Berlin,REWE,"REWE Markt, Kaiserplatz 1 / Adalbertstr. 100, 52062 Aachen",52062,주류,21.09.2026-27.09.2026,"Schmackes Hell oder alkoholfrei 0,0%","versch. Sorten, je 6 x 0,33-l-Fl.-Sixpack, (1 l = 1,76 €), zzgl. 0,48 € Pfand",3.49,,,"1,76 €",https://www.rewe.de/angebote/aachen/1931021/rewe-markt-kaiserplatz-1-adalbertstr-100/,52062,Aachen,,,,미검토,,1044
2026-09-20 21:02 Europe/Berlin,REWE,"REWE Markt, Kaiserplatz 1 / Adalbertstr. 100, 52062 Aachen",52062,음료,21.09.2026-27.09.2026,Sinalco Limonade,"versch. Sorten, teilw. koffeinhaltig, je 1,25-l-Fl., (1 l = 0,63 €), zzgl. 0,25 € Pfand",0.79,,,"0,63 €",https://www.rewe.de/angebote/aachen/1931021/rewe-markt-kaiserplatz-1-adalbertstr-100/,52062,Aachen,,,,미검토,,1045
2026-09-20 21:02 Europe/Berlin,REWE,"REWE Markt, Kaiserplatz 1 / Adalbertstr. 100, 52062 Aachen",52062,식품,21.09.2026-27.09.2026,Snickers Original Ice Cream,"je 251,5-ml-Pckg., (1 l = 9,11 €)",2.29,,,"9,11 €",https://www.rewe.de/angebote/aachen/1931021/rewe-markt-kaiserplatz-1-adalbertstr-100/,52062,Aachen,,,,미검토,,1046
2026-09-20 21:02 Europe/Berlin,REWE,"REWE Markt, Kaiserplatz 1 / Adalbertstr. 100, 52062 Aachen",52062,주류,21.09.2026-27.09.2026,Spaten Münchner Hell,"je 20 x 0,5-l-Fl.-Kasten, (1 l = 1,50 €), zzgl. 3,10 € Pfand",14.99,,,"1,50 €",https://www.rewe.de/angebote/aachen/1931021/rewe-markt-kaiserplatz-1-adalbertstr-100/,52062,Aachen,,,,미검토,,1047
2026-09-20 21:02 Europe/Berlin,REWE,"REWE Markt, Kaiserplatz 1 / Adalbertstr. 100, 52062 Aachen",52062,식품,21.09.2026-27.09.2026,Speisekartoffeln,"Sorte und Kocheigenschaft: siehe Etikett, Qualität I, je 2,5-kg-Btl., (1 kg = 0,76 €)",1.89,,,"0,76 €",https://www.rewe.de/angebote/aachen/1931021/rewe-markt-kaiserplatz-1-adalbertstr-100/,52062,Aachen,,,,미검토,,1048
2026-09-20 21:02 Europe/Berlin,REWE,"REWE Markt, Kaiserplatz 1 / Adalbertstr. 100, 52062 Aachen",52062,식품,21.09.2026-27.09.2026,Speisemöhren,"Kl. I, je 1,5-kg-Btl., (1 kg = 0,74 €)",1.11,,,"0,74 €",https://www.rewe.de/angebote/aachen/1931021/rewe-markt-kaiserplatz-1-adalbertstr-100/,52062,Aachen,,,,미검토,,1049
2026-09-20 21:02 Europe/Berlin,REWE,"REWE Markt, Kaiserplatz 1 / Adalbertstr. 100, 52062 Aachen",52062,식품,21.09.2026-27.09.2026,Spreewaldhof Spreelinge Gewürzgurken,"je 670-g-Glas, (1 kg = 4,69 €), 360 g Abtropfgewicht",1.69,,,"4,69 €",https://www.rewe.de/angebote/aachen/1931021/rewe-markt-kaiserplatz-1-adalbertstr-100/,52062,Aachen,,,,미검토,,1050
2026-09-20 21:02 Europe/Berlin,REWE,"REWE Markt, Kaiserplatz 1 / Adalbertstr. 100, 52062 Aachen",52062,식품,21.09.2026-27.09.2026,St. Michel Choco Crepes,"je 180-g-Btl., (1 kg = 8,28 €)",1.49,,,"8,28 €",https://www.rewe.de/angebote/aachen/1931021/rewe-markt-kaiserplatz-1-adalbertstr-100/,52062,Aachen,,,,미검토,,1051
2026-09-20 21:02 Europe/Berlin,REWE,"REWE Markt, Kaiserplatz 1 / Adalbertstr. 100, 52062 Aachen",52062,식품,21.09.2026-27.09.2026,Starbucks House Blend Kaffeekapseln,"Lungo, je 52-g-Pckg., (1 kg = 70,96 €)",3.69,,,"70,96 €",https://www.rewe.de/angebote/aachen/1931021/rewe-markt-kaiserplatz-1-adalbertstr-100/,52062,Aachen,,,,미검토,,1052
2026-09-20 21:02 Europe/Berlin,REWE,"REWE Markt, Kaiserplatz 1 / Adalbertstr. 100, 52062 Aachen",52062,식품,21.09.2026-27.09.2026,Starbucks Smooth Caramel Kaffeekapseln,"je 51-g-Pckg., (1 kg = 72,35 €)",3.69,,,"72,35 €",https://www.rewe.de/angebote/aachen/1931021/rewe-markt-kaiserplatz-1-adalbertstr-100/,52062,Aachen,,,,미검토,,1053
2026-09-20 21:02 Europe/Berlin,REWE,"REWE Markt, Kaiserplatz 1 / Adalbertstr. 100, 52062 Aachen",52062,식품,21.09.2026-27.09.2026,Storck Toffifee,"versch. Sorten, je 125-g-Pckg., (1 kg = 8,88 €)",1.11,,,"8,88 €",https://www.rewe.de/angebote/aachen/1931021/rewe-markt-kaiserplatz-1-adalbertstr-100/,52062,Aachen,,,,미검토,,1054
2026-09-20 21:02 Europe/Berlin,REWE,"REWE Markt, Kaiserplatz 1 / Adalbertstr. 100, 52062 Aachen",52062,주류,21.09.2026-27.09.2026,Süss & Fruchtig oder Trollinger Qualitätswein,"versch. Sorten, je 0,75-l-Fl., (1 l = 3,99 €)",2.99,,,"3,99 €",https://www.rewe.de/angebote/aachen/1931021/rewe-markt-kaiserplatz-1-adalbertstr-100/,52062,Aachen,,,,미검토,,1055
2026-09-20 21:02 Europe/Berlin,REWE,"REWE Markt, Kaiserplatz 1 / Adalbertstr. 100, 52062 Aachen",52062,주류,21.09.2026-27.09.2026,Tamnavulin Speyside Sherry,"40% Vol., je 0,7-l-Fl., (1 l = 28,56 €)",19.99,,,"28,56 €",https://www.rewe.de/angebote/aachen/1931021/rewe-markt-kaiserplatz-1-adalbertstr-100/,52062,Aachen,,,,미검토,,1056
2026-09-20 21:02 Europe/Berlin,REWE,"REWE Markt, Kaiserplatz 1 / Adalbertstr. 100, 52062 Aachen",52062,식품,21.09.2026-27.09.2026,Thomy Delikatess Mayonnaise,"je 200-ml-Tube, (1 l = 8,95 €)",1.79,,,"8,95 €",https://www.rewe.de/angebote/aachen/1931021/rewe-markt-kaiserplatz-1-adalbertstr-100/,52062,Aachen,,,,미검토,,1057
2026-09-20 21:02 Europe/Berlin,REWE,"REWE Markt, Kaiserplatz 1 / Adalbertstr. 100, 52062 Aachen",52062,식품,21.09.2026-27.09.2026,Thomy Delikatess Mayonnaise,"je 250-ml-Glas, (1 l = 7,16 €)",1.79,,,"7,16 €",https://www.rewe.de/angebote/aachen/1931021/rewe-markt-kaiserplatz-1-adalbertstr-100/,52062,Aachen,,,,미검토,,1058
2026-09-20 21:02 Europe/Berlin,REWE,"REWE Markt, Kaiserplatz 1 / Adalbertstr. 100, 52062 Aachen",52062,식품,21.09.2026-27.09.2026,Timmendorfer Rügenwalder Teewurst,"versch. Sorten, je 100 g",1.79,,,,https://www.rewe.de/angebote/aachen/1931021/rewe-markt-kaiserplatz-1-adalbertstr-100/,52062,Aachen,,,,미검토,,1059
2026-09-20 21:02 Europe/Berlin,REWE,"REWE Markt, Kaiserplatz 1 / Adalbertstr. 100, 52062 Aachen",52062,식품,21.09.2026-27.09.2026,Tony’s Schokolade,"versch. Sorten, je 180-g-Pckg., (1 kg = 16,61 €)",2.99,,,"16,61 €",https://www.rewe.de/angebote/aachen/1931021/rewe-markt-kaiserplatz-1-adalbertstr-100/,52062,Aachen,,,,미검토,,1060
2026-09-20 21:02 Europe/Berlin,REWE,"REWE Markt, Kaiserplatz 1 / Adalbertstr. 100, 52062 Aachen",52062,식품,21.09.2026-27.09.2026,Trumpf Edle Tropfen Obstbrände,"je 200-g-Pckg., (1 kg = 14,95 €)",2.99,,,"14,95 €",https://www.rewe.de/angebote/aachen/1931021/rewe-markt-kaiserplatz-1-adalbertstr-100/,52062,Aachen,,,,미검토,,1061
2026-09-20 21:02 Europe/Berlin,REWE,"REWE Markt, Kaiserplatz 1 / Adalbertstr. 100, 52062 Aachen",52062,식품,21.09.2026-27.09.2026,Ültje Erdnüsse,"geröstet & gesalzen, je 180-g-Dose, (1 kg = 9,39 €)",1.69,,,"9,39 €",https://www.rewe.de/angebote/aachen/1931021/rewe-markt-kaiserplatz-1-adalbertstr-100/,52062,Aachen,,,,미검토,,1062
2026-09-20 21:02 Europe/Berlin,REWE,"REWE Markt, Kaiserplatz 1 / Adalbertstr. 100, 52062 Aachen",52062,식품,21.09.2026-27.09.2026,Ültje Fusion Peanuts,"Paprika Flamed Style, je 150-g-Btl., (1 kg = 11,27 €)",1.69,,,"11,27 €",https://www.rewe.de/angebote/aachen/1931021/rewe-markt-kaiserplatz-1-adalbertstr-100/,52062,Aachen,,,,미검토,,1063
2026-09-20 21:02 Europe/Berlin,REWE,"REWE Markt, Kaiserplatz 1 / Adalbertstr. 100, 52062 Aachen",52062,식품,21.09.2026-27.09.2026,Vita Coco Kokosnusswasser,"versch. Sorten, je 330-ml-Pckg., (1 l = 4,82 €)",1.59,,,"4,82 €",https://www.rewe.de/angebote/aachen/1931021/rewe-markt-kaiserplatz-1-adalbertstr-100/,52062,Aachen,,,,미검토,,1064
2026-09-20 21:02 Europe/Berlin,REWE,"REWE Markt, Kaiserplatz 1 / Adalbertstr. 100, 52062 Aachen",52062,음료,21.09.2026-27.09.2026,Volvic Touch oder Tee,"versch. Sorten, je 1,5-l-Fl., (1 l = 0,74 €), zzgl. 0,25 € Pfand",1.11,,,"0,74 €",https://www.rewe.de/angebote/aachen/1931021/rewe-markt-kaiserplatz-1-adalbertstr-100/,52062,Aachen,,,,미검토,,1065
2026-09-20 21:02 Europe/Berlin,REWE,"REWE Markt, Kaiserplatz 1 / Adalbertstr. 100, 52062 Aachen",52062,음료,21.09.2026-27.09.2026,Vöslauer Flavour Mineralwasser,"versch. Sorten, je 6 x 1-l-Fl.-Pckg., (1 l = 0,79 €), zzgl. 1,50 € Pfand",4.74,,,"0,79 €",https://www.rewe.de/angebote/aachen/1931021/rewe-markt-kaiserplatz-1-adalbertstr-100/,52062,Aachen,,,,미검토,,1066
2026-09-20 21:02 Europe/Berlin,REWE,"REWE Markt, Kaiserplatz 1 / Adalbertstr. 100, 52062 Aachen",52062,식품,21.09.2026-27.09.2026,Wasa Sesam & Vollkorn,"je 200-g-Pckg., (1 kg = 8,95 €)",1.79,,,"8,95 €",https://www.rewe.de/angebote/aachen/1931021/rewe-markt-kaiserplatz-1-adalbertstr-100/,52062,Aachen,,,,미검토,,1067
2026-09-20 21:02 Europe/Berlin,REWE,"REWE Markt, Kaiserplatz 1 / Adalbertstr. 100, 52062 Aachen",52062,식품,21.09.2026-27.09.2026,Wasa Vollkorn Roggen,"je 260-g-Pckg., (1 kg = 6,88 €)",1.79,,,"6,88 €",https://www.rewe.de/angebote/aachen/1931021/rewe-markt-kaiserplatz-1-adalbertstr-100/,52062,Aachen,,,,미검토,,1068
2026-09-20 21:02 Europe/Berlin,REWE,"REWE Markt, Kaiserplatz 1 / Adalbertstr. 100, 52062 Aachen",52062,식품,21.09.2026-27.09.2026,Weihenstephan Kochsahne,"je 250-g-Pckg., (1 kg = 5,16 €)",1.29,,,"5,16 €",https://www.rewe.de/angebote/aachen/1931021/rewe-markt-kaiserplatz-1-adalbertstr-100/,52062,Aachen,,,,미검토,,1069
2026-09-20 21:02 Europe/Berlin,REWE,"REWE Markt, Kaiserplatz 1 / Adalbertstr. 100, 52062 Aachen",52062,식품,21.09.2026-27.09.2026,Weihenstephan Naturjoghurt mild,"versch. Sorten, je 500-g-Becher, (1 kg = 1,98 €)",0.99,,,"1,98 €",https://www.rewe.de/angebote/aachen/1931021/rewe-markt-kaiserplatz-1-adalbertstr-100/,52062,Aachen,,,,미검토,,1070
2026-09-20 21:02 Europe/Berlin,REWE,"REWE Markt, Kaiserplatz 1 / Adalbertstr. 100, 52062 Aachen",52062,식품,21.09.2026-27.09.2026,Wiesenhof Bruzzzler Minis,"je 350-g-Pckg., (1 kg = 9,97 €)",3.49,,,"9,97 €",https://www.rewe.de/angebote/aachen/1931021/rewe-markt-kaiserplatz-1-adalbertstr-100/,52062,Aachen,,,,미검토,,1071
2026-09-20 21:02 Europe/Berlin,REWE,"REWE Markt, Kaiserplatz 1 / Adalbertstr. 100, 52062 Aachen",52062,식품,21.09.2026-27.09.2026,Wiesenhof Bruzzzler Original,"je 5 x 80-g-Pckg., (1 kg = 8,73 €)",3.49,,,"8,73 €",https://www.rewe.de/angebote/aachen/1931021/rewe-markt-kaiserplatz-1-adalbertstr-100/,52062,Aachen,,,,미검토,,1072
2026-09-20 21:02 Europe/Berlin,REWE,"REWE Markt, Kaiserplatz 1 / Adalbertstr. 100, 52062 Aachen",52062,식품,21.09.2026-27.09.2026,Wilhelm Brandenburg Hackfleisch gemischt,"vom Rind und Schwein, je 250-g-Pckg., (1 kg = 9,96 €)",2.49,,,"9,96 €",https://www.rewe.de/angebote/aachen/1931021/rewe-markt-kaiserplatz-1-adalbertstr-100/,52062,Aachen,,,,미검토,,1073
2026-09-20 21:02 Europe/Berlin,REWE,"REWE Markt, Kaiserplatz 1 / Adalbertstr. 100, 52062 Aachen",52062,주류,21.09.2026-27.09.2026,Wilthener Gebirgskräuter,"30% Vol., je 0,7-l-Fl., (1 l = 7,84 €)",5.49,,,"7,84 €",https://www.rewe.de/angebote/aachen/1931021/rewe-markt-kaiserplatz-1-adalbertstr-100/,52062,Aachen,,,,미검토,,1074
2026-09-20 21:02 Europe/Berlin,REWE,"REWE Markt, Kaiserplatz 1 / Adalbertstr. 100, 52062 Aachen",52062,식품,21.09.2026-27.09.2026,Zentis Frühstücks-Konfitüre,"versch. Sorten, je 230-g-Glas, (1 kg = 6,48 €)",1.49,,,"6,48 €",https://www.rewe.de/angebote/aachen/1931021/rewe-markt-kaiserplatz-1-adalbertstr-100/,52062,Aachen,,,,미검토,,1075
2026-09-20 21:02 Europe/Berlin,REWE,"REWE Markt, Kaiserplatz 1 / Adalbertstr. 100, 52062 Aachen",52062,식품,21.09.2026-27.09.2026,Zwiebelbaguette,"je 330-g-lose, (1 kg = 6,03 €)",1.99,,,"6,03 €",https://www.rewe.de/angebote/aachen/1931021/rewe-markt-kaiserplatz-1-adalbertstr-100/,52062,Aachen,,,,미검토,,1076
2026-09-20 21:02 Europe/Berlin,EDEKA,"EDEKA Buller, Matthiaskirchweg 6, 40472 Düsseldorf",40472,식품,21.09.2026-26.09.2026,3 Glocken Genuss Pur,"versch. Sorten, je 500 g Packung, (1 kg = € 2.58)",1.29,,,2.58,https://www.edeka.de/maerkte/071158/angebote/,40468,Düsseldorf,,,,미검토,,1077
2026-09-20 21:02 Europe/Berlin,EDEKA,"EDEKA Buller, Matthiaskirchweg 6, 40472 Düsseldorf",40472,식품,21.09.2026-26.09.2026,7 Days Croissants,"versch. Sorten, je 240 g / 185 g Packung / Beutel, (1 kg = € 8.29 / € 10.76)",1.99,,,8.29 / € 10.76,https://www.edeka.de/maerkte/071158/angebote/,40468,Düsseldorf,,,,미검토,,1078
2026-09-20 21:02 Europe/Berlin,EDEKA,"EDEKA Buller, Matthiaskirchweg 6, 40472 Düsseldorf",40472,식품,21.09.2026-26.09.2026,After Eight Classic,"200 g Packung, (1 kg = € 11.10)",2.22,,,11.10,https://www.edeka.de/maerkte/071158/angebote/,40468,Düsseldorf,,,,미검토,,1079
2026-09-20 21:02 Europe/Berlin,EDEKA,"EDEKA Buller, Matthiaskirchweg 6, 40472 Düsseldorf",40472,식품,21.09.2026-26.09.2026,Ahornsirup,"250 ml Flasche, (1 l = € 13.32)",3.33,,,13.32,https://www.edeka.de/maerkte/071158/angebote/,40468,Düsseldorf,,,,미검토,,1080
2026-09-20 21:02 Europe/Berlin,EDEKA,"EDEKA Buller, Matthiaskirchweg 6, 40472 Düsseldorf",40472,식품,21.09.2026-26.09.2026,Alpenhain Obazda oder Camembert Creme,"versch. Sorten, je 125 g Becher, (1 kg = € 11.92)",1.49,1.29,,11.92,https://www.edeka.de/maerkte/071158/angebote/,40468,Düsseldorf,,,,미검토,,1081
2026-09-20 21:02 Europe/Berlin,EDEKA,"EDEKA Buller, Matthiaskirchweg 6, 40472 Düsseldorf",40472,주류,21.09.2026-26.09.2026,Aperol Spritz,"10,5% Vol., Packung = 3 x 0,2 l pfandfrei, (1 l = € 11.65)",6.99,,,11.65,https://www.edeka.de/maerkte/071158/angebote/,40468,Düsseldorf,,,,미검토,,1082
2026-09-20 21:02 Europe/Berlin,EDEKA,"EDEKA Buller, Matthiaskirchweg 6, 40472 Düsseldorf",40472,식품,21.09.2026-26.09.2026,Appenzeller Appenzellerin,"schweizer Halbhartkäse, mind. 48% Fett i. Tr., je 100 g am Stück",2.29,,,,https://www.edeka.de/maerkte/071158/angebote/,40468,Düsseldorf,,,,미검토,,1083
2026-09-20 21:02 Europe/Berlin,EDEKA,"EDEKA Buller, Matthiaskirchweg 6, 40472 Düsseldorf",40472,음료,21.09.2026-26.09.2026,Asbach Uralt,"36% Vol., 0,7 l Flasche, (1 l = € 14.27)",9.99,,,14.27,https://www.edeka.de/maerkte/071158/angebote/,40468,Düsseldorf,,,,미검토,,1084
2026-09-20 21:02 Europe/Berlin,EDEKA,"EDEKA Buller, Matthiaskirchweg 6, 40472 Düsseldorf",40472,식품,21.09.2026-26.09.2026,Bille - Chicken Salami,"versch. ummantelt, je 100 g",1.99,,,,https://www.edeka.de/maerkte/071158/angebote/,40468,Düsseldorf,,,,미검토,,1085
2026-09-20 21:02 Europe/Berlin,EDEKA,"EDEKA Buller, Matthiaskirchweg 6, 40472 Düsseldorf",40472,식품,21.09.2026-26.09.2026,Birkel’s No. 1 oder 7 Hühnchen Nudeln,"versch. Sorten, je 500 g / 600 g Packung, (1 kg = € 2.58 / € 2.15)",1.29,,,2.58 / € 2.15,https://www.edeka.de/maerkte/071158/angebote/,40468,Düsseldorf,,,,미검토,,1086
2026-09-20 21:02 Europe/Berlin,EDEKA,"EDEKA Buller, Matthiaskirchweg 6, 40472 Düsseldorf",40472,식품,21.09.2026-26.09.2026,Bonduelle Gemüsekonserven,"versch. Sorten, je 300 g - 400 g Dose / 220 g - 285 g Abtropfg., (1 kg = ab € 2.78)",1.11,,,ab € 2.78,https://www.edeka.de/maerkte/071158/angebote/,40468,Düsseldorf,,,,미검토,,1087
2026-09-20 21:02 Europe/Berlin,EDEKA,"EDEKA Buller, Matthiaskirchweg 6, 40472 Düsseldorf",40472,식품,21.09.2026-26.09.2026,Börek-Stick,"mit Feta-Füllung oder Spinat-Feta-Füllung, je Stück",0.50,,,,https://www.edeka.de/maerkte/071158/angebote/,40468,Düsseldorf,,,,미검토,,1088
2026-09-20 21:02 Europe/Berlin,EDEKA,"EDEKA Buller, Matthiaskirchweg 6, 40472 Düsseldorf",40472,식품,21.09.2026-26.09.2026,Brandt Der Markenzwieback,"225 g Packung, (1 kg = € 5.73)",1.29,,,5.73,https://www.edeka.de/maerkte/071158/angebote/,40468,Düsseldorf,,,,미검토,,1089
2026-09-20 21:02 Europe/Berlin,EDEKA,"EDEKA Buller, Matthiaskirchweg 6, 40472 Düsseldorf",40472,식품,21.09.2026-26.09.2026,Bulgur- oder Bauernsalat,"verzehrfertig, je 250 g Schale, (1 kg = € 11.96)",2.99,,,11.96,https://www.edeka.de/maerkte/071158/angebote/,40468,Düsseldorf,,,,미검토,,1090
2026-09-20 21:02 Europe/Berlin,EDEKA,"EDEKA Buller, Matthiaskirchweg 6, 40472 Düsseldorf",40472,식품,21.09.2026-26.09.2026,Cathedral City Cheddar,"4 / 9 Monate gereift, 48% Fett i. Tr., je 120 g Packung, (1 kg = € 16.58)",1.99,,,16.58,https://www.edeka.de/maerkte/071158/angebote/,40468,Düsseldorf,,,,미검토,,1091
2026-09-20 21:02 Europe/Berlin,EDEKA,"EDEKA Buller, Matthiaskirchweg 6, 40472 Düsseldorf",40472,식품,21.09.2026-26.09.2026,Cevapcici,"aus Rinder- und Schweinehackfleisch, mit einer Paprika-Knoblauch-Note abgerundet, je 10 x 50 g Stück = 500 g, (1 kg = € 10.00)",5.00,,,10.00,https://www.edeka.de/maerkte/071158/angebote/,40468,Düsseldorf,,,,미검토,,1092
2026-09-20 21:02 Europe/Berlin,EDEKA,"EDEKA Buller, Matthiaskirchweg 6, 40472 Düsseldorf",40472,식품,21.09.2026-26.09.2026,Choi's Bibimmyeon Instant Nudeln,"versch. Sorten, je 113 g - 131 g Beutel, (1 kg = ab € 11.37)",1.49,,,ab € 11.37,https://www.edeka.de/maerkte/071158/angebote/,40468,Düsseldorf,,,,미검토,,1093
2026-09-20 21:02 Europe/Berlin,EDEKA,"EDEKA Buller, Matthiaskirchweg 6, 40472 Düsseldorf",40472,음료,21.09.2026-26.09.2026,"Coca-Cola, Coca-Cola Zero, Mezzo Mix oder Sprite","koffeinhaltig, je Kasten = 6 x 1 l zzgl. € 2.40 Pfand, (1 l = € 1.33)",7.99,,,1.33,https://www.edeka.de/maerkte/071158/angebote/,40468,Düsseldorf,,,,미검토,,1094
2026-09-20 21:02 Europe/Berlin,EDEKA,"EDEKA Buller, Matthiaskirchweg 6, 40472 Düsseldorf",40472,음료,21.09.2026-26.09.2026,"Coca-Cola, Fanta oder Sprite","und weitere Sorten, teilweise koffeinhaltig, je 1,25 l Flasche zzgl. € 0.25 Pfand, (1 l = € 0.89)",1.11,,,0.89,https://www.edeka.de/maerkte/071158/angebote/,40468,Düsseldorf,,,,미검토,,1095
2026-09-20 21:02 Europe/Berlin,EDEKA,"EDEKA Buller, Matthiaskirchweg 6, 40472 Düsseldorf",40472,식품,21.09.2026-26.09.2026,Corny Müsli-Riegel,"versch. Sorten auch Corny Haferkraft-Riegel, Corny Protein 4 x 25 g und Corny Protein Crunchy Riegel 45 g im Angebot, je 3 - 6 Riegel = 96 g - 150 g Packung, (1 kg = ab € 10.60)",1.59,,,ab € 10.60,https://www.edeka.de/maerkte/071158/angebote/,40468,Düsseldorf,,,,미검토,,1096
2026-09-20 21:02 Europe/Berlin,EDEKA,"EDEKA Buller, Matthiaskirchweg 6, 40472 Düsseldorf",40472,식품,21.09.2026-26.09.2026,Das Mehl,"glutenfrei, 1 kg Packung",3.99,,,,https://www.edeka.de/maerkte/071158/angebote/,40468,Düsseldorf,,,,미검토,,1097
2026-09-20 21:02 Europe/Berlin,EDEKA,"EDEKA Buller, Matthiaskirchweg 6, 40472 Düsseldorf",40472,음료,21.09.2026-26.09.2026,Deutschland - Baden - Badischer Federweißer,"versch. Sorten, je 1 l Flasche",2.49,,,,https://www.edeka.de/maerkte/071158/angebote/,40468,Düsseldorf,,,,미검토,,1098
2026-09-20 21:02 Europe/Berlin,EDEKA,"EDEKA Buller, Matthiaskirchweg 6, 40472 Düsseldorf",40472,식품,21.09.2026-26.09.2026,Deutschland - Bio-Möhren,"Klasse II, 1 kg Beutel",1.49,,,,https://www.edeka.de/maerkte/071158/angebote/,40468,Düsseldorf,,,,미검토,,1099
2026-09-20 21:02 Europe/Berlin,EDEKA,"EDEKA Buller, Matthiaskirchweg 6, 40472 Düsseldorf",40472,식품,21.09.2026-26.09.2026,Deutschland - Bio-Porree,"Klasse II, 430 g Bund, (1 kg = € 4.63)",1.99,,,4.63,https://www.edeka.de/maerkte/071158/angebote/,40468,Düsseldorf,,,,미검토,,1100
2026-09-20 21:02 Europe/Berlin,EDEKA,"EDEKA Buller, Matthiaskirchweg 6, 40472 Düsseldorf",40472,식품,21.09.2026-26.09.2026,Deutschland - Bio-Zwiebeln,"rot oder gelb, Klasse II, je 500 g / 750 g Netz, (1 kg = € 2.98 / € 1.99)",1.49,,,2.98 / € 1.99,https://www.edeka.de/maerkte/071158/angebote/,40468,Düsseldorf,,,,미검토,,1101
2026-09-20 21:02 Europe/Berlin,EDEKA,"EDEKA Buller, Matthiaskirchweg 6, 40472 Düsseldorf",40472,식품,21.09.2026-26.09.2026,Deutschland - Blumenkohl,"Klasse I, Stück",1.49,,,,https://www.edeka.de/maerkte/071158/angebote/,40468,Düsseldorf,,,,미검토,,1102
2026-09-20 21:02 Europe/Berlin,EDEKA,"EDEKA Buller, Matthiaskirchweg 6, 40472 Düsseldorf",40472,식품,21.09.2026-26.09.2026,Deutschland - Bundmöhren,"Klasse I, Bund",1.49,,,,https://www.edeka.de/maerkte/071158/angebote/,40468,Düsseldorf,,,,미검토,,1103
2026-09-20 21:02 Europe/Berlin,EDEKA,"EDEKA Buller, Matthiaskirchweg 6, 40472 Düsseldorf",40472,식품,21.09.2026-26.09.2026,Deutschland - EDEKA Regional - Mini-Romanasalat,"Klasse I, 2 Stück Packung",0.99,,,,https://www.edeka.de/maerkte/071158/angebote/,40468,Düsseldorf,,,,미검토,,1104
2026-09-20 21:02 Europe/Berlin,EDEKA,"EDEKA Buller, Matthiaskirchweg 6, 40472 Düsseldorf",40472,식품,21.09.2026-26.09.2026,Deutschland - GUT & GÜNSTIG - Speisekartoffeln,"vorwiegend festkochend oder festkochend, je 2,5 kg Beutel, (1 kg = € 0.80)",1.99,,,0.80,https://www.edeka.de/maerkte/071158/angebote/,40468,Düsseldorf,,,,미검토,,1105
2026-09-20 21:02 Europe/Berlin,EDEKA,"EDEKA Buller, Matthiaskirchweg 6, 40472 Düsseldorf",40472,식품,21.09.2026-26.09.2026,Deutschland - GUT & GÜNSTIG - Tafeläpfel Jonagold,"Klasse II, 2 kg Beutel, (1 kg = € 0.75)",1.49,,,0.75,https://www.edeka.de/maerkte/071158/angebote/,40468,Düsseldorf,,,,미검토,,1106
2026-09-20 21:02 Europe/Berlin,EDEKA,"EDEKA Buller, Matthiaskirchweg 6, 40472 Düsseldorf",40472,식품,21.09.2026-26.09.2026,Deutschland - GUT & GÜNSTIG - Zwiebeln,"Klasse II, 2 kg Netz, (1 kg = € 0.75)",1.49,,,0.75,https://www.edeka.de/maerkte/071158/angebote/,40468,Düsseldorf,,,,미검토,,1107
2026-09-20 21:02 Europe/Berlin,EDEKA,"EDEKA Buller, Matthiaskirchweg 6, 40472 Düsseldorf",40472,음료,21.09.2026-26.09.2026,Deutschland - III Freunde,"versch. Sorten, je 0,75 l Flasche, (1 l = € 10.65)",7.99,,,10.65,https://www.edeka.de/maerkte/071158/angebote/,40468,Düsseldorf,,,,미검토,,1108
2026-09-20 21:02 Europe/Berlin,EDEKA,"EDEKA Buller, Matthiaskirchweg 6, 40472 Düsseldorf",40472,식품,21.09.2026-26.09.2026,Deutschland - Kohlrabi,"weiß, Klasse I, Stück",0.55,,,,https://www.edeka.de/maerkte/071158/angebote/,40468,Düsseldorf,,,,미검토,,1109
2026-09-20 21:02 Europe/Berlin,EDEKA,"EDEKA Buller, Matthiaskirchweg 6, 40472 Düsseldorf",40472,식품,21.09.2026-26.09.2026,Deutschland - Lauchzwiebeln oder Radieschen,"Klasse I, je Bund",0.55,,,,https://www.edeka.de/maerkte/071158/angebote/,40468,Düsseldorf,,,,미검토,,1110
2026-09-20 21:02 Europe/Berlin,EDEKA,"EDEKA Buller, Matthiaskirchweg 6, 40472 Düsseldorf",40472,식품,21.09.2026-26.09.2026,Deutschland - Staudensellerie,"Klasse II, Stück",1.99,,,,https://www.edeka.de/maerkte/071158/angebote/,40468,Düsseldorf,,,,미검토,,1111
2026-09-20 21:02 Europe/Berlin,EDEKA,"EDEKA Buller, Matthiaskirchweg 6, 40472 Düsseldorf",40472,주류,21.09.2026-26.09.2026,Deutschland - Weingenuss,"versch. Sorten, je 1 l Flasche",1.99,1.79,,,https://www.edeka.de/maerkte/071158/angebote/,40468,Düsseldorf,,,,미검토,,1112
2026-09-20 21:02 Europe/Berlin,EDEKA,"EDEKA Buller, Matthiaskirchweg 6, 40472 Düsseldorf",40472,식품,21.09.2026-26.09.2026,Die Pasta glutenfrei,"versch. Sorten, je 400 g Packung, (1 kg = € 4.98)",1.99,,,4.98,https://www.edeka.de/maerkte/071158/angebote/,40468,Düsseldorf,,,,미검토,,1113
2026-09-20 21:02 Europe/Berlin,EDEKA,"EDEKA Buller, Matthiaskirchweg 6, 40472 Düsseldorf",40472,식품,21.09.2026-26.09.2026,Dr. Oetker Backmischung,"versch. Sorten, je 280 g - 580 g Packung, (1 kg = ab € 4.29)",2.49,1.99,,ab € 4.29,https://www.edeka.de/maerkte/071158/angebote/,40468,Düsseldorf,,,,미검토,,1114
2026-09-20 21:02 Europe/Berlin,EDEKA,"EDEKA Buller, Matthiaskirchweg 6, 40472 Düsseldorf",40472,식품,21.09.2026-26.09.2026,"Dr. Oetker Die Ofenfrische, Pizza Tradizionale oder La Mia Pinsa","tiefgefroren, versch. Sorten, je 305 g - 435 g Packung, (1 kg = ab € 4.11)",1.79,,,ab € 4.11,https://www.edeka.de/maerkte/071158/angebote/,40468,Düsseldorf,,,,미검토,,1115
2026-09-20 21:02 Europe/Berlin,EDEKA,"EDEKA Buller, Matthiaskirchweg 6, 40472 Düsseldorf",40472,식품,21.09.2026-26.09.2026,Dr. Oetker Pudding oder Fruchtgrütze,"versch. Sorten, je 160 g - 200 g Becher, (1 kg = ab € 4.95)",0.99,0.79,,ab € 4.95,https://www.edeka.de/maerkte/071158/angebote/,40468,Düsseldorf,,,,미검토,,1116
2026-09-20 21:02 Europe/Berlin,EDEKA,"EDEKA Buller, Matthiaskirchweg 6, 40472 Düsseldorf",40472,식품,21.09.2026-26.09.2026,Dr. Oetker Suprema,"tiefgefroren, versch. Sorten, je 475 g - 540 g Packung, (1 kg = ab € 7.39)",3.99,,,ab € 7.39,https://www.edeka.de/maerkte/071158/angebote/,40468,Düsseldorf,,,,미검토,,1117
2026-09-20 21:02 Europe/Berlin,EDEKA,"EDEKA Buller, Matthiaskirchweg 6, 40472 Düsseldorf",40472,식품,21.09.2026-26.09.2026,Ecuador - GUT & GÜNSTIG - Bananen,1 kg,1.11,,,,https://www.edeka.de/maerkte/071158/angebote/,40468,Düsseldorf,,,,미검토,,1118
2026-09-20 21:02 Europe/Berlin,EDEKA,"EDEKA Buller, Matthiaskirchweg 6, 40472 Düsseldorf",40472,식품,21.09.2026-26.09.2026,EDEKA - Laktosefreie H-Milch,"3,5% / 1,5% Fett, je 1 l Packung",0.89,,,,https://www.edeka.de/maerkte/071158/angebote/,40468,Düsseldorf,,,,미검토,,1119
2026-09-20 21:02 Europe/Berlin,EDEKA,"EDEKA Buller, Matthiaskirchweg 6, 40472 Düsseldorf",40472,식품,21.09.2026-26.09.2026,EDEKA - Saatenbrot,"glutenfrei, 300 g Packung, (1 kg = € 9.30)",2.79,,,9.30,https://www.edeka.de/maerkte/071158/angebote/,40468,Düsseldorf,,,,미검토,,1120
2026-09-20 21:02 Europe/Berlin,EDEKA,"EDEKA Buller, Matthiaskirchweg 6, 40472 Düsseldorf",40472,식품,21.09.2026-26.09.2026,EDEKA - Supersweet Mais,"150 g Dose / 140 g Abtropfg., (1 kg = € 4.93)",0.69,,,4.93,https://www.edeka.de/maerkte/071158/angebote/,40468,Düsseldorf,,,,미검토,,1121
2026-09-20 21:02 Europe/Berlin,EDEKA,"EDEKA Buller, Matthiaskirchweg 6, 40472 Düsseldorf",40472,식품,21.09.2026-26.09.2026,EDEKA - Tomaten,"versch. Sorten, je 390 g Packung, (1 kg = € 2.85)",1.11,,,2.85,https://www.edeka.de/maerkte/071158/angebote/,40468,Düsseldorf,,,,미검토,,1122
2026-09-20 21:02 Europe/Berlin,EDEKA,"EDEKA Buller, Matthiaskirchweg 6, 40472 Düsseldorf",40472,식품,21.09.2026-26.09.2026,"EDEKA - Tortenpfirsiche, Aprikosen oder Williams Christ Birnen","je 225 g Dose / 125 g / 140 g Abtropfg., (1 kg = € 7.92 / € 7.07)",0.99,,,7.92 / € 7.07,https://www.edeka.de/maerkte/071158/angebote/,40468,Düsseldorf,,,,미검토,,1123
2026-09-20 21:02 Europe/Berlin,EDEKA,"EDEKA Buller, Matthiaskirchweg 6, 40472 Düsseldorf",40472,식품,21.09.2026-26.09.2026,EDEKA Bio - Apfelessig,"naturtrüb, 750 ml Flasche, (1 l = € 2.12)",1.59,,,2.12,https://www.edeka.de/maerkte/071158/angebote/,40468,Düsseldorf,,,,미검토,,1124
2026-09-20 21:02 Europe/Berlin,EDEKA,"EDEKA Buller, Matthiaskirchweg 6, 40472 Düsseldorf",40472,식품,21.09.2026-26.09.2026,EDEKA Bio - Dinkel- oder Dinkelvollkornmehl,je 1 kg Packung,1.29,,,,https://www.edeka.de/maerkte/071158/angebote/,40468,Düsseldorf,,,,미검토,,1125
2026-09-20 21:02 Europe/Berlin,EDEKA,"EDEKA Buller, Matthiaskirchweg 6, 40472 Düsseldorf",40472,식품,21.09.2026-26.09.2026,EDEKA Bio - Natives Olivenöl extra,"aus Griechenland, 500 ml Flasche, (1 l = € 16.98)",8.49,,,16.98,https://www.edeka.de/maerkte/071158/angebote/,40468,Düsseldorf,,,,미검토,,1126
2026-09-20 21:02 Europe/Berlin,EDEKA,"EDEKA Buller, Matthiaskirchweg 6, 40472 Düsseldorf",40472,음료,21.09.2026-26.09.2026,"EDEKA Herzstücke - Saft, Nektar oder Fruchtsaftgetränk","versch. Sorten, je 1 l Flasche zzgl. € 0.25 Pfand",1.11,0.99,,,https://www.edeka.de/maerkte/071158/angebote/,40468,Düsseldorf,,,,미검토,,1127
2026-09-20 21:02 Europe/Berlin,EDEKA,"EDEKA Buller, Matthiaskirchweg 6, 40472 Düsseldorf",40472,식품,21.09.2026-26.09.2026,Edeka Küche - Tortellini,"mit Bolognese- oder Sahnesauce, je 400 g Schale, (1 kg = € 9.98)",3.99,,,9.98,https://www.edeka.de/maerkte/071158/angebote/,40468,Düsseldorf,,,,미검토,,1128
2026-09-20 21:02 Europe/Berlin,EDEKA,"EDEKA Buller, Matthiaskirchweg 6, 40472 Düsseldorf",40472,식품,21.09.2026-26.09.2026,EDEKA Regional - Herzhafter Wurst-Aufschnitt,"versch. Sorten, je 100 g Packung, (1 kg = € 13.90)",1.39,,,13.90,https://www.edeka.de/maerkte/071158/angebote/,40468,Düsseldorf,,,,미검토,,1129
2026-09-20 21:02 Europe/Berlin,EDEKA,"EDEKA Buller, Matthiaskirchweg 6, 40472 Düsseldorf",40472,식품,21.09.2026-26.09.2026,Emmi Caffè Latte,"versch. Sorten, je 230 ml Becher, (1 l = € 6.48)",1.49,1.29,,6.48,https://www.edeka.de/maerkte/071158/angebote/,40468,Düsseldorf,,,,미검토,,1130
2026-09-20 21:02 Europe/Berlin,EDEKA,"EDEKA Buller, Matthiaskirchweg 6, 40472 Düsseldorf",40472,식품,21.09.2026-26.09.2026,Exquisa Zero Quark-Joghurt-Creme,"versch. Sorten, je 400 g Becher, (1 kg = € 3.73)",1.49,,,3.73,https://www.edeka.de/maerkte/071158/angebote/,40468,Düsseldorf,,,,미검토,,1131
2026-09-20 21:02 Europe/Berlin,EDEKA,"EDEKA Buller, Matthiaskirchweg 6, 40472 Düsseldorf",40472,식품,21.09.2026-26.09.2026,Fleischkäsebrät,"roh, zum Backen, 700 g Packung, (1 kg = € 5.70)",3.99,,,5.70,https://www.edeka.de/maerkte/071158/angebote/,40468,Düsseldorf,,,,미검토,,1132
2026-09-20 21:02 Europe/Berlin,EDEKA,"EDEKA Buller, Matthiaskirchweg 6, 40472 Düsseldorf",40472,음료,21.09.2026-26.09.2026,Frankreich - Brut Dargent,"versch. Sorten, je 0,75 l Flasche, (1 l = € 7.99)",5.99,,,7.99,https://www.edeka.de/maerkte/071158/angebote/,40468,Düsseldorf,,,,미검토,,1133
2026-09-20 21:02 Europe/Berlin,EDEKA,"EDEKA Buller, Matthiaskirchweg 6, 40472 Düsseldorf",40472,주류,21.09.2026-26.09.2026,Frankreich / Deutschland - Bree Weine,"versch. Sorten auch Alkoholfrei im Angebot, je 0,75 l Flasche, (1 l = € 3.99)",2.99,2.79,,3.99,https://www.edeka.de/maerkte/071158/angebote/,40468,Düsseldorf,,,,미검토,,1134
2026-09-20 21:02 Europe/Berlin,EDEKA,"EDEKA Buller, Matthiaskirchweg 6, 40472 Düsseldorf",40472,음료,21.09.2026-26.09.2026,Franziskaner Hefeweissbier,"Alkoholfrei oder Hell, je Kasten = 11 x 0,5 l zzgl. € 2.38 Pfand, (1 l = € 1.63)",8.99,,,1.63,https://www.edeka.de/maerkte/071158/angebote/,40468,Düsseldorf,,,,미검토,,1135
2026-09-20 21:02 Europe/Berlin,EDEKA,"EDEKA Buller, Matthiaskirchweg 6, 40472 Düsseldorf",40472,식품,21.09.2026-26.09.2026,Frische Bratwurst,"vom Schwein, nach „Fränkischer Art“ gewürzt, zum Braten, 300 g Packung, (1 kg = € 9.97)",2.99,,,9.97,https://www.edeka.de/maerkte/071158/angebote/,40468,Düsseldorf,,,,미검토,,1136
2026-09-20 21:02 Europe/Berlin,EDEKA,"EDEKA Buller, Matthiaskirchweg 6, 40472 Düsseldorf",40472,식품,21.09.2026-26.09.2026,Frische Dicke Schweinerippe,"ideal zum Braten, je 1 kg",5.99,,,,https://www.edeka.de/maerkte/071158/angebote/,40468,Düsseldorf,,,,미검토,,1137
2026-09-20 21:02 Europe/Berlin,EDEKA,"EDEKA Buller, Matthiaskirchweg 6, 40472 Düsseldorf",40472,식품,21.09.2026-26.09.2026,Frische Hähnchenflügel,"Handelsklasse A, je 1 kg",4.44,,,,https://www.edeka.de/maerkte/071158/angebote/,40468,Düsseldorf,,,,미검토,,1138
2026-09-20 21:02 Europe/Berlin,EDEKA,"EDEKA Buller, Matthiaskirchweg 6, 40472 Düsseldorf",40472,식품,21.09.2026-26.09.2026,Frische Lummerkoteletts,"zart und mager, je 1 kg",6.49,,,,https://www.edeka.de/maerkte/071158/angebote/,40468,Düsseldorf,,,,미검토,,1139
2026-09-20 21:02 Europe/Berlin,EDEKA,"EDEKA Buller, Matthiaskirchweg 6, 40472 Düsseldorf",40472,식품,21.09.2026-26.09.2026,Frische Putenschnitzel oder frisches Putengulasch,"aus der Brust geschnitten, besonders mager, für den kalorienbewussten Genuss, je 100 g",1.29,,,,https://www.edeka.de/maerkte/071158/angebote/,40468,Düsseldorf,,,,미검토,,1140
2026-09-20 21:02 Europe/Berlin,EDEKA,"EDEKA Buller, Matthiaskirchweg 6, 40472 Düsseldorf",40472,식품,21.09.2026-26.09.2026,Frische Schweine-Schwänzchen oder -Pfötchen,"ideal für den Eintopf, je 1 kg",2.00,,,,https://www.edeka.de/maerkte/071158/angebote/,40468,Düsseldorf,,,,미검토,,1141
2026-09-20 21:02 Europe/Berlin,EDEKA,"EDEKA Buller, Matthiaskirchweg 6, 40472 Düsseldorf",40472,식품,21.09.2026-26.09.2026,Frische Schweineleber oder Schweinenieren,je 1 kg,2.50,,,,https://www.edeka.de/maerkte/071158/angebote/,40468,Düsseldorf,,,,미검토,,1142
2026-09-20 21:02 Europe/Berlin,EDEKA,"EDEKA Buller, Matthiaskirchweg 6, 40472 Düsseldorf",40472,식품,21.09.2026-26.09.2026,Frische Stielkoteletts,"das schnelle Pfannengericht, je 1 kg",5.99,,,,https://www.edeka.de/maerkte/071158/angebote/,40468,Düsseldorf,,,,미검토,,1143
2026-09-20 21:02 Europe/Berlin,EDEKA,"EDEKA Buller, Matthiaskirchweg 6, 40472 Düsseldorf",40472,식품,21.09.2026-26.09.2026,Frischer Schweinebauch,"am Stück, mit Knochenanteil, je 1 kg",5.99,,,,https://www.edeka.de/maerkte/071158/angebote/,40468,Düsseldorf,,,,미검토,,1144
2026-09-20 21:02 Europe/Berlin,EDEKA,"EDEKA Buller, Matthiaskirchweg 6, 40472 Düsseldorf",40472,식품,21.09.2026-26.09.2026,Frischer Schweineschulterbraten,"wie gewachsen, saftig, rustikal, je 1 kg",4.99,,,,https://www.edeka.de/maerkte/071158/angebote/,40468,Düsseldorf,,,,미검토,,1145
2026-09-20 21:02 Europe/Berlin,EDEKA,"EDEKA Buller, Matthiaskirchweg 6, 40472 Düsseldorf",40472,식품,21.09.2026-26.09.2026,Frisches ganzes Schweinefilet,"das beste Stück vom Schwein, besonders zart, je 100 g",1.11,,,,https://www.edeka.de/maerkte/071158/angebote/,40468,Düsseldorf,,,,미검토,,1146
2026-09-20 21:02 Europe/Berlin,EDEKA,"EDEKA Buller, Matthiaskirchweg 6, 40472 Düsseldorf",40472,식품,21.09.2026-26.09.2026,Frisches Hähnchenbrustfilet,"für den kalorienbewussten Genuss, Handelsklasse A, je 100 g",0.99,,,,https://www.edeka.de/maerkte/071158/angebote/,40468,Düsseldorf,,,,미검토,,1147
2026-09-20 21:02 Europe/Berlin,EDEKA,"EDEKA Buller, Matthiaskirchweg 6, 40472 Düsseldorf",40472,식품,21.09.2026-26.09.2026,Frisches Rinderhackfleisch,"vielseitig verwendbar, je 100 g",1.49,,,,https://www.edeka.de/maerkte/071158/angebote/,40468,Düsseldorf,,,,미검토,,1148
2026-09-20 21:02 Europe/Berlin,EDEKA,"EDEKA Buller, Matthiaskirchweg 6, 40472 Düsseldorf",40472,식품,21.09.2026-26.09.2026,Frisches Schweinemett,"pikant gewürzt, je 1 kg",6.99,,,,https://www.edeka.de/maerkte/071158/angebote/,40468,Düsseldorf,,,,미검토,,1149
2026-09-20 21:02 Europe/Berlin,EDEKA,"EDEKA Buller, Matthiaskirchweg 6, 40472 Düsseldorf",40472,식품,21.09.2026-26.09.2026,Frischwurst-Aufschnitt,"versch. Sorten, je 100 g",1.19,,,,https://www.edeka.de/maerkte/071158/angebote/,40468,Düsseldorf,,,,미검토,,1150
2026-09-20 21:02 Europe/Berlin,EDEKA,"EDEKA Buller, Matthiaskirchweg 6, 40472 Düsseldorf",40472,식품,21.09.2026-26.09.2026,Frozen Ice Dessert,"tiefgefroren, versch. Sorten, je 75 g Packung, (1 kg = € 26.53)",1.99,,,26.53,https://www.edeka.de/maerkte/071158/angebote/,40468,Düsseldorf,,,,미검토,,1151
2026-09-20 21:02 Europe/Berlin,EDEKA,"EDEKA Buller, Matthiaskirchweg 6, 40472 Düsseldorf",40472,식품,21.09.2026-26.09.2026,funny-frisch Ofen- oder Intense-Chips,"versch. Sorten, je 115 g / 110 g Beutel, (1 kg = € 12.96 / € 13.55)",1.49,1.11,,12.96 / € 13.55,https://www.edeka.de/maerkte/071158/angebote/,40468,Düsseldorf,,,,미검토,,1152
2026-09-20 21:02 Europe/Berlin,EDEKA,"EDEKA Buller, Matthiaskirchweg 6, 40472 Düsseldorf",40472,식품,21.09.2026-26.09.2026,glycklich Eis,"versch. Sorten, je 500 ml Becher, (1 l = € 7.98)",3.99,,,7.98,https://www.edeka.de/maerkte/071158/angebote/,40468,Düsseldorf,,,,미검토,,1153
2026-09-20 21:02 Europe/Berlin,EDEKA,"EDEKA Buller, Matthiaskirchweg 6, 40472 Düsseldorf",40472,식품,21.09.2026-26.09.2026,Gourmet Sauerkraut,"400 g Beutel / 375 g Abtropfg., (1 kg = € 2.64)",0.99,,,2.64,https://www.edeka.de/maerkte/071158/angebote/,40468,Düsseldorf,,,,미검토,,1154
2026-09-20 21:02 Europe/Berlin,EDEKA,"EDEKA Buller, Matthiaskirchweg 6, 40472 Düsseldorf",40472,식품,21.09.2026-26.09.2026,Griesson Soft Cake,"versch. Sorten, je 300 g Packung, (1 kg = € 6.63)",1.99,1.79,,6.63,https://www.edeka.de/maerkte/071158/angebote/,40468,Düsseldorf,,,,미검토,,1155
2026-09-20 21:02 Europe/Berlin,EDEKA,"EDEKA Buller, Matthiaskirchweg 6, 40472 Düsseldorf",40472,식품,21.09.2026-26.09.2026,GUT & GÜNSTIG - Eierspätzle,"500 g Packung, (1 kg = € 2.78)",1.39,,,2.78,https://www.edeka.de/maerkte/071158/angebote/,40468,Düsseldorf,,,,미검토,,1156
2026-09-20 21:02 Europe/Berlin,EDEKA,"EDEKA Buller, Matthiaskirchweg 6, 40472 Düsseldorf",40472,식품,21.09.2026-26.09.2026,GUT & GÜNSTIG - Haferflocken,"extra zart oder kernig, je 500 g Packung, (1 kg = € 1.38)",0.69,,,1.38,https://www.edeka.de/maerkte/071158/angebote/,40468,Düsseldorf,,,,미검토,,1157
2026-09-20 21:02 Europe/Berlin,EDEKA,"EDEKA Buller, Matthiaskirchweg 6, 40472 Düsseldorf",40472,식품,21.09.2026-26.09.2026,GUT & GÜNSTIG - Hähnchengeschnetzeltes,"400 g Packung, (1 kg = € 12.48)",4.99,,,12.48,https://www.edeka.de/maerkte/071158/angebote/,40468,Düsseldorf,,,,미검토,,1158
2026-09-20 21:02 Europe/Berlin,EDEKA,"EDEKA Buller, Matthiaskirchweg 6, 40472 Düsseldorf",40472,식품,21.09.2026-26.09.2026,GUT & GÜNSTIG - Hähnchenminutenschnitzel,"400 g Packung, (1 kg = € 12.48)",4.99,,,12.48,https://www.edeka.de/maerkte/071158/angebote/,40468,Düsseldorf,,,,미검토,,1159
2026-09-20 21:02 Europe/Berlin,EDEKA,"EDEKA Buller, Matthiaskirchweg 6, 40472 Düsseldorf",40472,식품,21.09.2026-26.09.2026,GUT & GÜNSTIG - Mozzarella,"45% Fett i. Tr., 200 g Beutel / 125 g Abtropfg., (1 kg = € 6.80)",0.85,,,6.80,https://www.edeka.de/maerkte/071158/angebote/,40468,Düsseldorf,,,,미검토,,1160
2026-09-20 21:02 Europe/Berlin,EDEKA,"EDEKA Buller, Matthiaskirchweg 6, 40472 Düsseldorf",40472,식품,21.09.2026-26.09.2026,GUT & GÜNSTIG - Norwegische Lachsfilets,"tiefgefroren, 2 x 125 g = 250 g Packung, (1 kg = € 19.96)",4.99,,,19.96,https://www.edeka.de/maerkte/071158/angebote/,40468,Düsseldorf,,,,미검토,,1161
2026-09-20 21:02 Europe/Berlin,EDEKA,"EDEKA Buller, Matthiaskirchweg 6, 40472 Düsseldorf",40472,식품,21.09.2026-26.09.2026,GUT & GÜNSTIG - Pasta,"versch. Sorten, je 500 g Packung, (1 kg = € 1.18)",0.59,,,1.18,https://www.edeka.de/maerkte/071158/angebote/,40468,Düsseldorf,,,,미검토,,1162
2026-09-20 21:02 Europe/Berlin,EDEKA,"EDEKA Buller, Matthiaskirchweg 6, 40472 Düsseldorf",40472,식품,21.09.2026-26.09.2026,GUT & GÜNSTIG - Skyr Natur,"500 g Becher, (1 kg = € 2.58)",1.29,,,2.58,https://www.edeka.de/maerkte/071158/angebote/,40468,Düsseldorf,,,,미검토,,1163
2026-09-20 21:02 Europe/Berlin,EDEKA,"EDEKA Buller, Matthiaskirchweg 6, 40472 Düsseldorf",40472,식품,21.09.2026-26.09.2026,GUT & GÜNSTIG - Wiener Würstchen,20 x 50 g = 1 kg Packung,6.79,,,,https://www.edeka.de/maerkte/071158/angebote/,40468,Düsseldorf,,,,미검토,,1164
2026-09-20 21:02 Europe/Berlin,EDEKA,"EDEKA Buller, Matthiaskirchweg 6, 40472 Düsseldorf",40472,식품,21.09.2026-26.09.2026,GUT&GÜNSTIG - Frischkäse,"Pur oder Kräuter, Doppelrahmstufe, je 300 g Becher, (1 kg = € 5.30)",1.59,,,5.30,https://www.edeka.de/maerkte/071158/angebote/,40468,Düsseldorf,,,,미검토,,1165
2026-09-20 21:02 Europe/Berlin,EDEKA,"EDEKA Buller, Matthiaskirchweg 6, 40472 Düsseldorf",40472,식품,21.09.2026-26.09.2026,Häagen-Dazs Eiscreme,"versch. Sorten auch Häagen Dazs Classic Collect 4 x 95 ml im Angebot, je 460 ml / 420 ml Becher, (1 l = € 8.67 / € 9.50)",3.99,3.49,,8.67 / € 9.50,https://www.edeka.de/maerkte/071158/angebote/,40468,Düsseldorf,,,,미검토,,1166
2026-09-20 21:02 Europe/Berlin,EDEKA,"EDEKA Buller, Matthiaskirchweg 6, 40472 Düsseldorf",40472,식품,21.09.2026-26.09.2026,Haribo Fruchtgummi oder Lakritz,"versch. Sorten, je 125 g - 175 g Beutel, (1 kg = ab € 4.51)",0.79,,,ab € 4.51,https://www.edeka.de/maerkte/071158/angebote/,40468,Düsseldorf,,,,미검토,,1167
2026-09-20 21:02 Europe/Berlin,EDEKA,"EDEKA Buller, Matthiaskirchweg 6, 40472 Düsseldorf",40472,음료,21.09.2026-26.09.2026,Havana Club,"Original, Especial oder Mango Lime, 37,5% / 30% Vol., je 0,7 l Flasche, (1 l = € 15.70)",10.99,9.99,,15.70,https://www.edeka.de/maerkte/071158/angebote/,40468,Düsseldorf,,,,미검토,,1168
2026-09-20 21:02 Europe/Berlin,EDEKA,"EDEKA Buller, Matthiaskirchweg 6, 40472 Düsseldorf",40472,식품,21.09.2026-26.09.2026,Heinz Saucen,"versch. Sorten, je 220 ml Kopfstehflasche, (1 l = € 9.05)",1.99,,,9.05,https://www.edeka.de/maerkte/071158/angebote/,40468,Düsseldorf,,,,미검토,,1169
2026-09-20 21:02 Europe/Berlin,EDEKA,"EDEKA Buller, Matthiaskirchweg 6, 40472 Düsseldorf",40472,식품,21.09.2026-26.09.2026,Heinz Tomato Ketchup oder Mayonnaise,"je 800 ml Kopfstehflasche, (1 l = € 4.11)",3.29,,,4.11,https://www.edeka.de/maerkte/071158/angebote/,40468,Düsseldorf,,,,미검토,,1170
2026-09-20 21:02 Europe/Berlin,EDEKA,"EDEKA Buller, Matthiaskirchweg 6, 40472 Düsseldorf",40472,식품,21.09.2026-26.09.2026,Hengstenberg Knax oder Sticksi,"versch. Sorten, je 670 g Glas / 360 g Abtropfg., (1 kg = € 4.97)",1.79,1.59,,4.97,https://www.edeka.de/maerkte/071158/angebote/,40468,Düsseldorf,,,,미검토,,1171
2026-09-20 21:02 Europe/Berlin,EDEKA,"EDEKA Buller, Matthiaskirchweg 6, 40472 Düsseldorf",40472,식품,21.09.2026-26.09.2026,Homann Saucen,"versch. Sorten, je 400 ml Glas, (1 l = € 3.73)",1.49,1.29,,3.73,https://www.edeka.de/maerkte/071158/angebote/,40468,Düsseldorf,,,,미검토,,1172
2026-09-20 21:02 Europe/Berlin,EDEKA,"EDEKA Buller, Matthiaskirchweg 6, 40472 Düsseldorf",40472,식품,21.09.2026-26.09.2026,Houdek - Kabanos,"versch. Sorten, je 150 g Packung, (1 kg = € 13.27)",1.99,,,13.27,https://www.edeka.de/maerkte/071158/angebote/,40468,Düsseldorf,,,,미검토,,1173
2026-09-20 21:02 Europe/Berlin,EDEKA,"EDEKA Buller, Matthiaskirchweg 6, 40472 Düsseldorf",40472,식품,21.09.2026-26.09.2026,iglo Gemüse-Ideen oder Rahm-Gemüse,"tiefgefroren, versch. Sorten, je 400 g - 500 g Packung, (1 kg = ab € 4.78)",2.39,,,ab € 4.78,https://www.edeka.de/maerkte/071158/angebote/,40468,Düsseldorf,,,,미검토,,1174
2026-09-20 21:02 Europe/Berlin,EDEKA,"EDEKA Buller, Matthiaskirchweg 6, 40472 Düsseldorf",40472,식품,21.09.2026-26.09.2026,Italien - GUT & GÜNSTIG - Tafeltrauben,"hell, kernlos, Klasse I, 500 g Packung, (1 kg = € 2.00)",1.00,,,2.00,https://www.edeka.de/maerkte/071158/angebote/,40468,Düsseldorf,,,,미검토,,1175
2026-09-20 21:02 Europe/Berlin,EDEKA,"EDEKA Buller, Matthiaskirchweg 6, 40472 Düsseldorf",40472,식품,21.09.2026-26.09.2026,Jacobs Instantkaffee,"versch. Sorten, je 36 g - 124 g Packung, (1 kg = ab € 20.08)",2.49,,,ab € 20.08,https://www.edeka.de/maerkte/071158/angebote/,40468,Düsseldorf,,,,미검토,,1176
2026-09-20 21:02 Europe/Berlin,EDEKA,"EDEKA Buller, Matthiaskirchweg 6, 40472 Düsseldorf",40472,식품,21.09.2026-26.09.2026,Jacobs Krönung,"vakuumverpackt, versch. Sorten auch Café Hag klassisch mild entkoffeiniert im Angebot, je 500 g Packung, (1 kg = € 12.98)",6.49,5.99,,12.98,https://www.edeka.de/maerkte/071158/angebote/,40468,Düsseldorf,,,,미검토,,1177
2026-09-20 21:02 Europe/Berlin,EDEKA,"EDEKA Buller, Matthiaskirchweg 6, 40472 Düsseldorf",40472,식품,21.09.2026-26.09.2026,Kasseler-Nacken,"ohne Knochen, goldgelb geräuchert, je 1 kg",7.99,,,,https://www.edeka.de/maerkte/071158/angebote/,40468,Düsseldorf,,,,미검토,,1178
2026-09-20 21:02 Europe/Berlin,EDEKA,"EDEKA Buller, Matthiaskirchweg 6, 40472 Düsseldorf",40472,식품,21.09.2026-26.09.2026,Kerrygold Original irische Butter oder Kerrygold extra,"gesalzen oder ungesalzen, versch. Sorten, je 250 g / 200 g Packung / Becher, (1 kg = € 6.36 / € 7.95)",1.59,1.49,,6.36 / € 7.95,https://www.edeka.de/maerkte/071158/angebote/,40468,Düsseldorf,,,,미검토,,1179
2026-09-20 21:02 Europe/Berlin,EDEKA,"EDEKA Buller, Matthiaskirchweg 6, 40472 Düsseldorf",40472,식품,21.09.2026-26.09.2026,Kikok - Das ganz besondere Maishähnchen,"Handelsklasse A, je 1 kg",8.99,,,,https://www.edeka.de/maerkte/071158/angebote/,40468,Düsseldorf,,,,미검토,,1180
2026-09-20 21:02 Europe/Berlin,EDEKA,"EDEKA Buller, Matthiaskirchweg 6, 40472 Düsseldorf",40472,식품,21.09.2026-26.09.2026,Knorr Feinschmecker Suppe oder Sauce,"versch. Sorten, je 32 g - 70 g Beutel, (1 kg = ab € 11.29)",0.79,,,ab € 11.29,https://www.edeka.de/maerkte/071158/angebote/,40468,Düsseldorf,,,,미검토,,1181
2026-09-20 21:02 Europe/Berlin,EDEKA,"EDEKA Buller, Matthiaskirchweg 6, 40472 Düsseldorf",40472,식품,21.09.2026-26.09.2026,Kölln Müsli,"versch. Sorten auch Kölln Granola versch. Sorten 350 g im Angebot, je 380 g - 600 g Packung, (1 kg = ab € 4.15)",2.49,,,ab € 4.15,https://www.edeka.de/maerkte/071158/angebote/,40468,Düsseldorf,,,,미검토,,1182
2026-09-20 21:02 Europe/Berlin,EDEKA,"EDEKA Buller, Matthiaskirchweg 6, 40472 Düsseldorf",40472,주류,21.09.2026-26.09.2026,König Pilsener,"versch. Sorten, je Kasten = 20 x 0,5 l / 24 x 0,33 l zzgl. € 3.10 / € 3.42 Pfand, (1 l = € 1.20 / € 1.51)",11.99,,,1.20 / € 1.51,https://www.edeka.de/maerkte/071158/angebote/,40468,Düsseldorf,,,,미검토,,1183
2026-09-20 21:02 Europe/Berlin,EDEKA,"EDEKA Buller, Matthiaskirchweg 6, 40472 Düsseldorf",40472,음료,21.09.2026-26.09.2026,Krombacher Spezi,"Original oder Zero, koffeinhaltig, je Kasten = 20 x 0,5 l zzgl. € 3.10 Pfand, (1 l = € 1.30)",12.99,,,1.30,https://www.edeka.de/maerkte/071158/angebote/,40468,Düsseldorf,,,,미검토,,1184
2026-09-20 21:02 Europe/Berlin,EDEKA,"EDEKA Buller, Matthiaskirchweg 6, 40472 Düsseldorf",40472,식품,21.09.2026-26.09.2026,Krone Meine Lieblinge Lachs,"versch. Sorten, je 80 g - 100 g Packung, (1 kg = ab € 32.90)",3.29,,,ab € 32.90,https://www.edeka.de/maerkte/071158/angebote/,40468,Düsseldorf,,,,미검토,,1185
2026-09-20 21:02 Europe/Berlin,EDEKA,"EDEKA Buller, Matthiaskirchweg 6, 40472 Düsseldorf",40472,식품,21.09.2026-26.09.2026,Krüger Family Cappuccino,"versch. Sorten, je 500 g Nachfüllbeutel, (1 kg = € 7.60)",3.80,,,7.60,https://www.edeka.de/maerkte/071158/angebote/,40468,Düsseldorf,,,,미검토,,1186
2026-09-20 21:02 Europe/Berlin,EDEKA,"EDEKA Buller, Matthiaskirchweg 6, 40472 Düsseldorf",40472,식품,21.09.2026-26.09.2026,Landliebe Joghurt,"versch. Sorten, 3,8% / 10% Fett, je 500 g Glas zzgl. € 0.15 Pfand, (1 kg = € 2.22)",1.11,,,2.22,https://www.edeka.de/maerkte/071158/angebote/,40468,Düsseldorf,,,,미검토,,1187
2026-09-20 21:02 Europe/Berlin,EDEKA,"EDEKA Buller, Matthiaskirchweg 6, 40472 Düsseldorf",40472,식품,21.09.2026-26.09.2026,Le Grand Rustique oder Saint André,"französischer Weichkäse oder Weinbergkäse, 45% / 75% Fett i. Tr., je 100 g am Stück",1.99,,,,https://www.edeka.de/maerkte/071158/angebote/,40468,Düsseldorf,,,,미검토,,1188
2026-09-20 21:02 Europe/Berlin,EDEKA,"EDEKA Buller, Matthiaskirchweg 6, 40472 Düsseldorf",40472,식품,21.09.2026-26.09.2026,Leibniz Zoo Mini Kekse,"versch. Sorten, je 125 g Beutel, (1 kg = € 11.92)",1.49,,,11.92,https://www.edeka.de/maerkte/071158/angebote/,40468,Düsseldorf,,,,미검토,,1189
2026-09-20 21:02 Europe/Berlin,EDEKA,"EDEKA Buller, Matthiaskirchweg 6, 40472 Düsseldorf",40472,식품,21.09.2026-26.09.2026,Loose Quäse oder Harzbube Handkäse,"versch. Sorten und Fettstufen auch Hausmacher Handkäse 200 g im Angebot, je 220 g / 200 g Packung, (1 kg = € 11.32 / € 12.45)",2.49,,,11.32 / € 12.45,https://www.edeka.de/maerkte/071158/angebote/,40468,Düsseldorf,,,,미검토,,1190
2026-09-20 21:02 Europe/Berlin,EDEKA,"EDEKA Buller, Matthiaskirchweg 6, 40472 Düsseldorf",40472,식품,21.09.2026-26.09.2026,Lorenz Crunchips oder Nic Nacs,"versch. Sorten, je 110 g - 150 g Beutel, (1 kg = ab € 6.60)",0.99,,,ab € 6.60,https://www.edeka.de/maerkte/071158/angebote/,40468,Düsseldorf,,,,미검토,,1191
2026-09-20 21:02 Europe/Berlin,EDEKA,"EDEKA Buller, Matthiaskirchweg 6, 40472 Düsseldorf",40472,식품,21.09.2026-26.09.2026,Marktkaas Noord Holland Gouda,"holländischer Schnittkäse, jung oder mittelalt, 48% Fett i. Tr., je 100 g am Stück",1.11,,,,https://www.edeka.de/maerkte/071158/angebote/,40468,Düsseldorf,,,,미검토,,1192
2026-09-20 21:02 Europe/Berlin,EDEKA,"EDEKA Buller, Matthiaskirchweg 6, 40472 Düsseldorf",40472,식품,21.09.2026-26.09.2026,Maryland Snack Nüsse oder Studentenfutter,"versch. Sorten, je 250 g - 300 g Dose, (1 kg = ab € 9.97)",2.99,,,ab € 9.97,https://www.edeka.de/maerkte/071158/angebote/,40468,Düsseldorf,,,,미검토,,1193
2026-09-20 21:02 Europe/Berlin,EDEKA,"EDEKA Buller, Matthiaskirchweg 6, 40472 Düsseldorf",40472,식품,21.09.2026-26.09.2026,McCain Golden Longs,"tiefgefroren, extra knusprig, 1000 g Beutel",2.99,,,,https://www.edeka.de/maerkte/071158/angebote/,40468,Düsseldorf,,,,미검토,,1194
2026-09-20 21:02 Europe/Berlin,EDEKA,"EDEKA Buller, Matthiaskirchweg 6, 40472 Düsseldorf",40472,식품,21.09.2026-26.09.2026,Meica Wiener oder Frankfurter Art,"extra knackig, je 6 Stück = 540 g Glas / 250 g Abtropfg., (1 kg = € 13.96)",3.49,2.99,,13.96,https://www.edeka.de/maerkte/071158/angebote/,40468,Düsseldorf,,,,미검토,,1195
2026-09-20 21:02 Europe/Berlin,EDEKA,"EDEKA Buller, Matthiaskirchweg 6, 40472 Düsseldorf",40472,식품,21.09.2026-26.09.2026,Melitta Barista Classic,"Crema oder Crema Forte, ganze Bohnen, je 1 kg Beutel",12.99,11.99,,,https://www.edeka.de/maerkte/071158/angebote/,40468,Düsseldorf,,,,미검토,,1196
2026-09-20 21:02 Europe/Berlin,EDEKA,"EDEKA Buller, Matthiaskirchweg 6, 40472 Düsseldorf",40472,식품,21.09.2026-26.09.2026,Mettenden,"geräuchert, 300 g Packung, (1 kg = € 9.30)",2.79,,,9.30,https://www.edeka.de/maerkte/071158/angebote/,40468,Düsseldorf,,,,미검토,,1197
2026-09-20 21:02 Europe/Berlin,EDEKA,"EDEKA Buller, Matthiaskirchweg 6, 40472 Düsseldorf",40472,식품,21.09.2026-26.09.2026,Milka Haselnusscreme,"350 g Glas, (1 kg = € 8.54)",2.99,,,8.54,https://www.edeka.de/maerkte/071158/angebote/,40468,Düsseldorf,,,,미검토,,1198
2026-09-20 21:02 Europe/Berlin,EDEKA,"EDEKA Buller, Matthiaskirchweg 6, 40472 Düsseldorf",40472,식품,21.09.2026-26.09.2026,Milram Schnittkäse,"versch. Sorten und Fettstufen, je 100 g am Stück",0.99,,,,https://www.edeka.de/maerkte/071158/angebote/,40468,Düsseldorf,,,,미검토,,1199
2026-09-20 21:02 Europe/Berlin,EDEKA,"EDEKA Buller, Matthiaskirchweg 6, 40472 Düsseldorf",40472,식품,21.09.2026-26.09.2026,Mirácoli Spaghetti Klassiker,"376,2 g Packung, (1 kg = € 5.29)",1.99,,,5.29,https://www.edeka.de/maerkte/071158/angebote/,40468,Düsseldorf,,,,미검토,,1200
2026-09-20 21:02 Europe/Berlin,EDEKA,"EDEKA Buller, Matthiaskirchweg 6, 40472 Düsseldorf",40472,식품,21.09.2026-26.09.2026,müller Joghurt mit der Ecke,"je 113 g - 150 g Becher, (1 kg = ab € 2.60)",0.39,,,ab € 2.60,https://www.edeka.de/maerkte/071158/angebote/,40468,Düsseldorf,,,,미검토,,1201
2026-09-20 21:02 Europe/Berlin,EDEKA,"EDEKA Buller, Matthiaskirchweg 6, 40472 Düsseldorf",40472,식품,21.09.2026-26.09.2026,Nackenkotelett,"vom Schwein, mit Knochen, zum Braten, 700 g Packung, (1 kg = € 8.56)",5.99,,,8.56,https://www.edeka.de/maerkte/071158/angebote/,40468,Düsseldorf,,,,미검토,,1202
2026-09-20 21:02 Europe/Berlin,EDEKA,"EDEKA Buller, Matthiaskirchweg 6, 40472 Düsseldorf",40472,식품,21.09.2026-26.09.2026,Nescafé Classic oder Classic Mild,"je 200 g Glas, (1 kg = € 32.45)",6.49,,,32.45,https://www.edeka.de/maerkte/071158/angebote/,40468,Düsseldorf,,,,미검토,,1203
2026-09-20 21:02 Europe/Berlin,EDEKA,"EDEKA Buller, Matthiaskirchweg 6, 40472 Düsseldorf",40472,식품,21.09.2026-26.09.2026,Neuseeland - Kiwis,Stück,0.59,,,,https://www.edeka.de/maerkte/071158/angebote/,40468,Düsseldorf,,,,미검토,,1204
2026-09-20 21:02 Europe/Berlin,EDEKA,"EDEKA Buller, Matthiaskirchweg 6, 40472 Düsseldorf",40472,식품,21.09.2026-26.09.2026,Neuseeland - Zespri - Kiwis Gold,"„Jumbo"", Klasse I, Stück",1.00,,,,https://www.edeka.de/maerkte/071158/angebote/,40468,Düsseldorf,,,,미검토,,1205
2026-09-20 21:02 Europe/Berlin,EDEKA,"EDEKA Buller, Matthiaskirchweg 6, 40472 Düsseldorf",40472,식품,21.09.2026-26.09.2026,Niederlande - GUT & GÜNSTIG - Paprika,"rot, Klasse I, 500 g Packung, (1 kg = € 2.98)",1.49,,,2.98,https://www.edeka.de/maerkte/071158/angebote/,40468,Düsseldorf,,,,미검토,,1206
2026-09-20 21:02 Europe/Berlin,EDEKA,"EDEKA Buller, Matthiaskirchweg 6, 40472 Düsseldorf",40472,식품,21.09.2026-26.09.2026,"Nuii, Daim, Milka, Lotus Biscoff oder Oreo Eis","versch. Sorten, je 200 ml - 440 ml Multipackung, (1 l = ab € 5.20)",2.29,,,ab € 5.20,https://www.edeka.de/maerkte/071158/angebote/,40468,Düsseldorf,,,,미검토,,1207
2026-09-20 21:02 Europe/Berlin,EDEKA,"EDEKA Buller, Matthiaskirchweg 6, 40472 Düsseldorf",40472,식품,21.09.2026-26.09.2026,Oreo,"versch. Sorten, je 157 g / 154 g Packung, (1 kg = € 9.49 / € 9.68)",1.49,,,9.49 / € 9.68,https://www.edeka.de/maerkte/071158/angebote/,40468,Düsseldorf,,,,미검토,,1208
2026-09-20 21:02 Europe/Berlin,EDEKA,"EDEKA Buller, Matthiaskirchweg 6, 40472 Düsseldorf",40472,식품,21.09.2026-26.09.2026,Papa Joe’s Sauce,"versch. Sorten, je 300 ml Kopfstehflasche, (1 l = € 4.97)",1.49,,,4.97,https://www.edeka.de/maerkte/071158/angebote/,40468,Düsseldorf,,,,미검토,,1209
2026-09-20 21:02 Europe/Berlin,EDEKA,"EDEKA Buller, Matthiaskirchweg 6, 40472 Düsseldorf",40472,음료,21.09.2026-26.09.2026,Paulaner Spezi oder Limo,"versch. Sorten, koffeinhaltig, je 0,33 l Dose zzgl. € 0.25 Pfand, (1 l = € 2.09)",0.69,,,2.09,https://www.edeka.de/maerkte/071158/angebote/,40468,Düsseldorf,,,,미검토,,1210
2026-09-20 21:02 Europe/Berlin,EDEKA,"EDEKA Buller, Matthiaskirchweg 6, 40472 Düsseldorf",40472,식품,21.09.2026-26.09.2026,Peanut & Schoko,"Dragierte Erdnüsse, bunt, 250 g Beutel, (1 kg = € 7.40)",1.85,,,7.40,https://www.edeka.de/maerkte/071158/angebote/,40468,Düsseldorf,,,,미검토,,1211
2026-09-20 21:02 Europe/Berlin,EDEKA,"EDEKA Buller, Matthiaskirchweg 6, 40472 Düsseldorf",40472,음료,21.09.2026-26.09.2026,Pepsi Cola oder Schwip Schwap,"versch. Sorten, koffeinhaltig, je 0,33 l Dose zzgl. € 0.25 Pfand, (1 l = € 2.09)",0.69,,,2.09,https://www.edeka.de/maerkte/071158/angebote/,40468,Düsseldorf,,,,미검토,,1212
2026-09-20 21:02 Europe/Berlin,EDEKA,"EDEKA Buller, Matthiaskirchweg 6, 40472 Düsseldorf",40472,식품,21.09.2026-26.09.2026,Peru - Avocados,"„Hass"", Klasse I, Stück",1.11,,,,https://www.edeka.de/maerkte/071158/angebote/,40468,Düsseldorf,,,,미검토,,1213
2026-09-20 21:02 Europe/Berlin,EDEKA,"EDEKA Buller, Matthiaskirchweg 6, 40472 Düsseldorf",40472,식품,21.09.2026-26.09.2026,Peru - Driscolls - Kulturheidelbeeren,"Klasse I, 125 g Schale, (1 kg = € 11.92)",1.49,,,11.92,https://www.edeka.de/maerkte/071158/angebote/,40468,Düsseldorf,,,,미검토,,1214
2026-09-20 21:02 Europe/Berlin,EDEKA,"EDEKA Buller, Matthiaskirchweg 6, 40472 Düsseldorf",40472,식품,21.09.2026-26.09.2026,Philadelphia Frischkäse,"versch. Sorten auch Philadelphia Natur 6 x 16,67 g Packung im Angebot, je 150 g - 195 g Becher, (1 kg = ab € 5.69)",1.11,0.99,,ab € 5.69,https://www.edeka.de/maerkte/071158/angebote/,40468,Düsseldorf,,,,미검토,,1215
2026-09-20 21:02 Europe/Berlin,EDEKA,"EDEKA Buller, Matthiaskirchweg 6, 40472 Düsseldorf",40472,식품,21.09.2026-26.09.2026,Portugal - Kiwi-Beeren,"125 g Schale, (1 kg = € 15.92)",1.99,,,15.92,https://www.edeka.de/maerkte/071158/angebote/,40468,Düsseldorf,,,,미검토,,1216
2026-09-20 21:02 Europe/Berlin,EDEKA,"EDEKA Buller, Matthiaskirchweg 6, 40472 Düsseldorf",40472,주류,21.09.2026-26.09.2026,Radeberger Pilsner,"je Kasten = 20 x 0,5 l / 24 x 0,33 l zzgl. € 3.10 / € 3.42 Pfand, (1 l = € 1.20 / € 1.51)",11.99,,,1.20 / € 1.51,https://www.edeka.de/maerkte/071158/angebote/,40468,Düsseldorf,,,,미검토,,1217
2026-09-20 21:02 Europe/Berlin,EDEKA,"EDEKA Buller, Matthiaskirchweg 6, 40472 Düsseldorf",40472,식품,21.09.2026-26.09.2026,Rama,"versch. Sorten, je 250 g / 225 g Packung / Becher, (1 kg = € 4.76 / € 5.29)",1.19,0.99,,4.76 / € 5.29,https://www.edeka.de/maerkte/071158/angebote/,40468,Düsseldorf,,,,미검토,,1218
2026-09-20 21:02 Europe/Berlin,EDEKA,"EDEKA Buller, Matthiaskirchweg 6, 40472 Düsseldorf",40472,식품,21.09.2026-26.09.2026,Rama Culinesse,"versch. Sorten, je 450 ml Flasche, (1 l = € 3.53)",1.59,,,3.53,https://www.edeka.de/maerkte/071158/angebote/,40468,Düsseldorf,,,,미검토,,1219
2026-09-20 21:02 Europe/Berlin,EDEKA,"EDEKA Buller, Matthiaskirchweg 6, 40472 Düsseldorf",40472,식품,21.09.2026-26.09.2026,Rapso 100% reines Rapsöl,"aus kontrolliertem Anbau, 0,75 l Flasche, (1 l = € 5.59)",4.19,,,5.59,https://www.edeka.de/maerkte/071158/angebote/,40468,Düsseldorf,,,,미검토,,1220
2026-09-20 21:02 Europe/Berlin,EDEKA,"EDEKA Buller, Matthiaskirchweg 6, 40472 Düsseldorf",40472,식품,21.09.2026-26.09.2026,"Rasting - Delikatess Leberwurst mit Kalbfleisch, im Golddarm oder grobe Leberwurst","nach Probsteier Art, je 100 g",0.99,,,,https://www.edeka.de/maerkte/071158/angebote/,40468,Düsseldorf,,,,미검토,,1221
2026-09-20 21:02 Europe/Berlin,EDEKA,"EDEKA Buller, Matthiaskirchweg 6, 40472 Düsseldorf",40472,식품,21.09.2026-26.09.2026,Rasting - Deutsches Corned Beef,"herzhaft im Geschmack, je 100 g",1.59,,,,https://www.edeka.de/maerkte/071158/angebote/,40468,Düsseldorf,,,,미검토,,1222
2026-09-20 21:02 Europe/Berlin,EDEKA,"EDEKA Buller, Matthiaskirchweg 6, 40472 Düsseldorf",40472,식품,21.09.2026-26.09.2026,Rasting - Gefüllter Schweinerollbraten,"nach Gyros-Art mariniert, je 1 kg",9.99,,,,https://www.edeka.de/maerkte/071158/angebote/,40468,Düsseldorf,,,,미검토,,1223
2026-09-20 21:02 Europe/Berlin,EDEKA,"EDEKA Buller, Matthiaskirchweg 6, 40472 Düsseldorf",40472,식품,21.09.2026-26.09.2026,Rasting - Kottenforster Bauernfrühstück,"nach Art einer Sülze, je 100 g",0.99,,,,https://www.edeka.de/maerkte/071158/angebote/,40468,Düsseldorf,,,,미검토,,1224
2026-09-20 21:02 Europe/Berlin,EDEKA,"EDEKA Buller, Matthiaskirchweg 6, 40472 Düsseldorf",40472,식품,21.09.2026-26.09.2026,Rasting - Meisterkochschinken,je 100 g,1.99,,,,https://www.edeka.de/maerkte/071158/angebote/,40468,Düsseldorf,,,,미검토,,1225
2026-09-20 21:02 Europe/Berlin,EDEKA,"EDEKA Buller, Matthiaskirchweg 6, 40472 Düsseldorf",40472,식품,21.09.2026-26.09.2026,Rasting - Schinkenmettwürstchen,je 100 g,1.69,,,,https://www.edeka.de/maerkte/071158/angebote/,40468,Düsseldorf,,,,미검토,,1226
2026-09-20 21:02 Europe/Berlin,EDEKA,"EDEKA Buller, Matthiaskirchweg 6, 40472 Düsseldorf",40472,식품,21.09.2026-26.09.2026,Rasting - Schinkenspeck,"handgesalzen, geräuchert oder luftgetrocknet, je 100 g",1.79,,,,https://www.edeka.de/maerkte/071158/angebote/,40468,Düsseldorf,,,,미검토,,1227
2026-09-20 21:02 Europe/Berlin,EDEKA,"EDEKA Buller, Matthiaskirchweg 6, 40472 Düsseldorf",40472,음료,21.09.2026-26.09.2026,Rauch Eistee,"versch. Sorten, je 0,33 l Dose zzgl. € 0.25 Pfand, (1 l = € 2.09)",0.69,,,2.09,https://www.edeka.de/maerkte/071158/angebote/,40468,Düsseldorf,,,,미검토,,1228
2026-09-20 21:02 Europe/Berlin,EDEKA,"EDEKA Buller, Matthiaskirchweg 6, 40472 Düsseldorf",40472,식품,21.09.2026-26.09.2026,Red Band Fruchtgummi oder Lakritz,"versch. Sorten, je 500 g Beutel, (1 kg = € 4.44)",2.22,1.88,,4.44,https://www.edeka.de/maerkte/071158/angebote/,40468,Düsseldorf,,,,미검토,,1229
2026-09-20 21:02 Europe/Berlin,EDEKA,"EDEKA Buller, Matthiaskirchweg 6, 40472 Düsseldorf",40472,음료,21.09.2026-26.09.2026,Red Bull Energy Drink,"taurin- und koffeinhaltig, versch. Sorten, je 0,25 l Dose zzgl. € 0.25 Pfand, (1 l = € 3.96)",0.99,,,3.96,https://www.edeka.de/maerkte/071158/angebote/,40468,Düsseldorf,,,,미검토,,1230
2026-09-20 21:02 Europe/Berlin,EDEKA,"EDEKA Buller, Matthiaskirchweg 6, 40472 Düsseldorf",40472,음료,21.09.2026-26.09.2026,Rheinfels Quelle Mineralwasser,"versch. Sorten, je Packung = 6 x 1,5 l zzgl. € 1.50 Pfand, (1 l = € 0.44)",3.99,,,0.44,https://www.edeka.de/maerkte/071158/angebote/,40468,Düsseldorf,,,,미검토,,1231
2026-09-20 21:02 Europe/Berlin,EDEKA,"EDEKA Buller, Matthiaskirchweg 6, 40472 Düsseldorf",40472,식품,21.09.2026-26.09.2026,Riesenrostbratwurst XXL oder Riesenkrakauer XXL,"je 3 x 125 g = 375 g Packung, (1 kg = € 10.64)",3.99,,,10.64,https://www.edeka.de/maerkte/071158/angebote/,40468,Düsseldorf,,,,미검토,,1232
2026-09-20 21:02 Europe/Berlin,EDEKA,"EDEKA Buller, Matthiaskirchweg 6, 40472 Düsseldorf",40472,식품,21.09.2026-26.09.2026,Rinder- oder Sauerbratengulasch,"in Sauce, je 550 g Schlauch, (1 kg = € 12.71)",6.99,,,12.71,https://www.edeka.de/maerkte/071158/angebote/,40468,Düsseldorf,,,,미검토,,1233
2026-09-20 21:02 Europe/Berlin,EDEKA,"EDEKA Buller, Matthiaskirchweg 6, 40472 Düsseldorf",40472,식품,21.09.2026-26.09.2026,Ritter Sport Nuss- oder Kakaoklasse,"versch. Sorten, je 100 g / 75 g Tafel, (1 kg = € 16.90 / € 22.53)",1.69,1.49,,16.90 / € 22.53,https://www.edeka.de/maerkte/071158/angebote/,40468,Düsseldorf,,,,미검토,,1234
2026-09-20 21:02 Europe/Berlin,EDEKA,"EDEKA Buller, Matthiaskirchweg 6, 40472 Düsseldorf",40472,주류,21.09.2026-26.09.2026,Rotkäppchen Sekt oder Fruchtsecco,"versch. Sorten, je 0,2 l Flasche, (1 l = € 5.00)",1.00,,,5.00,https://www.edeka.de/maerkte/071158/angebote/,40468,Düsseldorf,,,,미검토,,1235
2026-09-20 21:02 Europe/Berlin,EDEKA,"EDEKA Buller, Matthiaskirchweg 6, 40472 Düsseldorf",40472,식품,21.09.2026-26.09.2026,Rotkäppchen Sticks & Dip oder Minis,"je 105 g / 100 g Packung, (1 kg = € 14.19 / € 14.90)",1.49,,,14.19 / € 14.90,https://www.edeka.de/maerkte/071158/angebote/,40468,Düsseldorf,,,,미검토,,1236
2026-09-20 21:02 Europe/Berlin,EDEKA,"EDEKA Buller, Matthiaskirchweg 6, 40472 Düsseldorf",40472,식품,21.09.2026-26.09.2026,Rügenwalder Mühle - Veganer Aufschnitt,"versch. Sorten, je 80 g / 70 g Packung, (1 kg = € 16.13 / € 18.43)",1.29,,,16.13 / € 18.43,https://www.edeka.de/maerkte/071158/angebote/,40468,Düsseldorf,,,,미검토,,1237
2026-09-20 21:02 Europe/Berlin,EDEKA,"EDEKA Buller, Matthiaskirchweg 6, 40472 Düsseldorf",40472,음료,21.09.2026-26.09.2026,S. Pellegrino oder Acqua Panna Mineralwasser,"je Packung = 6 x 1 l zzgl. € 1.50 Pfand, (1 l = € 0.83)",4.99,,,0.83,https://www.edeka.de/maerkte/071158/angebote/,40468,Düsseldorf,,,,미검토,,1238
2026-09-20 21:02 Europe/Berlin,EDEKA,"EDEKA Buller, Matthiaskirchweg 6, 40472 Düsseldorf",40472,식품,21.09.2026-26.09.2026,Salakis Schafskäse,"versch. Sorten und Fettstufen, je 180 g / 150 g Packung, (1 kg = € 19.39 / € 23.27)",3.49,,,19.39 / € 23.27,https://www.edeka.de/maerkte/071158/angebote/,40468,Düsseldorf,,,,미검토,,1239
2026-09-20 21:02 Europe/Berlin,EDEKA,"EDEKA Buller, Matthiaskirchweg 6, 40472 Düsseldorf",40472,음료,21.09.2026-26.09.2026,Sarti Rosa,"italienischer Aperitif, 14% Vol., 0,7 l Flasche, (1 l = € 21.41)",14.99,13.99,,21.41,https://www.edeka.de/maerkte/071158/angebote/,40468,Düsseldorf,,,,미검토,,1240
2026-09-20 21:02 Europe/Berlin,EDEKA,"EDEKA Buller, Matthiaskirchweg 6, 40472 Düsseldorf",40472,식품,21.09.2026-26.09.2026,Schokolade,"versch. Sorten, je 90 g Tafel, (1 kg = € 9.89)",0.89,0.79,,9.89,https://www.edeka.de/maerkte/071158/angebote/,40468,Düsseldorf,,,,미검토,,1241
2026-09-20 21:02 Europe/Berlin,EDEKA,"EDEKA Buller, Matthiaskirchweg 6, 40472 Düsseldorf",40472,식품,21.09.2026-26.09.2026,"Schwartau Extra, Samt oder Weniger Zucker","versch. Sorten auch Schwartau Holsteiner Pflaumenmus 330 g im Angebot, je 255 g - 340 g Glas, (1 kg = ab € 5.85)",1.99,,,ab € 5.85,https://www.edeka.de/maerkte/071158/angebote/,40468,Düsseldorf,,,,미검토,,1242
2026-09-20 21:02 Europe/Berlin,EDEKA,"EDEKA Buller, Matthiaskirchweg 6, 40472 Düsseldorf",40472,식품,21.09.2026-26.09.2026,"Schwarzwaldmilch LAC lactosefrei Schlagsahne, Sauerrahm oder Crème fraîche","auch Kochsahne und Schmand 200 g im Angebot, je 200 g / 150 g Becher, (1 kg = € 5.55 / € 7.40)",1.11,,,5.55 / € 7.40,https://www.edeka.de/maerkte/071158/angebote/,40468,Düsseldorf,,,,미검토,,1243
2026-09-20 21:02 Europe/Berlin,EDEKA,"EDEKA Buller, Matthiaskirchweg 6, 40472 Düsseldorf",40472,식품,21.09.2026-26.09.2026,Schweinefilet,"im Baconmantel, je 100 g",1.79,,,,https://www.edeka.de/maerkte/071158/angebote/,40468,Düsseldorf,,,,미검토,,1244
2026-09-20 21:02 Europe/Berlin,EDEKA,"EDEKA Buller, Matthiaskirchweg 6, 40472 Düsseldorf",40472,식품,21.09.2026-26.09.2026,Schweinegeschnetzeltes,"Gyros Art, gewürzt, zum Braten, 800 g XXL Packung, (1 kg = € 8.74)",6.99,,,8.74,https://www.edeka.de/maerkte/071158/angebote/,40468,Düsseldorf,,,,미검토,,1245
2026-09-20 21:02 Europe/Berlin,EDEKA,"EDEKA Buller, Matthiaskirchweg 6, 40472 Düsseldorf",40472,식품,21.09.2026-26.09.2026,Schweinegulasch,"aus dem Schweineschinken geschnitten, zum Braten, 500 g Packung, (1 kg = € 8.98)",4.49,,,8.98,https://www.edeka.de/maerkte/071158/angebote/,40468,Düsseldorf,,,,미검토,,1246
2026-09-20 21:02 Europe/Berlin,EDEKA,"EDEKA Buller, Matthiaskirchweg 6, 40472 Düsseldorf",40472,식품,21.09.2026-26.09.2026,Senseo Coffee Pads,"versch. Sorten, je 84 g - 125 g Beutel, (1 kg = ab € 17.76)",2.22,1.99,,ab € 17.76,https://www.edeka.de/maerkte/071158/angebote/,40468,Düsseldorf,,,,미검토,,1247
2026-09-20 21:02 Europe/Berlin,EDEKA,"EDEKA Buller, Matthiaskirchweg 6, 40472 Düsseldorf",40472,식품,21.09.2026-26.09.2026,Sonnenblumenkernbrötchen,je Stück,0.39,,,,https://www.edeka.de/maerkte/071158/angebote/,40468,Düsseldorf,,,,미검토,,1248
2026-09-20 21:02 Europe/Berlin,EDEKA,"EDEKA Buller, Matthiaskirchweg 6, 40472 Düsseldorf",40472,음료,21.09.2026-26.09.2026,Southern Comfort oder Fireball,"35% / 33% Vol., je 0,7 l Flasche, (1 l = € 14.27)",9.99,,,14.27,https://www.edeka.de/maerkte/071158/angebote/,40468,Düsseldorf,,,,미검토,,1249
2026-09-20 21:02 Europe/Berlin,EDEKA,"EDEKA Buller, Matthiaskirchweg 6, 40472 Düsseldorf",40472,식품,21.09.2026-26.09.2026,Spanien - Bio-Salatgurke,"Klasse II, Stück",1.29,,,,https://www.edeka.de/maerkte/071158/angebote/,40468,Düsseldorf,,,,미검토,,1250
2026-09-20 21:02 Europe/Berlin,EDEKA,"EDEKA Buller, Matthiaskirchweg 6, 40472 Düsseldorf",40472,식품,21.09.2026-26.09.2026,Speisequark,"Magerstufe, 250 g Becher, (1 kg = € 2.76)",0.69,,,2.76,https://www.edeka.de/maerkte/071158/angebote/,40468,Düsseldorf,,,,미검토,,1251
2026-09-20 21:02 Europe/Berlin,EDEKA,"EDEKA Buller, Matthiaskirchweg 6, 40472 Düsseldorf",40472,음료,21.09.2026-26.09.2026,Spraga Bio Kombucha,"versch. Sorten, je 0,33 l Dose zzgl. € 0.25 Pfand, (1 l = € 6.03)",1.99,,,6.03,https://www.edeka.de/maerkte/071158/angebote/,40468,Düsseldorf,,,,미검토,,1252
2026-09-20 21:02 Europe/Berlin,EDEKA,"EDEKA Buller, Matthiaskirchweg 6, 40472 Düsseldorf",40472,식품,21.09.2026-26.09.2026,Steinhaus Elsässer Flammkuchen oder Quiche Lorraine,"je 350 g / 300 g Packung, (1 kg = € 8.54 / € 9.97)",2.99,,,8.54 / € 9.97,https://www.edeka.de/maerkte/071158/angebote/,40468,Düsseldorf,,,,미검토,,1253
2026-09-20 21:02 Europe/Berlin,EDEKA,"EDEKA Buller, Matthiaskirchweg 6, 40472 Düsseldorf",40472,식품,21.09.2026-26.09.2026,Steinhaus frische Pasta,"versch. Sorten, je 200 g Packung, (1 kg = € 9.95)",1.99,,,9.95,https://www.edeka.de/maerkte/071158/angebote/,40468,Düsseldorf,,,,미검토,,1254
2026-09-20 21:02 Europe/Berlin,EDEKA,"EDEKA Buller, Matthiaskirchweg 6, 40472 Düsseldorf",40472,식품,21.09.2026-26.09.2026,Sülze Royal,"mit einem süß-sauren Geschmack, je 100 g",1.79,,,,https://www.edeka.de/maerkte/071158/angebote/,40468,Düsseldorf,,,,미검토,,1255
2026-09-20 21:02 Europe/Berlin,EDEKA,"EDEKA Buller, Matthiaskirchweg 6, 40472 Düsseldorf",40472,식품,21.09.2026-26.09.2026,"Tante Fanny Frischer Flammkuchenteig XXL, Dinkel-Flammkuchenteig oder Flammkuchenböden","je 260 g - 350 g Packung, (1 kg = ab € 5.69)",1.99,,,ab € 5.69,https://www.edeka.de/maerkte/071158/angebote/,40468,Düsseldorf,,,,미검토,,1256
2026-09-20 21:02 Europe/Berlin,EDEKA,"EDEKA Buller, Matthiaskirchweg 6, 40472 Düsseldorf",40472,식품,21.09.2026-26.09.2026,Tarczynski - Gegrilltes Hähnchenbrustfilet,je 100 g,1.99,,,,https://www.edeka.de/maerkte/071158/angebote/,40468,Düsseldorf,,,,미검토,,1257
2026-09-20 21:02 Europe/Berlin,EDEKA,"EDEKA Buller, Matthiaskirchweg 6, 40472 Düsseldorf",40472,식품,21.09.2026-26.09.2026,Tchibo Feine Milde oder entkoffeiniert,"gemahlen oder ganze Bohnen, je 2 x 250 g = 500 g / 500 g Packung, (1 kg = € 15.98)",7.99,,,15.98,https://www.edeka.de/maerkte/071158/angebote/,40468,Düsseldorf,,,,미검토,,1258
2026-09-20 21:02 Europe/Berlin,EDEKA,"EDEKA Buller, Matthiaskirchweg 6, 40472 Düsseldorf",40472,식품,21.09.2026-26.09.2026,Teekanne Länder-Tee,"versch. Sorten, je 20 / 18 Stück = 35 g - 55 g Packung, (1 kg = ab € 30.73)",1.69,1.49,,ab € 30.73,https://www.edeka.de/maerkte/071158/angebote/,40468,Düsseldorf,,,,미검토,,1259
2026-09-20 21:02 Europe/Berlin,EDEKA,"EDEKA Buller, Matthiaskirchweg 6, 40472 Düsseldorf",40472,식품,21.09.2026-26.09.2026,Tillman’s Toasty,"tiefgefroren, der Snack zum Toasten, versch. Sorten, je 280 g Packung, (1 kg = € 10.68)",2.99,,,10.68,https://www.edeka.de/maerkte/071158/angebote/,40468,Düsseldorf,,,,미검토,,1260
2026-09-20 21:02 Europe/Berlin,EDEKA,"EDEKA Buller, Matthiaskirchweg 6, 40472 Düsseldorf",40472,식품,21.09.2026-26.09.2026,Toffifee,"4 + 1 gratis = 625 g Packung, (1 kg = € 7.98)",4.99,,,7.98,https://www.edeka.de/maerkte/071158/angebote/,40468,Düsseldorf,,,,미검토,,1261
2026-09-20 21:02 Europe/Berlin,EDEKA,"EDEKA Buller, Matthiaskirchweg 6, 40472 Düsseldorf",40472,주류,21.09.2026-26.09.2026,Tullamore D.E.W.,"Irish Whiskey oder Café Honey, 40% / 35% Vol., je 0,7 l Flasche, (1 l = € 19.99)",13.99,,,19.99,https://www.edeka.de/maerkte/071158/angebote/,40468,Düsseldorf,,,,미검토,,1262
2026-09-20 21:02 Europe/Berlin,EDEKA,"EDEKA Buller, Matthiaskirchweg 6, 40472 Düsseldorf",40472,식품,21.09.2026-26.09.2026,ültje Erdnüsse,"versch. Sorten, je 180 g / 150 g Dose, (1 kg = € 9.39 / € 11.27)",1.69,1.39,,9.39 / € 11.27,https://www.edeka.de/maerkte/071158/angebote/,40468,Düsseldorf,,,,미검토,,1263
2026-09-20 21:02 Europe/Berlin,EDEKA,"EDEKA Buller, Matthiaskirchweg 6, 40472 Düsseldorf",40472,식품,21.09.2026-26.09.2026,Unser Bergsommer,"deutscher Schnittkäse, mit Ringelblumen, Kornblumen und Rosenblüten auf der Rinde affiniert, 50% Fett i. Tr., je 100 g am Stück",2.49,,,,https://www.edeka.de/maerkte/071158/angebote/,40468,Düsseldorf,,,,미검토,,1264
2026-09-20 21:02 Europe/Berlin,EDEKA,"EDEKA Buller, Matthiaskirchweg 6, 40472 Düsseldorf",40472,음료,21.09.2026-26.09.2026,Valensina Eistee,"versch. Sorten, je 1 l Flasche zzgl. € 0.25 Pfand",0.99,,,,https://www.edeka.de/maerkte/071158/angebote/,40468,Düsseldorf,,,,미검토,,1265
2026-09-20 21:02 Europe/Berlin,EDEKA,"EDEKA Buller, Matthiaskirchweg 6, 40472 Düsseldorf",40472,식품,21.09.2026-26.09.2026,Vassemer - Hähnchenbrustfilet,"in Aspik, mit Mandarinen, je 100 g",1.79,,,,https://www.edeka.de/maerkte/071158/angebote/,40468,Düsseldorf,,,,미검토,,1266
2026-09-20 21:02 Europe/Berlin,EDEKA,"EDEKA Buller, Matthiaskirchweg 6, 40472 Düsseldorf",40472,음료,21.09.2026-26.09.2026,Volvic Vitamin+ oder Bio Tee,"versch. Sorten, je 0,75 l Flasche zzgl. € 0.25 Pfand, (1 l = € 1.99)",1.49,,,1.99,https://www.edeka.de/maerkte/071158/angebote/,40468,Düsseldorf,,,,미검토,,1267
2026-09-20 21:02 Europe/Berlin,EDEKA,"EDEKA Buller, Matthiaskirchweg 6, 40472 Düsseldorf",40472,주류,21.09.2026-26.09.2026,Warsteiner Pilsener,"versch. Sorten, je Kasten = 20 x 0,5 l / 24 x 0,33 l zzgl. € 3.10 / € 3.42 Pfand, (1 l = € 1.20 / € 1.51)",11.99,10.99,,1.20 / € 1.51,https://www.edeka.de/maerkte/071158/angebote/,40468,Düsseldorf,,,,미검토,,1268
2026-09-20 21:02 Europe/Berlin,EDEKA,"EDEKA Buller, Matthiaskirchweg 6, 40472 Düsseldorf",40472,식품,21.09.2026-26.09.2026,Weihenstephan Haltbare Milch,"3,5% / 1,5% Fett, je 1 l Packung",0.99,,,,https://www.edeka.de/maerkte/071158/angebote/,40468,Düsseldorf,,,,미검토,,1269
2026-09-20 21:02 Europe/Berlin,EDEKA,"EDEKA Buller, Matthiaskirchweg 6, 40472 Düsseldorf",40472,주류,21.09.2026-26.09.2026,Wicküler Pils,"je Kasten = 20 x 0,5 l / 24 x 0,33 l zzgl. € 3.10 / € 3.42 Pfand, (1 l = € 0.95 / € 1.20)",9.49,,,0.95 / € 1.20,https://www.edeka.de/maerkte/071158/angebote/,40468,Düsseldorf,,,,미검토,,1270
2026-09-20 21:02 Europe/Berlin,EDEKA,"EDEKA Buller, Matthiaskirchweg 6, 40472 Düsseldorf",40472,주류,21.09.2026-26.09.2026,Wodka Gorbatschow,"37,5% Vol. auch Wodka Citron und Raspberry im Angebot, 0,7 l Flasche, (1 l = € 9.27)",6.49,,,9.27,https://www.edeka.de/maerkte/071158/angebote/,40468,Düsseldorf,,,,미검토,,1271
2026-09-20 21:02 Europe/Berlin,EDEKA,"EDEKA Buller, Matthiaskirchweg 6, 40472 Düsseldorf",40472,식품,21.09.2026-26.09.2026,Wurzelbrot,"versch. Sorten, je 450 g Stück, (1 kg = € 4.42)",1.99,,,4.42,https://www.edeka.de/maerkte/071158/angebote/,40468,Düsseldorf,,,,미검토,,1272
2026-09-20 21:02 Europe/Berlin,EDEKA,"EDEKA Buller, Matthiaskirchweg 6, 40472 Düsseldorf",40472,식품,21.09.2026-26.09.2026,"Zarte Schinkenschnitzel, zarter Schinkenbraten oder zartes Schinkengulasch",je 1 kg,6.66,,,,https://www.edeka.de/maerkte/071158/angebote/,40468,Düsseldorf,,,,미검토,,1273
2026-09-20 21:02 Europe/Berlin,EDEKA,"EDEKA Buller, Matthiaskirchweg 6, 40472 Düsseldorf",40472,식품,21.09.2026-26.09.2026,Zartes Gulasch,"aus der Keule geschnitten, deutsches Jungbullenfleisch, je 1 kg",16.90,,,,https://www.edeka.de/maerkte/071158/angebote/,40468,Düsseldorf,,,,미검토,,1274
2026-09-20 21:02 Europe/Berlin,EDEKA,"EDEKA Buller, Matthiaskirchweg 6, 40472 Düsseldorf",40472,식품,21.09.2026-26.09.2026,Zott Monte,"versch. Sorten, je 400 g / 232 g Packung / Becher, (1 kg = € 3.98 / € 6.85)",1.59,1.39,,3.98 / € 6.85,https://www.edeka.de/maerkte/071158/angebote/,40468,Düsseldorf,,,,미검토,,1275
2026-09-20 21:02 Europe/Berlin,EDEKA,"EDEKA Buller, Matthiaskirchweg 6, 40472 Düsseldorf",40472,식품,21.09.2026-26.09.2026,Zott Sahnejoghurt,"versch. Sorten auch Zott Pure Joy vegan im Angebot, je 140 g Becher, (1 kg = € 3.50)",0.49,0.39,,3.50,https://www.edeka.de/maerkte/071158/angebote/,40468,Düsseldorf,,,,미검토,,1276
2026-09-20 21:02 Europe/Berlin,EDEKA,"EDEKA Buller, Matthiaskirchweg 6, 40472 Düsseldorf",40472,식품,21.09.2026-26.09.2026,Zuivelhoeve Vla,"Vanille oder Vanille & Schoko, je 800 g Becher, (1 kg = € 3.11)",2.49,,,3.11,https://www.edeka.de/maerkte/071158/angebote/,40468,Düsseldorf,,,,미검토,,1277
2026-09-20 21:02 Europe/Berlin,EDEKA,"EDEKA Buller, Matthiaskirchweg 6, 40472 Düsseldorf",40472,식품,21.09.2026-26.09.2026,Zum Dorfkrug Grütze oder Pudding,"versch. Sorten, je 375 g / 360 g Glas, (1 kg = € 5.31 / € 5.53)",1.99,,,5.31 / € 5.53,https://www.edeka.de/maerkte/071158/angebote/,40468,Düsseldorf,,,,미검토,,1278
2026-09-20 21:02 Europe/Berlin,EDEKA,"EDEKA Buller, Matthiaskirchweg 6, 40472 Düsseldorf",40472,식품,21.09.2026-26.09.2026,Zum Dorfkrug Salatsauce,"versch. Sorten, je 250 ml Flasche, (1 l = € 7.16)",1.79,,,7.16,https://www.edeka.de/maerkte/071158/angebote/,40468,Düsseldorf,,,,미검토,,1279
2026-09-20 21:02 Europe/Berlin,EDEKA,"EDEKA Prömpers, Niederrheinstraße 84-88, 40474 Düsseldorf",40474,식품,21.09.2026-26.09.2026,3 Glocken Genuss Pur,"versch. Sorten, je 500 g Packung, (1 kg = € 2.58)",1.29,,,2.58,https://www.edeka.de/maerkte/071065/angebote/,40474,Düsseldorf,,,,미검토,,1280
2026-09-20 21:02 Europe/Berlin,EDEKA,"EDEKA Prömpers, Niederrheinstraße 84-88, 40474 Düsseldorf",40474,식품,21.09.2026-26.09.2026,7 Days Croissants,"versch. Sorten, je 240 g / 185 g Packung / Beutel, (1 kg = € 8.29 / € 10.76)",1.99,,,8.29 / € 10.76,https://www.edeka.de/maerkte/071065/angebote/,40474,Düsseldorf,,,,미검토,,1281
2026-09-20 21:02 Europe/Berlin,EDEKA,"EDEKA Prömpers, Niederrheinstraße 84-88, 40474 Düsseldorf",40474,식품,21.09.2026-26.09.2026,After Eight Classic,"200 g Packung, (1 kg = € 11.10)",2.22,,,11.10,https://www.edeka.de/maerkte/071065/angebote/,40474,Düsseldorf,,,,미검토,,1282
2026-09-20 21:02 Europe/Berlin,EDEKA,"EDEKA Prömpers, Niederrheinstraße 84-88, 40474 Düsseldorf",40474,식품,21.09.2026-26.09.2026,Ahornsirup,"250 ml Flasche, (1 l = € 13.32)",3.33,,,13.32,https://www.edeka.de/maerkte/071065/angebote/,40474,Düsseldorf,,,,미검토,,1283
2026-09-20 21:02 Europe/Berlin,EDEKA,"EDEKA Prömpers, Niederrheinstraße 84-88, 40474 Düsseldorf",40474,식품,21.09.2026-26.09.2026,Alpenhain Obazda oder Camembert Creme,"versch. Sorten, je 125 g Becher, (1 kg = € 11.92)",1.49,1.29,,11.92,https://www.edeka.de/maerkte/071065/angebote/,40474,Düsseldorf,,,,미검토,,1284
2026-09-20 21:02 Europe/Berlin,EDEKA,"EDEKA Prömpers, Niederrheinstraße 84-88, 40474 Düsseldorf",40474,주류,21.09.2026-26.09.2026,Aperol Spritz,"10,5% Vol., Packung = 3 x 0,2 l pfandfrei, (1 l = € 11.65)",6.99,,,11.65,https://www.edeka.de/maerkte/071065/angebote/,40474,Düsseldorf,,,,미검토,,1285
2026-09-20 21:02 Europe/Berlin,EDEKA,"EDEKA Prömpers, Niederrheinstraße 84-88, 40474 Düsseldorf",40474,식품,21.09.2026-26.09.2026,Appenzeller Appenzellerin,"schweizer Halbhartkäse, mind. 48% Fett i. Tr., je 100 g am Stück",2.29,,,,https://www.edeka.de/maerkte/071065/angebote/,40474,Düsseldorf,,,,미검토,,1286
2026-09-20 21:02 Europe/Berlin,EDEKA,"EDEKA Prömpers, Niederrheinstraße 84-88, 40474 Düsseldorf",40474,음료,21.09.2026-26.09.2026,Asbach Uralt,"36% Vol., 0,7 l Flasche, (1 l = € 14.27)",9.99,,,14.27,https://www.edeka.de/maerkte/071065/angebote/,40474,Düsseldorf,,,,미검토,,1287
2026-09-20 21:02 Europe/Berlin,EDEKA,"EDEKA Prömpers, Niederrheinstraße 84-88, 40474 Düsseldorf",40474,식품,21.09.2026-26.09.2026,Bille - Chicken Salami,"versch. ummantelt, je 100 g",1.99,,,,https://www.edeka.de/maerkte/071065/angebote/,40474,Düsseldorf,,,,미검토,,1288
2026-09-20 21:02 Europe/Berlin,EDEKA,"EDEKA Prömpers, Niederrheinstraße 84-88, 40474 Düsseldorf",40474,식품,21.09.2026-26.09.2026,Birkel’s No. 1 oder 7 Hühnchen Nudeln,"versch. Sorten, je 500 g / 600 g Packung, (1 kg = € 2.58 / € 2.15)",1.29,,,2.58 / € 2.15,https://www.edeka.de/maerkte/071065/angebote/,40474,Düsseldorf,,,,미검토,,1289
2026-09-20 21:02 Europe/Berlin,EDEKA,"EDEKA Prömpers, Niederrheinstraße 84-88, 40474 Düsseldorf",40474,식품,21.09.2026-26.09.2026,Bonduelle Gemüsekonserven,"versch. Sorten, je 300 g - 400 g Dose / 220 g - 285 g Abtropfg., (1 kg = ab € 2.78)",1.11,,,ab € 2.78,https://www.edeka.de/maerkte/071065/angebote/,40474,Düsseldorf,,,,미검토,,1290
2026-09-20 21:02 Europe/Berlin,EDEKA,"EDEKA Prömpers, Niederrheinstraße 84-88, 40474 Düsseldorf",40474,식품,21.09.2026-26.09.2026,Börek-Stick,"mit Feta-Füllung oder Spinat-Feta-Füllung, je Stück",0.50,,,,https://www.edeka.de/maerkte/071065/angebote/,40474,Düsseldorf,,,,미검토,,1291
2026-09-20 21:02 Europe/Berlin,EDEKA,"EDEKA Prömpers, Niederrheinstraße 84-88, 40474 Düsseldorf",40474,식품,21.09.2026-26.09.2026,Brandt Der Markenzwieback,"225 g Packung, (1 kg = € 5.73)",1.29,,,5.73,https://www.edeka.de/maerkte/071065/angebote/,40474,Düsseldorf,,,,미검토,,1292
2026-09-20 21:02 Europe/Berlin,EDEKA,"EDEKA Prömpers, Niederrheinstraße 84-88, 40474 Düsseldorf",40474,식품,21.09.2026-26.09.2026,Bulgur- oder Bauernsalat,"verzehrfertig, je 250 g Schale, (1 kg = € 11.96)",2.99,,,11.96,https://www.edeka.de/maerkte/071065/angebote/,40474,Düsseldorf,,,,미검토,,1293
2026-09-20 21:02 Europe/Berlin,EDEKA,"EDEKA Prömpers, Niederrheinstraße 84-88, 40474 Düsseldorf",40474,식품,21.09.2026-26.09.2026,Cathedral City Cheddar,"4 / 9 Monate gereift, 48% Fett i. Tr., je 120 g Packung, (1 kg = € 16.58)",1.99,,,16.58,https://www.edeka.de/maerkte/071065/angebote/,40474,Düsseldorf,,,,미검토,,1294
2026-09-20 21:02 Europe/Berlin,EDEKA,"EDEKA Prömpers, Niederrheinstraße 84-88, 40474 Düsseldorf",40474,식품,21.09.2026-26.09.2026,Cevapcici,"aus Rinder- und Schweinehackfleisch, mit einer Paprika-Knoblauch-Note abgerundet, je 10 x 50 g Stück = 500 g, (1 kg = € 10.00)",5.00,,,10.00,https://www.edeka.de/maerkte/071065/angebote/,40474,Düsseldorf,,,,미검토,,1295
2026-09-20 21:02 Europe/Berlin,EDEKA,"EDEKA Prömpers, Niederrheinstraße 84-88, 40474 Düsseldorf",40474,식품,21.09.2026-26.09.2026,Choi's Bibimmyeon Instant Nudeln,"versch. Sorten, je 113 g - 131 g Beutel, (1 kg = ab € 11.37)",1.49,,,ab € 11.37,https://www.edeka.de/maerkte/071065/angebote/,40474,Düsseldorf,,,,미검토,,1296
2026-09-20 21:02 Europe/Berlin,EDEKA,"EDEKA Prömpers, Niederrheinstraße 84-88, 40474 Düsseldorf",40474,음료,21.09.2026-26.09.2026,"Coca-Cola, Coca-Cola Zero, Mezzo Mix oder Sprite","koffeinhaltig, je Kasten = 6 x 1 l zzgl. € 2.40 Pfand, (1 l = € 1.33)",7.99,,,1.33,https://www.edeka.de/maerkte/071065/angebote/,40474,Düsseldorf,,,,미검토,,1297
2026-09-20 21:02 Europe/Berlin,EDEKA,"EDEKA Prömpers, Niederrheinstraße 84-88, 40474 Düsseldorf",40474,음료,21.09.2026-26.09.2026,"Coca-Cola, Fanta oder Sprite","und weitere Sorten, teilweise koffeinhaltig, je 1,25 l Flasche zzgl. € 0.25 Pfand, (1 l = € 0.89)",1.11,,,0.89,https://www.edeka.de/maerkte/071065/angebote/,40474,Düsseldorf,,,,미검토,,1298
2026-09-20 21:02 Europe/Berlin,EDEKA,"EDEKA Prömpers, Niederrheinstraße 84-88, 40474 Düsseldorf",40474,식품,21.09.2026-26.09.2026,Corny Müsli-Riegel,"versch. Sorten auch Corny Haferkraft-Riegel, Corny Protein 4 x 25 g und Corny Protein Crunchy Riegel 45 g im Angebot, je 3 - 6 Riegel = 96 g - 150 g Packung, (1 kg = ab € 10.60)",1.59,,,ab € 10.60,https://www.edeka.de/maerkte/071065/angebote/,40474,Düsseldorf,,,,미검토,,1299
2026-09-20 21:02 Europe/Berlin,EDEKA,"EDEKA Prömpers, Niederrheinstraße 84-88, 40474 Düsseldorf",40474,식품,21.09.2026-26.09.2026,Das Mehl,"glutenfrei, 1 kg Packung",3.99,,,,https://www.edeka.de/maerkte/071065/angebote/,40474,Düsseldorf,,,,미검토,,1300
2026-09-20 21:02 Europe/Berlin,EDEKA,"EDEKA Prömpers, Niederrheinstraße 84-88, 40474 Düsseldorf",40474,음료,21.09.2026-26.09.2026,Deutschland - Baden - Badischer Federweißer,"versch. Sorten, je 1 l Flasche",2.49,,,,https://www.edeka.de/maerkte/071065/angebote/,40474,Düsseldorf,,,,미검토,,1301
2026-09-20 21:02 Europe/Berlin,EDEKA,"EDEKA Prömpers, Niederrheinstraße 84-88, 40474 Düsseldorf",40474,식품,21.09.2026-26.09.2026,Deutschland - Bio-Möhren,"Klasse II, 1 kg Beutel",1.49,,,,https://www.edeka.de/maerkte/071065/angebote/,40474,Düsseldorf,,,,미검토,,1302
2026-09-20 21:02 Europe/Berlin,EDEKA,"EDEKA Prömpers, Niederrheinstraße 84-88, 40474 Düsseldorf",40474,식품,21.09.2026-26.09.2026,Deutschland - Bio-Porree,"Klasse II, 430 g Bund, (1 kg = € 4.63)",1.99,,,4.63,https://www.edeka.de/maerkte/071065/angebote/,40474,Düsseldorf,,,,미검토,,1303
2026-09-20 21:02 Europe/Berlin,EDEKA,"EDEKA Prömpers, Niederrheinstraße 84-88, 40474 Düsseldorf",40474,식품,21.09.2026-26.09.2026,Deutschland - Bio-Zwiebeln,"rot oder gelb, Klasse II, je 500 g / 750 g Netz, (1 kg = € 2.98 / € 1.99)",1.49,,,2.98 / € 1.99,https://www.edeka.de/maerkte/071065/angebote/,40474,Düsseldorf,,,,미검토,,1304
2026-09-20 21:02 Europe/Berlin,EDEKA,"EDEKA Prömpers, Niederrheinstraße 84-88, 40474 Düsseldorf",40474,식품,21.09.2026-26.09.2026,Deutschland - Blumenkohl,"Klasse I, Stück",1.49,,,,https://www.edeka.de/maerkte/071065/angebote/,40474,Düsseldorf,,,,미검토,,1305
2026-09-20 21:02 Europe/Berlin,EDEKA,"EDEKA Prömpers, Niederrheinstraße 84-88, 40474 Düsseldorf",40474,식품,21.09.2026-26.09.2026,Deutschland - Bundmöhren,"Klasse I, Bund",1.49,,,,https://www.edeka.de/maerkte/071065/angebote/,40474,Düsseldorf,,,,미검토,,1306
2026-09-20 21:02 Europe/Berlin,EDEKA,"EDEKA Prömpers, Niederrheinstraße 84-88, 40474 Düsseldorf",40474,식품,21.09.2026-26.09.2026,Deutschland - EDEKA Regional - Mini-Romanasalat,"Klasse I, 2 Stück Packung",0.99,,,,https://www.edeka.de/maerkte/071065/angebote/,40474,Düsseldorf,,,,미검토,,1307
2026-09-20 21:02 Europe/Berlin,EDEKA,"EDEKA Prömpers, Niederrheinstraße 84-88, 40474 Düsseldorf",40474,식품,21.09.2026-26.09.2026,Deutschland - GUT & GÜNSTIG - Speisekartoffeln,"vorwiegend festkochend oder festkochend, je 2,5 kg Beutel, (1 kg = € 0.80)",1.99,,,0.80,https://www.edeka.de/maerkte/071065/angebote/,40474,Düsseldorf,,,,미검토,,1308
2026-09-20 21:02 Europe/Berlin,EDEKA,"EDEKA Prömpers, Niederrheinstraße 84-88, 40474 Düsseldorf",40474,식품,21.09.2026-26.09.2026,Deutschland - GUT & GÜNSTIG - Tafeläpfel Jonagold,"Klasse II, 2 kg Beutel, (1 kg = € 0.75)",1.49,,,0.75,https://www.edeka.de/maerkte/071065/angebote/,40474,Düsseldorf,,,,미검토,,1309
2026-09-20 21:02 Europe/Berlin,EDEKA,"EDEKA Prömpers, Niederrheinstraße 84-88, 40474 Düsseldorf",40474,식품,21.09.2026-26.09.2026,Deutschland - GUT & GÜNSTIG - Zwiebeln,"Klasse II, 2 kg Netz, (1 kg = € 0.75)",1.49,,,0.75,https://www.edeka.de/maerkte/071065/angebote/,40474,Düsseldorf,,,,미검토,,1310
2026-09-20 21:02 Europe/Berlin,EDEKA,"EDEKA Prömpers, Niederrheinstraße 84-88, 40474 Düsseldorf",40474,음료,21.09.2026-26.09.2026,Deutschland - III Freunde,"versch. Sorten, je 0,75 l Flasche, (1 l = € 10.65)",7.99,,,10.65,https://www.edeka.de/maerkte/071065/angebote/,40474,Düsseldorf,,,,미검토,,1311
2026-09-20 21:02 Europe/Berlin,EDEKA,"EDEKA Prömpers, Niederrheinstraße 84-88, 40474 Düsseldorf",40474,식품,21.09.2026-26.09.2026,Deutschland - Kohlrabi,"weiß, Klasse I, Stück",0.55,,,,https://www.edeka.de/maerkte/071065/angebote/,40474,Düsseldorf,,,,미검토,,1312
2026-09-20 21:02 Europe/Berlin,EDEKA,"EDEKA Prömpers, Niederrheinstraße 84-88, 40474 Düsseldorf",40474,식품,21.09.2026-26.09.2026,Deutschland - Lauchzwiebeln oder Radieschen,"Klasse I, je Bund",0.55,,,,https://www.edeka.de/maerkte/071065/angebote/,40474,Düsseldorf,,,,미검토,,1313
2026-09-20 21:02 Europe/Berlin,EDEKA,"EDEKA Prömpers, Niederrheinstraße 84-88, 40474 Düsseldorf",40474,식품,21.09.2026-26.09.2026,Deutschland - Staudensellerie,"Klasse II, Stück",1.99,,,,https://www.edeka.de/maerkte/071065/angebote/,40474,Düsseldorf,,,,미검토,,1314
2026-09-20 21:02 Europe/Berlin,EDEKA,"EDEKA Prömpers, Niederrheinstraße 84-88, 40474 Düsseldorf",40474,주류,21.09.2026-26.09.2026,Deutschland - Weingenuss,"versch. Sorten, je 1 l Flasche",1.99,1.79,,,https://www.edeka.de/maerkte/071065/angebote/,40474,Düsseldorf,,,,미검토,,1315
2026-09-20 21:02 Europe/Berlin,EDEKA,"EDEKA Prömpers, Niederrheinstraße 84-88, 40474 Düsseldorf",40474,식품,21.09.2026-26.09.2026,Die Pasta glutenfrei,"versch. Sorten, je 400 g Packung, (1 kg = € 4.98)",1.99,,,4.98,https://www.edeka.de/maerkte/071065/angebote/,40474,Düsseldorf,,,,미검토,,1316
2026-09-20 21:02 Europe/Berlin,EDEKA,"EDEKA Prömpers, Niederrheinstraße 84-88, 40474 Düsseldorf",40474,식품,21.09.2026-26.09.2026,Dr. Oetker Backmischung,"versch. Sorten, je 280 g - 580 g Packung, (1 kg = ab € 4.29)",2.49,1.99,,ab € 4.29,https://www.edeka.de/maerkte/071065/angebote/,40474,Düsseldorf,,,,미검토,,1317
2026-09-20 21:02 Europe/Berlin,EDEKA,"EDEKA Prömpers, Niederrheinstraße 84-88, 40474 Düsseldorf",40474,식품,21.09.2026-26.09.2026,"Dr. Oetker Die Ofenfrische, Pizza Tradizionale oder La Mia Pinsa","tiefgefroren, versch. Sorten, je 305 g - 435 g Packung, (1 kg = ab € 4.11)",1.79,,,ab € 4.11,https://www.edeka.de/maerkte/071065/angebote/,40474,Düsseldorf,,,,미검토,,1318
2026-09-20 21:02 Europe/Berlin,EDEKA,"EDEKA Prömpers, Niederrheinstraße 84-88, 40474 Düsseldorf",40474,식품,21.09.2026-26.09.2026,Dr. Oetker Pudding oder Fruchtgrütze,"versch. Sorten, je 160 g - 200 g Becher, (1 kg = ab € 4.95)",0.99,0.79,,ab € 4.95,https://www.edeka.de/maerkte/071065/angebote/,40474,Düsseldorf,,,,미검토,,1319
2026-09-20 21:02 Europe/Berlin,EDEKA,"EDEKA Prömpers, Niederrheinstraße 84-88, 40474 Düsseldorf",40474,식품,21.09.2026-26.09.2026,Dr. Oetker Suprema,"tiefgefroren, versch. Sorten, je 475 g - 540 g Packung, (1 kg = ab € 7.39)",3.99,,,ab € 7.39,https://www.edeka.de/maerkte/071065/angebote/,40474,Düsseldorf,,,,미검토,,1320
2026-09-20 21:02 Europe/Berlin,EDEKA,"EDEKA Prömpers, Niederrheinstraße 84-88, 40474 Düsseldorf",40474,식품,21.09.2026-26.09.2026,Ecuador - GUT & GÜNSTIG - Bananen,1 kg,1.11,,,,https://www.edeka.de/maerkte/071065/angebote/,40474,Düsseldorf,,,,미검토,,1321
2026-09-20 21:02 Europe/Berlin,EDEKA,"EDEKA Prömpers, Niederrheinstraße 84-88, 40474 Düsseldorf",40474,식품,21.09.2026-26.09.2026,EDEKA - Laktosefreie H-Milch,"3,5% / 1,5% Fett, je 1 l Packung",0.89,,,,https://www.edeka.de/maerkte/071065/angebote/,40474,Düsseldorf,,,,미검토,,1322
2026-09-20 21:02 Europe/Berlin,EDEKA,"EDEKA Prömpers, Niederrheinstraße 84-88, 40474 Düsseldorf",40474,식품,21.09.2026-26.09.2026,EDEKA - Saatenbrot,"glutenfrei, 300 g Packung, (1 kg = € 9.30)",2.79,,,9.30,https://www.edeka.de/maerkte/071065/angebote/,40474,Düsseldorf,,,,미검토,,1323
2026-09-20 21:02 Europe/Berlin,EDEKA,"EDEKA Prömpers, Niederrheinstraße 84-88, 40474 Düsseldorf",40474,식품,21.09.2026-26.09.2026,EDEKA - Supersweet Mais,"150 g Dose / 140 g Abtropfg., (1 kg = € 4.93)",0.69,,,4.93,https://www.edeka.de/maerkte/071065/angebote/,40474,Düsseldorf,,,,미검토,,1324
2026-09-20 21:02 Europe/Berlin,EDEKA,"EDEKA Prömpers, Niederrheinstraße 84-88, 40474 Düsseldorf",40474,식품,21.09.2026-26.09.2026,EDEKA - Tomaten,"versch. Sorten, je 390 g Packung, (1 kg = € 2.85)",1.11,,,2.85,https://www.edeka.de/maerkte/071065/angebote/,40474,Düsseldorf,,,,미검토,,1325
2026-09-20 21:02 Europe/Berlin,EDEKA,"EDEKA Prömpers, Niederrheinstraße 84-88, 40474 Düsseldorf",40474,식품,21.09.2026-26.09.2026,"EDEKA - Tortenpfirsiche, Aprikosen oder Williams Christ Birnen","je 225 g Dose / 125 g / 140 g Abtropfg., (1 kg = € 7.92 / € 7.07)",0.99,,,7.92 / € 7.07,https://www.edeka.de/maerkte/071065/angebote/,40474,Düsseldorf,,,,미검토,,1326
2026-09-20 21:02 Europe/Berlin,EDEKA,"EDEKA Prömpers, Niederrheinstraße 84-88, 40474 Düsseldorf",40474,식품,21.09.2026-26.09.2026,EDEKA Bio - Apfelessig,"naturtrüb, 750 ml Flasche, (1 l = € 2.12)",1.59,,,2.12,https://www.edeka.de/maerkte/071065/angebote/,40474,Düsseldorf,,,,미검토,,1327
2026-09-20 21:02 Europe/Berlin,EDEKA,"EDEKA Prömpers, Niederrheinstraße 84-88, 40474 Düsseldorf",40474,식품,21.09.2026-26.09.2026,EDEKA Bio - Dinkel- oder Dinkelvollkornmehl,je 1 kg Packung,1.29,,,,https://www.edeka.de/maerkte/071065/angebote/,40474,Düsseldorf,,,,미검토,,1328
2026-09-20 21:02 Europe/Berlin,EDEKA,"EDEKA Prömpers, Niederrheinstraße 84-88, 40474 Düsseldorf",40474,식품,21.09.2026-26.09.2026,EDEKA Bio - Natives Olivenöl extra,"aus Griechenland, 500 ml Flasche, (1 l = € 16.98)",8.49,,,16.98,https://www.edeka.de/maerkte/071065/angebote/,40474,Düsseldorf,,,,미검토,,1329
2026-09-20 21:02 Europe/Berlin,EDEKA,"EDEKA Prömpers, Niederrheinstraße 84-88, 40474 Düsseldorf",40474,음료,21.09.2026-26.09.2026,"EDEKA Herzstücke - Saft, Nektar oder Fruchtsaftgetränk","versch. Sorten, je 1 l Flasche zzgl. € 0.25 Pfand",1.11,0.99,,,https://www.edeka.de/maerkte/071065/angebote/,40474,Düsseldorf,,,,미검토,,1330
2026-09-20 21:02 Europe/Berlin,EDEKA,"EDEKA Prömpers, Niederrheinstraße 84-88, 40474 Düsseldorf",40474,식품,21.09.2026-26.09.2026,Edeka Küche - Tortellini,"mit Bolognese- oder Sahnesauce, je 400 g Schale, (1 kg = € 9.98)",3.99,,,9.98,https://www.edeka.de/maerkte/071065/angebote/,40474,Düsseldorf,,,,미검토,,1331
2026-09-20 21:02 Europe/Berlin,EDEKA,"EDEKA Prömpers, Niederrheinstraße 84-88, 40474 Düsseldorf",40474,식품,21.09.2026-26.09.2026,EDEKA Regional - Herzhafter Wurst-Aufschnitt,"versch. Sorten, je 100 g Packung, (1 kg = € 13.90)",1.39,,,13.90,https://www.edeka.de/maerkte/071065/angebote/,40474,Düsseldorf,,,,미검토,,1332
2026-09-20 21:02 Europe/Berlin,EDEKA,"EDEKA Prömpers, Niederrheinstraße 84-88, 40474 Düsseldorf",40474,식품,21.09.2026-26.09.2026,Emmi Caffè Latte,"versch. Sorten, je 230 ml Becher, (1 l = € 6.48)",1.49,1.29,,6.48,https://www.edeka.de/maerkte/071065/angebote/,40474,Düsseldorf,,,,미검토,,1333
2026-09-20 21:02 Europe/Berlin,EDEKA,"EDEKA Prömpers, Niederrheinstraße 84-88, 40474 Düsseldorf",40474,식품,21.09.2026-26.09.2026,Exquisa Zero Quark-Joghurt-Creme,"versch. Sorten, je 400 g Becher, (1 kg = € 3.73)",1.49,,,3.73,https://www.edeka.de/maerkte/071065/angebote/,40474,Düsseldorf,,,,미검토,,1334
2026-09-20 21:02 Europe/Berlin,EDEKA,"EDEKA Prömpers, Niederrheinstraße 84-88, 40474 Düsseldorf",40474,식품,21.09.2026-26.09.2026,Fleischkäsebrät,"roh, zum Backen, 700 g Packung, (1 kg = € 5.70)",3.99,,,5.70,https://www.edeka.de/maerkte/071065/angebote/,40474,Düsseldorf,,,,미검토,,1335
2026-09-20 21:02 Europe/Berlin,EDEKA,"EDEKA Prömpers, Niederrheinstraße 84-88, 40474 Düsseldorf",40474,음료,21.09.2026-26.09.2026,Frankreich - Brut Dargent,"versch. Sorten, je 0,75 l Flasche, (1 l = € 7.99)",5.99,,,7.99,https://www.edeka.de/maerkte/071065/angebote/,40474,Düsseldorf,,,,미검토,,1336
2026-09-20 21:02 Europe/Berlin,EDEKA,"EDEKA Prömpers, Niederrheinstraße 84-88, 40474 Düsseldorf",40474,주류,21.09.2026-26.09.2026,Frankreich / Deutschland - Bree Weine,"versch. Sorten auch Alkoholfrei im Angebot, je 0,75 l Flasche, (1 l = € 3.99)",2.99,2.79,,3.99,https://www.edeka.de/maerkte/071065/angebote/,40474,Düsseldorf,,,,미검토,,1337
2026-09-20 21:02 Europe/Berlin,EDEKA,"EDEKA Prömpers, Niederrheinstraße 84-88, 40474 Düsseldorf",40474,음료,21.09.2026-26.09.2026,Franziskaner Hefeweissbier,"Alkoholfrei oder Hell, je Kasten = 11 x 0,5 l zzgl. € 2.38 Pfand, (1 l = € 1.63)",8.99,,,1.63,https://www.edeka.de/maerkte/071065/angebote/,40474,Düsseldorf,,,,미검토,,1338
2026-09-20 21:02 Europe/Berlin,EDEKA,"EDEKA Prömpers, Niederrheinstraße 84-88, 40474 Düsseldorf",40474,식품,21.09.2026-26.09.2026,Frische Bratwurst,"vom Schwein, nach „Fränkischer Art“ gewürzt, zum Braten, 300 g Packung, (1 kg = € 9.97)",2.99,,,9.97,https://www.edeka.de/maerkte/071065/angebote/,40474,Düsseldorf,,,,미검토,,1339
2026-09-20 21:02 Europe/Berlin,EDEKA,"EDEKA Prömpers, Niederrheinstraße 84-88, 40474 Düsseldorf",40474,식품,21.09.2026-26.09.2026,Frische Dicke Schweinerippe,"ideal zum Braten, je 1 kg",5.99,,,,https://www.edeka.de/maerkte/071065/angebote/,40474,Düsseldorf,,,,미검토,,1340
2026-09-20 21:02 Europe/Berlin,EDEKA,"EDEKA Prömpers, Niederrheinstraße 84-88, 40474 Düsseldorf",40474,식품,21.09.2026-26.09.2026,Frische Hähnchenflügel,"Handelsklasse A, je 1 kg",4.44,,,,https://www.edeka.de/maerkte/071065/angebote/,40474,Düsseldorf,,,,미검토,,1341
2026-09-20 21:02 Europe/Berlin,EDEKA,"EDEKA Prömpers, Niederrheinstraße 84-88, 40474 Düsseldorf",40474,식품,21.09.2026-26.09.2026,Frische Lummerkoteletts,"zart und mager, je 1 kg",6.49,,,,https://www.edeka.de/maerkte/071065/angebote/,40474,Düsseldorf,,,,미검토,,1342
2026-09-20 21:02 Europe/Berlin,EDEKA,"EDEKA Prömpers, Niederrheinstraße 84-88, 40474 Düsseldorf",40474,식품,21.09.2026-26.09.2026,Frische Putenschnitzel oder frisches Putengulasch,"aus der Brust geschnitten, besonders mager, für den kalorienbewussten Genuss, je 100 g",1.29,,,,https://www.edeka.de/maerkte/071065/angebote/,40474,Düsseldorf,,,,미검토,,1343
2026-09-20 21:02 Europe/Berlin,EDEKA,"EDEKA Prömpers, Niederrheinstraße 84-88, 40474 Düsseldorf",40474,식품,21.09.2026-26.09.2026,Frische Schweine-Schwänzchen oder -Pfötchen,"ideal für den Eintopf, je 1 kg",2.00,,,,https://www.edeka.de/maerkte/071065/angebote/,40474,Düsseldorf,,,,미검토,,1344
2026-09-20 21:02 Europe/Berlin,EDEKA,"EDEKA Prömpers, Niederrheinstraße 84-88, 40474 Düsseldorf",40474,식품,21.09.2026-26.09.2026,Frische Schweineleber oder Schweinenieren,je 1 kg,2.50,,,,https://www.edeka.de/maerkte/071065/angebote/,40474,Düsseldorf,,,,미검토,,1345
2026-09-20 21:02 Europe/Berlin,EDEKA,"EDEKA Prömpers, Niederrheinstraße 84-88, 40474 Düsseldorf",40474,식품,21.09.2026-26.09.2026,Frische Stielkoteletts,"das schnelle Pfannengericht, je 1 kg",5.99,,,,https://www.edeka.de/maerkte/071065/angebote/,40474,Düsseldorf,,,,미검토,,1346
2026-09-20 21:02 Europe/Berlin,EDEKA,"EDEKA Prömpers, Niederrheinstraße 84-88, 40474 Düsseldorf",40474,식품,21.09.2026-26.09.2026,Frischer Schweinebauch,"am Stück, mit Knochenanteil, je 1 kg",5.99,,,,https://www.edeka.de/maerkte/071065/angebote/,40474,Düsseldorf,,,,미검토,,1347
2026-09-20 21:02 Europe/Berlin,EDEKA,"EDEKA Prömpers, Niederrheinstraße 84-88, 40474 Düsseldorf",40474,식품,21.09.2026-26.09.2026,Frischer Schweineschulterbraten,"wie gewachsen, saftig, rustikal, je 1 kg",4.99,,,,https://www.edeka.de/maerkte/071065/angebote/,40474,Düsseldorf,,,,미검토,,1348
2026-09-20 21:02 Europe/Berlin,EDEKA,"EDEKA Prömpers, Niederrheinstraße 84-88, 40474 Düsseldorf",40474,식품,21.09.2026-26.09.2026,Frisches ganzes Schweinefilet,"das beste Stück vom Schwein, besonders zart, je 100 g",1.11,,,,https://www.edeka.de/maerkte/071065/angebote/,40474,Düsseldorf,,,,미검토,,1349
2026-09-20 21:02 Europe/Berlin,EDEKA,"EDEKA Prömpers, Niederrheinstraße 84-88, 40474 Düsseldorf",40474,식품,21.09.2026-26.09.2026,Frisches Hähnchenbrustfilet,"für den kalorienbewussten Genuss, Handelsklasse A, je 100 g",0.99,,,,https://www.edeka.de/maerkte/071065/angebote/,40474,Düsseldorf,,,,미검토,,1350
2026-09-20 21:02 Europe/Berlin,EDEKA,"EDEKA Prömpers, Niederrheinstraße 84-88, 40474 Düsseldorf",40474,식품,21.09.2026-26.09.2026,Frisches Rinderhackfleisch,"vielseitig verwendbar, je 100 g",1.49,,,,https://www.edeka.de/maerkte/071065/angebote/,40474,Düsseldorf,,,,미검토,,1351
2026-09-20 21:02 Europe/Berlin,EDEKA,"EDEKA Prömpers, Niederrheinstraße 84-88, 40474 Düsseldorf",40474,식품,21.09.2026-26.09.2026,Frisches Schweinemett,"pikant gewürzt, je 1 kg",6.99,,,,https://www.edeka.de/maerkte/071065/angebote/,40474,Düsseldorf,,,,미검토,,1352
2026-09-20 21:02 Europe/Berlin,EDEKA,"EDEKA Prömpers, Niederrheinstraße 84-88, 40474 Düsseldorf",40474,식품,21.09.2026-26.09.2026,Frischwurst-Aufschnitt,"versch. Sorten, je 100 g",1.19,,,,https://www.edeka.de/maerkte/071065/angebote/,40474,Düsseldorf,,,,미검토,,1353
2026-09-20 21:02 Europe/Berlin,EDEKA,"EDEKA Prömpers, Niederrheinstraße 84-88, 40474 Düsseldorf",40474,식품,21.09.2026-26.09.2026,Frozen Ice Dessert,"tiefgefroren, versch. Sorten, je 75 g Packung, (1 kg = € 26.53)",1.99,,,26.53,https://www.edeka.de/maerkte/071065/angebote/,40474,Düsseldorf,,,,미검토,,1354
2026-09-20 21:02 Europe/Berlin,EDEKA,"EDEKA Prömpers, Niederrheinstraße 84-88, 40474 Düsseldorf",40474,식품,21.09.2026-26.09.2026,funny-frisch Ofen- oder Intense-Chips,"versch. Sorten, je 115 g / 110 g Beutel, (1 kg = € 12.96 / € 13.55)",1.49,1.11,,12.96 / € 13.55,https://www.edeka.de/maerkte/071065/angebote/,40474,Düsseldorf,,,,미검토,,1355
2026-09-20 21:02 Europe/Berlin,EDEKA,"EDEKA Prömpers, Niederrheinstraße 84-88, 40474 Düsseldorf",40474,식품,21.09.2026-26.09.2026,glycklich Eis,"versch. Sorten, je 500 ml Becher, (1 l = € 7.98)",3.99,,,7.98,https://www.edeka.de/maerkte/071065/angebote/,40474,Düsseldorf,,,,미검토,,1356
2026-09-20 21:02 Europe/Berlin,EDEKA,"EDEKA Prömpers, Niederrheinstraße 84-88, 40474 Düsseldorf",40474,식품,21.09.2026-26.09.2026,Gourmet Sauerkraut,"400 g Beutel / 375 g Abtropfg., (1 kg = € 2.64)",0.99,,,2.64,https://www.edeka.de/maerkte/071065/angebote/,40474,Düsseldorf,,,,미검토,,1357
2026-09-20 21:02 Europe/Berlin,EDEKA,"EDEKA Prömpers, Niederrheinstraße 84-88, 40474 Düsseldorf",40474,식품,21.09.2026-26.09.2026,Griesson Soft Cake,"versch. Sorten, je 300 g Packung, (1 kg = € 6.63)",1.99,1.79,,6.63,https://www.edeka.de/maerkte/071065/angebote/,40474,Düsseldorf,,,,미검토,,1358
2026-09-20 21:02 Europe/Berlin,EDEKA,"EDEKA Prömpers, Niederrheinstraße 84-88, 40474 Düsseldorf",40474,식품,21.09.2026-26.09.2026,GUT & GÜNSTIG - Eierspätzle,"500 g Packung, (1 kg = € 2.78)",1.39,,,2.78,https://www.edeka.de/maerkte/071065/angebote/,40474,Düsseldorf,,,,미검토,,1359
2026-09-20 21:02 Europe/Berlin,EDEKA,"EDEKA Prömpers, Niederrheinstraße 84-88, 40474 Düsseldorf",40474,식품,21.09.2026-26.09.2026,GUT & GÜNSTIG - Haferflocken,"extra zart oder kernig, je 500 g Packung, (1 kg = € 1.38)",0.69,,,1.38,https://www.edeka.de/maerkte/071065/angebote/,40474,Düsseldorf,,,,미검토,,1360
2026-09-20 21:02 Europe/Berlin,EDEKA,"EDEKA Prömpers, Niederrheinstraße 84-88, 40474 Düsseldorf",40474,식품,21.09.2026-26.09.2026,GUT & GÜNSTIG - Hähnchengeschnetzeltes,"400 g Packung, (1 kg = € 12.48)",4.99,,,12.48,https://www.edeka.de/maerkte/071065/angebote/,40474,Düsseldorf,,,,미검토,,1361
2026-09-20 21:02 Europe/Berlin,EDEKA,"EDEKA Prömpers, Niederrheinstraße 84-88, 40474 Düsseldorf",40474,식품,21.09.2026-26.09.2026,GUT & GÜNSTIG - Hähnchenminutenschnitzel,"400 g Packung, (1 kg = € 12.48)",4.99,,,12.48,https://www.edeka.de/maerkte/071065/angebote/,40474,Düsseldorf,,,,미검토,,1362
2026-09-20 21:02 Europe/Berlin,EDEKA,"EDEKA Prömpers, Niederrheinstraße 84-88, 40474 Düsseldorf",40474,식품,21.09.2026-26.09.2026,GUT & GÜNSTIG - Mozzarella,"45% Fett i. Tr., 200 g Beutel / 125 g Abtropfg., (1 kg = € 6.80)",0.85,,,6.80,https://www.edeka.de/maerkte/071065/angebote/,40474,Düsseldorf,,,,미검토,,1363
2026-09-20 21:02 Europe/Berlin,EDEKA,"EDEKA Prömpers, Niederrheinstraße 84-88, 40474 Düsseldorf",40474,식품,21.09.2026-26.09.2026,GUT & GÜNSTIG - Norwegische Lachsfilets,"tiefgefroren, 2 x 125 g = 250 g Packung, (1 kg = € 19.96)",4.99,,,19.96,https://www.edeka.de/maerkte/071065/angebote/,40474,Düsseldorf,,,,미검토,,1364
2026-09-20 21:02 Europe/Berlin,EDEKA,"EDEKA Prömpers, Niederrheinstraße 84-88, 40474 Düsseldorf",40474,식품,21.09.2026-26.09.2026,GUT & GÜNSTIG - Pasta,"versch. Sorten, je 500 g Packung, (1 kg = € 1.18)",0.59,,,1.18,https://www.edeka.de/maerkte/071065/angebote/,40474,Düsseldorf,,,,미검토,,1365
2026-09-20 21:02 Europe/Berlin,EDEKA,"EDEKA Prömpers, Niederrheinstraße 84-88, 40474 Düsseldorf",40474,식품,21.09.2026-26.09.2026,GUT & GÜNSTIG - Skyr Natur,"500 g Becher, (1 kg = € 2.58)",1.29,,,2.58,https://www.edeka.de/maerkte/071065/angebote/,40474,Düsseldorf,,,,미검토,,1366
2026-09-20 21:02 Europe/Berlin,EDEKA,"EDEKA Prömpers, Niederrheinstraße 84-88, 40474 Düsseldorf",40474,식품,21.09.2026-26.09.2026,GUT & GÜNSTIG - Wiener Würstchen,20 x 50 g = 1 kg Packung,6.79,,,,https://www.edeka.de/maerkte/071065/angebote/,40474,Düsseldorf,,,,미검토,,1367
2026-09-20 21:02 Europe/Berlin,EDEKA,"EDEKA Prömpers, Niederrheinstraße 84-88, 40474 Düsseldorf",40474,식품,21.09.2026-26.09.2026,GUT&GÜNSTIG - Frischkäse,"Pur oder Kräuter, Doppelrahmstufe, je 300 g Becher, (1 kg = € 5.30)",1.59,,,5.30,https://www.edeka.de/maerkte/071065/angebote/,40474,Düsseldorf,,,,미검토,,1368
2026-09-20 21:02 Europe/Berlin,EDEKA,"EDEKA Prömpers, Niederrheinstraße 84-88, 40474 Düsseldorf",40474,식품,21.09.2026-26.09.2026,Häagen-Dazs Eiscreme,"versch. Sorten auch Häagen Dazs Classic Collect 4 x 95 ml im Angebot, je 460 ml / 420 ml Becher, (1 l = € 8.67 / € 9.50)",3.99,3.49,,8.67 / € 9.50,https://www.edeka.de/maerkte/071065/angebote/,40474,Düsseldorf,,,,미검토,,1369
2026-09-20 21:02 Europe/Berlin,EDEKA,"EDEKA Prömpers, Niederrheinstraße 84-88, 40474 Düsseldorf",40474,식품,21.09.2026-26.09.2026,Haribo Fruchtgummi oder Lakritz,"versch. Sorten, je 125 g - 175 g Beutel, (1 kg = ab € 4.51)",0.79,,,ab € 4.51,https://www.edeka.de/maerkte/071065/angebote/,40474,Düsseldorf,,,,미검토,,1370
2026-09-20 21:02 Europe/Berlin,EDEKA,"EDEKA Prömpers, Niederrheinstraße 84-88, 40474 Düsseldorf",40474,음료,21.09.2026-26.09.2026,Havana Club,"Original, Especial oder Mango Lime, 37,5% / 30% Vol., je 0,7 l Flasche, (1 l = € 15.70)",10.99,9.99,,15.70,https://www.edeka.de/maerkte/071065/angebote/,40474,Düsseldorf,,,,미검토,,1371
2026-09-20 21:02 Europe/Berlin,EDEKA,"EDEKA Prömpers, Niederrheinstraße 84-88, 40474 Düsseldorf",40474,식품,21.09.2026-26.09.2026,Heinz Saucen,"versch. Sorten, je 220 ml Kopfstehflasche, (1 l = € 9.05)",1.99,,,9.05,https://www.edeka.de/maerkte/071065/angebote/,40474,Düsseldorf,,,,미검토,,1372
2026-09-20 21:02 Europe/Berlin,EDEKA,"EDEKA Prömpers, Niederrheinstraße 84-88, 40474 Düsseldorf",40474,식품,21.09.2026-26.09.2026,Heinz Tomato Ketchup oder Mayonnaise,"je 800 ml Kopfstehflasche, (1 l = € 4.11)",3.29,,,4.11,https://www.edeka.de/maerkte/071065/angebote/,40474,Düsseldorf,,,,미검토,,1373
2026-09-20 21:02 Europe/Berlin,EDEKA,"EDEKA Prömpers, Niederrheinstraße 84-88, 40474 Düsseldorf",40474,식품,21.09.2026-26.09.2026,Hengstenberg Knax oder Sticksi,"versch. Sorten, je 670 g Glas / 360 g Abtropfg., (1 kg = € 4.97)",1.79,1.59,,4.97,https://www.edeka.de/maerkte/071065/angebote/,40474,Düsseldorf,,,,미검토,,1374
2026-09-20 21:02 Europe/Berlin,EDEKA,"EDEKA Prömpers, Niederrheinstraße 84-88, 40474 Düsseldorf",40474,식품,21.09.2026-26.09.2026,Homann Saucen,"versch. Sorten, je 400 ml Glas, (1 l = € 3.73)",1.49,1.29,,3.73,https://www.edeka.de/maerkte/071065/angebote/,40474,Düsseldorf,,,,미검토,,1375
2026-09-20 21:02 Europe/Berlin,EDEKA,"EDEKA Prömpers, Niederrheinstraße 84-88, 40474 Düsseldorf",40474,식품,21.09.2026-26.09.2026,Houdek - Kabanos,"versch. Sorten, je 150 g Packung, (1 kg = € 13.27)",1.99,,,13.27,https://www.edeka.de/maerkte/071065/angebote/,40474,Düsseldorf,,,,미검토,,1376
2026-09-20 21:02 Europe/Berlin,EDEKA,"EDEKA Prömpers, Niederrheinstraße 84-88, 40474 Düsseldorf",40474,식품,21.09.2026-26.09.2026,iglo Gemüse-Ideen oder Rahm-Gemüse,"tiefgefroren, versch. Sorten, je 400 g - 500 g Packung, (1 kg = ab € 4.78)",2.39,,,ab € 4.78,https://www.edeka.de/maerkte/071065/angebote/,40474,Düsseldorf,,,,미검토,,1377
2026-09-20 21:02 Europe/Berlin,EDEKA,"EDEKA Prömpers, Niederrheinstraße 84-88, 40474 Düsseldorf",40474,식품,21.09.2026-26.09.2026,Italien - GUT & GÜNSTIG - Tafeltrauben,"hell, kernlos, Klasse I, 500 g Packung, (1 kg = € 2.00)",1.00,,,2.00,https://www.edeka.de/maerkte/071065/angebote/,40474,Düsseldorf,,,,미검토,,1378
2026-09-20 21:02 Europe/Berlin,EDEKA,"EDEKA Prömpers, Niederrheinstraße 84-88, 40474 Düsseldorf",40474,식품,21.09.2026-26.09.2026,Jacobs Instantkaffee,"versch. Sorten, je 36 g - 124 g Packung, (1 kg = ab € 20.08)",2.49,,,ab € 20.08,https://www.edeka.de/maerkte/071065/angebote/,40474,Düsseldorf,,,,미검토,,1379
2026-09-20 21:02 Europe/Berlin,EDEKA,"EDEKA Prömpers, Niederrheinstraße 84-88, 40474 Düsseldorf",40474,식품,21.09.2026-26.09.2026,Jacobs Krönung,"vakuumverpackt, versch. Sorten auch Café Hag klassisch mild entkoffeiniert im Angebot, je 500 g Packung, (1 kg = € 12.98)",6.49,5.99,,12.98,https://www.edeka.de/maerkte/071065/angebote/,40474,Düsseldorf,,,,미검토,,1380
2026-09-20 21:02 Europe/Berlin,EDEKA,"EDEKA Prömpers, Niederrheinstraße 84-88, 40474 Düsseldorf",40474,식품,21.09.2026-26.09.2026,Kasseler-Nacken,"ohne Knochen, goldgelb geräuchert, je 1 kg",7.99,,,,https://www.edeka.de/maerkte/071065/angebote/,40474,Düsseldorf,,,,미검토,,1381
2026-09-20 21:02 Europe/Berlin,EDEKA,"EDEKA Prömpers, Niederrheinstraße 84-88, 40474 Düsseldorf",40474,식품,21.09.2026-26.09.2026,Kerrygold Original irische Butter oder Kerrygold extra,"gesalzen oder ungesalzen, versch. Sorten, je 250 g / 200 g Packung / Becher, (1 kg = € 6.36 / € 7.95)",1.59,1.49,,6.36 / € 7.95,https://www.edeka.de/maerkte/071065/angebote/,40474,Düsseldorf,,,,미검토,,1382
2026-09-20 21:02 Europe/Berlin,EDEKA,"EDEKA Prömpers, Niederrheinstraße 84-88, 40474 Düsseldorf",40474,식품,21.09.2026-26.09.2026,Kikok - Das ganz besondere Maishähnchen,"Handelsklasse A, je 1 kg",8.99,,,,https://www.edeka.de/maerkte/071065/angebote/,40474,Düsseldorf,,,,미검토,,1383
2026-09-20 21:02 Europe/Berlin,EDEKA,"EDEKA Prömpers, Niederrheinstraße 84-88, 40474 Düsseldorf",40474,식품,21.09.2026-26.09.2026,Knorr Feinschmecker Suppe oder Sauce,"versch. Sorten, je 32 g - 70 g Beutel, (1 kg = ab € 11.29)",0.79,,,ab € 11.29,https://www.edeka.de/maerkte/071065/angebote/,40474,Düsseldorf,,,,미검토,,1384
2026-09-20 21:02 Europe/Berlin,EDEKA,"EDEKA Prömpers, Niederrheinstraße 84-88, 40474 Düsseldorf",40474,식품,21.09.2026-26.09.2026,Kölln Müsli,"versch. Sorten auch Kölln Granola versch. Sorten 350 g im Angebot, je 380 g - 600 g Packung, (1 kg = ab € 4.15)",2.49,,,ab € 4.15,https://www.edeka.de/maerkte/071065/angebote/,40474,Düsseldorf,,,,미검토,,1385
2026-09-20 21:02 Europe/Berlin,EDEKA,"EDEKA Prömpers, Niederrheinstraße 84-88, 40474 Düsseldorf",40474,주류,21.09.2026-26.09.2026,König Pilsener,"versch. Sorten, je Kasten = 20 x 0,5 l / 24 x 0,33 l zzgl. € 3.10 / € 3.42 Pfand, (1 l = € 1.20 / € 1.51)",11.99,,,1.20 / € 1.51,https://www.edeka.de/maerkte/071065/angebote/,40474,Düsseldorf,,,,미검토,,1386
2026-09-20 21:02 Europe/Berlin,EDEKA,"EDEKA Prömpers, Niederrheinstraße 84-88, 40474 Düsseldorf",40474,음료,21.09.2026-26.09.2026,Krombacher Spezi,"Original oder Zero, koffeinhaltig, je Kasten = 20 x 0,5 l zzgl. € 3.10 Pfand, (1 l = € 1.30)",12.99,,,1.30,https://www.edeka.de/maerkte/071065/angebote/,40474,Düsseldorf,,,,미검토,,1387
2026-09-20 21:02 Europe/Berlin,EDEKA,"EDEKA Prömpers, Niederrheinstraße 84-88, 40474 Düsseldorf",40474,식품,21.09.2026-26.09.2026,Krone Meine Lieblinge Lachs,"versch. Sorten, je 80 g - 100 g Packung, (1 kg = ab € 32.90)",3.29,,,ab € 32.90,https://www.edeka.de/maerkte/071065/angebote/,40474,Düsseldorf,,,,미검토,,1388
2026-09-20 21:02 Europe/Berlin,EDEKA,"EDEKA Prömpers, Niederrheinstraße 84-88, 40474 Düsseldorf",40474,식품,21.09.2026-26.09.2026,Krüger Family Cappuccino,"versch. Sorten, je 500 g Nachfüllbeutel, (1 kg = € 7.60)",3.80,,,7.60,https://www.edeka.de/maerkte/071065/angebote/,40474,Düsseldorf,,,,미검토,,1389
2026-09-20 21:02 Europe/Berlin,EDEKA,"EDEKA Prömpers, Niederrheinstraße 84-88, 40474 Düsseldorf",40474,식품,21.09.2026-26.09.2026,Landliebe Joghurt,"versch. Sorten, 3,8% / 10% Fett, je 500 g Glas zzgl. € 0.15 Pfand, (1 kg = € 2.22)",1.11,,,2.22,https://www.edeka.de/maerkte/071065/angebote/,40474,Düsseldorf,,,,미검토,,1390
2026-09-20 21:02 Europe/Berlin,EDEKA,"EDEKA Prömpers, Niederrheinstraße 84-88, 40474 Düsseldorf",40474,식품,21.09.2026-26.09.2026,Le Grand Rustique oder Saint André,"französischer Weichkäse oder Weinbergkäse, 45% / 75% Fett i. Tr., je 100 g am Stück",1.99,,,,https://www.edeka.de/maerkte/071065/angebote/,40474,Düsseldorf,,,,미검토,,1391
2026-09-20 21:02 Europe/Berlin,EDEKA,"EDEKA Prömpers, Niederrheinstraße 84-88, 40474 Düsseldorf",40474,식품,21.09.2026-26.09.2026,Leibniz Zoo Mini Kekse,"versch. Sorten, je 125 g Beutel, (1 kg = € 11.92)",1.49,,,11.92,https://www.edeka.de/maerkte/071065/angebote/,40474,Düsseldorf,,,,미검토,,1392
2026-09-20 21:02 Europe/Berlin,EDEKA,"EDEKA Prömpers, Niederrheinstraße 84-88, 40474 Düsseldorf",40474,식품,21.09.2026-26.09.2026,Loose Quäse oder Harzbube Handkäse,"versch. Sorten und Fettstufen auch Hausmacher Handkäse 200 g im Angebot, je 220 g / 200 g Packung, (1 kg = € 11.32 / € 12.45)",2.49,,,11.32 / € 12.45,https://www.edeka.de/maerkte/071065/angebote/,40474,Düsseldorf,,,,미검토,,1393
2026-09-20 21:02 Europe/Berlin,EDEKA,"EDEKA Prömpers, Niederrheinstraße 84-88, 40474 Düsseldorf",40474,식품,21.09.2026-26.09.2026,Lorenz Crunchips oder Nic Nacs,"versch. Sorten, je 110 g - 150 g Beutel, (1 kg = ab € 6.60)",0.99,,,ab € 6.60,https://www.edeka.de/maerkte/071065/angebote/,40474,Düsseldorf,,,,미검토,,1394
2026-09-20 21:02 Europe/Berlin,EDEKA,"EDEKA Prömpers, Niederrheinstraße 84-88, 40474 Düsseldorf",40474,식품,21.09.2026-26.09.2026,Marktkaas Noord Holland Gouda,"holländischer Schnittkäse, jung oder mittelalt, 48% Fett i. Tr., je 100 g am Stück",1.11,,,,https://www.edeka.de/maerkte/071065/angebote/,40474,Düsseldorf,,,,미검토,,1395
2026-09-20 21:02 Europe/Berlin,EDEKA,"EDEKA Prömpers, Niederrheinstraße 84-88, 40474 Düsseldorf",40474,식품,21.09.2026-26.09.2026,Maryland Snack Nüsse oder Studentenfutter,"versch. Sorten, je 250 g - 300 g Dose, (1 kg = ab € 9.97)",2.99,,,ab € 9.97,https://www.edeka.de/maerkte/071065/angebote/,40474,Düsseldorf,,,,미검토,,1396
2026-09-20 21:02 Europe/Berlin,EDEKA,"EDEKA Prömpers, Niederrheinstraße 84-88, 40474 Düsseldorf",40474,식품,21.09.2026-26.09.2026,McCain Golden Longs,"tiefgefroren, extra knusprig, 1000 g Beutel",2.99,,,,https://www.edeka.de/maerkte/071065/angebote/,40474,Düsseldorf,,,,미검토,,1397
2026-09-20 21:02 Europe/Berlin,EDEKA,"EDEKA Prömpers, Niederrheinstraße 84-88, 40474 Düsseldorf",40474,식품,21.09.2026-26.09.2026,Meica Wiener oder Frankfurter Art,"extra knackig, je 6 Stück = 540 g Glas / 250 g Abtropfg., (1 kg = € 13.96)",3.49,2.99,,13.96,https://www.edeka.de/maerkte/071065/angebote/,40474,Düsseldorf,,,,미검토,,1398
2026-09-20 21:02 Europe/Berlin,EDEKA,"EDEKA Prömpers, Niederrheinstraße 84-88, 40474 Düsseldorf",40474,식품,21.09.2026-26.09.2026,Melitta Barista Classic,"Crema oder Crema Forte, ganze Bohnen, je 1 kg Beutel",12.99,11.99,,,https://www.edeka.de/maerkte/071065/angebote/,40474,Düsseldorf,,,,미검토,,1399
2026-09-20 21:02 Europe/Berlin,EDEKA,"EDEKA Prömpers, Niederrheinstraße 84-88, 40474 Düsseldorf",40474,식품,21.09.2026-26.09.2026,Mettenden,"geräuchert, 300 g Packung, (1 kg = € 9.30)",2.79,,,9.30,https://www.edeka.de/maerkte/071065/angebote/,40474,Düsseldorf,,,,미검토,,1400
2026-09-20 21:02 Europe/Berlin,EDEKA,"EDEKA Prömpers, Niederrheinstraße 84-88, 40474 Düsseldorf",40474,식품,21.09.2026-26.09.2026,Milka Haselnusscreme,"350 g Glas, (1 kg = € 8.54)",2.99,,,8.54,https://www.edeka.de/maerkte/071065/angebote/,40474,Düsseldorf,,,,미검토,,1401
2026-09-20 21:02 Europe/Berlin,EDEKA,"EDEKA Prömpers, Niederrheinstraße 84-88, 40474 Düsseldorf",40474,식품,21.09.2026-26.09.2026,Milram Schnittkäse,"versch. Sorten und Fettstufen, je 100 g am Stück",0.99,,,,https://www.edeka.de/maerkte/071065/angebote/,40474,Düsseldorf,,,,미검토,,1402
2026-09-20 21:02 Europe/Berlin,EDEKA,"EDEKA Prömpers, Niederrheinstraße 84-88, 40474 Düsseldorf",40474,식품,21.09.2026-26.09.2026,Mirácoli Spaghetti Klassiker,"376,2 g Packung, (1 kg = € 5.29)",1.99,,,5.29,https://www.edeka.de/maerkte/071065/angebote/,40474,Düsseldorf,,,,미검토,,1403
2026-09-20 21:02 Europe/Berlin,EDEKA,"EDEKA Prömpers, Niederrheinstraße 84-88, 40474 Düsseldorf",40474,식품,21.09.2026-26.09.2026,müller Joghurt mit der Ecke,"je 113 g - 150 g Becher, (1 kg = ab € 2.60)",0.39,,,ab € 2.60,https://www.edeka.de/maerkte/071065/angebote/,40474,Düsseldorf,,,,미검토,,1404
2026-09-20 21:02 Europe/Berlin,EDEKA,"EDEKA Prömpers, Niederrheinstraße 84-88, 40474 Düsseldorf",40474,식품,21.09.2026-26.09.2026,Nackenkotelett,"vom Schwein, mit Knochen, zum Braten, 700 g Packung, (1 kg = € 8.56)",5.99,,,8.56,https://www.edeka.de/maerkte/071065/angebote/,40474,Düsseldorf,,,,미검토,,1405
2026-09-20 21:02 Europe/Berlin,EDEKA,"EDEKA Prömpers, Niederrheinstraße 84-88, 40474 Düsseldorf",40474,식품,21.09.2026-26.09.2026,Nescafé Classic oder Classic Mild,"je 200 g Glas, (1 kg = € 32.45)",6.49,,,32.45,https://www.edeka.de/maerkte/071065/angebote/,40474,Düsseldorf,,,,미검토,,1406
2026-09-20 21:02 Europe/Berlin,EDEKA,"EDEKA Prömpers, Niederrheinstraße 84-88, 40474 Düsseldorf",40474,식품,21.09.2026-26.09.2026,Neuseeland - Kiwis,Stück,0.59,,,,https://www.edeka.de/maerkte/071065/angebote/,40474,Düsseldorf,,,,미검토,,1407
2026-09-20 21:02 Europe/Berlin,EDEKA,"EDEKA Prömpers, Niederrheinstraße 84-88, 40474 Düsseldorf",40474,식품,21.09.2026-26.09.2026,Neuseeland - Zespri - Kiwis Gold,"„Jumbo"", Klasse I, Stück",1.00,,,,https://www.edeka.de/maerkte/071065/angebote/,40474,Düsseldorf,,,,미검토,,1408
2026-09-20 21:02 Europe/Berlin,EDEKA,"EDEKA Prömpers, Niederrheinstraße 84-88, 40474 Düsseldorf",40474,식품,21.09.2026-26.09.2026,Niederlande - GUT & GÜNSTIG - Paprika,"rot, Klasse I, 500 g Packung, (1 kg = € 2.98)",1.49,,,2.98,https://www.edeka.de/maerkte/071065/angebote/,40474,Düsseldorf,,,,미검토,,1409
2026-09-20 21:02 Europe/Berlin,EDEKA,"EDEKA Prömpers, Niederrheinstraße 84-88, 40474 Düsseldorf",40474,식품,21.09.2026-26.09.2026,"Nuii, Daim, Milka, Lotus Biscoff oder Oreo Eis","versch. Sorten, je 200 ml - 440 ml Multipackung, (1 l = ab € 5.20)",2.29,,,ab € 5.20,https://www.edeka.de/maerkte/071065/angebote/,40474,Düsseldorf,,,,미검토,,1410
2026-09-20 21:02 Europe/Berlin,EDEKA,"EDEKA Prömpers, Niederrheinstraße 84-88, 40474 Düsseldorf",40474,식품,21.09.2026-26.09.2026,Oreo,"versch. Sorten, je 157 g / 154 g Packung, (1 kg = € 9.49 / € 9.68)",1.49,,,9.49 / € 9.68,https://www.edeka.de/maerkte/071065/angebote/,40474,Düsseldorf,,,,미검토,,1411
2026-09-20 21:02 Europe/Berlin,EDEKA,"EDEKA Prömpers, Niederrheinstraße 84-88, 40474 Düsseldorf",40474,식품,21.09.2026-26.09.2026,Papa Joe’s Sauce,"versch. Sorten, je 300 ml Kopfstehflasche, (1 l = € 4.97)",1.49,,,4.97,https://www.edeka.de/maerkte/071065/angebote/,40474,Düsseldorf,,,,미검토,,1412
2026-09-20 21:02 Europe/Berlin,EDEKA,"EDEKA Prömpers, Niederrheinstraße 84-88, 40474 Düsseldorf",40474,음료,21.09.2026-26.09.2026,Paulaner Spezi oder Limo,"versch. Sorten, koffeinhaltig, je 0,33 l Dose zzgl. € 0.25 Pfand, (1 l = € 2.09)",0.69,,,2.09,https://www.edeka.de/maerkte/071065/angebote/,40474,Düsseldorf,,,,미검토,,1413
2026-09-20 21:02 Europe/Berlin,EDEKA,"EDEKA Prömpers, Niederrheinstraße 84-88, 40474 Düsseldorf",40474,식품,21.09.2026-26.09.2026,Peanut & Schoko,"Dragierte Erdnüsse, bunt, 250 g Beutel, (1 kg = € 7.40)",1.85,,,7.40,https://www.edeka.de/maerkte/071065/angebote/,40474,Düsseldorf,,,,미검토,,1414
2026-09-20 21:02 Europe/Berlin,EDEKA,"EDEKA Prömpers, Niederrheinstraße 84-88, 40474 Düsseldorf",40474,음료,21.09.2026-26.09.2026,Pepsi Cola oder Schwip Schwap,"versch. Sorten, koffeinhaltig, je 0,33 l Dose zzgl. € 0.25 Pfand, (1 l = € 2.09)",0.69,,,2.09,https://www.edeka.de/maerkte/071065/angebote/,40474,Düsseldorf,,,,미검토,,1415
2026-09-20 21:02 Europe/Berlin,EDEKA,"EDEKA Prömpers, Niederrheinstraße 84-88, 40474 Düsseldorf",40474,식품,21.09.2026-26.09.2026,Peru - Avocados,"„Hass"", Klasse I, Stück",1.11,,,,https://www.edeka.de/maerkte/071065/angebote/,40474,Düsseldorf,,,,미검토,,1416
2026-09-20 21:02 Europe/Berlin,EDEKA,"EDEKA Prömpers, Niederrheinstraße 84-88, 40474 Düsseldorf",40474,식품,21.09.2026-26.09.2026,Peru - Driscolls - Kulturheidelbeeren,"Klasse I, 125 g Schale, (1 kg = € 11.92)",1.49,,,11.92,https://www.edeka.de/maerkte/071065/angebote/,40474,Düsseldorf,,,,미검토,,1417
2026-09-20 21:02 Europe/Berlin,EDEKA,"EDEKA Prömpers, Niederrheinstraße 84-88, 40474 Düsseldorf",40474,식품,21.09.2026-26.09.2026,Philadelphia Frischkäse,"versch. Sorten auch Philadelphia Natur 6 x 16,67 g Packung im Angebot, je 150 g - 195 g Becher, (1 kg = ab € 5.69)",1.11,0.99,,ab € 5.69,https://www.edeka.de/maerkte/071065/angebote/,40474,Düsseldorf,,,,미검토,,1418
2026-09-20 21:02 Europe/Berlin,EDEKA,"EDEKA Prömpers, Niederrheinstraße 84-88, 40474 Düsseldorf",40474,식품,21.09.2026-26.09.2026,Portugal - Kiwi-Beeren,"125 g Schale, (1 kg = € 15.92)",1.99,,,15.92,https://www.edeka.de/maerkte/071065/angebote/,40474,Düsseldorf,,,,미검토,,1419
2026-09-20 21:02 Europe/Berlin,EDEKA,"EDEKA Prömpers, Niederrheinstraße 84-88, 40474 Düsseldorf",40474,주류,21.09.2026-26.09.2026,Radeberger Pilsner,"je Kasten = 20 x 0,5 l / 24 x 0,33 l zzgl. € 3.10 / € 3.42 Pfand, (1 l = € 1.20 / € 1.51)",11.99,,,1.20 / € 1.51,https://www.edeka.de/maerkte/071065/angebote/,40474,Düsseldorf,,,,미검토,,1420
2026-09-20 21:02 Europe/Berlin,EDEKA,"EDEKA Prömpers, Niederrheinstraße 84-88, 40474 Düsseldorf",40474,식품,21.09.2026-26.09.2026,Rama,"versch. Sorten, je 250 g / 225 g Packung / Becher, (1 kg = € 4.76 / € 5.29)",1.19,0.99,,4.76 / € 5.29,https://www.edeka.de/maerkte/071065/angebote/,40474,Düsseldorf,,,,미검토,,1421
2026-09-20 21:02 Europe/Berlin,EDEKA,"EDEKA Prömpers, Niederrheinstraße 84-88, 40474 Düsseldorf",40474,식품,21.09.2026-26.09.2026,Rama Culinesse,"versch. Sorten, je 450 ml Flasche, (1 l = € 3.53)",1.59,,,3.53,https://www.edeka.de/maerkte/071065/angebote/,40474,Düsseldorf,,,,미검토,,1422
2026-09-20 21:02 Europe/Berlin,EDEKA,"EDEKA Prömpers, Niederrheinstraße 84-88, 40474 Düsseldorf",40474,식품,21.09.2026-26.09.2026,Rapso 100% reines Rapsöl,"aus kontrolliertem Anbau, 0,75 l Flasche, (1 l = € 5.59)",4.19,,,5.59,https://www.edeka.de/maerkte/071065/angebote/,40474,Düsseldorf,,,,미검토,,1423
2026-09-20 21:02 Europe/Berlin,EDEKA,"EDEKA Prömpers, Niederrheinstraße 84-88, 40474 Düsseldorf",40474,식품,21.09.2026-26.09.2026,"Rasting - Delikatess Leberwurst mit Kalbfleisch, im Golddarm oder grobe Leberwurst","nach Probsteier Art, je 100 g",0.99,,,,https://www.edeka.de/maerkte/071065/angebote/,40474,Düsseldorf,,,,미검토,,1424
2026-09-20 21:02 Europe/Berlin,EDEKA,"EDEKA Prömpers, Niederrheinstraße 84-88, 40474 Düsseldorf",40474,식품,21.09.2026-26.09.2026,Rasting - Deutsches Corned Beef,"herzhaft im Geschmack, je 100 g",1.59,,,,https://www.edeka.de/maerkte/071065/angebote/,40474,Düsseldorf,,,,미검토,,1425
2026-09-20 21:02 Europe/Berlin,EDEKA,"EDEKA Prömpers, Niederrheinstraße 84-88, 40474 Düsseldorf",40474,식품,21.09.2026-26.09.2026,Rasting - Gefüllter Schweinerollbraten,"nach Gyros-Art mariniert, je 1 kg",9.99,,,,https://www.edeka.de/maerkte/071065/angebote/,40474,Düsseldorf,,,,미검토,,1426
2026-09-20 21:02 Europe/Berlin,EDEKA,"EDEKA Prömpers, Niederrheinstraße 84-88, 40474 Düsseldorf",40474,식품,21.09.2026-26.09.2026,Rasting - Kottenforster Bauernfrühstück,"nach Art einer Sülze, je 100 g",0.99,,,,https://www.edeka.de/maerkte/071065/angebote/,40474,Düsseldorf,,,,미검토,,1427
2026-09-20 21:02 Europe/Berlin,EDEKA,"EDEKA Prömpers, Niederrheinstraße 84-88, 40474 Düsseldorf",40474,식품,21.09.2026-26.09.2026,Rasting - Meisterkochschinken,je 100 g,1.99,,,,https://www.edeka.de/maerkte/071065/angebote/,40474,Düsseldorf,,,,미검토,,1428
2026-09-20 21:02 Europe/Berlin,EDEKA,"EDEKA Prömpers, Niederrheinstraße 84-88, 40474 Düsseldorf",40474,식품,21.09.2026-26.09.2026,Rasting - Schinkenmettwürstchen,je 100 g,1.69,,,,https://www.edeka.de/maerkte/071065/angebote/,40474,Düsseldorf,,,,미검토,,1429
2026-09-20 21:02 Europe/Berlin,EDEKA,"EDEKA Prömpers, Niederrheinstraße 84-88, 40474 Düsseldorf",40474,식품,21.09.2026-26.09.2026,Rasting - Schinkenspeck,"handgesalzen, geräuchert oder luftgetrocknet, je 100 g",1.79,,,,https://www.edeka.de/maerkte/071065/angebote/,40474,Düsseldorf,,,,미검토,,1430
2026-09-20 21:02 Europe/Berlin,EDEKA,"EDEKA Prömpers, Niederrheinstraße 84-88, 40474 Düsseldorf",40474,음료,21.09.2026-26.09.2026,Rauch Eistee,"versch. Sorten, je 0,33 l Dose zzgl. € 0.25 Pfand, (1 l = € 2.09)",0.69,,,2.09,https://www.edeka.de/maerkte/071065/angebote/,40474,Düsseldorf,,,,미검토,,1431
2026-09-20 21:02 Europe/Berlin,EDEKA,"EDEKA Prömpers, Niederrheinstraße 84-88, 40474 Düsseldorf",40474,식품,21.09.2026-26.09.2026,Red Band Fruchtgummi oder Lakritz,"versch. Sorten, je 500 g Beutel, (1 kg = € 4.44)",2.22,1.88,,4.44,https://www.edeka.de/maerkte/071065/angebote/,40474,Düsseldorf,,,,미검토,,1432
2026-09-20 21:02 Europe/Berlin,EDEKA,"EDEKA Prömpers, Niederrheinstraße 84-88, 40474 Düsseldorf",40474,음료,21.09.2026-26.09.2026,Red Bull Energy Drink,"taurin- und koffeinhaltig, versch. Sorten, je 0,25 l Dose zzgl. € 0.25 Pfand, (1 l = € 3.96)",0.99,,,3.96,https://www.edeka.de/maerkte/071065/angebote/,40474,Düsseldorf,,,,미검토,,1433
2026-09-20 21:02 Europe/Berlin,EDEKA,"EDEKA Prömpers, Niederrheinstraße 84-88, 40474 Düsseldorf",40474,음료,21.09.2026-26.09.2026,Rheinfels Quelle Mineralwasser,"versch. Sorten, je Packung = 6 x 1,5 l zzgl. € 1.50 Pfand, (1 l = € 0.44)",3.99,,,0.44,https://www.edeka.de/maerkte/071065/angebote/,40474,Düsseldorf,,,,미검토,,1434
2026-09-20 21:02 Europe/Berlin,EDEKA,"EDEKA Prömpers, Niederrheinstraße 84-88, 40474 Düsseldorf",40474,식품,21.09.2026-26.09.2026,Riesenrostbratwurst XXL oder Riesenkrakauer XXL,"je 3 x 125 g = 375 g Packung, (1 kg = € 10.64)",3.99,,,10.64,https://www.edeka.de/maerkte/071065/angebote/,40474,Düsseldorf,,,,미검토,,1435
2026-09-20 21:02 Europe/Berlin,EDEKA,"EDEKA Prömpers, Niederrheinstraße 84-88, 40474 Düsseldorf",40474,식품,21.09.2026-26.09.2026,Rinder- oder Sauerbratengulasch,"in Sauce, je 550 g Schlauch, (1 kg = € 12.71)",6.99,,,12.71,https://www.edeka.de/maerkte/071065/angebote/,40474,Düsseldorf,,,,미검토,,1436
2026-09-20 21:02 Europe/Berlin,EDEKA,"EDEKA Prömpers, Niederrheinstraße 84-88, 40474 Düsseldorf",40474,식품,21.09.2026-26.09.2026,Ritter Sport Nuss- oder Kakaoklasse,"versch. Sorten, je 100 g / 75 g Tafel, (1 kg = € 16.90 / € 22.53)",1.69,1.49,,16.90 / € 22.53,https://www.edeka.de/maerkte/071065/angebote/,40474,Düsseldorf,,,,미검토,,1437
2026-09-20 21:02 Europe/Berlin,EDEKA,"EDEKA Prömpers, Niederrheinstraße 84-88, 40474 Düsseldorf",40474,주류,21.09.2026-26.09.2026,Rotkäppchen Sekt oder Fruchtsecco,"versch. Sorten, je 0,2 l Flasche, (1 l = € 5.00)",1.00,,,5.00,https://www.edeka.de/maerkte/071065/angebote/,40474,Düsseldorf,,,,미검토,,1438
2026-09-20 21:02 Europe/Berlin,EDEKA,"EDEKA Prömpers, Niederrheinstraße 84-88, 40474 Düsseldorf",40474,식품,21.09.2026-26.09.2026,Rotkäppchen Sticks & Dip oder Minis,"je 105 g / 100 g Packung, (1 kg = € 14.19 / € 14.90)",1.49,,,14.19 / € 14.90,https://www.edeka.de/maerkte/071065/angebote/,40474,Düsseldorf,,,,미검토,,1439
2026-09-20 21:02 Europe/Berlin,EDEKA,"EDEKA Prömpers, Niederrheinstraße 84-88, 40474 Düsseldorf",40474,식품,21.09.2026-26.09.2026,Rügenwalder Mühle - Veganer Aufschnitt,"versch. Sorten, je 80 g / 70 g Packung, (1 kg = € 16.13 / € 18.43)",1.29,,,16.13 / € 18.43,https://www.edeka.de/maerkte/071065/angebote/,40474,Düsseldorf,,,,미검토,,1440
2026-09-20 21:02 Europe/Berlin,EDEKA,"EDEKA Prömpers, Niederrheinstraße 84-88, 40474 Düsseldorf",40474,음료,21.09.2026-26.09.2026,S. Pellegrino oder Acqua Panna Mineralwasser,"je Packung = 6 x 1 l zzgl. € 1.50 Pfand, (1 l = € 0.83)",4.99,,,0.83,https://www.edeka.de/maerkte/071065/angebote/,40474,Düsseldorf,,,,미검토,,1441
2026-09-20 21:02 Europe/Berlin,EDEKA,"EDEKA Prömpers, Niederrheinstraße 84-88, 40474 Düsseldorf",40474,식품,21.09.2026-26.09.2026,Salakis Schafskäse,"versch. Sorten und Fettstufen, je 180 g / 150 g Packung, (1 kg = € 19.39 / € 23.27)",3.49,,,19.39 / € 23.27,https://www.edeka.de/maerkte/071065/angebote/,40474,Düsseldorf,,,,미검토,,1442
2026-09-20 21:02 Europe/Berlin,EDEKA,"EDEKA Prömpers, Niederrheinstraße 84-88, 40474 Düsseldorf",40474,음료,21.09.2026-26.09.2026,Sarti Rosa,"italienischer Aperitif, 14% Vol., 0,7 l Flasche, (1 l = € 21.41)",14.99,13.99,,21.41,https://www.edeka.de/maerkte/071065/angebote/,40474,Düsseldorf,,,,미검토,,1443
2026-09-20 21:02 Europe/Berlin,EDEKA,"EDEKA Prömpers, Niederrheinstraße 84-88, 40474 Düsseldorf",40474,식품,21.09.2026-26.09.2026,Schokolade,"versch. Sorten, je 90 g Tafel, (1 kg = € 9.89)",0.89,0.79,,9.89,https://www.edeka.de/maerkte/071065/angebote/,40474,Düsseldorf,,,,미검토,,1444
2026-09-20 21:02 Europe/Berlin,EDEKA,"EDEKA Prömpers, Niederrheinstraße 84-88, 40474 Düsseldorf",40474,식품,21.09.2026-26.09.2026,"Schwartau Extra, Samt oder Weniger Zucker","versch. Sorten auch Schwartau Holsteiner Pflaumenmus 330 g im Angebot, je 255 g - 340 g Glas, (1 kg = ab € 5.85)",1.99,,,ab € 5.85,https://www.edeka.de/maerkte/071065/angebote/,40474,Düsseldorf,,,,미검토,,1445
2026-09-20 21:02 Europe/Berlin,EDEKA,"EDEKA Prömpers, Niederrheinstraße 84-88, 40474 Düsseldorf",40474,식품,21.09.2026-26.09.2026,"Schwarzwaldmilch LAC lactosefrei Schlagsahne, Sauerrahm oder Crème fraîche","auch Kochsahne und Schmand 200 g im Angebot, je 200 g / 150 g Becher, (1 kg = € 5.55 / € 7.40)",1.11,,,5.55 / € 7.40,https://www.edeka.de/maerkte/071065/angebote/,40474,Düsseldorf,,,,미검토,,1446
2026-09-20 21:02 Europe/Berlin,EDEKA,"EDEKA Prömpers, Niederrheinstraße 84-88, 40474 Düsseldorf",40474,식품,21.09.2026-26.09.2026,Schweinefilet,"im Baconmantel, je 100 g",1.79,,,,https://www.edeka.de/maerkte/071065/angebote/,40474,Düsseldorf,,,,미검토,,1447
2026-09-20 21:02 Europe/Berlin,EDEKA,"EDEKA Prömpers, Niederrheinstraße 84-88, 40474 Düsseldorf",40474,식품,21.09.2026-26.09.2026,Schweinegeschnetzeltes,"Gyros Art, gewürzt, zum Braten, 800 g XXL Packung, (1 kg = € 8.74)",6.99,,,8.74,https://www.edeka.de/maerkte/071065/angebote/,40474,Düsseldorf,,,,미검토,,1448
2026-09-20 21:02 Europe/Berlin,EDEKA,"EDEKA Prömpers, Niederrheinstraße 84-88, 40474 Düsseldorf",40474,식품,21.09.2026-26.09.2026,Schweinegulasch,"aus dem Schweineschinken geschnitten, zum Braten, 500 g Packung, (1 kg = € 8.98)",4.49,,,8.98,https://www.edeka.de/maerkte/071065/angebote/,40474,Düsseldorf,,,,미검토,,1449
2026-09-20 21:02 Europe/Berlin,EDEKA,"EDEKA Prömpers, Niederrheinstraße 84-88, 40474 Düsseldorf",40474,식품,21.09.2026-26.09.2026,Senseo Coffee Pads,"versch. Sorten, je 84 g - 125 g Beutel, (1 kg = ab € 17.76)",2.22,1.99,,ab € 17.76,https://www.edeka.de/maerkte/071065/angebote/,40474,Düsseldorf,,,,미검토,,1450
2026-09-20 21:02 Europe/Berlin,EDEKA,"EDEKA Prömpers, Niederrheinstraße 84-88, 40474 Düsseldorf",40474,식품,21.09.2026-26.09.2026,Sonnenblumenkernbrötchen,je Stück,0.39,,,,https://www.edeka.de/maerkte/071065/angebote/,40474,Düsseldorf,,,,미검토,,1451
2026-09-20 21:02 Europe/Berlin,EDEKA,"EDEKA Prömpers, Niederrheinstraße 84-88, 40474 Düsseldorf",40474,음료,21.09.2026-26.09.2026,Southern Comfort oder Fireball,"35% / 33% Vol., je 0,7 l Flasche, (1 l = € 14.27)",9.99,,,14.27,https://www.edeka.de/maerkte/071065/angebote/,40474,Düsseldorf,,,,미검토,,1452
2026-09-20 21:02 Europe/Berlin,EDEKA,"EDEKA Prömpers, Niederrheinstraße 84-88, 40474 Düsseldorf",40474,식품,21.09.2026-26.09.2026,Spanien - Bio-Salatgurke,"Klasse II, Stück",1.29,,,,https://www.edeka.de/maerkte/071065/angebote/,40474,Düsseldorf,,,,미검토,,1453
2026-09-20 21:02 Europe/Berlin,EDEKA,"EDEKA Prömpers, Niederrheinstraße 84-88, 40474 Düsseldorf",40474,식품,21.09.2026-26.09.2026,Speisequark,"Magerstufe, 250 g Becher, (1 kg = € 2.76)",0.69,,,2.76,https://www.edeka.de/maerkte/071065/angebote/,40474,Düsseldorf,,,,미검토,,1454
2026-09-20 21:02 Europe/Berlin,EDEKA,"EDEKA Prömpers, Niederrheinstraße 84-88, 40474 Düsseldorf",40474,음료,21.09.2026-26.09.2026,Spraga Bio Kombucha,"versch. Sorten, je 0,33 l Dose zzgl. € 0.25 Pfand, (1 l = € 6.03)",1.99,,,6.03,https://www.edeka.de/maerkte/071065/angebote/,40474,Düsseldorf,,,,미검토,,1455
2026-09-20 21:02 Europe/Berlin,EDEKA,"EDEKA Prömpers, Niederrheinstraße 84-88, 40474 Düsseldorf",40474,식품,21.09.2026-26.09.2026,Steinhaus Elsässer Flammkuchen oder Quiche Lorraine,"je 350 g / 300 g Packung, (1 kg = € 8.54 / € 9.97)",2.99,,,8.54 / € 9.97,https://www.edeka.de/maerkte/071065/angebote/,40474,Düsseldorf,,,,미검토,,1456
2026-09-20 21:02 Europe/Berlin,EDEKA,"EDEKA Prömpers, Niederrheinstraße 84-88, 40474 Düsseldorf",40474,식품,21.09.2026-26.09.2026,Steinhaus frische Pasta,"versch. Sorten, je 200 g Packung, (1 kg = € 9.95)",1.99,,,9.95,https://www.edeka.de/maerkte/071065/angebote/,40474,Düsseldorf,,,,미검토,,1457
2026-09-20 21:02 Europe/Berlin,EDEKA,"EDEKA Prömpers, Niederrheinstraße 84-88, 40474 Düsseldorf",40474,식품,21.09.2026-26.09.2026,Sülze Royal,"mit einem süß-sauren Geschmack, je 100 g",1.79,,,,https://www.edeka.de/maerkte/071065/angebote/,40474,Düsseldorf,,,,미검토,,1458
2026-09-20 21:02 Europe/Berlin,EDEKA,"EDEKA Prömpers, Niederrheinstraße 84-88, 40474 Düsseldorf",40474,식품,21.09.2026-26.09.2026,"Tante Fanny Frischer Flammkuchenteig XXL, Dinkel-Flammkuchenteig oder Flammkuchenböden","je 260 g - 350 g Packung, (1 kg = ab € 5.69)",1.99,,,ab € 5.69,https://www.edeka.de/maerkte/071065/angebote/,40474,Düsseldorf,,,,미검토,,1459
2026-09-20 21:02 Europe/Berlin,EDEKA,"EDEKA Prömpers, Niederrheinstraße 84-88, 40474 Düsseldorf",40474,식품,21.09.2026-26.09.2026,Tarczynski - Gegrilltes Hähnchenbrustfilet,je 100 g,1.99,,,,https://www.edeka.de/maerkte/071065/angebote/,40474,Düsseldorf,,,,미검토,,1460
2026-09-20 21:02 Europe/Berlin,EDEKA,"EDEKA Prömpers, Niederrheinstraße 84-88, 40474 Düsseldorf",40474,식품,21.09.2026-26.09.2026,Tchibo Feine Milde oder entkoffeiniert,"gemahlen oder ganze Bohnen, je 2 x 250 g = 500 g / 500 g Packung, (1 kg = € 15.98)",7.99,,,15.98,https://www.edeka.de/maerkte/071065/angebote/,40474,Düsseldorf,,,,미검토,,1461
2026-09-20 21:02 Europe/Berlin,EDEKA,"EDEKA Prömpers, Niederrheinstraße 84-88, 40474 Düsseldorf",40474,식품,21.09.2026-26.09.2026,Teekanne Länder-Tee,"versch. Sorten, je 20 / 18 Stück = 35 g - 55 g Packung, (1 kg = ab € 30.73)",1.69,1.49,,ab € 30.73,https://www.edeka.de/maerkte/071065/angebote/,40474,Düsseldorf,,,,미검토,,1462
2026-09-20 21:02 Europe/Berlin,EDEKA,"EDEKA Prömpers, Niederrheinstraße 84-88, 40474 Düsseldorf",40474,식품,21.09.2026-26.09.2026,Tillman’s Toasty,"tiefgefroren, der Snack zum Toasten, versch. Sorten, je 280 g Packung, (1 kg = € 10.68)",2.99,,,10.68,https://www.edeka.de/maerkte/071065/angebote/,40474,Düsseldorf,,,,미검토,,1463
2026-09-20 21:02 Europe/Berlin,EDEKA,"EDEKA Prömpers, Niederrheinstraße 84-88, 40474 Düsseldorf",40474,식품,21.09.2026-26.09.2026,Toffifee,"4 + 1 gratis = 625 g Packung, (1 kg = € 7.98)",4.99,,,7.98,https://www.edeka.de/maerkte/071065/angebote/,40474,Düsseldorf,,,,미검토,,1464
2026-09-20 21:02 Europe/Berlin,EDEKA,"EDEKA Prömpers, Niederrheinstraße 84-88, 40474 Düsseldorf",40474,주류,21.09.2026-26.09.2026,Tullamore D.E.W.,"Irish Whiskey oder Café Honey, 40% / 35% Vol., je 0,7 l Flasche, (1 l = € 19.99)",13.99,,,19.99,https://www.edeka.de/maerkte/071065/angebote/,40474,Düsseldorf,,,,미검토,,1465
2026-09-20 21:02 Europe/Berlin,EDEKA,"EDEKA Prömpers, Niederrheinstraße 84-88, 40474 Düsseldorf",40474,식품,21.09.2026-26.09.2026,ültje Erdnüsse,"versch. Sorten, je 180 g / 150 g Dose, (1 kg = € 9.39 / € 11.27)",1.69,1.39,,9.39 / € 11.27,https://www.edeka.de/maerkte/071065/angebote/,40474,Düsseldorf,,,,미검토,,1466
2026-09-20 21:02 Europe/Berlin,EDEKA,"EDEKA Prömpers, Niederrheinstraße 84-88, 40474 Düsseldorf",40474,식품,21.09.2026-26.09.2026,Unser Bergsommer,"deutscher Schnittkäse, mit Ringelblumen, Kornblumen und Rosenblüten auf der Rinde affiniert, 50% Fett i. Tr., je 100 g am Stück",2.49,,,,https://www.edeka.de/maerkte/071065/angebote/,40474,Düsseldorf,,,,미검토,,1467
2026-09-20 21:02 Europe/Berlin,EDEKA,"EDEKA Prömpers, Niederrheinstraße 84-88, 40474 Düsseldorf",40474,음료,21.09.2026-26.09.2026,Valensina Eistee,"versch. Sorten, je 1 l Flasche zzgl. € 0.25 Pfand",0.99,,,,https://www.edeka.de/maerkte/071065/angebote/,40474,Düsseldorf,,,,미검토,,1468
2026-09-20 21:02 Europe/Berlin,EDEKA,"EDEKA Prömpers, Niederrheinstraße 84-88, 40474 Düsseldorf",40474,식품,21.09.2026-26.09.2026,Vassemer - Hähnchenbrustfilet,"in Aspik, mit Mandarinen, je 100 g",1.79,,,,https://www.edeka.de/maerkte/071065/angebote/,40474,Düsseldorf,,,,미검토,,1469
2026-09-20 21:02 Europe/Berlin,EDEKA,"EDEKA Prömpers, Niederrheinstraße 84-88, 40474 Düsseldorf",40474,음료,21.09.2026-26.09.2026,Volvic Vitamin+ oder Bio Tee,"versch. Sorten, je 0,75 l Flasche zzgl. € 0.25 Pfand, (1 l = € 1.99)",1.49,,,1.99,https://www.edeka.de/maerkte/071065/angebote/,40474,Düsseldorf,,,,미검토,,1470
2026-09-20 21:02 Europe/Berlin,EDEKA,"EDEKA Prömpers, Niederrheinstraße 84-88, 40474 Düsseldorf",40474,주류,21.09.2026-26.09.2026,Warsteiner Pilsener,"versch. Sorten, je Kasten = 20 x 0,5 l / 24 x 0,33 l zzgl. € 3.10 / € 3.42 Pfand, (1 l = € 1.20 / € 1.51)",11.99,10.99,,1.20 / € 1.51,https://www.edeka.de/maerkte/071065/angebote/,40474,Düsseldorf,,,,미검토,,1471
2026-09-20 21:02 Europe/Berlin,EDEKA,"EDEKA Prömpers, Niederrheinstraße 84-88, 40474 Düsseldorf",40474,식품,21.09.2026-26.09.2026,Weihenstephan Haltbare Milch,"3,5% / 1,5% Fett, je 1 l Packung",0.99,,,,https://www.edeka.de/maerkte/071065/angebote/,40474,Düsseldorf,,,,미검토,,1472
2026-09-20 21:02 Europe/Berlin,EDEKA,"EDEKA Prömpers, Niederrheinstraße 84-88, 40474 Düsseldorf",40474,주류,21.09.2026-26.09.2026,Wicküler Pils,"je Kasten = 20 x 0,5 l / 24 x 0,33 l zzgl. € 3.10 / € 3.42 Pfand, (1 l = € 0.95 / € 1.20)",9.49,,,0.95 / € 1.20,https://www.edeka.de/maerkte/071065/angebote/,40474,Düsseldorf,,,,미검토,,1473
2026-09-20 21:02 Europe/Berlin,EDEKA,"EDEKA Prömpers, Niederrheinstraße 84-88, 40474 Düsseldorf",40474,주류,21.09.2026-26.09.2026,Wodka Gorbatschow,"37,5% Vol. auch Wodka Citron und Raspberry im Angebot, 0,7 l Flasche, (1 l = € 9.27)",6.49,,,9.27,https://www.edeka.de/maerkte/071065/angebote/,40474,Düsseldorf,,,,미검토,,1474
2026-09-20 21:02 Europe/Berlin,EDEKA,"EDEKA Prömpers, Niederrheinstraße 84-88, 40474 Düsseldorf",40474,식품,21.09.2026-26.09.2026,Wurzelbrot,"versch. Sorten, je 450 g Stück, (1 kg = € 4.42)",1.99,,,4.42,https://www.edeka.de/maerkte/071065/angebote/,40474,Düsseldorf,,,,미검토,,1475
2026-09-20 21:02 Europe/Berlin,EDEKA,"EDEKA Prömpers, Niederrheinstraße 84-88, 40474 Düsseldorf",40474,식품,21.09.2026-26.09.2026,"Zarte Schinkenschnitzel, zarter Schinkenbraten oder zartes Schinkengulasch",je 1 kg,6.66,,,,https://www.edeka.de/maerkte/071065/angebote/,40474,Düsseldorf,,,,미검토,,1476
2026-09-20 21:02 Europe/Berlin,EDEKA,"EDEKA Prömpers, Niederrheinstraße 84-88, 40474 Düsseldorf",40474,식품,21.09.2026-26.09.2026,Zartes Gulasch,"aus der Keule geschnitten, deutsches Jungbullenfleisch, je 1 kg",16.90,,,,https://www.edeka.de/maerkte/071065/angebote/,40474,Düsseldorf,,,,미검토,,1477
2026-09-20 21:02 Europe/Berlin,EDEKA,"EDEKA Prömpers, Niederrheinstraße 84-88, 40474 Düsseldorf",40474,식품,21.09.2026-26.09.2026,Zott Monte,"versch. Sorten, je 400 g / 232 g Packung / Becher, (1 kg = € 3.98 / € 6.85)",1.59,1.39,,3.98 / € 6.85,https://www.edeka.de/maerkte/071065/angebote/,40474,Düsseldorf,,,,미검토,,1478
2026-09-20 21:02 Europe/Berlin,EDEKA,"EDEKA Prömpers, Niederrheinstraße 84-88, 40474 Düsseldorf",40474,식품,21.09.2026-26.09.2026,Zott Sahnejoghurt,"versch. Sorten auch Zott Pure Joy vegan im Angebot, je 140 g Becher, (1 kg = € 3.50)",0.49,0.39,,3.50,https://www.edeka.de/maerkte/071065/angebote/,40474,Düsseldorf,,,,미검토,,1479
2026-09-20 21:02 Europe/Berlin,EDEKA,"EDEKA Prömpers, Niederrheinstraße 84-88, 40474 Düsseldorf",40474,식품,21.09.2026-26.09.2026,Zuivelhoeve Vla,"Vanille oder Vanille & Schoko, je 800 g Becher, (1 kg = € 3.11)",2.49,,,3.11,https://www.edeka.de/maerkte/071065/angebote/,40474,Düsseldorf,,,,미검토,,1480
2026-09-20 21:02 Europe/Berlin,EDEKA,"EDEKA Prömpers, Niederrheinstraße 84-88, 40474 Düsseldorf",40474,식품,21.09.2026-26.09.2026,Zum Dorfkrug Grütze oder Pudding,"versch. Sorten, je 375 g / 360 g Glas, (1 kg = € 5.31 / € 5.53)",1.99,,,5.31 / € 5.53,https://www.edeka.de/maerkte/071065/angebote/,40474,Düsseldorf,,,,미검토,,1481
2026-09-20 21:02 Europe/Berlin,EDEKA,"EDEKA Prömpers, Niederrheinstraße 84-88, 40474 Düsseldorf",40474,식품,21.09.2026-26.09.2026,Zum Dorfkrug Salatsauce,"versch. Sorten, je 250 ml Flasche, (1 l = € 7.16)",1.79,,,7.16,https://www.edeka.de/maerkte/071065/angebote/,40474,Düsseldorf,,,,미검토,,1482
2026-09-20 21:02 Europe/Berlin,EDEKA,"EDEKA Nüsken, Rossbachstraße 21-23, 44369 Dortmund",44369,식품,21.09.2026-26.09.2026,3 Glocken Genuss Pur,"versch. Sorten, je 500 g Packung, (1 kg = € 2.58)",1.29,,,2.58,https://www.edeka.de/maerkte/072249/angebote/,44369,Dortmund,,,,미검토,,1483
2026-09-20 21:02 Europe/Berlin,EDEKA,"EDEKA Nüsken, Rossbachstraße 21-23, 44369 Dortmund",44369,식품,21.09.2026-26.09.2026,7 Days Croissants,"versch. Sorten, je 240 g / 185 g Packung / Beutel, (1 kg = € 8.29 / € 10.76)",1.99,,,8.29 / € 10.76,https://www.edeka.de/maerkte/072249/angebote/,44369,Dortmund,,,,미검토,,1484
2026-09-20 21:02 Europe/Berlin,EDEKA,"EDEKA Nüsken, Rossbachstraße 21-23, 44369 Dortmund",44369,식품,21.09.2026-26.09.2026,After Eight Classic,"200 g Packung, (1 kg = € 11.10)",2.22,,,11.10,https://www.edeka.de/maerkte/072249/angebote/,44369,Dortmund,,,,미검토,,1485
2026-09-20 21:02 Europe/Berlin,EDEKA,"EDEKA Nüsken, Rossbachstraße 21-23, 44369 Dortmund",44369,식품,21.09.2026-26.09.2026,Ahornsirup,"250 ml Flasche, (1 l = € 13.32)",3.33,,,13.32,https://www.edeka.de/maerkte/072249/angebote/,44369,Dortmund,,,,미검토,,1486
2026-09-20 21:02 Europe/Berlin,EDEKA,"EDEKA Nüsken, Rossbachstraße 21-23, 44369 Dortmund",44369,식품,21.09.2026-26.09.2026,Alpenhain Obazda oder Camembert Creme,"versch. Sorten, je 125 g Becher, (1 kg = € 11.92)",1.49,1.29,,11.92,https://www.edeka.de/maerkte/072249/angebote/,44369,Dortmund,,,,미검토,,1487
2026-09-20 21:02 Europe/Berlin,EDEKA,"EDEKA Nüsken, Rossbachstraße 21-23, 44369 Dortmund",44369,주류,21.09.2026-26.09.2026,Aperol Spritz,"10,5% Vol., Packung = 3 x 0,2 l pfandfrei, (1 l = € 11.65)",6.99,,,11.65,https://www.edeka.de/maerkte/072249/angebote/,44369,Dortmund,,,,미검토,,1488
2026-09-20 21:02 Europe/Berlin,EDEKA,"EDEKA Nüsken, Rossbachstraße 21-23, 44369 Dortmund",44369,식품,21.09.2026-26.09.2026,Appenzeller Appenzellerin,"schweizer Halbhartkäse, mind. 48% Fett i. Tr., je 100 g am Stück",2.29,,,,https://www.edeka.de/maerkte/072249/angebote/,44369,Dortmund,,,,미검토,,1489
2026-09-20 21:02 Europe/Berlin,EDEKA,"EDEKA Nüsken, Rossbachstraße 21-23, 44369 Dortmund",44369,음료,21.09.2026-26.09.2026,Asbach Uralt,"36% Vol., 0,7 l Flasche, (1 l = € 14.27)",9.99,,,14.27,https://www.edeka.de/maerkte/072249/angebote/,44369,Dortmund,,,,미검토,,1490
2026-09-20 21:02 Europe/Berlin,EDEKA,"EDEKA Nüsken, Rossbachstraße 21-23, 44369 Dortmund",44369,식품,21.09.2026-26.09.2026,Bille - Chicken Salami,"versch. ummantelt, je 100 g",1.99,,,,https://www.edeka.de/maerkte/072249/angebote/,44369,Dortmund,,,,미검토,,1491
2026-09-20 21:02 Europe/Berlin,EDEKA,"EDEKA Nüsken, Rossbachstraße 21-23, 44369 Dortmund",44369,식품,21.09.2026-26.09.2026,Birkel’s No. 1 oder 7 Hühnchen Nudeln,"versch. Sorten, je 500 g / 600 g Packung, (1 kg = € 2.58 / € 2.15)",1.29,,,2.58 / € 2.15,https://www.edeka.de/maerkte/072249/angebote/,44369,Dortmund,,,,미검토,,1492
2026-09-20 21:02 Europe/Berlin,EDEKA,"EDEKA Nüsken, Rossbachstraße 21-23, 44369 Dortmund",44369,식품,21.09.2026-26.09.2026,Bonduelle Gemüsekonserven,"versch. Sorten, je 300 g - 400 g Dose / 220 g - 285 g Abtropfg., (1 kg = ab € 2.78)",1.11,,,ab € 2.78,https://www.edeka.de/maerkte/072249/angebote/,44369,Dortmund,,,,미검토,,1493
2026-09-20 21:02 Europe/Berlin,EDEKA,"EDEKA Nüsken, Rossbachstraße 21-23, 44369 Dortmund",44369,식품,21.09.2026-26.09.2026,Börek-Stick,"mit Feta-Füllung oder Spinat-Feta-Füllung, je Stück",0.50,,,,https://www.edeka.de/maerkte/072249/angebote/,44369,Dortmund,,,,미검토,,1494
2026-09-20 21:02 Europe/Berlin,EDEKA,"EDEKA Nüsken, Rossbachstraße 21-23, 44369 Dortmund",44369,식품,21.09.2026-26.09.2026,Brandt Der Markenzwieback,"225 g Packung, (1 kg = € 5.73)",1.29,,,5.73,https://www.edeka.de/maerkte/072249/angebote/,44369,Dortmund,,,,미검토,,1495
2026-09-20 21:02 Europe/Berlin,EDEKA,"EDEKA Nüsken, Rossbachstraße 21-23, 44369 Dortmund",44369,식품,21.09.2026-26.09.2026,Bulgur- oder Bauernsalat,"verzehrfertig, je 250 g Schale, (1 kg = € 11.96)",2.99,,,11.96,https://www.edeka.de/maerkte/072249/angebote/,44369,Dortmund,,,,미검토,,1496
2026-09-20 21:02 Europe/Berlin,EDEKA,"EDEKA Nüsken, Rossbachstraße 21-23, 44369 Dortmund",44369,식품,21.09.2026-26.09.2026,Cathedral City Cheddar,"4 / 9 Monate gereift, 48% Fett i. Tr., je 120 g Packung, (1 kg = € 16.58)",1.99,,,16.58,https://www.edeka.de/maerkte/072249/angebote/,44369,Dortmund,,,,미검토,,1497
2026-09-20 21:02 Europe/Berlin,EDEKA,"EDEKA Nüsken, Rossbachstraße 21-23, 44369 Dortmund",44369,식품,21.09.2026-26.09.2026,Cevapcici,"aus Rinder- und Schweinehackfleisch, mit einer Paprika-Knoblauch-Note abgerundet, je 10 x 50 g Stück = 500 g, (1 kg = € 10.00)",5.00,,,10.00,https://www.edeka.de/maerkte/072249/angebote/,44369,Dortmund,,,,미검토,,1498
2026-09-20 21:02 Europe/Berlin,EDEKA,"EDEKA Nüsken, Rossbachstraße 21-23, 44369 Dortmund",44369,식품,21.09.2026-26.09.2026,Choi's Bibimmyeon Instant Nudeln,"versch. Sorten, je 113 g - 131 g Beutel, (1 kg = ab € 11.37)",1.49,,,ab € 11.37,https://www.edeka.de/maerkte/072249/angebote/,44369,Dortmund,,,,미검토,,1499
2026-09-20 21:02 Europe/Berlin,EDEKA,"EDEKA Nüsken, Rossbachstraße 21-23, 44369 Dortmund",44369,음료,21.09.2026-26.09.2026,"Coca-Cola, Coca-Cola Zero, Mezzo Mix oder Sprite","koffeinhaltig, je Kasten = 6 x 1 l zzgl. € 2.40 Pfand, (1 l = € 1.33)",7.99,,,1.33,https://www.edeka.de/maerkte/072249/angebote/,44369,Dortmund,,,,미검토,,1500
2026-09-20 21:02 Europe/Berlin,EDEKA,"EDEKA Nüsken, Rossbachstraße 21-23, 44369 Dortmund",44369,음료,21.09.2026-26.09.2026,"Coca-Cola, Fanta oder Sprite","und weitere Sorten, teilweise koffeinhaltig, je 1,25 l Flasche zzgl. € 0.25 Pfand, (1 l = € 0.89)",1.11,,,0.89,https://www.edeka.de/maerkte/072249/angebote/,44369,Dortmund,,,,미검토,,1501
2026-09-20 21:02 Europe/Berlin,EDEKA,"EDEKA Nüsken, Rossbachstraße 21-23, 44369 Dortmund",44369,식품,21.09.2026-26.09.2026,Corny Müsli-Riegel,"versch. Sorten auch Corny Haferkraft-Riegel, Corny Protein 4 x 25 g und Corny Protein Crunchy Riegel 45 g im Angebot, je 3 - 6 Riegel = 96 g - 150 g Packung, (1 kg = ab € 10.60)",1.59,,,ab € 10.60,https://www.edeka.de/maerkte/072249/angebote/,44369,Dortmund,,,,미검토,,1502
2026-09-20 21:02 Europe/Berlin,EDEKA,"EDEKA Nüsken, Rossbachstraße 21-23, 44369 Dortmund",44369,식품,21.09.2026-26.09.2026,Das Mehl,"glutenfrei, 1 kg Packung",3.99,,,,https://www.edeka.de/maerkte/072249/angebote/,44369,Dortmund,,,,미검토,,1503
2026-09-20 21:02 Europe/Berlin,EDEKA,"EDEKA Nüsken, Rossbachstraße 21-23, 44369 Dortmund",44369,음료,21.09.2026-26.09.2026,Deutschland - Baden - Badischer Federweißer,"versch. Sorten, je 1 l Flasche",2.49,,,,https://www.edeka.de/maerkte/072249/angebote/,44369,Dortmund,,,,미검토,,1504
2026-09-20 21:02 Europe/Berlin,EDEKA,"EDEKA Nüsken, Rossbachstraße 21-23, 44369 Dortmund",44369,식품,21.09.2026-26.09.2026,Deutschland - Bio-Möhren,"Klasse II, 1 kg Beutel",1.49,,,,https://www.edeka.de/maerkte/072249/angebote/,44369,Dortmund,,,,미검토,,1505
2026-09-20 21:02 Europe/Berlin,EDEKA,"EDEKA Nüsken, Rossbachstraße 21-23, 44369 Dortmund",44369,식품,21.09.2026-26.09.2026,Deutschland - Bio-Porree,"Klasse II, 430 g Bund, (1 kg = € 4.63)",1.99,,,4.63,https://www.edeka.de/maerkte/072249/angebote/,44369,Dortmund,,,,미검토,,1506
2026-09-20 21:02 Europe/Berlin,EDEKA,"EDEKA Nüsken, Rossbachstraße 21-23, 44369 Dortmund",44369,식품,21.09.2026-26.09.2026,Deutschland - Bio-Zwiebeln,"rot oder gelb, Klasse II, je 500 g / 750 g Netz, (1 kg = € 2.98 / € 1.99)",1.49,,,2.98 / € 1.99,https://www.edeka.de/maerkte/072249/angebote/,44369,Dortmund,,,,미검토,,1507
2026-09-20 21:02 Europe/Berlin,EDEKA,"EDEKA Nüsken, Rossbachstraße 21-23, 44369 Dortmund",44369,식품,21.09.2026-26.09.2026,Deutschland - Blumenkohl,"Klasse I, Stück",1.49,,,,https://www.edeka.de/maerkte/072249/angebote/,44369,Dortmund,,,,미검토,,1508
2026-09-20 21:02 Europe/Berlin,EDEKA,"EDEKA Nüsken, Rossbachstraße 21-23, 44369 Dortmund",44369,식품,21.09.2026-26.09.2026,Deutschland - Bundmöhren,"Klasse I, Bund",1.49,,,,https://www.edeka.de/maerkte/072249/angebote/,44369,Dortmund,,,,미검토,,1509
2026-09-20 21:02 Europe/Berlin,EDEKA,"EDEKA Nüsken, Rossbachstraße 21-23, 44369 Dortmund",44369,식품,21.09.2026-26.09.2026,Deutschland - EDEKA Regional - Mini-Romanasalat,"Klasse I, 2 Stück Packung",0.99,,,,https://www.edeka.de/maerkte/072249/angebote/,44369,Dortmund,,,,미검토,,1510
2026-09-20 21:02 Europe/Berlin,EDEKA,"EDEKA Nüsken, Rossbachstraße 21-23, 44369 Dortmund",44369,식품,21.09.2026-26.09.2026,Deutschland - GUT & GÜNSTIG - Speisekartoffeln,"vorwiegend festkochend oder festkochend, je 2,5 kg Beutel, (1 kg = € 0.80)",1.99,,,0.80,https://www.edeka.de/maerkte/072249/angebote/,44369,Dortmund,,,,미검토,,1511
2026-09-20 21:02 Europe/Berlin,EDEKA,"EDEKA Nüsken, Rossbachstraße 21-23, 44369 Dortmund",44369,식품,21.09.2026-26.09.2026,Deutschland - GUT & GÜNSTIG - Tafeläpfel Jonagold,"Klasse II, 2 kg Beutel, (1 kg = € 0.75)",1.49,,,0.75,https://www.edeka.de/maerkte/072249/angebote/,44369,Dortmund,,,,미검토,,1512
2026-09-20 21:02 Europe/Berlin,EDEKA,"EDEKA Nüsken, Rossbachstraße 21-23, 44369 Dortmund",44369,식품,21.09.2026-26.09.2026,Deutschland - GUT & GÜNSTIG - Zwiebeln,"Klasse II, 2 kg Netz, (1 kg = € 0.75)",1.49,,,0.75,https://www.edeka.de/maerkte/072249/angebote/,44369,Dortmund,,,,미검토,,1513
2026-09-20 21:02 Europe/Berlin,EDEKA,"EDEKA Nüsken, Rossbachstraße 21-23, 44369 Dortmund",44369,음료,21.09.2026-26.09.2026,Deutschland - III Freunde,"versch. Sorten, je 0,75 l Flasche, (1 l = € 10.65)",7.99,,,10.65,https://www.edeka.de/maerkte/072249/angebote/,44369,Dortmund,,,,미검토,,1514
2026-09-20 21:02 Europe/Berlin,EDEKA,"EDEKA Nüsken, Rossbachstraße 21-23, 44369 Dortmund",44369,식품,21.09.2026-26.09.2026,Deutschland - Kohlrabi,"weiß, Klasse I, Stück",0.55,,,,https://www.edeka.de/maerkte/072249/angebote/,44369,Dortmund,,,,미검토,,1515
2026-09-20 21:02 Europe/Berlin,EDEKA,"EDEKA Nüsken, Rossbachstraße 21-23, 44369 Dortmund",44369,식품,21.09.2026-26.09.2026,Deutschland - Lauchzwiebeln oder Radieschen,"Klasse I, je Bund",0.55,,,,https://www.edeka.de/maerkte/072249/angebote/,44369,Dortmund,,,,미검토,,1516
2026-09-20 21:02 Europe/Berlin,EDEKA,"EDEKA Nüsken, Rossbachstraße 21-23, 44369 Dortmund",44369,식품,21.09.2026-26.09.2026,Deutschland - Staudensellerie,"Klasse II, Stück",1.99,,,,https://www.edeka.de/maerkte/072249/angebote/,44369,Dortmund,,,,미검토,,1517
2026-09-20 21:02 Europe/Berlin,EDEKA,"EDEKA Nüsken, Rossbachstraße 21-23, 44369 Dortmund",44369,주류,21.09.2026-26.09.2026,Deutschland - Weingenuss,"versch. Sorten, je 1 l Flasche",1.99,1.79,,,https://www.edeka.de/maerkte/072249/angebote/,44369,Dortmund,,,,미검토,,1518
2026-09-20 21:02 Europe/Berlin,EDEKA,"EDEKA Nüsken, Rossbachstraße 21-23, 44369 Dortmund",44369,식품,21.09.2026-26.09.2026,Die Pasta glutenfrei,"versch. Sorten, je 400 g Packung, (1 kg = € 4.98)",1.99,,,4.98,https://www.edeka.de/maerkte/072249/angebote/,44369,Dortmund,,,,미검토,,1519
2026-09-20 21:02 Europe/Berlin,EDEKA,"EDEKA Nüsken, Rossbachstraße 21-23, 44369 Dortmund",44369,식품,21.09.2026-26.09.2026,Dr. Oetker Backmischung,"versch. Sorten, je 280 g - 580 g Packung, (1 kg = ab € 4.29)",2.49,1.99,,ab € 4.29,https://www.edeka.de/maerkte/072249/angebote/,44369,Dortmund,,,,미검토,,1520
2026-09-20 21:02 Europe/Berlin,EDEKA,"EDEKA Nüsken, Rossbachstraße 21-23, 44369 Dortmund",44369,식품,21.09.2026-26.09.2026,"Dr. Oetker Die Ofenfrische, Pizza Tradizionale oder La Mia Pinsa","tiefgefroren, versch. Sorten, je 305 g - 435 g Packung, (1 kg = ab € 4.11)",1.79,,,ab € 4.11,https://www.edeka.de/maerkte/072249/angebote/,44369,Dortmund,,,,미검토,,1521
2026-09-20 21:02 Europe/Berlin,EDEKA,"EDEKA Nüsken, Rossbachstraße 21-23, 44369 Dortmund",44369,식품,21.09.2026-26.09.2026,Dr. Oetker Pudding oder Fruchtgrütze,"versch. Sorten, je 160 g - 200 g Becher, (1 kg = ab € 4.95)",0.99,0.79,,ab € 4.95,https://www.edeka.de/maerkte/072249/angebote/,44369,Dortmund,,,,미검토,,1522
2026-09-20 21:02 Europe/Berlin,EDEKA,"EDEKA Nüsken, Rossbachstraße 21-23, 44369 Dortmund",44369,식품,21.09.2026-26.09.2026,Dr. Oetker Suprema,"tiefgefroren, versch. Sorten, je 475 g - 540 g Packung, (1 kg = ab € 7.39)",3.99,,,ab € 7.39,https://www.edeka.de/maerkte/072249/angebote/,44369,Dortmund,,,,미검토,,1523
2026-09-20 21:02 Europe/Berlin,EDEKA,"EDEKA Nüsken, Rossbachstraße 21-23, 44369 Dortmund",44369,식품,21.09.2026-26.09.2026,Ecuador - GUT & GÜNSTIG - Bananen,1 kg,1.11,,,,https://www.edeka.de/maerkte/072249/angebote/,44369,Dortmund,,,,미검토,,1524
2026-09-20 21:02 Europe/Berlin,EDEKA,"EDEKA Nüsken, Rossbachstraße 21-23, 44369 Dortmund",44369,식품,21.09.2026-26.09.2026,EDEKA - Laktosefreie H-Milch,"3,5% / 1,5% Fett, je 1 l Packung",0.89,,,,https://www.edeka.de/maerkte/072249/angebote/,44369,Dortmund,,,,미검토,,1525
2026-09-20 21:02 Europe/Berlin,EDEKA,"EDEKA Nüsken, Rossbachstraße 21-23, 44369 Dortmund",44369,식품,21.09.2026-26.09.2026,EDEKA - Saatenbrot,"glutenfrei, 300 g Packung, (1 kg = € 9.30)",2.79,,,9.30,https://www.edeka.de/maerkte/072249/angebote/,44369,Dortmund,,,,미검토,,1526
2026-09-20 21:02 Europe/Berlin,EDEKA,"EDEKA Nüsken, Rossbachstraße 21-23, 44369 Dortmund",44369,식품,21.09.2026-26.09.2026,EDEKA - Supersweet Mais,"150 g Dose / 140 g Abtropfg., (1 kg = € 4.93)",0.69,,,4.93,https://www.edeka.de/maerkte/072249/angebote/,44369,Dortmund,,,,미검토,,1527
2026-09-20 21:02 Europe/Berlin,EDEKA,"EDEKA Nüsken, Rossbachstraße 21-23, 44369 Dortmund",44369,식품,21.09.2026-26.09.2026,EDEKA - Tomaten,"versch. Sorten, je 390 g Packung, (1 kg = € 2.85)",1.11,,,2.85,https://www.edeka.de/maerkte/072249/angebote/,44369,Dortmund,,,,미검토,,1528
2026-09-20 21:02 Europe/Berlin,EDEKA,"EDEKA Nüsken, Rossbachstraße 21-23, 44369 Dortmund",44369,식품,21.09.2026-26.09.2026,"EDEKA - Tortenpfirsiche, Aprikosen oder Williams Christ Birnen","je 225 g Dose / 125 g / 140 g Abtropfg., (1 kg = € 7.92 / € 7.07)",0.99,,,7.92 / € 7.07,https://www.edeka.de/maerkte/072249/angebote/,44369,Dortmund,,,,미검토,,1529
2026-09-20 21:02 Europe/Berlin,EDEKA,"EDEKA Nüsken, Rossbachstraße 21-23, 44369 Dortmund",44369,식품,21.09.2026-26.09.2026,EDEKA Bio - Apfelessig,"naturtrüb, 750 ml Flasche, (1 l = € 2.12)",1.59,,,2.12,https://www.edeka.de/maerkte/072249/angebote/,44369,Dortmund,,,,미검토,,1530
2026-09-20 21:02 Europe/Berlin,EDEKA,"EDEKA Nüsken, Rossbachstraße 21-23, 44369 Dortmund",44369,식품,21.09.2026-26.09.2026,EDEKA Bio - Dinkel- oder Dinkelvollkornmehl,je 1 kg Packung,1.29,,,,https://www.edeka.de/maerkte/072249/angebote/,44369,Dortmund,,,,미검토,,1531
2026-09-20 21:02 Europe/Berlin,EDEKA,"EDEKA Nüsken, Rossbachstraße 21-23, 44369 Dortmund",44369,식품,21.09.2026-26.09.2026,EDEKA Bio - Natives Olivenöl extra,"aus Griechenland, 500 ml Flasche, (1 l = € 16.98)",8.49,,,16.98,https://www.edeka.de/maerkte/072249/angebote/,44369,Dortmund,,,,미검토,,1532
2026-09-20 21:02 Europe/Berlin,EDEKA,"EDEKA Nüsken, Rossbachstraße 21-23, 44369 Dortmund",44369,음료,21.09.2026-26.09.2026,"EDEKA Herzstücke - Saft, Nektar oder Fruchtsaftgetränk","versch. Sorten, je 1 l Flasche zzgl. € 0.25 Pfand",1.11,0.99,,,https://www.edeka.de/maerkte/072249/angebote/,44369,Dortmund,,,,미검토,,1533
2026-09-20 21:02 Europe/Berlin,EDEKA,"EDEKA Nüsken, Rossbachstraße 21-23, 44369 Dortmund",44369,식품,21.09.2026-26.09.2026,Edeka Küche - Tortellini,"mit Bolognese- oder Sahnesauce, je 400 g Schale, (1 kg = € 9.98)",3.99,,,9.98,https://www.edeka.de/maerkte/072249/angebote/,44369,Dortmund,,,,미검토,,1534
2026-09-20 21:02 Europe/Berlin,EDEKA,"EDEKA Nüsken, Rossbachstraße 21-23, 44369 Dortmund",44369,식품,21.09.2026-26.09.2026,EDEKA Regional - Herzhafter Wurst-Aufschnitt,"versch. Sorten, je 100 g Packung, (1 kg = € 13.90)",1.39,,,13.90,https://www.edeka.de/maerkte/072249/angebote/,44369,Dortmund,,,,미검토,,1535
2026-09-20 21:02 Europe/Berlin,EDEKA,"EDEKA Nüsken, Rossbachstraße 21-23, 44369 Dortmund",44369,식품,21.09.2026-26.09.2026,Emmi Caffè Latte,"versch. Sorten, je 230 ml Becher, (1 l = € 6.48)",1.49,1.29,,6.48,https://www.edeka.de/maerkte/072249/angebote/,44369,Dortmund,,,,미검토,,1536
2026-09-20 21:02 Europe/Berlin,EDEKA,"EDEKA Nüsken, Rossbachstraße 21-23, 44369 Dortmund",44369,식품,21.09.2026-26.09.2026,Exquisa Zero Quark-Joghurt-Creme,"versch. Sorten, je 400 g Becher, (1 kg = € 3.73)",1.49,,,3.73,https://www.edeka.de/maerkte/072249/angebote/,44369,Dortmund,,,,미검토,,1537
2026-09-20 21:02 Europe/Berlin,EDEKA,"EDEKA Nüsken, Rossbachstraße 21-23, 44369 Dortmund",44369,식품,21.09.2026-26.09.2026,Fleischkäsebrät,"roh, zum Backen, 700 g Packung, (1 kg = € 5.70)",3.99,,,5.70,https://www.edeka.de/maerkte/072249/angebote/,44369,Dortmund,,,,미검토,,1538
2026-09-20 21:02 Europe/Berlin,EDEKA,"EDEKA Nüsken, Rossbachstraße 21-23, 44369 Dortmund",44369,음료,21.09.2026-26.09.2026,Frankreich - Brut Dargent,"versch. Sorten, je 0,75 l Flasche, (1 l = € 7.99)",5.99,,,7.99,https://www.edeka.de/maerkte/072249/angebote/,44369,Dortmund,,,,미검토,,1539
2026-09-20 21:02 Europe/Berlin,EDEKA,"EDEKA Nüsken, Rossbachstraße 21-23, 44369 Dortmund",44369,주류,21.09.2026-26.09.2026,Frankreich / Deutschland - Bree Weine,"versch. Sorten auch Alkoholfrei im Angebot, je 0,75 l Flasche, (1 l = € 3.99)",2.99,2.79,,3.99,https://www.edeka.de/maerkte/072249/angebote/,44369,Dortmund,,,,미검토,,1540
2026-09-20 21:02 Europe/Berlin,EDEKA,"EDEKA Nüsken, Rossbachstraße 21-23, 44369 Dortmund",44369,음료,21.09.2026-26.09.2026,Franziskaner Hefeweissbier,"Alkoholfrei oder Hell, je Kasten = 11 x 0,5 l zzgl. € 2.38 Pfand, (1 l = € 1.63)",8.99,,,1.63,https://www.edeka.de/maerkte/072249/angebote/,44369,Dortmund,,,,미검토,,1541
2026-09-20 21:02 Europe/Berlin,EDEKA,"EDEKA Nüsken, Rossbachstraße 21-23, 44369 Dortmund",44369,식품,21.09.2026-26.09.2026,Frische Bratwurst,"vom Schwein, nach „Fränkischer Art“ gewürzt, zum Braten, 300 g Packung, (1 kg = € 9.97)",2.99,,,9.97,https://www.edeka.de/maerkte/072249/angebote/,44369,Dortmund,,,,미검토,,1542
2026-09-20 21:02 Europe/Berlin,EDEKA,"EDEKA Nüsken, Rossbachstraße 21-23, 44369 Dortmund",44369,식품,21.09.2026-26.09.2026,Frische Dicke Schweinerippe,"ideal zum Braten, je 1 kg",5.99,,,,https://www.edeka.de/maerkte/072249/angebote/,44369,Dortmund,,,,미검토,,1543
2026-09-20 21:02 Europe/Berlin,EDEKA,"EDEKA Nüsken, Rossbachstraße 21-23, 44369 Dortmund",44369,식품,21.09.2026-26.09.2026,Frische Hähnchenflügel,"Handelsklasse A, je 1 kg",4.44,,,,https://www.edeka.de/maerkte/072249/angebote/,44369,Dortmund,,,,미검토,,1544
2026-09-20 21:02 Europe/Berlin,EDEKA,"EDEKA Nüsken, Rossbachstraße 21-23, 44369 Dortmund",44369,식품,21.09.2026-26.09.2026,Frische Lummerkoteletts,"zart und mager, je 1 kg",6.49,,,,https://www.edeka.de/maerkte/072249/angebote/,44369,Dortmund,,,,미검토,,1545
2026-09-20 21:02 Europe/Berlin,EDEKA,"EDEKA Nüsken, Rossbachstraße 21-23, 44369 Dortmund",44369,식품,21.09.2026-26.09.2026,Frische Putenschnitzel oder frisches Putengulasch,"aus der Brust geschnitten, besonders mager, für den kalorienbewussten Genuss, je 100 g",1.29,,,,https://www.edeka.de/maerkte/072249/angebote/,44369,Dortmund,,,,미검토,,1546
2026-09-20 21:02 Europe/Berlin,EDEKA,"EDEKA Nüsken, Rossbachstraße 21-23, 44369 Dortmund",44369,식품,21.09.2026-26.09.2026,Frische Schweine-Schwänzchen oder -Pfötchen,"ideal für den Eintopf, je 1 kg",2.00,,,,https://www.edeka.de/maerkte/072249/angebote/,44369,Dortmund,,,,미검토,,1547
2026-09-20 21:02 Europe/Berlin,EDEKA,"EDEKA Nüsken, Rossbachstraße 21-23, 44369 Dortmund",44369,식품,21.09.2026-26.09.2026,Frische Schweineleber oder Schweinenieren,je 1 kg,2.50,,,,https://www.edeka.de/maerkte/072249/angebote/,44369,Dortmund,,,,미검토,,1548
2026-09-20 21:02 Europe/Berlin,EDEKA,"EDEKA Nüsken, Rossbachstraße 21-23, 44369 Dortmund",44369,식품,21.09.2026-26.09.2026,Frische Stielkoteletts,"das schnelle Pfannengericht, je 1 kg",5.99,,,,https://www.edeka.de/maerkte/072249/angebote/,44369,Dortmund,,,,미검토,,1549
2026-09-20 21:02 Europe/Berlin,EDEKA,"EDEKA Nüsken, Rossbachstraße 21-23, 44369 Dortmund",44369,식품,21.09.2026-26.09.2026,Frischer Schweinebauch,"am Stück, mit Knochenanteil, je 1 kg",5.99,,,,https://www.edeka.de/maerkte/072249/angebote/,44369,Dortmund,,,,미검토,,1550
2026-09-20 21:02 Europe/Berlin,EDEKA,"EDEKA Nüsken, Rossbachstraße 21-23, 44369 Dortmund",44369,식품,21.09.2026-26.09.2026,Frischer Schweineschulterbraten,"wie gewachsen, saftig, rustikal, je 1 kg",4.99,,,,https://www.edeka.de/maerkte/072249/angebote/,44369,Dortmund,,,,미검토,,1551
2026-09-20 21:02 Europe/Berlin,EDEKA,"EDEKA Nüsken, Rossbachstraße 21-23, 44369 Dortmund",44369,식품,21.09.2026-26.09.2026,Frisches ganzes Schweinefilet,"das beste Stück vom Schwein, besonders zart, je 100 g",1.11,,,,https://www.edeka.de/maerkte/072249/angebote/,44369,Dortmund,,,,미검토,,1552
2026-09-20 21:02 Europe/Berlin,EDEKA,"EDEKA Nüsken, Rossbachstraße 21-23, 44369 Dortmund",44369,식품,21.09.2026-26.09.2026,Frisches Hähnchenbrustfilet,"für den kalorienbewussten Genuss, Handelsklasse A, je 100 g",0.99,,,,https://www.edeka.de/maerkte/072249/angebote/,44369,Dortmund,,,,미검토,,1553
2026-09-20 21:02 Europe/Berlin,EDEKA,"EDEKA Nüsken, Rossbachstraße 21-23, 44369 Dortmund",44369,식품,21.09.2026-26.09.2026,Frisches Rinderhackfleisch,"vielseitig verwendbar, je 100 g",1.49,,,,https://www.edeka.de/maerkte/072249/angebote/,44369,Dortmund,,,,미검토,,1554
2026-09-20 21:02 Europe/Berlin,EDEKA,"EDEKA Nüsken, Rossbachstraße 21-23, 44369 Dortmund",44369,식품,21.09.2026-26.09.2026,Frisches Schweinemett,"pikant gewürzt, je 1 kg",6.99,,,,https://www.edeka.de/maerkte/072249/angebote/,44369,Dortmund,,,,미검토,,1555
2026-09-20 21:02 Europe/Berlin,EDEKA,"EDEKA Nüsken, Rossbachstraße 21-23, 44369 Dortmund",44369,식품,21.09.2026-26.09.2026,Frischwurst-Aufschnitt,"versch. Sorten, je 100 g",1.19,,,,https://www.edeka.de/maerkte/072249/angebote/,44369,Dortmund,,,,미검토,,1556
2026-09-20 21:02 Europe/Berlin,EDEKA,"EDEKA Nüsken, Rossbachstraße 21-23, 44369 Dortmund",44369,식품,21.09.2026-26.09.2026,Frozen Ice Dessert,"tiefgefroren, versch. Sorten, je 75 g Packung, (1 kg = € 26.53)",1.99,,,26.53,https://www.edeka.de/maerkte/072249/angebote/,44369,Dortmund,,,,미검토,,1557
2026-09-20 21:02 Europe/Berlin,EDEKA,"EDEKA Nüsken, Rossbachstraße 21-23, 44369 Dortmund",44369,식품,21.09.2026-26.09.2026,funny-frisch Ofen- oder Intense-Chips,"versch. Sorten, je 115 g / 110 g Beutel, (1 kg = € 12.96 / € 13.55)",1.49,1.11,,12.96 / € 13.55,https://www.edeka.de/maerkte/072249/angebote/,44369,Dortmund,,,,미검토,,1558
2026-09-20 21:02 Europe/Berlin,EDEKA,"EDEKA Nüsken, Rossbachstraße 21-23, 44369 Dortmund",44369,식품,21.09.2026-26.09.2026,glycklich Eis,"versch. Sorten, je 500 ml Becher, (1 l = € 7.98)",3.99,,,7.98,https://www.edeka.de/maerkte/072249/angebote/,44369,Dortmund,,,,미검토,,1559
2026-09-20 21:02 Europe/Berlin,EDEKA,"EDEKA Nüsken, Rossbachstraße 21-23, 44369 Dortmund",44369,식품,21.09.2026-26.09.2026,Gourmet Sauerkraut,"400 g Beutel / 375 g Abtropfg., (1 kg = € 2.64)",0.99,,,2.64,https://www.edeka.de/maerkte/072249/angebote/,44369,Dortmund,,,,미검토,,1560
2026-09-20 21:02 Europe/Berlin,EDEKA,"EDEKA Nüsken, Rossbachstraße 21-23, 44369 Dortmund",44369,식품,21.09.2026-26.09.2026,Griesson Soft Cake,"versch. Sorten, je 300 g Packung, (1 kg = € 6.63)",1.99,1.79,,6.63,https://www.edeka.de/maerkte/072249/angebote/,44369,Dortmund,,,,미검토,,1561
2026-09-20 21:02 Europe/Berlin,EDEKA,"EDEKA Nüsken, Rossbachstraße 21-23, 44369 Dortmund",44369,식품,21.09.2026-26.09.2026,GUT & GÜNSTIG - Eierspätzle,"500 g Packung, (1 kg = € 2.78)",1.39,,,2.78,https://www.edeka.de/maerkte/072249/angebote/,44369,Dortmund,,,,미검토,,1562
2026-09-20 21:02 Europe/Berlin,EDEKA,"EDEKA Nüsken, Rossbachstraße 21-23, 44369 Dortmund",44369,식품,21.09.2026-26.09.2026,GUT & GÜNSTIG - Haferflocken,"extra zart oder kernig, je 500 g Packung, (1 kg = € 1.38)",0.69,,,1.38,https://www.edeka.de/maerkte/072249/angebote/,44369,Dortmund,,,,미검토,,1563
2026-09-20 21:02 Europe/Berlin,EDEKA,"EDEKA Nüsken, Rossbachstraße 21-23, 44369 Dortmund",44369,식품,21.09.2026-26.09.2026,GUT & GÜNSTIG - Hähnchengeschnetzeltes,"400 g Packung, (1 kg = € 12.48)",4.99,,,12.48,https://www.edeka.de/maerkte/072249/angebote/,44369,Dortmund,,,,미검토,,1564
2026-09-20 21:02 Europe/Berlin,EDEKA,"EDEKA Nüsken, Rossbachstraße 21-23, 44369 Dortmund",44369,식품,21.09.2026-26.09.2026,GUT & GÜNSTIG - Hähnchenminutenschnitzel,"400 g Packung, (1 kg = € 12.48)",4.99,,,12.48,https://www.edeka.de/maerkte/072249/angebote/,44369,Dortmund,,,,미검토,,1565
2026-09-20 21:02 Europe/Berlin,EDEKA,"EDEKA Nüsken, Rossbachstraße 21-23, 44369 Dortmund",44369,식품,21.09.2026-26.09.2026,GUT & GÜNSTIG - Mozzarella,"45% Fett i. Tr., 200 g Beutel / 125 g Abtropfg., (1 kg = € 6.80)",0.85,,,6.80,https://www.edeka.de/maerkte/072249/angebote/,44369,Dortmund,,,,미검토,,1566
2026-09-20 21:02 Europe/Berlin,EDEKA,"EDEKA Nüsken, Rossbachstraße 21-23, 44369 Dortmund",44369,식품,21.09.2026-26.09.2026,GUT & GÜNSTIG - Norwegische Lachsfilets,"tiefgefroren, 2 x 125 g = 250 g Packung, (1 kg = € 19.96)",4.99,,,19.96,https://www.edeka.de/maerkte/072249/angebote/,44369,Dortmund,,,,미검토,,1567
2026-09-20 21:02 Europe/Berlin,EDEKA,"EDEKA Nüsken, Rossbachstraße 21-23, 44369 Dortmund",44369,식품,21.09.2026-26.09.2026,GUT & GÜNSTIG - Pasta,"versch. Sorten, je 500 g Packung, (1 kg = € 1.18)",0.59,,,1.18,https://www.edeka.de/maerkte/072249/angebote/,44369,Dortmund,,,,미검토,,1568
2026-09-20 21:02 Europe/Berlin,EDEKA,"EDEKA Nüsken, Rossbachstraße 21-23, 44369 Dortmund",44369,식품,21.09.2026-26.09.2026,GUT & GÜNSTIG - Skyr Natur,"500 g Becher, (1 kg = € 2.58)",1.29,,,2.58,https://www.edeka.de/maerkte/072249/angebote/,44369,Dortmund,,,,미검토,,1569
2026-09-20 21:02 Europe/Berlin,EDEKA,"EDEKA Nüsken, Rossbachstraße 21-23, 44369 Dortmund",44369,식품,21.09.2026-26.09.2026,GUT & GÜNSTIG - Wiener Würstchen,20 x 50 g = 1 kg Packung,6.79,,,,https://www.edeka.de/maerkte/072249/angebote/,44369,Dortmund,,,,미검토,,1570
2026-09-20 21:02 Europe/Berlin,EDEKA,"EDEKA Nüsken, Rossbachstraße 21-23, 44369 Dortmund",44369,식품,21.09.2026-26.09.2026,GUT&GÜNSTIG - Frischkäse,"Pur oder Kräuter, Doppelrahmstufe, je 300 g Becher, (1 kg = € 5.30)",1.59,,,5.30,https://www.edeka.de/maerkte/072249/angebote/,44369,Dortmund,,,,미검토,,1571
2026-09-20 21:02 Europe/Berlin,EDEKA,"EDEKA Nüsken, Rossbachstraße 21-23, 44369 Dortmund",44369,식품,21.09.2026-26.09.2026,Häagen-Dazs Eiscreme,"versch. Sorten auch Häagen Dazs Classic Collect 4 x 95 ml im Angebot, je 460 ml / 420 ml Becher, (1 l = € 8.67 / € 9.50)",3.99,3.49,,8.67 / € 9.50,https://www.edeka.de/maerkte/072249/angebote/,44369,Dortmund,,,,미검토,,1572
2026-09-20 21:02 Europe/Berlin,EDEKA,"EDEKA Nüsken, Rossbachstraße 21-23, 44369 Dortmund",44369,식품,21.09.2026-26.09.2026,Haribo Fruchtgummi oder Lakritz,"versch. Sorten, je 125 g - 175 g Beutel, (1 kg = ab € 4.51)",0.79,,,ab € 4.51,https://www.edeka.de/maerkte/072249/angebote/,44369,Dortmund,,,,미검토,,1573
2026-09-20 21:02 Europe/Berlin,EDEKA,"EDEKA Nüsken, Rossbachstraße 21-23, 44369 Dortmund",44369,음료,21.09.2026-26.09.2026,Havana Club,"Original, Especial oder Mango Lime, 37,5% / 30% Vol., je 0,7 l Flasche, (1 l = € 15.70)",10.99,9.99,,15.70,https://www.edeka.de/maerkte/072249/angebote/,44369,Dortmund,,,,미검토,,1574
2026-09-20 21:02 Europe/Berlin,EDEKA,"EDEKA Nüsken, Rossbachstraße 21-23, 44369 Dortmund",44369,식품,21.09.2026-26.09.2026,Heinz Saucen,"versch. Sorten, je 220 ml Kopfstehflasche, (1 l = € 9.05)",1.99,,,9.05,https://www.edeka.de/maerkte/072249/angebote/,44369,Dortmund,,,,미검토,,1575
2026-09-20 21:02 Europe/Berlin,EDEKA,"EDEKA Nüsken, Rossbachstraße 21-23, 44369 Dortmund",44369,식품,21.09.2026-26.09.2026,Heinz Tomato Ketchup oder Mayonnaise,"je 800 ml Kopfstehflasche, (1 l = € 4.11)",3.29,,,4.11,https://www.edeka.de/maerkte/072249/angebote/,44369,Dortmund,,,,미검토,,1576
2026-09-20 21:02 Europe/Berlin,EDEKA,"EDEKA Nüsken, Rossbachstraße 21-23, 44369 Dortmund",44369,식품,21.09.2026-26.09.2026,Hengstenberg Knax oder Sticksi,"versch. Sorten, je 670 g Glas / 360 g Abtropfg., (1 kg = € 4.97)",1.79,1.59,,4.97,https://www.edeka.de/maerkte/072249/angebote/,44369,Dortmund,,,,미검토,,1577
2026-09-20 21:02 Europe/Berlin,EDEKA,"EDEKA Nüsken, Rossbachstraße 21-23, 44369 Dortmund",44369,식품,21.09.2026-26.09.2026,Homann Saucen,"versch. Sorten, je 400 ml Glas, (1 l = € 3.73)",1.49,1.29,,3.73,https://www.edeka.de/maerkte/072249/angebote/,44369,Dortmund,,,,미검토,,1578
2026-09-20 21:02 Europe/Berlin,EDEKA,"EDEKA Nüsken, Rossbachstraße 21-23, 44369 Dortmund",44369,식품,21.09.2026-26.09.2026,Houdek - Kabanos,"versch. Sorten, je 150 g Packung, (1 kg = € 13.27)",1.99,,,13.27,https://www.edeka.de/maerkte/072249/angebote/,44369,Dortmund,,,,미검토,,1579
2026-09-20 21:02 Europe/Berlin,EDEKA,"EDEKA Nüsken, Rossbachstraße 21-23, 44369 Dortmund",44369,식품,21.09.2026-26.09.2026,iglo Gemüse-Ideen oder Rahm-Gemüse,"tiefgefroren, versch. Sorten, je 400 g - 500 g Packung, (1 kg = ab € 4.78)",2.39,,,ab € 4.78,https://www.edeka.de/maerkte/072249/angebote/,44369,Dortmund,,,,미검토,,1580
2026-09-20 21:02 Europe/Berlin,EDEKA,"EDEKA Nüsken, Rossbachstraße 21-23, 44369 Dortmund",44369,식품,21.09.2026-26.09.2026,Italien - GUT & GÜNSTIG - Tafeltrauben,"hell, kernlos, Klasse I, 500 g Packung, (1 kg = € 2.00)",1.00,,,2.00,https://www.edeka.de/maerkte/072249/angebote/,44369,Dortmund,,,,미검토,,1581
2026-09-20 21:02 Europe/Berlin,EDEKA,"EDEKA Nüsken, Rossbachstraße 21-23, 44369 Dortmund",44369,식품,21.09.2026-26.09.2026,Jacobs Instantkaffee,"versch. Sorten, je 36 g - 124 g Packung, (1 kg = ab € 20.08)",2.49,,,ab € 20.08,https://www.edeka.de/maerkte/072249/angebote/,44369,Dortmund,,,,미검토,,1582
2026-09-20 21:02 Europe/Berlin,EDEKA,"EDEKA Nüsken, Rossbachstraße 21-23, 44369 Dortmund",44369,식품,21.09.2026-26.09.2026,Jacobs Krönung,"vakuumverpackt, versch. Sorten auch Café Hag klassisch mild entkoffeiniert im Angebot, je 500 g Packung, (1 kg = € 12.98)",6.49,5.99,,12.98,https://www.edeka.de/maerkte/072249/angebote/,44369,Dortmund,,,,미검토,,1583
2026-09-20 21:02 Europe/Berlin,EDEKA,"EDEKA Nüsken, Rossbachstraße 21-23, 44369 Dortmund",44369,식품,21.09.2026-26.09.2026,Kasseler-Nacken,"ohne Knochen, goldgelb geräuchert, je 1 kg",7.99,,,,https://www.edeka.de/maerkte/072249/angebote/,44369,Dortmund,,,,미검토,,1584
2026-09-20 21:02 Europe/Berlin,EDEKA,"EDEKA Nüsken, Rossbachstraße 21-23, 44369 Dortmund",44369,식품,21.09.2026-26.09.2026,Kerrygold Original irische Butter oder Kerrygold extra,"gesalzen oder ungesalzen, versch. Sorten, je 250 g / 200 g Packung / Becher, (1 kg = € 6.36 / € 7.95)",1.59,1.49,,6.36 / € 7.95,https://www.edeka.de/maerkte/072249/angebote/,44369,Dortmund,,,,미검토,,1585
2026-09-20 21:02 Europe/Berlin,EDEKA,"EDEKA Nüsken, Rossbachstraße 21-23, 44369 Dortmund",44369,식품,21.09.2026-26.09.2026,Kikok - Das ganz besondere Maishähnchen,"Handelsklasse A, je 1 kg",8.99,,,,https://www.edeka.de/maerkte/072249/angebote/,44369,Dortmund,,,,미검토,,1586
2026-09-20 21:02 Europe/Berlin,EDEKA,"EDEKA Nüsken, Rossbachstraße 21-23, 44369 Dortmund",44369,식품,21.09.2026-26.09.2026,Knorr Feinschmecker Suppe oder Sauce,"versch. Sorten, je 32 g - 70 g Beutel, (1 kg = ab € 11.29)",0.79,,,ab € 11.29,https://www.edeka.de/maerkte/072249/angebote/,44369,Dortmund,,,,미검토,,1587
2026-09-20 21:02 Europe/Berlin,EDEKA,"EDEKA Nüsken, Rossbachstraße 21-23, 44369 Dortmund",44369,식품,21.09.2026-26.09.2026,Kölln Müsli,"versch. Sorten auch Kölln Granola versch. Sorten 350 g im Angebot, je 380 g - 600 g Packung, (1 kg = ab € 4.15)",2.49,,,ab € 4.15,https://www.edeka.de/maerkte/072249/angebote/,44369,Dortmund,,,,미검토,,1588
2026-09-20 21:02 Europe/Berlin,EDEKA,"EDEKA Nüsken, Rossbachstraße 21-23, 44369 Dortmund",44369,주류,21.09.2026-26.09.2026,König Pilsener,"versch. Sorten, je Kasten = 20 x 0,5 l / 24 x 0,33 l zzgl. € 3.10 / € 3.42 Pfand, (1 l = € 1.20 / € 1.51)",11.99,,,1.20 / € 1.51,https://www.edeka.de/maerkte/072249/angebote/,44369,Dortmund,,,,미검토,,1589
2026-09-20 21:02 Europe/Berlin,EDEKA,"EDEKA Nüsken, Rossbachstraße 21-23, 44369 Dortmund",44369,음료,21.09.2026-26.09.2026,Krombacher Spezi,"Original oder Zero, koffeinhaltig, je Kasten = 20 x 0,5 l zzgl. € 3.10 Pfand, (1 l = € 1.30)",12.99,,,1.30,https://www.edeka.de/maerkte/072249/angebote/,44369,Dortmund,,,,미검토,,1590
2026-09-20 21:02 Europe/Berlin,EDEKA,"EDEKA Nüsken, Rossbachstraße 21-23, 44369 Dortmund",44369,식품,21.09.2026-26.09.2026,Krone Meine Lieblinge Lachs,"versch. Sorten, je 80 g - 100 g Packung, (1 kg = ab € 32.90)",3.29,,,ab € 32.90,https://www.edeka.de/maerkte/072249/angebote/,44369,Dortmund,,,,미검토,,1591
2026-09-20 21:02 Europe/Berlin,EDEKA,"EDEKA Nüsken, Rossbachstraße 21-23, 44369 Dortmund",44369,식품,21.09.2026-26.09.2026,Krüger Family Cappuccino,"versch. Sorten, je 500 g Nachfüllbeutel, (1 kg = € 7.60)",3.80,,,7.60,https://www.edeka.de/maerkte/072249/angebote/,44369,Dortmund,,,,미검토,,1592
2026-09-20 21:02 Europe/Berlin,EDEKA,"EDEKA Nüsken, Rossbachstraße 21-23, 44369 Dortmund",44369,식품,21.09.2026-26.09.2026,Landliebe Joghurt,"versch. Sorten, 3,8% / 10% Fett, je 500 g Glas zzgl. € 0.15 Pfand, (1 kg = € 2.22)",1.11,,,2.22,https://www.edeka.de/maerkte/072249/angebote/,44369,Dortmund,,,,미검토,,1593
2026-09-20 21:02 Europe/Berlin,EDEKA,"EDEKA Nüsken, Rossbachstraße 21-23, 44369 Dortmund",44369,식품,21.09.2026-26.09.2026,Le Grand Rustique oder Saint André,"französischer Weichkäse oder Weinbergkäse, 45% / 75% Fett i. Tr., je 100 g am Stück",1.99,,,,https://www.edeka.de/maerkte/072249/angebote/,44369,Dortmund,,,,미검토,,1594
2026-09-20 21:02 Europe/Berlin,EDEKA,"EDEKA Nüsken, Rossbachstraße 21-23, 44369 Dortmund",44369,식품,21.09.2026-26.09.2026,Leibniz Zoo Mini Kekse,"versch. Sorten, je 125 g Beutel, (1 kg = € 11.92)",1.49,,,11.92,https://www.edeka.de/maerkte/072249/angebote/,44369,Dortmund,,,,미검토,,1595
2026-09-20 21:02 Europe/Berlin,EDEKA,"EDEKA Nüsken, Rossbachstraße 21-23, 44369 Dortmund",44369,식품,21.09.2026-26.09.2026,Loose Quäse oder Harzbube Handkäse,"versch. Sorten und Fettstufen auch Hausmacher Handkäse 200 g im Angebot, je 220 g / 200 g Packung, (1 kg = € 11.32 / € 12.45)",2.49,,,11.32 / € 12.45,https://www.edeka.de/maerkte/072249/angebote/,44369,Dortmund,,,,미검토,,1596
2026-09-20 21:02 Europe/Berlin,EDEKA,"EDEKA Nüsken, Rossbachstraße 21-23, 44369 Dortmund",44369,식품,21.09.2026-26.09.2026,Lorenz Crunchips oder Nic Nacs,"versch. Sorten, je 110 g - 150 g Beutel, (1 kg = ab € 6.60)",0.99,,,ab € 6.60,https://www.edeka.de/maerkte/072249/angebote/,44369,Dortmund,,,,미검토,,1597
2026-09-20 21:02 Europe/Berlin,EDEKA,"EDEKA Nüsken, Rossbachstraße 21-23, 44369 Dortmund",44369,식품,21.09.2026-26.09.2026,Marktkaas Noord Holland Gouda,"holländischer Schnittkäse, jung oder mittelalt, 48% Fett i. Tr., je 100 g am Stück",1.11,,,,https://www.edeka.de/maerkte/072249/angebote/,44369,Dortmund,,,,미검토,,1598
2026-09-20 21:02 Europe/Berlin,EDEKA,"EDEKA Nüsken, Rossbachstraße 21-23, 44369 Dortmund",44369,식품,21.09.2026-26.09.2026,Maryland Snack Nüsse oder Studentenfutter,"versch. Sorten, je 250 g - 300 g Dose, (1 kg = ab € 9.97)",2.99,,,ab € 9.97,https://www.edeka.de/maerkte/072249/angebote/,44369,Dortmund,,,,미검토,,1599
2026-09-20 21:02 Europe/Berlin,EDEKA,"EDEKA Nüsken, Rossbachstraße 21-23, 44369 Dortmund",44369,식품,21.09.2026-26.09.2026,McCain Golden Longs,"tiefgefroren, extra knusprig, 1000 g Beutel",2.99,,,,https://www.edeka.de/maerkte/072249/angebote/,44369,Dortmund,,,,미검토,,1600
2026-09-20 21:02 Europe/Berlin,EDEKA,"EDEKA Nüsken, Rossbachstraße 21-23, 44369 Dortmund",44369,식품,21.09.2026-26.09.2026,Meica Wiener oder Frankfurter Art,"extra knackig, je 6 Stück = 540 g Glas / 250 g Abtropfg., (1 kg = € 13.96)",3.49,2.99,,13.96,https://www.edeka.de/maerkte/072249/angebote/,44369,Dortmund,,,,미검토,,1601
2026-09-20 21:02 Europe/Berlin,EDEKA,"EDEKA Nüsken, Rossbachstraße 21-23, 44369 Dortmund",44369,식품,21.09.2026-26.09.2026,Melitta Barista Classic,"Crema oder Crema Forte, ganze Bohnen, je 1 kg Beutel",12.99,11.99,,,https://www.edeka.de/maerkte/072249/angebote/,44369,Dortmund,,,,미검토,,1602
2026-09-20 21:02 Europe/Berlin,EDEKA,"EDEKA Nüsken, Rossbachstraße 21-23, 44369 Dortmund",44369,식품,21.09.2026-26.09.2026,Mettenden,"geräuchert, 300 g Packung, (1 kg = € 9.30)",2.79,,,9.30,https://www.edeka.de/maerkte/072249/angebote/,44369,Dortmund,,,,미검토,,1603
2026-09-20 21:02 Europe/Berlin,EDEKA,"EDEKA Nüsken, Rossbachstraße 21-23, 44369 Dortmund",44369,식품,21.09.2026-26.09.2026,Milka Haselnusscreme,"350 g Glas, (1 kg = € 8.54)",2.99,,,8.54,https://www.edeka.de/maerkte/072249/angebote/,44369,Dortmund,,,,미검토,,1604
2026-09-20 21:02 Europe/Berlin,EDEKA,"EDEKA Nüsken, Rossbachstraße 21-23, 44369 Dortmund",44369,식품,21.09.2026-26.09.2026,Milram Schnittkäse,"versch. Sorten und Fettstufen, je 100 g am Stück",0.99,,,,https://www.edeka.de/maerkte/072249/angebote/,44369,Dortmund,,,,미검토,,1605
2026-09-20 21:02 Europe/Berlin,EDEKA,"EDEKA Nüsken, Rossbachstraße 21-23, 44369 Dortmund",44369,식품,21.09.2026-26.09.2026,Mirácoli Spaghetti Klassiker,"376,2 g Packung, (1 kg = € 5.29)",1.99,,,5.29,https://www.edeka.de/maerkte/072249/angebote/,44369,Dortmund,,,,미검토,,1606
2026-09-20 21:02 Europe/Berlin,EDEKA,"EDEKA Nüsken, Rossbachstraße 21-23, 44369 Dortmund",44369,식품,21.09.2026-26.09.2026,müller Joghurt mit der Ecke,"je 113 g - 150 g Becher, (1 kg = ab € 2.60)",0.39,,,ab € 2.60,https://www.edeka.de/maerkte/072249/angebote/,44369,Dortmund,,,,미검토,,1607
2026-09-20 21:02 Europe/Berlin,EDEKA,"EDEKA Nüsken, Rossbachstraße 21-23, 44369 Dortmund",44369,식품,21.09.2026-26.09.2026,Nackenkotelett,"vom Schwein, mit Knochen, zum Braten, 700 g Packung, (1 kg = € 8.56)",5.99,,,8.56,https://www.edeka.de/maerkte/072249/angebote/,44369,Dortmund,,,,미검토,,1608
2026-09-20 21:02 Europe/Berlin,EDEKA,"EDEKA Nüsken, Rossbachstraße 21-23, 44369 Dortmund",44369,식품,21.09.2026-26.09.2026,Nescafé Classic oder Classic Mild,"je 200 g Glas, (1 kg = € 32.45)",6.49,,,32.45,https://www.edeka.de/maerkte/072249/angebote/,44369,Dortmund,,,,미검토,,1609
2026-09-20 21:02 Europe/Berlin,EDEKA,"EDEKA Nüsken, Rossbachstraße 21-23, 44369 Dortmund",44369,식품,21.09.2026-26.09.2026,Neuseeland - Kiwis,Stück,0.59,,,,https://www.edeka.de/maerkte/072249/angebote/,44369,Dortmund,,,,미검토,,1610
2026-09-20 21:02 Europe/Berlin,EDEKA,"EDEKA Nüsken, Rossbachstraße 21-23, 44369 Dortmund",44369,식품,21.09.2026-26.09.2026,Neuseeland - Zespri - Kiwis Gold,"„Jumbo"", Klasse I, Stück",1.00,,,,https://www.edeka.de/maerkte/072249/angebote/,44369,Dortmund,,,,미검토,,1611
2026-09-20 21:02 Europe/Berlin,EDEKA,"EDEKA Nüsken, Rossbachstraße 21-23, 44369 Dortmund",44369,식품,21.09.2026-26.09.2026,Niederlande - GUT & GÜNSTIG - Paprika,"rot, Klasse I, 500 g Packung, (1 kg = € 2.98)",1.49,,,2.98,https://www.edeka.de/maerkte/072249/angebote/,44369,Dortmund,,,,미검토,,1612
2026-09-20 21:02 Europe/Berlin,EDEKA,"EDEKA Nüsken, Rossbachstraße 21-23, 44369 Dortmund",44369,식품,21.09.2026-26.09.2026,"Nuii, Daim, Milka, Lotus Biscoff oder Oreo Eis","versch. Sorten, je 200 ml - 440 ml Multipackung, (1 l = ab € 5.20)",2.29,,,ab € 5.20,https://www.edeka.de/maerkte/072249/angebote/,44369,Dortmund,,,,미검토,,1613
2026-09-20 21:02 Europe/Berlin,EDEKA,"EDEKA Nüsken, Rossbachstraße 21-23, 44369 Dortmund",44369,식품,21.09.2026-26.09.2026,Oreo,"versch. Sorten, je 157 g / 154 g Packung, (1 kg = € 9.49 / € 9.68)",1.49,,,9.49 / € 9.68,https://www.edeka.de/maerkte/072249/angebote/,44369,Dortmund,,,,미검토,,1614
2026-09-20 21:02 Europe/Berlin,EDEKA,"EDEKA Nüsken, Rossbachstraße 21-23, 44369 Dortmund",44369,식품,21.09.2026-26.09.2026,Papa Joe’s Sauce,"versch. Sorten, je 300 ml Kopfstehflasche, (1 l = € 4.97)",1.49,,,4.97,https://www.edeka.de/maerkte/072249/angebote/,44369,Dortmund,,,,미검토,,1615
2026-09-20 21:02 Europe/Berlin,EDEKA,"EDEKA Nüsken, Rossbachstraße 21-23, 44369 Dortmund",44369,음료,21.09.2026-26.09.2026,Paulaner Spezi oder Limo,"versch. Sorten, koffeinhaltig, je 0,33 l Dose zzgl. € 0.25 Pfand, (1 l = € 2.09)",0.69,,,2.09,https://www.edeka.de/maerkte/072249/angebote/,44369,Dortmund,,,,미검토,,1616
2026-09-20 21:02 Europe/Berlin,EDEKA,"EDEKA Nüsken, Rossbachstraße 21-23, 44369 Dortmund",44369,식품,21.09.2026-26.09.2026,Peanut & Schoko,"Dragierte Erdnüsse, bunt, 250 g Beutel, (1 kg = € 7.40)",1.85,,,7.40,https://www.edeka.de/maerkte/072249/angebote/,44369,Dortmund,,,,미검토,,1617
2026-09-20 21:02 Europe/Berlin,EDEKA,"EDEKA Nüsken, Rossbachstraße 21-23, 44369 Dortmund",44369,음료,21.09.2026-26.09.2026,Pepsi Cola oder Schwip Schwap,"versch. Sorten, koffeinhaltig, je 0,33 l Dose zzgl. € 0.25 Pfand, (1 l = € 2.09)",0.69,,,2.09,https://www.edeka.de/maerkte/072249/angebote/,44369,Dortmund,,,,미검토,,1618
2026-09-20 21:02 Europe/Berlin,EDEKA,"EDEKA Nüsken, Rossbachstraße 21-23, 44369 Dortmund",44369,식품,21.09.2026-26.09.2026,Peru - Avocados,"„Hass"", Klasse I, Stück",1.11,,,,https://www.edeka.de/maerkte/072249/angebote/,44369,Dortmund,,,,미검토,,1619
2026-09-20 21:02 Europe/Berlin,EDEKA,"EDEKA Nüsken, Rossbachstraße 21-23, 44369 Dortmund",44369,식품,21.09.2026-26.09.2026,Peru - Driscolls - Kulturheidelbeeren,"Klasse I, 125 g Schale, (1 kg = € 11.92)",1.49,,,11.92,https://www.edeka.de/maerkte/072249/angebote/,44369,Dortmund,,,,미검토,,1620
2026-09-20 21:02 Europe/Berlin,EDEKA,"EDEKA Nüsken, Rossbachstraße 21-23, 44369 Dortmund",44369,식품,21.09.2026-26.09.2026,Philadelphia Frischkäse,"versch. Sorten auch Philadelphia Natur 6 x 16,67 g Packung im Angebot, je 150 g - 195 g Becher, (1 kg = ab € 5.69)",1.11,0.99,,ab € 5.69,https://www.edeka.de/maerkte/072249/angebote/,44369,Dortmund,,,,미검토,,1621
2026-09-20 21:02 Europe/Berlin,EDEKA,"EDEKA Nüsken, Rossbachstraße 21-23, 44369 Dortmund",44369,식품,21.09.2026-26.09.2026,Portugal - Kiwi-Beeren,"125 g Schale, (1 kg = € 15.92)",1.99,,,15.92,https://www.edeka.de/maerkte/072249/angebote/,44369,Dortmund,,,,미검토,,1622
2026-09-20 21:02 Europe/Berlin,EDEKA,"EDEKA Nüsken, Rossbachstraße 21-23, 44369 Dortmund",44369,주류,21.09.2026-26.09.2026,Radeberger Pilsner,"je Kasten = 20 x 0,5 l / 24 x 0,33 l zzgl. € 3.10 / € 3.42 Pfand, (1 l = € 1.20 / € 1.51)",11.99,,,1.20 / € 1.51,https://www.edeka.de/maerkte/072249/angebote/,44369,Dortmund,,,,미검토,,1623
2026-09-20 21:02 Europe/Berlin,EDEKA,"EDEKA Nüsken, Rossbachstraße 21-23, 44369 Dortmund",44369,식품,21.09.2026-26.09.2026,Rama,"versch. Sorten, je 250 g / 225 g Packung / Becher, (1 kg = € 4.76 / € 5.29)",1.19,0.99,,4.76 / € 5.29,https://www.edeka.de/maerkte/072249/angebote/,44369,Dortmund,,,,미검토,,1624
2026-09-20 21:02 Europe/Berlin,EDEKA,"EDEKA Nüsken, Rossbachstraße 21-23, 44369 Dortmund",44369,식품,21.09.2026-26.09.2026,Rama Culinesse,"versch. Sorten, je 450 ml Flasche, (1 l = € 3.53)",1.59,,,3.53,https://www.edeka.de/maerkte/072249/angebote/,44369,Dortmund,,,,미검토,,1625
2026-09-20 21:02 Europe/Berlin,EDEKA,"EDEKA Nüsken, Rossbachstraße 21-23, 44369 Dortmund",44369,식품,21.09.2026-26.09.2026,Rapso 100% reines Rapsöl,"aus kontrolliertem Anbau, 0,75 l Flasche, (1 l = € 5.59)",4.19,,,5.59,https://www.edeka.de/maerkte/072249/angebote/,44369,Dortmund,,,,미검토,,1626
2026-09-20 21:02 Europe/Berlin,EDEKA,"EDEKA Nüsken, Rossbachstraße 21-23, 44369 Dortmund",44369,식품,21.09.2026-26.09.2026,"Rasting - Delikatess Leberwurst mit Kalbfleisch, im Golddarm oder grobe Leberwurst","nach Probsteier Art, je 100 g",0.99,,,,https://www.edeka.de/maerkte/072249/angebote/,44369,Dortmund,,,,미검토,,1627
2026-09-20 21:02 Europe/Berlin,EDEKA,"EDEKA Nüsken, Rossbachstraße 21-23, 44369 Dortmund",44369,식품,21.09.2026-26.09.2026,Rasting - Deutsches Corned Beef,"herzhaft im Geschmack, je 100 g",1.59,,,,https://www.edeka.de/maerkte/072249/angebote/,44369,Dortmund,,,,미검토,,1628
2026-09-20 21:02 Europe/Berlin,EDEKA,"EDEKA Nüsken, Rossbachstraße 21-23, 44369 Dortmund",44369,식품,21.09.2026-26.09.2026,Rasting - Gefüllter Schweinerollbraten,"nach Gyros-Art mariniert, je 1 kg",9.99,,,,https://www.edeka.de/maerkte/072249/angebote/,44369,Dortmund,,,,미검토,,1629
2026-09-20 21:02 Europe/Berlin,EDEKA,"EDEKA Nüsken, Rossbachstraße 21-23, 44369 Dortmund",44369,식품,21.09.2026-26.09.2026,Rasting - Kottenforster Bauernfrühstück,"nach Art einer Sülze, je 100 g",0.99,,,,https://www.edeka.de/maerkte/072249/angebote/,44369,Dortmund,,,,미검토,,1630
2026-09-20 21:02 Europe/Berlin,EDEKA,"EDEKA Nüsken, Rossbachstraße 21-23, 44369 Dortmund",44369,식품,21.09.2026-26.09.2026,Rasting - Meisterkochschinken,je 100 g,1.99,,,,https://www.edeka.de/maerkte/072249/angebote/,44369,Dortmund,,,,미검토,,1631
2026-09-20 21:02 Europe/Berlin,EDEKA,"EDEKA Nüsken, Rossbachstraße 21-23, 44369 Dortmund",44369,식품,21.09.2026-26.09.2026,Rasting - Schinkenmettwürstchen,je 100 g,1.69,,,,https://www.edeka.de/maerkte/072249/angebote/,44369,Dortmund,,,,미검토,,1632
2026-09-20 21:02 Europe/Berlin,EDEKA,"EDEKA Nüsken, Rossbachstraße 21-23, 44369 Dortmund",44369,식품,21.09.2026-26.09.2026,Rasting - Schinkenspeck,"handgesalzen, geräuchert oder luftgetrocknet, je 100 g",1.79,,,,https://www.edeka.de/maerkte/072249/angebote/,44369,Dortmund,,,,미검토,,1633
2026-09-20 21:02 Europe/Berlin,EDEKA,"EDEKA Nüsken, Rossbachstraße 21-23, 44369 Dortmund",44369,음료,21.09.2026-26.09.2026,Rauch Eistee,"versch. Sorten, je 0,33 l Dose zzgl. € 0.25 Pfand, (1 l = € 2.09)",0.69,,,2.09,https://www.edeka.de/maerkte/072249/angebote/,44369,Dortmund,,,,미검토,,1634
2026-09-20 21:02 Europe/Berlin,EDEKA,"EDEKA Nüsken, Rossbachstraße 21-23, 44369 Dortmund",44369,식품,21.09.2026-26.09.2026,Red Band Fruchtgummi oder Lakritz,"versch. Sorten, je 500 g Beutel, (1 kg = € 4.44)",2.22,1.88,,4.44,https://www.edeka.de/maerkte/072249/angebote/,44369,Dortmund,,,,미검토,,1635
2026-09-20 21:02 Europe/Berlin,EDEKA,"EDEKA Nüsken, Rossbachstraße 21-23, 44369 Dortmund",44369,음료,21.09.2026-26.09.2026,Red Bull Energy Drink,"taurin- und koffeinhaltig, versch. Sorten, je 0,25 l Dose zzgl. € 0.25 Pfand, (1 l = € 3.96)",0.99,,,3.96,https://www.edeka.de/maerkte/072249/angebote/,44369,Dortmund,,,,미검토,,1636
2026-09-20 21:02 Europe/Berlin,EDEKA,"EDEKA Nüsken, Rossbachstraße 21-23, 44369 Dortmund",44369,음료,21.09.2026-26.09.2026,Rheinfels Quelle Mineralwasser,"versch. Sorten, je Packung = 6 x 1,5 l zzgl. € 1.50 Pfand, (1 l = € 0.44)",3.99,,,0.44,https://www.edeka.de/maerkte/072249/angebote/,44369,Dortmund,,,,미검토,,1637
2026-09-20 21:02 Europe/Berlin,EDEKA,"EDEKA Nüsken, Rossbachstraße 21-23, 44369 Dortmund",44369,식품,21.09.2026-26.09.2026,Riesenrostbratwurst XXL oder Riesenkrakauer XXL,"je 3 x 125 g = 375 g Packung, (1 kg = € 10.64)",3.99,,,10.64,https://www.edeka.de/maerkte/072249/angebote/,44369,Dortmund,,,,미검토,,1638
2026-09-20 21:02 Europe/Berlin,EDEKA,"EDEKA Nüsken, Rossbachstraße 21-23, 44369 Dortmund",44369,식품,21.09.2026-26.09.2026,Rinder- oder Sauerbratengulasch,"in Sauce, je 550 g Schlauch, (1 kg = € 12.71)",6.99,,,12.71,https://www.edeka.de/maerkte/072249/angebote/,44369,Dortmund,,,,미검토,,1639
2026-09-20 21:02 Europe/Berlin,EDEKA,"EDEKA Nüsken, Rossbachstraße 21-23, 44369 Dortmund",44369,식품,21.09.2026-26.09.2026,Ritter Sport Nuss- oder Kakaoklasse,"versch. Sorten, je 100 g / 75 g Tafel, (1 kg = € 16.90 / € 22.53)",1.69,1.49,,16.90 / € 22.53,https://www.edeka.de/maerkte/072249/angebote/,44369,Dortmund,,,,미검토,,1640
2026-09-20 21:02 Europe/Berlin,EDEKA,"EDEKA Nüsken, Rossbachstraße 21-23, 44369 Dortmund",44369,주류,21.09.2026-26.09.2026,Rotkäppchen Sekt oder Fruchtsecco,"versch. Sorten, je 0,2 l Flasche, (1 l = € 5.00)",1.00,,,5.00,https://www.edeka.de/maerkte/072249/angebote/,44369,Dortmund,,,,미검토,,1641
2026-09-20 21:02 Europe/Berlin,EDEKA,"EDEKA Nüsken, Rossbachstraße 21-23, 44369 Dortmund",44369,식품,21.09.2026-26.09.2026,Rotkäppchen Sticks & Dip oder Minis,"je 105 g / 100 g Packung, (1 kg = € 14.19 / € 14.90)",1.49,,,14.19 / € 14.90,https://www.edeka.de/maerkte/072249/angebote/,44369,Dortmund,,,,미검토,,1642
2026-09-20 21:02 Europe/Berlin,EDEKA,"EDEKA Nüsken, Rossbachstraße 21-23, 44369 Dortmund",44369,식품,21.09.2026-26.09.2026,Rügenwalder Mühle - Veganer Aufschnitt,"versch. Sorten, je 80 g / 70 g Packung, (1 kg = € 16.13 / € 18.43)",1.29,,,16.13 / € 18.43,https://www.edeka.de/maerkte/072249/angebote/,44369,Dortmund,,,,미검토,,1643
2026-09-20 21:02 Europe/Berlin,EDEKA,"EDEKA Nüsken, Rossbachstraße 21-23, 44369 Dortmund",44369,음료,21.09.2026-26.09.2026,S. Pellegrino oder Acqua Panna Mineralwasser,"je Packung = 6 x 1 l zzgl. € 1.50 Pfand, (1 l = € 0.83)",4.99,,,0.83,https://www.edeka.de/maerkte/072249/angebote/,44369,Dortmund,,,,미검토,,1644
2026-09-20 21:02 Europe/Berlin,EDEKA,"EDEKA Nüsken, Rossbachstraße 21-23, 44369 Dortmund",44369,식품,21.09.2026-26.09.2026,Salakis Schafskäse,"versch. Sorten und Fettstufen, je 180 g / 150 g Packung, (1 kg = € 19.39 / € 23.27)",3.49,,,19.39 / € 23.27,https://www.edeka.de/maerkte/072249/angebote/,44369,Dortmund,,,,미검토,,1645
2026-09-20 21:02 Europe/Berlin,EDEKA,"EDEKA Nüsken, Rossbachstraße 21-23, 44369 Dortmund",44369,음료,21.09.2026-26.09.2026,Sarti Rosa,"italienischer Aperitif, 14% Vol., 0,7 l Flasche, (1 l = € 21.41)",14.99,13.99,,21.41,https://www.edeka.de/maerkte/072249/angebote/,44369,Dortmund,,,,미검토,,1646
2026-09-20 21:02 Europe/Berlin,EDEKA,"EDEKA Nüsken, Rossbachstraße 21-23, 44369 Dortmund",44369,식품,21.09.2026-26.09.2026,Schokolade,"versch. Sorten, je 90 g Tafel, (1 kg = € 9.89)",0.89,0.79,,9.89,https://www.edeka.de/maerkte/072249/angebote/,44369,Dortmund,,,,미검토,,1647
2026-09-20 21:02 Europe/Berlin,EDEKA,"EDEKA Nüsken, Rossbachstraße 21-23, 44369 Dortmund",44369,식품,21.09.2026-26.09.2026,"Schwartau Extra, Samt oder Weniger Zucker","versch. Sorten auch Schwartau Holsteiner Pflaumenmus 330 g im Angebot, je 255 g - 340 g Glas, (1 kg = ab € 5.85)",1.99,,,ab € 5.85,https://www.edeka.de/maerkte/072249/angebote/,44369,Dortmund,,,,미검토,,1648
2026-09-20 21:02 Europe/Berlin,EDEKA,"EDEKA Nüsken, Rossbachstraße 21-23, 44369 Dortmund",44369,식품,21.09.2026-26.09.2026,"Schwarzwaldmilch LAC lactosefrei Schlagsahne, Sauerrahm oder Crème fraîche","auch Kochsahne und Schmand 200 g im Angebot, je 200 g / 150 g Becher, (1 kg = € 5.55 / € 7.40)",1.11,,,5.55 / € 7.40,https://www.edeka.de/maerkte/072249/angebote/,44369,Dortmund,,,,미검토,,1649
2026-09-20 21:02 Europe/Berlin,EDEKA,"EDEKA Nüsken, Rossbachstraße 21-23, 44369 Dortmund",44369,식품,21.09.2026-26.09.2026,Schweinefilet,"im Baconmantel, je 100 g",1.79,,,,https://www.edeka.de/maerkte/072249/angebote/,44369,Dortmund,,,,미검토,,1650
2026-09-20 21:02 Europe/Berlin,EDEKA,"EDEKA Nüsken, Rossbachstraße 21-23, 44369 Dortmund",44369,식품,21.09.2026-26.09.2026,Schweinegeschnetzeltes,"Gyros Art, gewürzt, zum Braten, 800 g XXL Packung, (1 kg = € 8.74)",6.99,,,8.74,https://www.edeka.de/maerkte/072249/angebote/,44369,Dortmund,,,,미검토,,1651
2026-09-20 21:02 Europe/Berlin,EDEKA,"EDEKA Nüsken, Rossbachstraße 21-23, 44369 Dortmund",44369,식품,21.09.2026-26.09.2026,Schweinegulasch,"aus dem Schweineschinken geschnitten, zum Braten, 500 g Packung, (1 kg = € 8.98)",4.49,,,8.98,https://www.edeka.de/maerkte/072249/angebote/,44369,Dortmund,,,,미검토,,1652
2026-09-20 21:02 Europe/Berlin,EDEKA,"EDEKA Nüsken, Rossbachstraße 21-23, 44369 Dortmund",44369,식품,21.09.2026-26.09.2026,Senseo Coffee Pads,"versch. Sorten, je 84 g - 125 g Beutel, (1 kg = ab € 17.76)",2.22,1.99,,ab € 17.76,https://www.edeka.de/maerkte/072249/angebote/,44369,Dortmund,,,,미검토,,1653
2026-09-20 21:02 Europe/Berlin,EDEKA,"EDEKA Nüsken, Rossbachstraße 21-23, 44369 Dortmund",44369,식품,21.09.2026-26.09.2026,Sonnenblumenkernbrötchen,je Stück,0.39,,,,https://www.edeka.de/maerkte/072249/angebote/,44369,Dortmund,,,,미검토,,1654
2026-09-20 21:02 Europe/Berlin,EDEKA,"EDEKA Nüsken, Rossbachstraße 21-23, 44369 Dortmund",44369,음료,21.09.2026-26.09.2026,Southern Comfort oder Fireball,"35% / 33% Vol., je 0,7 l Flasche, (1 l = € 14.27)",9.99,,,14.27,https://www.edeka.de/maerkte/072249/angebote/,44369,Dortmund,,,,미검토,,1655
2026-09-20 21:02 Europe/Berlin,EDEKA,"EDEKA Nüsken, Rossbachstraße 21-23, 44369 Dortmund",44369,식품,21.09.2026-26.09.2026,Spanien - Bio-Salatgurke,"Klasse II, Stück",1.29,,,,https://www.edeka.de/maerkte/072249/angebote/,44369,Dortmund,,,,미검토,,1656
2026-09-20 21:02 Europe/Berlin,EDEKA,"EDEKA Nüsken, Rossbachstraße 21-23, 44369 Dortmund",44369,식품,21.09.2026-26.09.2026,Speisequark,"Magerstufe, 250 g Becher, (1 kg = € 2.76)",0.69,,,2.76,https://www.edeka.de/maerkte/072249/angebote/,44369,Dortmund,,,,미검토,,1657
2026-09-20 21:02 Europe/Berlin,EDEKA,"EDEKA Nüsken, Rossbachstraße 21-23, 44369 Dortmund",44369,음료,21.09.2026-26.09.2026,Spraga Bio Kombucha,"versch. Sorten, je 0,33 l Dose zzgl. € 0.25 Pfand, (1 l = € 6.03)",1.99,,,6.03,https://www.edeka.de/maerkte/072249/angebote/,44369,Dortmund,,,,미검토,,1658
2026-09-20 21:02 Europe/Berlin,EDEKA,"EDEKA Nüsken, Rossbachstraße 21-23, 44369 Dortmund",44369,식품,21.09.2026-26.09.2026,Steinhaus Elsässer Flammkuchen oder Quiche Lorraine,"je 350 g / 300 g Packung, (1 kg = € 8.54 / € 9.97)",2.99,,,8.54 / € 9.97,https://www.edeka.de/maerkte/072249/angebote/,44369,Dortmund,,,,미검토,,1659
2026-09-20 21:02 Europe/Berlin,EDEKA,"EDEKA Nüsken, Rossbachstraße 21-23, 44369 Dortmund",44369,식품,21.09.2026-26.09.2026,Steinhaus frische Pasta,"versch. Sorten, je 200 g Packung, (1 kg = € 9.95)",1.99,,,9.95,https://www.edeka.de/maerkte/072249/angebote/,44369,Dortmund,,,,미검토,,1660
2026-09-20 21:02 Europe/Berlin,EDEKA,"EDEKA Nüsken, Rossbachstraße 21-23, 44369 Dortmund",44369,식품,21.09.2026-26.09.2026,Sülze Royal,"mit einem süß-sauren Geschmack, je 100 g",1.79,,,,https://www.edeka.de/maerkte/072249/angebote/,44369,Dortmund,,,,미검토,,1661
2026-09-20 21:02 Europe/Berlin,EDEKA,"EDEKA Nüsken, Rossbachstraße 21-23, 44369 Dortmund",44369,식품,21.09.2026-26.09.2026,"Tante Fanny Frischer Flammkuchenteig XXL, Dinkel-Flammkuchenteig oder Flammkuchenböden","je 260 g - 350 g Packung, (1 kg = ab € 5.69)",1.99,,,ab € 5.69,https://www.edeka.de/maerkte/072249/angebote/,44369,Dortmund,,,,미검토,,1662
2026-09-20 21:02 Europe/Berlin,EDEKA,"EDEKA Nüsken, Rossbachstraße 21-23, 44369 Dortmund",44369,식품,21.09.2026-26.09.2026,Tarczynski - Gegrilltes Hähnchenbrustfilet,je 100 g,1.99,,,,https://www.edeka.de/maerkte/072249/angebote/,44369,Dortmund,,,,미검토,,1663
2026-09-20 21:02 Europe/Berlin,EDEKA,"EDEKA Nüsken, Rossbachstraße 21-23, 44369 Dortmund",44369,식품,21.09.2026-26.09.2026,Tchibo Feine Milde oder entkoffeiniert,"gemahlen oder ganze Bohnen, je 2 x 250 g = 500 g / 500 g Packung, (1 kg = € 15.98)",7.99,,,15.98,https://www.edeka.de/maerkte/072249/angebote/,44369,Dortmund,,,,미검토,,1664
2026-09-20 21:02 Europe/Berlin,EDEKA,"EDEKA Nüsken, Rossbachstraße 21-23, 44369 Dortmund",44369,식품,21.09.2026-26.09.2026,Teekanne Länder-Tee,"versch. Sorten, je 20 / 18 Stück = 35 g - 55 g Packung, (1 kg = ab € 30.73)",1.69,1.49,,ab € 30.73,https://www.edeka.de/maerkte/072249/angebote/,44369,Dortmund,,,,미검토,,1665
2026-09-20 21:02 Europe/Berlin,EDEKA,"EDEKA Nüsken, Rossbachstraße 21-23, 44369 Dortmund",44369,식품,21.09.2026-26.09.2026,Tillman’s Toasty,"tiefgefroren, der Snack zum Toasten, versch. Sorten, je 280 g Packung, (1 kg = € 10.68)",2.99,,,10.68,https://www.edeka.de/maerkte/072249/angebote/,44369,Dortmund,,,,미검토,,1666
2026-09-20 21:02 Europe/Berlin,EDEKA,"EDEKA Nüsken, Rossbachstraße 21-23, 44369 Dortmund",44369,식품,21.09.2026-26.09.2026,Toffifee,"4 + 1 gratis = 625 g Packung, (1 kg = € 7.98)",4.99,,,7.98,https://www.edeka.de/maerkte/072249/angebote/,44369,Dortmund,,,,미검토,,1667
2026-09-20 21:02 Europe/Berlin,EDEKA,"EDEKA Nüsken, Rossbachstraße 21-23, 44369 Dortmund",44369,주류,21.09.2026-26.09.2026,Tullamore D.E.W.,"Irish Whiskey oder Café Honey, 40% / 35% Vol., je 0,7 l Flasche, (1 l = € 19.99)",13.99,,,19.99,https://www.edeka.de/maerkte/072249/angebote/,44369,Dortmund,,,,미검토,,1668
2026-09-20 21:02 Europe/Berlin,EDEKA,"EDEKA Nüsken, Rossbachstraße 21-23, 44369 Dortmund",44369,식품,21.09.2026-26.09.2026,ültje Erdnüsse,"versch. Sorten, je 180 g / 150 g Dose, (1 kg = € 9.39 / € 11.27)",1.69,1.39,,9.39 / € 11.27,https://www.edeka.de/maerkte/072249/angebote/,44369,Dortmund,,,,미검토,,1669
2026-09-20 21:02 Europe/Berlin,EDEKA,"EDEKA Nüsken, Rossbachstraße 21-23, 44369 Dortmund",44369,식품,21.09.2026-26.09.2026,Unser Bergsommer,"deutscher Schnittkäse, mit Ringelblumen, Kornblumen und Rosenblüten auf der Rinde affiniert, 50% Fett i. Tr., je 100 g am Stück",2.49,,,,https://www.edeka.de/maerkte/072249/angebote/,44369,Dortmund,,,,미검토,,1670
2026-09-20 21:02 Europe/Berlin,EDEKA,"EDEKA Nüsken, Rossbachstraße 21-23, 44369 Dortmund",44369,음료,21.09.2026-26.09.2026,Valensina Eistee,"versch. Sorten, je 1 l Flasche zzgl. € 0.25 Pfand",0.99,,,,https://www.edeka.de/maerkte/072249/angebote/,44369,Dortmund,,,,미검토,,1671
2026-09-20 21:02 Europe/Berlin,EDEKA,"EDEKA Nüsken, Rossbachstraße 21-23, 44369 Dortmund",44369,식품,21.09.2026-26.09.2026,Vassemer - Hähnchenbrustfilet,"in Aspik, mit Mandarinen, je 100 g",1.79,,,,https://www.edeka.de/maerkte/072249/angebote/,44369,Dortmund,,,,미검토,,1672
2026-09-20 21:02 Europe/Berlin,EDEKA,"EDEKA Nüsken, Rossbachstraße 21-23, 44369 Dortmund",44369,음료,21.09.2026-26.09.2026,Volvic Vitamin+ oder Bio Tee,"versch. Sorten, je 0,75 l Flasche zzgl. € 0.25 Pfand, (1 l = € 1.99)",1.49,,,1.99,https://www.edeka.de/maerkte/072249/angebote/,44369,Dortmund,,,,미검토,,1673
2026-09-20 21:02 Europe/Berlin,EDEKA,"EDEKA Nüsken, Rossbachstraße 21-23, 44369 Dortmund",44369,주류,21.09.2026-26.09.2026,Warsteiner Pilsener,"versch. Sorten, je Kasten = 20 x 0,5 l / 24 x 0,33 l zzgl. € 3.10 / € 3.42 Pfand, (1 l = € 1.20 / € 1.51)",11.99,10.99,,1.20 / € 1.51,https://www.edeka.de/maerkte/072249/angebote/,44369,Dortmund,,,,미검토,,1674
2026-09-20 21:02 Europe/Berlin,EDEKA,"EDEKA Nüsken, Rossbachstraße 21-23, 44369 Dortmund",44369,식품,21.09.2026-26.09.2026,Weihenstephan Haltbare Milch,"3,5% / 1,5% Fett, je 1 l Packung",0.99,,,,https://www.edeka.de/maerkte/072249/angebote/,44369,Dortmund,,,,미검토,,1675
2026-09-20 21:02 Europe/Berlin,EDEKA,"EDEKA Nüsken, Rossbachstraße 21-23, 44369 Dortmund",44369,주류,21.09.2026-26.09.2026,Wicküler Pils,"je Kasten = 20 x 0,5 l / 24 x 0,33 l zzgl. € 3.10 / € 3.42 Pfand, (1 l = € 0.95 / € 1.20)",9.49,,,0.95 / € 1.20,https://www.edeka.de/maerkte/072249/angebote/,44369,Dortmund,,,,미검토,,1676
2026-09-20 21:02 Europe/Berlin,EDEKA,"EDEKA Nüsken, Rossbachstraße 21-23, 44369 Dortmund",44369,주류,21.09.2026-26.09.2026,Wodka Gorbatschow,"37,5% Vol. auch Wodka Citron und Raspberry im Angebot, 0,7 l Flasche, (1 l = € 9.27)",6.49,,,9.27,https://www.edeka.de/maerkte/072249/angebote/,44369,Dortmund,,,,미검토,,1677
2026-09-20 21:02 Europe/Berlin,EDEKA,"EDEKA Nüsken, Rossbachstraße 21-23, 44369 Dortmund",44369,식품,21.09.2026-26.09.2026,Wurzelbrot,"versch. Sorten, je 450 g Stück, (1 kg = € 4.42)",1.99,,,4.42,https://www.edeka.de/maerkte/072249/angebote/,44369,Dortmund,,,,미검토,,1678
2026-09-20 21:02 Europe/Berlin,EDEKA,"EDEKA Nüsken, Rossbachstraße 21-23, 44369 Dortmund",44369,식품,21.09.2026-26.09.2026,"Zarte Schinkenschnitzel, zarter Schinkenbraten oder zartes Schinkengulasch",je 1 kg,6.66,,,,https://www.edeka.de/maerkte/072249/angebote/,44369,Dortmund,,,,미검토,,1679
2026-09-20 21:02 Europe/Berlin,EDEKA,"EDEKA Nüsken, Rossbachstraße 21-23, 44369 Dortmund",44369,식품,21.09.2026-26.09.2026,Zartes Gulasch,"aus der Keule geschnitten, deutsches Jungbullenfleisch, je 1 kg",16.90,,,,https://www.edeka.de/maerkte/072249/angebote/,44369,Dortmund,,,,미검토,,1680
2026-09-20 21:02 Europe/Berlin,EDEKA,"EDEKA Nüsken, Rossbachstraße 21-23, 44369 Dortmund",44369,식품,21.09.2026-26.09.2026,Zott Monte,"versch. Sorten, je 400 g / 232 g Packung / Becher, (1 kg = € 3.98 / € 6.85)",1.59,1.39,,3.98 / € 6.85,https://www.edeka.de/maerkte/072249/angebote/,44369,Dortmund,,,,미검토,,1681
2026-09-20 21:02 Europe/Berlin,EDEKA,"EDEKA Nüsken, Rossbachstraße 21-23, 44369 Dortmund",44369,식품,21.09.2026-26.09.2026,Zott Sahnejoghurt,"versch. Sorten auch Zott Pure Joy vegan im Angebot, je 140 g Becher, (1 kg = € 3.50)",0.49,0.39,,3.50,https://www.edeka.de/maerkte/072249/angebote/,44369,Dortmund,,,,미검토,,1682
2026-09-20 21:02 Europe/Berlin,EDEKA,"EDEKA Nüsken, Rossbachstraße 21-23, 44369 Dortmund",44369,식품,21.09.2026-26.09.2026,Zuivelhoeve Vla,"Vanille oder Vanille & Schoko, je 800 g Becher, (1 kg = € 3.11)",2.49,,,3.11,https://www.edeka.de/maerkte/072249/angebote/,44369,Dortmund,,,,미검토,,1683
2026-09-20 21:02 Europe/Berlin,EDEKA,"EDEKA Nüsken, Rossbachstraße 21-23, 44369 Dortmund",44369,식품,21.09.2026-26.09.2026,Zum Dorfkrug Grütze oder Pudding,"versch. Sorten, je 375 g / 360 g Glas, (1 kg = € 5.31 / € 5.53)",1.99,,,5.31 / € 5.53,https://www.edeka.de/maerkte/072249/angebote/,44369,Dortmund,,,,미검토,,1684
2026-09-20 21:02 Europe/Berlin,EDEKA,"EDEKA Nüsken, Rossbachstraße 21-23, 44369 Dortmund",44369,식품,21.09.2026-26.09.2026,Zum Dorfkrug Salatsauce,"versch. Sorten, je 250 ml Flasche, (1 l = € 7.16)",1.79,,,7.16,https://www.edeka.de/maerkte/072249/angebote/,44369,Dortmund,,,,미검토,,1685
2026-09-20 21:02 Europe/Berlin,EDEKA,"E center Vieler, Schillerstraße 20-40, 52064 Aachen",52064,식품,21.09.2026-26.09.2026,3 Glocken Genuss Pur,"versch. Sorten, je 500 g Packung, (1 kg = € 2.58)",1.29,,,2.58,https://www.edeka.de/maerkte/071409/angebote/,52062,Aachen,,,,미검토,,1686
2026-09-20 21:02 Europe/Berlin,EDEKA,"E center Vieler, Schillerstraße 20-40, 52064 Aachen",52064,식품,21.09.2026-26.09.2026,7 Days Croissants,"versch. Sorten, je 240 g / 185 g Packung / Beutel, (1 kg = € 8.29 / € 10.76)",1.99,,,8.29 / € 10.76,https://www.edeka.de/maerkte/071409/angebote/,52062,Aachen,,,,미검토,,1687
2026-09-20 21:02 Europe/Berlin,EDEKA,"E center Vieler, Schillerstraße 20-40, 52064 Aachen",52064,식품,21.09.2026-26.09.2026,After Eight Classic,"200 g Packung, (1 kg = € 11.10)",2.22,,,11.10,https://www.edeka.de/maerkte/071409/angebote/,52062,Aachen,,,,미검토,,1688
2026-09-20 21:02 Europe/Berlin,EDEKA,"E center Vieler, Schillerstraße 20-40, 52064 Aachen",52064,식품,21.09.2026-26.09.2026,Ahornsirup,"250 ml Flasche, (1 l = € 13.32)",3.33,,,13.32,https://www.edeka.de/maerkte/071409/angebote/,52062,Aachen,,,,미검토,,1689
2026-09-20 21:02 Europe/Berlin,EDEKA,"E center Vieler, Schillerstraße 20-40, 52064 Aachen",52064,식품,21.09.2026-26.09.2026,Alpenhain Obazda oder Camembert Creme,"versch. Sorten, je 125 g Becher, (1 kg = € 11.92)",1.49,1.29,,11.92,https://www.edeka.de/maerkte/071409/angebote/,52062,Aachen,,,,미검토,,1690
2026-09-20 21:02 Europe/Berlin,EDEKA,"E center Vieler, Schillerstraße 20-40, 52064 Aachen",52064,주류,21.09.2026-26.09.2026,Aperol Spritz,"10,5% Vol., Packung = 3 x 0,2 l pfandfrei, (1 l = € 11.65)",6.99,,,11.65,https://www.edeka.de/maerkte/071409/angebote/,52062,Aachen,,,,미검토,,1691
2026-09-20 21:02 Europe/Berlin,EDEKA,"E center Vieler, Schillerstraße 20-40, 52064 Aachen",52064,식품,21.09.2026-26.09.2026,Appenzeller Appenzellerin,"schweizer Halbhartkäse, mind. 48% Fett i. Tr., je 100 g am Stück",2.29,,,,https://www.edeka.de/maerkte/071409/angebote/,52062,Aachen,,,,미검토,,1692
2026-09-20 21:02 Europe/Berlin,EDEKA,"E center Vieler, Schillerstraße 20-40, 52064 Aachen",52064,음료,21.09.2026-26.09.2026,Asbach Uralt,"36% Vol., 0,7 l Flasche, (1 l = € 14.27)",9.99,,,14.27,https://www.edeka.de/maerkte/071409/angebote/,52062,Aachen,,,,미검토,,1693
2026-09-20 21:02 Europe/Berlin,EDEKA,"E center Vieler, Schillerstraße 20-40, 52064 Aachen",52064,식품,21.09.2026-26.09.2026,Bille - Chicken Salami,"versch. ummantelt, je 100 g",1.99,,,,https://www.edeka.de/maerkte/071409/angebote/,52062,Aachen,,,,미검토,,1694
2026-09-20 21:02 Europe/Berlin,EDEKA,"E center Vieler, Schillerstraße 20-40, 52064 Aachen",52064,식품,21.09.2026-26.09.2026,Birkel’s No. 1 oder 7 Hühnchen Nudeln,"versch. Sorten, je 500 g / 600 g Packung, (1 kg = € 2.58 / € 2.15)",1.29,,,2.58 / € 2.15,https://www.edeka.de/maerkte/071409/angebote/,52062,Aachen,,,,미검토,,1695
2026-09-20 21:02 Europe/Berlin,EDEKA,"E center Vieler, Schillerstraße 20-40, 52064 Aachen",52064,식품,21.09.2026-26.09.2026,Bonduelle Gemüsekonserven,"versch. Sorten, je 300 g - 400 g Dose / 220 g - 285 g Abtropfg., (1 kg = ab € 2.78)",1.11,,,ab € 2.78,https://www.edeka.de/maerkte/071409/angebote/,52062,Aachen,,,,미검토,,1696
2026-09-20 21:02 Europe/Berlin,EDEKA,"E center Vieler, Schillerstraße 20-40, 52064 Aachen",52064,식품,21.09.2026-26.09.2026,Börek-Stick,"mit Feta-Füllung oder Spinat-Feta-Füllung, je Stück",0.50,,,,https://www.edeka.de/maerkte/071409/angebote/,52062,Aachen,,,,미검토,,1697
2026-09-20 21:02 Europe/Berlin,EDEKA,"E center Vieler, Schillerstraße 20-40, 52064 Aachen",52064,식품,21.09.2026-26.09.2026,Brandt Der Markenzwieback,"225 g Packung, (1 kg = € 5.73)",1.29,,,5.73,https://www.edeka.de/maerkte/071409/angebote/,52062,Aachen,,,,미검토,,1698
2026-09-20 21:02 Europe/Berlin,EDEKA,"E center Vieler, Schillerstraße 20-40, 52064 Aachen",52064,식품,21.09.2026-26.09.2026,Bulgur- oder Bauernsalat,"verzehrfertig, je 250 g Schale, (1 kg = € 11.96)",2.99,,,11.96,https://www.edeka.de/maerkte/071409/angebote/,52062,Aachen,,,,미검토,,1699
2026-09-20 21:02 Europe/Berlin,EDEKA,"E center Vieler, Schillerstraße 20-40, 52064 Aachen",52064,식품,21.09.2026-26.09.2026,Cathedral City Cheddar,"4 / 9 Monate gereift, 48% Fett i. Tr., je 120 g Packung, (1 kg = € 16.58)",1.99,,,16.58,https://www.edeka.de/maerkte/071409/angebote/,52062,Aachen,,,,미검토,,1700
2026-09-20 21:02 Europe/Berlin,EDEKA,"E center Vieler, Schillerstraße 20-40, 52064 Aachen",52064,식품,21.09.2026-26.09.2026,Cevapcici,"aus Rinder- und Schweinehackfleisch, mit einer Paprika-Knoblauch-Note abgerundet, je 10 x 50 g Stück = 500 g, (1 kg = € 10.00)",5.00,,,10.00,https://www.edeka.de/maerkte/071409/angebote/,52062,Aachen,,,,미검토,,1701
2026-09-20 21:02 Europe/Berlin,EDEKA,"E center Vieler, Schillerstraße 20-40, 52064 Aachen",52064,식품,21.09.2026-26.09.2026,Choi's Bibimmyeon Instant Nudeln,"versch. Sorten, je 113 g - 131 g Beutel, (1 kg = ab € 11.37)",1.49,,,ab € 11.37,https://www.edeka.de/maerkte/071409/angebote/,52062,Aachen,,,,미검토,,1702
2026-09-20 21:02 Europe/Berlin,EDEKA,"E center Vieler, Schillerstraße 20-40, 52064 Aachen",52064,음료,21.09.2026-26.09.2026,"Coca-Cola, Coca-Cola Zero, Mezzo Mix oder Sprite","koffeinhaltig, je Kasten = 6 x 1 l zzgl. € 2.40 Pfand, (1 l = € 1.33)",7.99,,,1.33,https://www.edeka.de/maerkte/071409/angebote/,52062,Aachen,,,,미검토,,1703
2026-09-20 21:02 Europe/Berlin,EDEKA,"E center Vieler, Schillerstraße 20-40, 52064 Aachen",52064,음료,21.09.2026-26.09.2026,"Coca-Cola, Fanta oder Sprite","und weitere Sorten, teilweise koffeinhaltig, je 1,25 l Flasche zzgl. € 0.25 Pfand, (1 l = € 0.89)",1.11,,,0.89,https://www.edeka.de/maerkte/071409/angebote/,52062,Aachen,,,,미검토,,1704
2026-09-20 21:02 Europe/Berlin,EDEKA,"E center Vieler, Schillerstraße 20-40, 52064 Aachen",52064,식품,21.09.2026-26.09.2026,Corny Müsli-Riegel,"versch. Sorten auch Corny Haferkraft-Riegel, Corny Protein 4 x 25 g und Corny Protein Crunchy Riegel 45 g im Angebot, je 3 - 6 Riegel = 96 g - 150 g Packung, (1 kg = ab € 10.60)",1.59,,,ab € 10.60,https://www.edeka.de/maerkte/071409/angebote/,52062,Aachen,,,,미검토,,1705
2026-09-20 21:02 Europe/Berlin,EDEKA,"E center Vieler, Schillerstraße 20-40, 52064 Aachen",52064,식품,21.09.2026-26.09.2026,Das Mehl,"glutenfrei, 1 kg Packung",3.99,,,,https://www.edeka.de/maerkte/071409/angebote/,52062,Aachen,,,,미검토,,1706
2026-09-20 21:02 Europe/Berlin,EDEKA,"E center Vieler, Schillerstraße 20-40, 52064 Aachen",52064,음료,21.09.2026-26.09.2026,Deutschland - Baden - Badischer Federweißer,"versch. Sorten, je 1 l Flasche",2.49,,,,https://www.edeka.de/maerkte/071409/angebote/,52062,Aachen,,,,미검토,,1707
2026-09-20 21:02 Europe/Berlin,EDEKA,"E center Vieler, Schillerstraße 20-40, 52064 Aachen",52064,식품,21.09.2026-26.09.2026,Deutschland - Bio-Möhren,"Klasse II, 1 kg Beutel",1.49,,,,https://www.edeka.de/maerkte/071409/angebote/,52062,Aachen,,,,미검토,,1708
2026-09-20 21:02 Europe/Berlin,EDEKA,"E center Vieler, Schillerstraße 20-40, 52064 Aachen",52064,식품,21.09.2026-26.09.2026,Deutschland - Bio-Porree,"Klasse II, 430 g Bund, (1 kg = € 4.63)",1.99,,,4.63,https://www.edeka.de/maerkte/071409/angebote/,52062,Aachen,,,,미검토,,1709
2026-09-20 21:02 Europe/Berlin,EDEKA,"E center Vieler, Schillerstraße 20-40, 52064 Aachen",52064,식품,21.09.2026-26.09.2026,Deutschland - Bio-Zwiebeln,"rot oder gelb, Klasse II, je 500 g / 750 g Netz, (1 kg = € 2.98 / € 1.99)",1.49,,,2.98 / € 1.99,https://www.edeka.de/maerkte/071409/angebote/,52062,Aachen,,,,미검토,,1710
2026-09-20 21:02 Europe/Berlin,EDEKA,"E center Vieler, Schillerstraße 20-40, 52064 Aachen",52064,식품,21.09.2026-26.09.2026,Deutschland - Blumenkohl,"Klasse I, Stück",1.49,,,,https://www.edeka.de/maerkte/071409/angebote/,52062,Aachen,,,,미검토,,1711
2026-09-20 21:02 Europe/Berlin,EDEKA,"E center Vieler, Schillerstraße 20-40, 52064 Aachen",52064,식품,21.09.2026-26.09.2026,Deutschland - Bundmöhren,"Klasse I, Bund",1.49,,,,https://www.edeka.de/maerkte/071409/angebote/,52062,Aachen,,,,미검토,,1712
2026-09-20 21:02 Europe/Berlin,EDEKA,"E center Vieler, Schillerstraße 20-40, 52064 Aachen",52064,식품,21.09.2026-26.09.2026,Deutschland - EDEKA Regional - Mini-Romanasalat,"Klasse I, 2 Stück Packung",0.99,,,,https://www.edeka.de/maerkte/071409/angebote/,52062,Aachen,,,,미검토,,1713
2026-09-20 21:02 Europe/Berlin,EDEKA,"E center Vieler, Schillerstraße 20-40, 52064 Aachen",52064,식품,21.09.2026-26.09.2026,Deutschland - GUT & GÜNSTIG - Speisekartoffeln,"vorwiegend festkochend oder festkochend, je 2,5 kg Beutel, (1 kg = € 0.80)",1.99,,,0.80,https://www.edeka.de/maerkte/071409/angebote/,52062,Aachen,,,,미검토,,1714
2026-09-20 21:02 Europe/Berlin,EDEKA,"E center Vieler, Schillerstraße 20-40, 52064 Aachen",52064,식품,21.09.2026-26.09.2026,Deutschland - GUT & GÜNSTIG - Tafeläpfel Jonagold,"Klasse II, 2 kg Beutel, (1 kg = € 0.75)",1.49,,,0.75,https://www.edeka.de/maerkte/071409/angebote/,52062,Aachen,,,,미검토,,1715
2026-09-20 21:02 Europe/Berlin,EDEKA,"E center Vieler, Schillerstraße 20-40, 52064 Aachen",52064,식품,21.09.2026-26.09.2026,Deutschland - GUT & GÜNSTIG - Zwiebeln,"Klasse II, 2 kg Netz, (1 kg = € 0.75)",1.49,,,0.75,https://www.edeka.de/maerkte/071409/angebote/,52062,Aachen,,,,미검토,,1716
2026-09-20 21:02 Europe/Berlin,EDEKA,"E center Vieler, Schillerstraße 20-40, 52064 Aachen",52064,음료,21.09.2026-26.09.2026,Deutschland - III Freunde,"versch. Sorten, je 0,75 l Flasche, (1 l = € 10.65)",7.99,,,10.65,https://www.edeka.de/maerkte/071409/angebote/,52062,Aachen,,,,미검토,,1717
2026-09-20 21:02 Europe/Berlin,EDEKA,"E center Vieler, Schillerstraße 20-40, 52064 Aachen",52064,식품,21.09.2026-26.09.2026,Deutschland - Kohlrabi,"weiß, Klasse I, Stück",0.55,,,,https://www.edeka.de/maerkte/071409/angebote/,52062,Aachen,,,,미검토,,1718
2026-09-20 21:02 Europe/Berlin,EDEKA,"E center Vieler, Schillerstraße 20-40, 52064 Aachen",52064,식품,21.09.2026-26.09.2026,Deutschland - Lauchzwiebeln oder Radieschen,"Klasse I, je Bund",0.55,,,,https://www.edeka.de/maerkte/071409/angebote/,52062,Aachen,,,,미검토,,1719
2026-09-20 21:02 Europe/Berlin,EDEKA,"E center Vieler, Schillerstraße 20-40, 52064 Aachen",52064,식품,21.09.2026-26.09.2026,Deutschland - Staudensellerie,"Klasse II, Stück",1.99,,,,https://www.edeka.de/maerkte/071409/angebote/,52062,Aachen,,,,미검토,,1720
2026-09-20 21:02 Europe/Berlin,EDEKA,"E center Vieler, Schillerstraße 20-40, 52064 Aachen",52064,주류,21.09.2026-26.09.2026,Deutschland - Weingenuss,"versch. Sorten, je 1 l Flasche",1.99,1.79,,,https://www.edeka.de/maerkte/071409/angebote/,52062,Aachen,,,,미검토,,1721
2026-09-20 21:02 Europe/Berlin,EDEKA,"E center Vieler, Schillerstraße 20-40, 52064 Aachen",52064,식품,21.09.2026-26.09.2026,Die Pasta glutenfrei,"versch. Sorten, je 400 g Packung, (1 kg = € 4.98)",1.99,,,4.98,https://www.edeka.de/maerkte/071409/angebote/,52062,Aachen,,,,미검토,,1722
2026-09-20 21:02 Europe/Berlin,EDEKA,"E center Vieler, Schillerstraße 20-40, 52064 Aachen",52064,식품,21.09.2026-26.09.2026,Dr. Oetker Backmischung,"versch. Sorten, je 280 g - 580 g Packung, (1 kg = ab € 4.29)",2.49,1.99,,ab € 4.29,https://www.edeka.de/maerkte/071409/angebote/,52062,Aachen,,,,미검토,,1723
2026-09-20 21:02 Europe/Berlin,EDEKA,"E center Vieler, Schillerstraße 20-40, 52064 Aachen",52064,식품,21.09.2026-26.09.2026,"Dr. Oetker Die Ofenfrische, Pizza Tradizionale oder La Mia Pinsa","tiefgefroren, versch. Sorten, je 305 g - 435 g Packung, (1 kg = ab € 4.11)",1.79,,,ab € 4.11,https://www.edeka.de/maerkte/071409/angebote/,52062,Aachen,,,,미검토,,1724
2026-09-20 21:02 Europe/Berlin,EDEKA,"E center Vieler, Schillerstraße 20-40, 52064 Aachen",52064,식품,21.09.2026-26.09.2026,Dr. Oetker Pudding oder Fruchtgrütze,"versch. Sorten, je 160 g - 200 g Becher, (1 kg = ab € 4.95)",0.99,0.79,,ab € 4.95,https://www.edeka.de/maerkte/071409/angebote/,52062,Aachen,,,,미검토,,1725
2026-09-20 21:02 Europe/Berlin,EDEKA,"E center Vieler, Schillerstraße 20-40, 52064 Aachen",52064,식품,21.09.2026-26.09.2026,Dr. Oetker Suprema,"tiefgefroren, versch. Sorten, je 475 g - 540 g Packung, (1 kg = ab € 7.39)",3.99,,,ab € 7.39,https://www.edeka.de/maerkte/071409/angebote/,52062,Aachen,,,,미검토,,1726
2026-09-20 21:02 Europe/Berlin,EDEKA,"E center Vieler, Schillerstraße 20-40, 52064 Aachen",52064,식품,21.09.2026-26.09.2026,Ecuador - GUT & GÜNSTIG - Bananen,1 kg,1.11,,,,https://www.edeka.de/maerkte/071409/angebote/,52062,Aachen,,,,미검토,,1727
2026-09-20 21:02 Europe/Berlin,EDEKA,"E center Vieler, Schillerstraße 20-40, 52064 Aachen",52064,식품,21.09.2026-26.09.2026,EDEKA - Laktosefreie H-Milch,"3,5% / 1,5% Fett, je 1 l Packung",0.89,,,,https://www.edeka.de/maerkte/071409/angebote/,52062,Aachen,,,,미검토,,1728
2026-09-20 21:02 Europe/Berlin,EDEKA,"E center Vieler, Schillerstraße 20-40, 52064 Aachen",52064,식품,21.09.2026-26.09.2026,EDEKA - Saatenbrot,"glutenfrei, 300 g Packung, (1 kg = € 9.30)",2.79,,,9.30,https://www.edeka.de/maerkte/071409/angebote/,52062,Aachen,,,,미검토,,1729
2026-09-20 21:02 Europe/Berlin,EDEKA,"E center Vieler, Schillerstraße 20-40, 52064 Aachen",52064,식품,21.09.2026-26.09.2026,EDEKA - Supersweet Mais,"150 g Dose / 140 g Abtropfg., (1 kg = € 4.93)",0.69,,,4.93,https://www.edeka.de/maerkte/071409/angebote/,52062,Aachen,,,,미검토,,1730
2026-09-20 21:02 Europe/Berlin,EDEKA,"E center Vieler, Schillerstraße 20-40, 52064 Aachen",52064,식품,21.09.2026-26.09.2026,EDEKA - Tomaten,"versch. Sorten, je 390 g Packung, (1 kg = € 2.85)",1.11,,,2.85,https://www.edeka.de/maerkte/071409/angebote/,52062,Aachen,,,,미검토,,1731
2026-09-20 21:02 Europe/Berlin,EDEKA,"E center Vieler, Schillerstraße 20-40, 52064 Aachen",52064,식품,21.09.2026-26.09.2026,"EDEKA - Tortenpfirsiche, Aprikosen oder Williams Christ Birnen","je 225 g Dose / 125 g / 140 g Abtropfg., (1 kg = € 7.92 / € 7.07)",0.99,,,7.92 / € 7.07,https://www.edeka.de/maerkte/071409/angebote/,52062,Aachen,,,,미검토,,1732
2026-09-20 21:02 Europe/Berlin,EDEKA,"E center Vieler, Schillerstraße 20-40, 52064 Aachen",52064,식품,21.09.2026-26.09.2026,EDEKA Bio - Apfelessig,"naturtrüb, 750 ml Flasche, (1 l = € 2.12)",1.59,,,2.12,https://www.edeka.de/maerkte/071409/angebote/,52062,Aachen,,,,미검토,,1733
2026-09-20 21:02 Europe/Berlin,EDEKA,"E center Vieler, Schillerstraße 20-40, 52064 Aachen",52064,식품,21.09.2026-26.09.2026,EDEKA Bio - Dinkel- oder Dinkelvollkornmehl,je 1 kg Packung,1.29,,,,https://www.edeka.de/maerkte/071409/angebote/,52062,Aachen,,,,미검토,,1734
2026-09-20 21:02 Europe/Berlin,EDEKA,"E center Vieler, Schillerstraße 20-40, 52064 Aachen",52064,식품,21.09.2026-26.09.2026,EDEKA Bio - Natives Olivenöl extra,"aus Griechenland, 500 ml Flasche, (1 l = € 16.98)",8.49,,,16.98,https://www.edeka.de/maerkte/071409/angebote/,52062,Aachen,,,,미검토,,1735
2026-09-20 21:02 Europe/Berlin,EDEKA,"E center Vieler, Schillerstraße 20-40, 52064 Aachen",52064,음료,21.09.2026-26.09.2026,"EDEKA Herzstücke - Saft, Nektar oder Fruchtsaftgetränk","versch. Sorten, je 1 l Flasche zzgl. € 0.25 Pfand",1.11,0.99,,,https://www.edeka.de/maerkte/071409/angebote/,52062,Aachen,,,,미검토,,1736
2026-09-20 21:02 Europe/Berlin,EDEKA,"E center Vieler, Schillerstraße 20-40, 52064 Aachen",52064,식품,21.09.2026-26.09.2026,Edeka Küche - Tortellini,"mit Bolognese- oder Sahnesauce, je 400 g Schale, (1 kg = € 9.98)",3.99,,,9.98,https://www.edeka.de/maerkte/071409/angebote/,52062,Aachen,,,,미검토,,1737
2026-09-20 21:02 Europe/Berlin,EDEKA,"E center Vieler, Schillerstraße 20-40, 52064 Aachen",52064,식품,21.09.2026-26.09.2026,EDEKA Regional - Herzhafter Wurst-Aufschnitt,"versch. Sorten, je 100 g Packung, (1 kg = € 13.90)",1.39,,,13.90,https://www.edeka.de/maerkte/071409/angebote/,52062,Aachen,,,,미검토,,1738
2026-09-20 21:02 Europe/Berlin,EDEKA,"E center Vieler, Schillerstraße 20-40, 52064 Aachen",52064,식품,21.09.2026-26.09.2026,Emmi Caffè Latte,"versch. Sorten, je 230 ml Becher, (1 l = € 6.48)",1.49,1.29,,6.48,https://www.edeka.de/maerkte/071409/angebote/,52062,Aachen,,,,미검토,,1739
2026-09-20 21:02 Europe/Berlin,EDEKA,"E center Vieler, Schillerstraße 20-40, 52064 Aachen",52064,식품,21.09.2026-26.09.2026,Exquisa Zero Quark-Joghurt-Creme,"versch. Sorten, je 400 g Becher, (1 kg = € 3.73)",1.49,,,3.73,https://www.edeka.de/maerkte/071409/angebote/,52062,Aachen,,,,미검토,,1740
2026-09-20 21:02 Europe/Berlin,EDEKA,"E center Vieler, Schillerstraße 20-40, 52064 Aachen",52064,식품,21.09.2026-26.09.2026,Fleischkäsebrät,"roh, zum Backen, 700 g Packung, (1 kg = € 5.70)",3.99,,,5.70,https://www.edeka.de/maerkte/071409/angebote/,52062,Aachen,,,,미검토,,1741
2026-09-20 21:02 Europe/Berlin,EDEKA,"E center Vieler, Schillerstraße 20-40, 52064 Aachen",52064,음료,21.09.2026-26.09.2026,Frankreich - Brut Dargent,"versch. Sorten, je 0,75 l Flasche, (1 l = € 7.99)",5.99,,,7.99,https://www.edeka.de/maerkte/071409/angebote/,52062,Aachen,,,,미검토,,1742
2026-09-20 21:02 Europe/Berlin,EDEKA,"E center Vieler, Schillerstraße 20-40, 52064 Aachen",52064,주류,21.09.2026-26.09.2026,Frankreich / Deutschland - Bree Weine,"versch. Sorten auch Alkoholfrei im Angebot, je 0,75 l Flasche, (1 l = € 3.99)",2.99,2.79,,3.99,https://www.edeka.de/maerkte/071409/angebote/,52062,Aachen,,,,미검토,,1743
2026-09-20 21:02 Europe/Berlin,EDEKA,"E center Vieler, Schillerstraße 20-40, 52064 Aachen",52064,음료,21.09.2026-26.09.2026,Franziskaner Hefeweissbier,"Alkoholfrei oder Hell, je Kasten = 11 x 0,5 l zzgl. € 2.38 Pfand, (1 l = € 1.63)",8.99,,,1.63,https://www.edeka.de/maerkte/071409/angebote/,52062,Aachen,,,,미검토,,1744
2026-09-20 21:02 Europe/Berlin,EDEKA,"E center Vieler, Schillerstraße 20-40, 52064 Aachen",52064,식품,21.09.2026-26.09.2026,Frische Bratwurst,"vom Schwein, nach „Fränkischer Art“ gewürzt, zum Braten, 300 g Packung, (1 kg = € 9.97)",2.99,,,9.97,https://www.edeka.de/maerkte/071409/angebote/,52062,Aachen,,,,미검토,,1745
2026-09-20 21:02 Europe/Berlin,EDEKA,"E center Vieler, Schillerstraße 20-40, 52064 Aachen",52064,식품,21.09.2026-26.09.2026,Frische Dicke Schweinerippe,"ideal zum Braten, je 1 kg",5.99,,,,https://www.edeka.de/maerkte/071409/angebote/,52062,Aachen,,,,미검토,,1746
2026-09-20 21:02 Europe/Berlin,EDEKA,"E center Vieler, Schillerstraße 20-40, 52064 Aachen",52064,식품,21.09.2026-26.09.2026,Frische Hähnchenflügel,"Handelsklasse A, je 1 kg",4.44,,,,https://www.edeka.de/maerkte/071409/angebote/,52062,Aachen,,,,미검토,,1747
2026-09-20 21:02 Europe/Berlin,EDEKA,"E center Vieler, Schillerstraße 20-40, 52064 Aachen",52064,식품,21.09.2026-26.09.2026,Frische Lummerkoteletts,"zart und mager, je 1 kg",6.49,,,,https://www.edeka.de/maerkte/071409/angebote/,52062,Aachen,,,,미검토,,1748
2026-09-20 21:02 Europe/Berlin,EDEKA,"E center Vieler, Schillerstraße 20-40, 52064 Aachen",52064,식품,21.09.2026-26.09.2026,Frische Putenschnitzel oder frisches Putengulasch,"aus der Brust geschnitten, besonders mager, für den kalorienbewussten Genuss, je 100 g",1.29,,,,https://www.edeka.de/maerkte/071409/angebote/,52062,Aachen,,,,미검토,,1749
2026-09-20 21:02 Europe/Berlin,EDEKA,"E center Vieler, Schillerstraße 20-40, 52064 Aachen",52064,식품,21.09.2026-26.09.2026,Frische Schweine-Schwänzchen oder -Pfötchen,"ideal für den Eintopf, je 1 kg",2.00,,,,https://www.edeka.de/maerkte/071409/angebote/,52062,Aachen,,,,미검토,,1750
2026-09-20 21:02 Europe/Berlin,EDEKA,"E center Vieler, Schillerstraße 20-40, 52064 Aachen",52064,식품,21.09.2026-26.09.2026,Frische Schweineleber oder Schweinenieren,je 1 kg,2.50,,,,https://www.edeka.de/maerkte/071409/angebote/,52062,Aachen,,,,미검토,,1751
2026-09-20 21:02 Europe/Berlin,EDEKA,"E center Vieler, Schillerstraße 20-40, 52064 Aachen",52064,식품,21.09.2026-26.09.2026,Frische Stielkoteletts,"das schnelle Pfannengericht, je 1 kg",5.99,,,,https://www.edeka.de/maerkte/071409/angebote/,52062,Aachen,,,,미검토,,1752
2026-09-20 21:02 Europe/Berlin,EDEKA,"E center Vieler, Schillerstraße 20-40, 52064 Aachen",52064,식품,21.09.2026-26.09.2026,Frischer Schweinebauch,"am Stück, mit Knochenanteil, je 1 kg",5.99,,,,https://www.edeka.de/maerkte/071409/angebote/,52062,Aachen,,,,미검토,,1753
2026-09-20 21:02 Europe/Berlin,EDEKA,"E center Vieler, Schillerstraße 20-40, 52064 Aachen",52064,식품,21.09.2026-26.09.2026,Frischer Schweineschulterbraten,"wie gewachsen, saftig, rustikal, je 1 kg",4.99,,,,https://www.edeka.de/maerkte/071409/angebote/,52062,Aachen,,,,미검토,,1754
2026-09-20 21:02 Europe/Berlin,EDEKA,"E center Vieler, Schillerstraße 20-40, 52064 Aachen",52064,식품,21.09.2026-26.09.2026,Frisches ganzes Schweinefilet,"das beste Stück vom Schwein, besonders zart, je 100 g",1.11,,,,https://www.edeka.de/maerkte/071409/angebote/,52062,Aachen,,,,미검토,,1755
2026-09-20 21:02 Europe/Berlin,EDEKA,"E center Vieler, Schillerstraße 20-40, 52064 Aachen",52064,식품,21.09.2026-26.09.2026,Frisches Hähnchenbrustfilet,"für den kalorienbewussten Genuss, Handelsklasse A, je 100 g",0.99,,,,https://www.edeka.de/maerkte/071409/angebote/,52062,Aachen,,,,미검토,,1756
2026-09-20 21:02 Europe/Berlin,EDEKA,"E center Vieler, Schillerstraße 20-40, 52064 Aachen",52064,식품,21.09.2026-26.09.2026,Frisches Rinderhackfleisch,"vielseitig verwendbar, je 100 g",1.49,,,,https://www.edeka.de/maerkte/071409/angebote/,52062,Aachen,,,,미검토,,1757
2026-09-20 21:02 Europe/Berlin,EDEKA,"E center Vieler, Schillerstraße 20-40, 52064 Aachen",52064,식품,21.09.2026-26.09.2026,Frisches Schweinemett,"pikant gewürzt, je 1 kg",6.99,,,,https://www.edeka.de/maerkte/071409/angebote/,52062,Aachen,,,,미검토,,1758
2026-09-20 21:02 Europe/Berlin,EDEKA,"E center Vieler, Schillerstraße 20-40, 52064 Aachen",52064,식품,21.09.2026-26.09.2026,Frischwurst-Aufschnitt,"versch. Sorten, je 100 g",1.19,,,,https://www.edeka.de/maerkte/071409/angebote/,52062,Aachen,,,,미검토,,1759
2026-09-20 21:02 Europe/Berlin,EDEKA,"E center Vieler, Schillerstraße 20-40, 52064 Aachen",52064,식품,21.09.2026-26.09.2026,Frozen Ice Dessert,"tiefgefroren, versch. Sorten, je 75 g Packung, (1 kg = € 26.53)",1.99,,,26.53,https://www.edeka.de/maerkte/071409/angebote/,52062,Aachen,,,,미검토,,1760
2026-09-20 21:02 Europe/Berlin,EDEKA,"E center Vieler, Schillerstraße 20-40, 52064 Aachen",52064,식품,21.09.2026-26.09.2026,funny-frisch Ofen- oder Intense-Chips,"versch. Sorten, je 115 g / 110 g Beutel, (1 kg = € 12.96 / € 13.55)",1.49,1.11,,12.96 / € 13.55,https://www.edeka.de/maerkte/071409/angebote/,52062,Aachen,,,,미검토,,1761
2026-09-20 21:02 Europe/Berlin,EDEKA,"E center Vieler, Schillerstraße 20-40, 52064 Aachen",52064,식품,21.09.2026-26.09.2026,glycklich Eis,"versch. Sorten, je 500 ml Becher, (1 l = € 7.98)",3.99,,,7.98,https://www.edeka.de/maerkte/071409/angebote/,52062,Aachen,,,,미검토,,1762
2026-09-20 21:02 Europe/Berlin,EDEKA,"E center Vieler, Schillerstraße 20-40, 52064 Aachen",52064,식품,21.09.2026-26.09.2026,Gourmet Sauerkraut,"400 g Beutel / 375 g Abtropfg., (1 kg = € 2.64)",0.99,,,2.64,https://www.edeka.de/maerkte/071409/angebote/,52062,Aachen,,,,미검토,,1763
2026-09-20 21:02 Europe/Berlin,EDEKA,"E center Vieler, Schillerstraße 20-40, 52064 Aachen",52064,식품,21.09.2026-26.09.2026,Griesson Soft Cake,"versch. Sorten, je 300 g Packung, (1 kg = € 6.63)",1.99,1.79,,6.63,https://www.edeka.de/maerkte/071409/angebote/,52062,Aachen,,,,미검토,,1764
2026-09-20 21:02 Europe/Berlin,EDEKA,"E center Vieler, Schillerstraße 20-40, 52064 Aachen",52064,식품,21.09.2026-26.09.2026,GUT & GÜNSTIG - Eierspätzle,"500 g Packung, (1 kg = € 2.78)",1.39,,,2.78,https://www.edeka.de/maerkte/071409/angebote/,52062,Aachen,,,,미검토,,1765
2026-09-20 21:02 Europe/Berlin,EDEKA,"E center Vieler, Schillerstraße 20-40, 52064 Aachen",52064,식품,21.09.2026-26.09.2026,GUT & GÜNSTIG - Haferflocken,"extra zart oder kernig, je 500 g Packung, (1 kg = € 1.38)",0.69,,,1.38,https://www.edeka.de/maerkte/071409/angebote/,52062,Aachen,,,,미검토,,1766
2026-09-20 21:02 Europe/Berlin,EDEKA,"E center Vieler, Schillerstraße 20-40, 52064 Aachen",52064,식품,21.09.2026-26.09.2026,GUT & GÜNSTIG - Hähnchengeschnetzeltes,"400 g Packung, (1 kg = € 12.48)",4.99,,,12.48,https://www.edeka.de/maerkte/071409/angebote/,52062,Aachen,,,,미검토,,1767
2026-09-20 21:02 Europe/Berlin,EDEKA,"E center Vieler, Schillerstraße 20-40, 52064 Aachen",52064,식품,21.09.2026-26.09.2026,GUT & GÜNSTIG - Hähnchenminutenschnitzel,"400 g Packung, (1 kg = € 12.48)",4.99,,,12.48,https://www.edeka.de/maerkte/071409/angebote/,52062,Aachen,,,,미검토,,1768
2026-09-20 21:02 Europe/Berlin,EDEKA,"E center Vieler, Schillerstraße 20-40, 52064 Aachen",52064,식품,21.09.2026-26.09.2026,GUT & GÜNSTIG - Mozzarella,"45% Fett i. Tr., 200 g Beutel / 125 g Abtropfg., (1 kg = € 6.80)",0.85,,,6.80,https://www.edeka.de/maerkte/071409/angebote/,52062,Aachen,,,,미검토,,1769
2026-09-20 21:02 Europe/Berlin,EDEKA,"E center Vieler, Schillerstraße 20-40, 52064 Aachen",52064,식품,21.09.2026-26.09.2026,GUT & GÜNSTIG - Norwegische Lachsfilets,"tiefgefroren, 2 x 125 g = 250 g Packung, (1 kg = € 19.96)",4.99,,,19.96,https://www.edeka.de/maerkte/071409/angebote/,52062,Aachen,,,,미검토,,1770
2026-09-20 21:02 Europe/Berlin,EDEKA,"E center Vieler, Schillerstraße 20-40, 52064 Aachen",52064,식품,21.09.2026-26.09.2026,GUT & GÜNSTIG - Pasta,"versch. Sorten, je 500 g Packung, (1 kg = € 1.18)",0.59,,,1.18,https://www.edeka.de/maerkte/071409/angebote/,52062,Aachen,,,,미검토,,1771
2026-09-20 21:02 Europe/Berlin,EDEKA,"E center Vieler, Schillerstraße 20-40, 52064 Aachen",52064,식품,21.09.2026-26.09.2026,GUT & GÜNSTIG - Skyr Natur,"500 g Becher, (1 kg = € 2.58)",1.29,,,2.58,https://www.edeka.de/maerkte/071409/angebote/,52062,Aachen,,,,미검토,,1772
2026-09-20 21:02 Europe/Berlin,EDEKA,"E center Vieler, Schillerstraße 20-40, 52064 Aachen",52064,식품,21.09.2026-26.09.2026,GUT & GÜNSTIG - Wiener Würstchen,20 x 50 g = 1 kg Packung,6.79,,,,https://www.edeka.de/maerkte/071409/angebote/,52062,Aachen,,,,미검토,,1773
2026-09-20 21:02 Europe/Berlin,EDEKA,"E center Vieler, Schillerstraße 20-40, 52064 Aachen",52064,식품,21.09.2026-26.09.2026,GUT&GÜNSTIG - Frischkäse,"Pur oder Kräuter, Doppelrahmstufe, je 300 g Becher, (1 kg = € 5.30)",1.59,,,5.30,https://www.edeka.de/maerkte/071409/angebote/,52062,Aachen,,,,미검토,,1774
2026-09-20 21:02 Europe/Berlin,EDEKA,"E center Vieler, Schillerstraße 20-40, 52064 Aachen",52064,식품,21.09.2026-26.09.2026,Häagen-Dazs Eiscreme,"versch. Sorten auch Häagen Dazs Classic Collect 4 x 95 ml im Angebot, je 460 ml / 420 ml Becher, (1 l = € 8.67 / € 9.50)",3.99,3.49,,8.67 / € 9.50,https://www.edeka.de/maerkte/071409/angebote/,52062,Aachen,,,,미검토,,1775
2026-09-20 21:02 Europe/Berlin,EDEKA,"E center Vieler, Schillerstraße 20-40, 52064 Aachen",52064,식품,21.09.2026-26.09.2026,Haribo Fruchtgummi oder Lakritz,"versch. Sorten, je 125 g - 175 g Beutel, (1 kg = ab € 4.51)",0.79,,,ab € 4.51,https://www.edeka.de/maerkte/071409/angebote/,52062,Aachen,,,,미검토,,1776
2026-09-20 21:02 Europe/Berlin,EDEKA,"E center Vieler, Schillerstraße 20-40, 52064 Aachen",52064,음료,21.09.2026-26.09.2026,Havana Club,"Original, Especial oder Mango Lime, 37,5% / 30% Vol., je 0,7 l Flasche, (1 l = € 15.70)",10.99,9.99,,15.70,https://www.edeka.de/maerkte/071409/angebote/,52062,Aachen,,,,미검토,,1777
2026-09-20 21:02 Europe/Berlin,EDEKA,"E center Vieler, Schillerstraße 20-40, 52064 Aachen",52064,식품,21.09.2026-26.09.2026,Heinz Saucen,"versch. Sorten, je 220 ml Kopfstehflasche, (1 l = € 9.05)",1.99,,,9.05,https://www.edeka.de/maerkte/071409/angebote/,52062,Aachen,,,,미검토,,1778
2026-09-20 21:02 Europe/Berlin,EDEKA,"E center Vieler, Schillerstraße 20-40, 52064 Aachen",52064,식품,21.09.2026-26.09.2026,Heinz Tomato Ketchup oder Mayonnaise,"je 800 ml Kopfstehflasche, (1 l = € 4.11)",3.29,,,4.11,https://www.edeka.de/maerkte/071409/angebote/,52062,Aachen,,,,미검토,,1779
2026-09-20 21:02 Europe/Berlin,EDEKA,"E center Vieler, Schillerstraße 20-40, 52064 Aachen",52064,식품,21.09.2026-26.09.2026,Hengstenberg Knax oder Sticksi,"versch. Sorten, je 670 g Glas / 360 g Abtropfg., (1 kg = € 4.97)",1.79,1.59,,4.97,https://www.edeka.de/maerkte/071409/angebote/,52062,Aachen,,,,미검토,,1780
2026-09-20 21:02 Europe/Berlin,EDEKA,"E center Vieler, Schillerstraße 20-40, 52064 Aachen",52064,식품,21.09.2026-26.09.2026,Homann Saucen,"versch. Sorten, je 400 ml Glas, (1 l = € 3.73)",1.49,1.29,,3.73,https://www.edeka.de/maerkte/071409/angebote/,52062,Aachen,,,,미검토,,1781
2026-09-20 21:02 Europe/Berlin,EDEKA,"E center Vieler, Schillerstraße 20-40, 52064 Aachen",52064,식품,21.09.2026-26.09.2026,Houdek - Kabanos,"versch. Sorten, je 150 g Packung, (1 kg = € 13.27)",1.99,,,13.27,https://www.edeka.de/maerkte/071409/angebote/,52062,Aachen,,,,미검토,,1782
2026-09-20 21:02 Europe/Berlin,EDEKA,"E center Vieler, Schillerstraße 20-40, 52064 Aachen",52064,식품,21.09.2026-26.09.2026,iglo Gemüse-Ideen oder Rahm-Gemüse,"tiefgefroren, versch. Sorten, je 400 g - 500 g Packung, (1 kg = ab € 4.78)",2.39,,,ab € 4.78,https://www.edeka.de/maerkte/071409/angebote/,52062,Aachen,,,,미검토,,1783
2026-09-20 21:02 Europe/Berlin,EDEKA,"E center Vieler, Schillerstraße 20-40, 52064 Aachen",52064,식품,21.09.2026-26.09.2026,Italien - GUT & GÜNSTIG - Tafeltrauben,"hell, kernlos, Klasse I, 500 g Packung, (1 kg = € 2.00)",1.00,,,2.00,https://www.edeka.de/maerkte/071409/angebote/,52062,Aachen,,,,미검토,,1784
2026-09-20 21:02 Europe/Berlin,EDEKA,"E center Vieler, Schillerstraße 20-40, 52064 Aachen",52064,식품,21.09.2026-26.09.2026,Jacobs Instantkaffee,"versch. Sorten, je 36 g - 124 g Packung, (1 kg = ab € 20.08)",2.49,,,ab € 20.08,https://www.edeka.de/maerkte/071409/angebote/,52062,Aachen,,,,미검토,,1785
2026-09-20 21:02 Europe/Berlin,EDEKA,"E center Vieler, Schillerstraße 20-40, 52064 Aachen",52064,식품,21.09.2026-26.09.2026,Jacobs Krönung,"vakuumverpackt, versch. Sorten auch Café Hag klassisch mild entkoffeiniert im Angebot, je 500 g Packung, (1 kg = € 12.98)",6.49,5.99,,12.98,https://www.edeka.de/maerkte/071409/angebote/,52062,Aachen,,,,미검토,,1786
2026-09-20 21:02 Europe/Berlin,EDEKA,"E center Vieler, Schillerstraße 20-40, 52064 Aachen",52064,식품,21.09.2026-26.09.2026,Kasseler-Nacken,"ohne Knochen, goldgelb geräuchert, je 1 kg",7.99,,,,https://www.edeka.de/maerkte/071409/angebote/,52062,Aachen,,,,미검토,,1787
2026-09-20 21:02 Europe/Berlin,EDEKA,"E center Vieler, Schillerstraße 20-40, 52064 Aachen",52064,식품,21.09.2026-26.09.2026,Kerrygold Original irische Butter oder Kerrygold extra,"gesalzen oder ungesalzen, versch. Sorten, je 250 g / 200 g Packung / Becher, (1 kg = € 6.36 / € 7.95)",1.59,1.49,,6.36 / € 7.95,https://www.edeka.de/maerkte/071409/angebote/,52062,Aachen,,,,미검토,,1788
2026-09-20 21:02 Europe/Berlin,EDEKA,"E center Vieler, Schillerstraße 20-40, 52064 Aachen",52064,식품,21.09.2026-26.09.2026,Kikok - Das ganz besondere Maishähnchen,"Handelsklasse A, je 1 kg",8.99,,,,https://www.edeka.de/maerkte/071409/angebote/,52062,Aachen,,,,미검토,,1789
2026-09-20 21:02 Europe/Berlin,EDEKA,"E center Vieler, Schillerstraße 20-40, 52064 Aachen",52064,식품,21.09.2026-26.09.2026,Knorr Feinschmecker Suppe oder Sauce,"versch. Sorten, je 32 g - 70 g Beutel, (1 kg = ab € 11.29)",0.79,,,ab € 11.29,https://www.edeka.de/maerkte/071409/angebote/,52062,Aachen,,,,미검토,,1790
2026-09-20 21:02 Europe/Berlin,EDEKA,"E center Vieler, Schillerstraße 20-40, 52064 Aachen",52064,식품,21.09.2026-26.09.2026,Kölln Müsli,"versch. Sorten auch Kölln Granola versch. Sorten 350 g im Angebot, je 380 g - 600 g Packung, (1 kg = ab € 4.15)",2.49,,,ab € 4.15,https://www.edeka.de/maerkte/071409/angebote/,52062,Aachen,,,,미검토,,1791
2026-09-20 21:02 Europe/Berlin,EDEKA,"E center Vieler, Schillerstraße 20-40, 52064 Aachen",52064,주류,21.09.2026-26.09.2026,König Pilsener,"versch. Sorten, je Kasten = 20 x 0,5 l / 24 x 0,33 l zzgl. € 3.10 / € 3.42 Pfand, (1 l = € 1.20 / € 1.51)",11.99,,,1.20 / € 1.51,https://www.edeka.de/maerkte/071409/angebote/,52062,Aachen,,,,미검토,,1792
2026-09-20 21:02 Europe/Berlin,EDEKA,"E center Vieler, Schillerstraße 20-40, 52064 Aachen",52064,음료,21.09.2026-26.09.2026,Krombacher Spezi,"Original oder Zero, koffeinhaltig, je Kasten = 20 x 0,5 l zzgl. € 3.10 Pfand, (1 l = € 1.30)",12.99,,,1.30,https://www.edeka.de/maerkte/071409/angebote/,52062,Aachen,,,,미검토,,1793
2026-09-20 21:02 Europe/Berlin,EDEKA,"E center Vieler, Schillerstraße 20-40, 52064 Aachen",52064,식품,21.09.2026-26.09.2026,Krone Meine Lieblinge Lachs,"versch. Sorten, je 80 g - 100 g Packung, (1 kg = ab € 32.90)",3.29,,,ab € 32.90,https://www.edeka.de/maerkte/071409/angebote/,52062,Aachen,,,,미검토,,1794
2026-09-20 21:02 Europe/Berlin,EDEKA,"E center Vieler, Schillerstraße 20-40, 52064 Aachen",52064,식품,21.09.2026-26.09.2026,Krüger Family Cappuccino,"versch. Sorten, je 500 g Nachfüllbeutel, (1 kg = € 7.60)",3.80,,,7.60,https://www.edeka.de/maerkte/071409/angebote/,52062,Aachen,,,,미검토,,1795
2026-09-20 21:02 Europe/Berlin,EDEKA,"E center Vieler, Schillerstraße 20-40, 52064 Aachen",52064,식품,21.09.2026-26.09.2026,Landliebe Joghurt,"versch. Sorten, 3,8% / 10% Fett, je 500 g Glas zzgl. € 0.15 Pfand, (1 kg = € 2.22)",1.11,,,2.22,https://www.edeka.de/maerkte/071409/angebote/,52062,Aachen,,,,미검토,,1796
2026-09-20 21:02 Europe/Berlin,EDEKA,"E center Vieler, Schillerstraße 20-40, 52064 Aachen",52064,식품,21.09.2026-26.09.2026,Le Grand Rustique oder Saint André,"französischer Weichkäse oder Weinbergkäse, 45% / 75% Fett i. Tr., je 100 g am Stück",1.99,,,,https://www.edeka.de/maerkte/071409/angebote/,52062,Aachen,,,,미검토,,1797
2026-09-20 21:02 Europe/Berlin,EDEKA,"E center Vieler, Schillerstraße 20-40, 52064 Aachen",52064,식품,21.09.2026-26.09.2026,Leibniz Zoo Mini Kekse,"versch. Sorten, je 125 g Beutel, (1 kg = € 11.92)",1.49,,,11.92,https://www.edeka.de/maerkte/071409/angebote/,52062,Aachen,,,,미검토,,1798
2026-09-20 21:02 Europe/Berlin,EDEKA,"E center Vieler, Schillerstraße 20-40, 52064 Aachen",52064,식품,21.09.2026-26.09.2026,Loose Quäse oder Harzbube Handkäse,"versch. Sorten und Fettstufen auch Hausmacher Handkäse 200 g im Angebot, je 220 g / 200 g Packung, (1 kg = € 11.32 / € 12.45)",2.49,,,11.32 / € 12.45,https://www.edeka.de/maerkte/071409/angebote/,52062,Aachen,,,,미검토,,1799
2026-09-20 21:02 Europe/Berlin,EDEKA,"E center Vieler, Schillerstraße 20-40, 52064 Aachen",52064,식품,21.09.2026-26.09.2026,Lorenz Crunchips oder Nic Nacs,"versch. Sorten, je 110 g - 150 g Beutel, (1 kg = ab € 6.60)",0.99,,,ab € 6.60,https://www.edeka.de/maerkte/071409/angebote/,52062,Aachen,,,,미검토,,1800
2026-09-20 21:02 Europe/Berlin,EDEKA,"E center Vieler, Schillerstraße 20-40, 52064 Aachen",52064,식품,21.09.2026-26.09.2026,Marktkaas Noord Holland Gouda,"holländischer Schnittkäse, jung oder mittelalt, 48% Fett i. Tr., je 100 g am Stück",1.11,,,,https://www.edeka.de/maerkte/071409/angebote/,52062,Aachen,,,,미검토,,1801
2026-09-20 21:02 Europe/Berlin,EDEKA,"E center Vieler, Schillerstraße 20-40, 52064 Aachen",52064,식품,21.09.2026-26.09.2026,Maryland Snack Nüsse oder Studentenfutter,"versch. Sorten, je 250 g - 300 g Dose, (1 kg = ab € 9.97)",2.99,,,ab € 9.97,https://www.edeka.de/maerkte/071409/angebote/,52062,Aachen,,,,미검토,,1802
2026-09-20 21:02 Europe/Berlin,EDEKA,"E center Vieler, Schillerstraße 20-40, 52064 Aachen",52064,식품,21.09.2026-26.09.2026,McCain Golden Longs,"tiefgefroren, extra knusprig, 1000 g Beutel",2.99,,,,https://www.edeka.de/maerkte/071409/angebote/,52062,Aachen,,,,미검토,,1803
2026-09-20 21:02 Europe/Berlin,EDEKA,"E center Vieler, Schillerstraße 20-40, 52064 Aachen",52064,식품,21.09.2026-26.09.2026,Meica Wiener oder Frankfurter Art,"extra knackig, je 6 Stück = 540 g Glas / 250 g Abtropfg., (1 kg = € 13.96)",3.49,2.99,,13.96,https://www.edeka.de/maerkte/071409/angebote/,52062,Aachen,,,,미검토,,1804
2026-09-20 21:02 Europe/Berlin,EDEKA,"E center Vieler, Schillerstraße 20-40, 52064 Aachen",52064,식품,21.09.2026-26.09.2026,Melitta Barista Classic,"Crema oder Crema Forte, ganze Bohnen, je 1 kg Beutel",12.99,11.99,,,https://www.edeka.de/maerkte/071409/angebote/,52062,Aachen,,,,미검토,,1805
2026-09-20 21:02 Europe/Berlin,EDEKA,"E center Vieler, Schillerstraße 20-40, 52064 Aachen",52064,식품,21.09.2026-26.09.2026,Mettenden,"geräuchert, 300 g Packung, (1 kg = € 9.30)",2.79,,,9.30,https://www.edeka.de/maerkte/071409/angebote/,52062,Aachen,,,,미검토,,1806
2026-09-20 21:02 Europe/Berlin,EDEKA,"E center Vieler, Schillerstraße 20-40, 52064 Aachen",52064,식품,21.09.2026-26.09.2026,Milka Haselnusscreme,"350 g Glas, (1 kg = € 8.54)",2.99,,,8.54,https://www.edeka.de/maerkte/071409/angebote/,52062,Aachen,,,,미검토,,1807
2026-09-20 21:02 Europe/Berlin,EDEKA,"E center Vieler, Schillerstraße 20-40, 52064 Aachen",52064,식품,21.09.2026-26.09.2026,Milram Schnittkäse,"versch. Sorten und Fettstufen, je 100 g am Stück",0.99,,,,https://www.edeka.de/maerkte/071409/angebote/,52062,Aachen,,,,미검토,,1808
2026-09-20 21:02 Europe/Berlin,EDEKA,"E center Vieler, Schillerstraße 20-40, 52064 Aachen",52064,식품,21.09.2026-26.09.2026,Mirácoli Spaghetti Klassiker,"376,2 g Packung, (1 kg = € 5.29)",1.99,,,5.29,https://www.edeka.de/maerkte/071409/angebote/,52062,Aachen,,,,미검토,,1809
2026-09-20 21:02 Europe/Berlin,EDEKA,"E center Vieler, Schillerstraße 20-40, 52064 Aachen",52064,식품,21.09.2026-26.09.2026,müller Joghurt mit der Ecke,"je 113 g - 150 g Becher, (1 kg = ab € 2.60)",0.39,,,ab € 2.60,https://www.edeka.de/maerkte/071409/angebote/,52062,Aachen,,,,미검토,,1810
2026-09-20 21:02 Europe/Berlin,EDEKA,"E center Vieler, Schillerstraße 20-40, 52064 Aachen",52064,식품,21.09.2026-26.09.2026,Nackenkotelett,"vom Schwein, mit Knochen, zum Braten, 700 g Packung, (1 kg = € 8.56)",5.99,,,8.56,https://www.edeka.de/maerkte/071409/angebote/,52062,Aachen,,,,미검토,,1811
2026-09-20 21:02 Europe/Berlin,EDEKA,"E center Vieler, Schillerstraße 20-40, 52064 Aachen",52064,식품,21.09.2026-26.09.2026,Nescafé Classic oder Classic Mild,"je 200 g Glas, (1 kg = € 32.45)",6.49,,,32.45,https://www.edeka.de/maerkte/071409/angebote/,52062,Aachen,,,,미검토,,1812
2026-09-20 21:02 Europe/Berlin,EDEKA,"E center Vieler, Schillerstraße 20-40, 52064 Aachen",52064,식품,21.09.2026-26.09.2026,Neuseeland - Kiwis,Stück,0.59,,,,https://www.edeka.de/maerkte/071409/angebote/,52062,Aachen,,,,미검토,,1813
2026-09-20 21:02 Europe/Berlin,EDEKA,"E center Vieler, Schillerstraße 20-40, 52064 Aachen",52064,식품,21.09.2026-26.09.2026,Neuseeland - Zespri - Kiwis Gold,"„Jumbo"", Klasse I, Stück",1.00,,,,https://www.edeka.de/maerkte/071409/angebote/,52062,Aachen,,,,미검토,,1814
2026-09-20 21:02 Europe/Berlin,EDEKA,"E center Vieler, Schillerstraße 20-40, 52064 Aachen",52064,식품,21.09.2026-26.09.2026,Niederlande - GUT & GÜNSTIG - Paprika,"rot, Klasse I, 500 g Packung, (1 kg = € 2.98)",1.49,,,2.98,https://www.edeka.de/maerkte/071409/angebote/,52062,Aachen,,,,미검토,,1815
2026-09-20 21:02 Europe/Berlin,EDEKA,"E center Vieler, Schillerstraße 20-40, 52064 Aachen",52064,식품,21.09.2026-26.09.2026,"Nuii, Daim, Milka, Lotus Biscoff oder Oreo Eis","versch. Sorten, je 200 ml - 440 ml Multipackung, (1 l = ab € 5.20)",2.29,,,ab € 5.20,https://www.edeka.de/maerkte/071409/angebote/,52062,Aachen,,,,미검토,,1816
2026-09-20 21:02 Europe/Berlin,EDEKA,"E center Vieler, Schillerstraße 20-40, 52064 Aachen",52064,식품,21.09.2026-26.09.2026,Oreo,"versch. Sorten, je 157 g / 154 g Packung, (1 kg = € 9.49 / € 9.68)",1.49,,,9.49 / € 9.68,https://www.edeka.de/maerkte/071409/angebote/,52062,Aachen,,,,미검토,,1817
2026-09-20 21:02 Europe/Berlin,EDEKA,"E center Vieler, Schillerstraße 20-40, 52064 Aachen",52064,식품,21.09.2026-26.09.2026,Papa Joe’s Sauce,"versch. Sorten, je 300 ml Kopfstehflasche, (1 l = € 4.97)",1.49,,,4.97,https://www.edeka.de/maerkte/071409/angebote/,52062,Aachen,,,,미검토,,1818
2026-09-20 21:02 Europe/Berlin,EDEKA,"E center Vieler, Schillerstraße 20-40, 52064 Aachen",52064,음료,21.09.2026-26.09.2026,Paulaner Spezi oder Limo,"versch. Sorten, koffeinhaltig, je 0,33 l Dose zzgl. € 0.25 Pfand, (1 l = € 2.09)",0.69,,,2.09,https://www.edeka.de/maerkte/071409/angebote/,52062,Aachen,,,,미검토,,1819
2026-09-20 21:02 Europe/Berlin,EDEKA,"E center Vieler, Schillerstraße 20-40, 52064 Aachen",52064,식품,21.09.2026-26.09.2026,Peanut & Schoko,"Dragierte Erdnüsse, bunt, 250 g Beutel, (1 kg = € 7.40)",1.85,,,7.40,https://www.edeka.de/maerkte/071409/angebote/,52062,Aachen,,,,미검토,,1820
2026-09-20 21:02 Europe/Berlin,EDEKA,"E center Vieler, Schillerstraße 20-40, 52064 Aachen",52064,음료,21.09.2026-26.09.2026,Pepsi Cola oder Schwip Schwap,"versch. Sorten, koffeinhaltig, je 0,33 l Dose zzgl. € 0.25 Pfand, (1 l = € 2.09)",0.69,,,2.09,https://www.edeka.de/maerkte/071409/angebote/,52062,Aachen,,,,미검토,,1821
2026-09-20 21:02 Europe/Berlin,EDEKA,"E center Vieler, Schillerstraße 20-40, 52064 Aachen",52064,식품,21.09.2026-26.09.2026,Peru - Avocados,"„Hass"", Klasse I, Stück",1.11,,,,https://www.edeka.de/maerkte/071409/angebote/,52062,Aachen,,,,미검토,,1822
2026-09-20 21:02 Europe/Berlin,EDEKA,"E center Vieler, Schillerstraße 20-40, 52064 Aachen",52064,식품,21.09.2026-26.09.2026,Peru - Driscolls - Kulturheidelbeeren,"Klasse I, 125 g Schale, (1 kg = € 11.92)",1.49,,,11.92,https://www.edeka.de/maerkte/071409/angebote/,52062,Aachen,,,,미검토,,1823
2026-09-20 21:02 Europe/Berlin,EDEKA,"E center Vieler, Schillerstraße 20-40, 52064 Aachen",52064,식품,21.09.2026-26.09.2026,Philadelphia Frischkäse,"versch. Sorten auch Philadelphia Natur 6 x 16,67 g Packung im Angebot, je 150 g - 195 g Becher, (1 kg = ab € 5.69)",1.11,0.99,,ab € 5.69,https://www.edeka.de/maerkte/071409/angebote/,52062,Aachen,,,,미검토,,1824
2026-09-20 21:02 Europe/Berlin,EDEKA,"E center Vieler, Schillerstraße 20-40, 52064 Aachen",52064,식품,21.09.2026-26.09.2026,Portugal - Kiwi-Beeren,"125 g Schale, (1 kg = € 15.92)",1.99,,,15.92,https://www.edeka.de/maerkte/071409/angebote/,52062,Aachen,,,,미검토,,1825
2026-09-20 21:02 Europe/Berlin,EDEKA,"E center Vieler, Schillerstraße 20-40, 52064 Aachen",52064,주류,21.09.2026-26.09.2026,Radeberger Pilsner,"je Kasten = 20 x 0,5 l / 24 x 0,33 l zzgl. € 3.10 / € 3.42 Pfand, (1 l = € 1.20 / € 1.51)",11.99,,,1.20 / € 1.51,https://www.edeka.de/maerkte/071409/angebote/,52062,Aachen,,,,미검토,,1826
2026-09-20 21:02 Europe/Berlin,EDEKA,"E center Vieler, Schillerstraße 20-40, 52064 Aachen",52064,식품,21.09.2026-26.09.2026,Rama,"versch. Sorten, je 250 g / 225 g Packung / Becher, (1 kg = € 4.76 / € 5.29)",1.19,0.99,,4.76 / € 5.29,https://www.edeka.de/maerkte/071409/angebote/,52062,Aachen,,,,미검토,,1827
2026-09-20 21:02 Europe/Berlin,EDEKA,"E center Vieler, Schillerstraße 20-40, 52064 Aachen",52064,식품,21.09.2026-26.09.2026,Rama Culinesse,"versch. Sorten, je 450 ml Flasche, (1 l = € 3.53)",1.59,,,3.53,https://www.edeka.de/maerkte/071409/angebote/,52062,Aachen,,,,미검토,,1828
2026-09-20 21:02 Europe/Berlin,EDEKA,"E center Vieler, Schillerstraße 20-40, 52064 Aachen",52064,식품,21.09.2026-26.09.2026,Rapso 100% reines Rapsöl,"aus kontrolliertem Anbau, 0,75 l Flasche, (1 l = € 5.59)",4.19,,,5.59,https://www.edeka.de/maerkte/071409/angebote/,52062,Aachen,,,,미검토,,1829
2026-09-20 21:02 Europe/Berlin,EDEKA,"E center Vieler, Schillerstraße 20-40, 52064 Aachen",52064,식품,21.09.2026-26.09.2026,"Rasting - Delikatess Leberwurst mit Kalbfleisch, im Golddarm oder grobe Leberwurst","nach Probsteier Art, je 100 g",0.99,,,,https://www.edeka.de/maerkte/071409/angebote/,52062,Aachen,,,,미검토,,1830
2026-09-20 21:02 Europe/Berlin,EDEKA,"E center Vieler, Schillerstraße 20-40, 52064 Aachen",52064,식품,21.09.2026-26.09.2026,Rasting - Deutsches Corned Beef,"herzhaft im Geschmack, je 100 g",1.59,,,,https://www.edeka.de/maerkte/071409/angebote/,52062,Aachen,,,,미검토,,1831
2026-09-20 21:02 Europe/Berlin,EDEKA,"E center Vieler, Schillerstraße 20-40, 52064 Aachen",52064,식품,21.09.2026-26.09.2026,Rasting - Gefüllter Schweinerollbraten,"nach Gyros-Art mariniert, je 1 kg",9.99,,,,https://www.edeka.de/maerkte/071409/angebote/,52062,Aachen,,,,미검토,,1832
2026-09-20 21:02 Europe/Berlin,EDEKA,"E center Vieler, Schillerstraße 20-40, 52064 Aachen",52064,식품,21.09.2026-26.09.2026,Rasting - Kottenforster Bauernfrühstück,"nach Art einer Sülze, je 100 g",0.99,,,,https://www.edeka.de/maerkte/071409/angebote/,52062,Aachen,,,,미검토,,1833
2026-09-20 21:02 Europe/Berlin,EDEKA,"E center Vieler, Schillerstraße 20-40, 52064 Aachen",52064,식품,21.09.2026-26.09.2026,Rasting - Meisterkochschinken,je 100 g,1.99,,,,https://www.edeka.de/maerkte/071409/angebote/,52062,Aachen,,,,미검토,,1834
2026-09-20 21:02 Europe/Berlin,EDEKA,"E center Vieler, Schillerstraße 20-40, 52064 Aachen",52064,식품,21.09.2026-26.09.2026,Rasting - Schinkenmettwürstchen,je 100 g,1.69,,,,https://www.edeka.de/maerkte/071409/angebote/,52062,Aachen,,,,미검토,,1835
2026-09-20 21:02 Europe/Berlin,EDEKA,"E center Vieler, Schillerstraße 20-40, 52064 Aachen",52064,식품,21.09.2026-26.09.2026,Rasting - Schinkenspeck,"handgesalzen, geräuchert oder luftgetrocknet, je 100 g",1.79,,,,https://www.edeka.de/maerkte/071409/angebote/,52062,Aachen,,,,미검토,,1836
2026-09-20 21:02 Europe/Berlin,EDEKA,"E center Vieler, Schillerstraße 20-40, 52064 Aachen",52064,음료,21.09.2026-26.09.2026,Rauch Eistee,"versch. Sorten, je 0,33 l Dose zzgl. € 0.25 Pfand, (1 l = € 2.09)",0.69,,,2.09,https://www.edeka.de/maerkte/071409/angebote/,52062,Aachen,,,,미검토,,1837
2026-09-20 21:02 Europe/Berlin,EDEKA,"E center Vieler, Schillerstraße 20-40, 52064 Aachen",52064,식품,21.09.2026-26.09.2026,Red Band Fruchtgummi oder Lakritz,"versch. Sorten, je 500 g Beutel, (1 kg = € 4.44)",2.22,1.88,,4.44,https://www.edeka.de/maerkte/071409/angebote/,52062,Aachen,,,,미검토,,1838
2026-09-20 21:02 Europe/Berlin,EDEKA,"E center Vieler, Schillerstraße 20-40, 52064 Aachen",52064,음료,21.09.2026-26.09.2026,Red Bull Energy Drink,"taurin- und koffeinhaltig, versch. Sorten, je 0,25 l Dose zzgl. € 0.25 Pfand, (1 l = € 3.96)",0.99,,,3.96,https://www.edeka.de/maerkte/071409/angebote/,52062,Aachen,,,,미검토,,1839
2026-09-20 21:02 Europe/Berlin,EDEKA,"E center Vieler, Schillerstraße 20-40, 52064 Aachen",52064,음료,21.09.2026-26.09.2026,Rheinfels Quelle Mineralwasser,"versch. Sorten, je Packung = 6 x 1,5 l zzgl. € 1.50 Pfand, (1 l = € 0.44)",3.99,,,0.44,https://www.edeka.de/maerkte/071409/angebote/,52062,Aachen,,,,미검토,,1840
2026-09-20 21:02 Europe/Berlin,EDEKA,"E center Vieler, Schillerstraße 20-40, 52064 Aachen",52064,식품,21.09.2026-26.09.2026,Riesenrostbratwurst XXL oder Riesenkrakauer XXL,"je 3 x 125 g = 375 g Packung, (1 kg = € 10.64)",3.99,,,10.64,https://www.edeka.de/maerkte/071409/angebote/,52062,Aachen,,,,미검토,,1841
2026-09-20 21:02 Europe/Berlin,EDEKA,"E center Vieler, Schillerstraße 20-40, 52064 Aachen",52064,식품,21.09.2026-26.09.2026,Rinder- oder Sauerbratengulasch,"in Sauce, je 550 g Schlauch, (1 kg = € 12.71)",6.99,,,12.71,https://www.edeka.de/maerkte/071409/angebote/,52062,Aachen,,,,미검토,,1842
2026-09-20 21:02 Europe/Berlin,EDEKA,"E center Vieler, Schillerstraße 20-40, 52064 Aachen",52064,식품,21.09.2026-26.09.2026,Ritter Sport Nuss- oder Kakaoklasse,"versch. Sorten, je 100 g / 75 g Tafel, (1 kg = € 16.90 / € 22.53)",1.69,1.49,,16.90 / € 22.53,https://www.edeka.de/maerkte/071409/angebote/,52062,Aachen,,,,미검토,,1843
2026-09-20 21:02 Europe/Berlin,EDEKA,"E center Vieler, Schillerstraße 20-40, 52064 Aachen",52064,주류,21.09.2026-26.09.2026,Rotkäppchen Sekt oder Fruchtsecco,"versch. Sorten, je 0,2 l Flasche, (1 l = € 5.00)",1.00,,,5.00,https://www.edeka.de/maerkte/071409/angebote/,52062,Aachen,,,,미검토,,1844
2026-09-20 21:02 Europe/Berlin,EDEKA,"E center Vieler, Schillerstraße 20-40, 52064 Aachen",52064,식품,21.09.2026-26.09.2026,Rotkäppchen Sticks & Dip oder Minis,"je 105 g / 100 g Packung, (1 kg = € 14.19 / € 14.90)",1.49,,,14.19 / € 14.90,https://www.edeka.de/maerkte/071409/angebote/,52062,Aachen,,,,미검토,,1845
2026-09-20 21:02 Europe/Berlin,EDEKA,"E center Vieler, Schillerstraße 20-40, 52064 Aachen",52064,식품,21.09.2026-26.09.2026,Rügenwalder Mühle - Veganer Aufschnitt,"versch. Sorten, je 80 g / 70 g Packung, (1 kg = € 16.13 / € 18.43)",1.29,,,16.13 / € 18.43,https://www.edeka.de/maerkte/071409/angebote/,52062,Aachen,,,,미검토,,1846
2026-09-20 21:02 Europe/Berlin,EDEKA,"E center Vieler, Schillerstraße 20-40, 52064 Aachen",52064,음료,21.09.2026-26.09.2026,S. Pellegrino oder Acqua Panna Mineralwasser,"je Packung = 6 x 1 l zzgl. € 1.50 Pfand, (1 l = € 0.83)",4.99,,,0.83,https://www.edeka.de/maerkte/071409/angebote/,52062,Aachen,,,,미검토,,1847
2026-09-20 21:02 Europe/Berlin,EDEKA,"E center Vieler, Schillerstraße 20-40, 52064 Aachen",52064,식품,21.09.2026-26.09.2026,Salakis Schafskäse,"versch. Sorten und Fettstufen, je 180 g / 150 g Packung, (1 kg = € 19.39 / € 23.27)",3.49,,,19.39 / € 23.27,https://www.edeka.de/maerkte/071409/angebote/,52062,Aachen,,,,미검토,,1848
2026-09-20 21:02 Europe/Berlin,EDEKA,"E center Vieler, Schillerstraße 20-40, 52064 Aachen",52064,음료,21.09.2026-26.09.2026,Sarti Rosa,"italienischer Aperitif, 14% Vol., 0,7 l Flasche, (1 l = € 21.41)",14.99,13.99,,21.41,https://www.edeka.de/maerkte/071409/angebote/,52062,Aachen,,,,미검토,,1849
2026-09-20 21:02 Europe/Berlin,EDEKA,"E center Vieler, Schillerstraße 20-40, 52064 Aachen",52064,식품,21.09.2026-26.09.2026,Schokolade,"versch. Sorten, je 90 g Tafel, (1 kg = € 9.89)",0.89,0.79,,9.89,https://www.edeka.de/maerkte/071409/angebote/,52062,Aachen,,,,미검토,,1850
2026-09-20 21:02 Europe/Berlin,EDEKA,"E center Vieler, Schillerstraße 20-40, 52064 Aachen",52064,식품,21.09.2026-26.09.2026,"Schwartau Extra, Samt oder Weniger Zucker","versch. Sorten auch Schwartau Holsteiner Pflaumenmus 330 g im Angebot, je 255 g - 340 g Glas, (1 kg = ab € 5.85)",1.99,,,ab € 5.85,https://www.edeka.de/maerkte/071409/angebote/,52062,Aachen,,,,미검토,,1851
2026-09-20 21:02 Europe/Berlin,EDEKA,"E center Vieler, Schillerstraße 20-40, 52064 Aachen",52064,식품,21.09.2026-26.09.2026,"Schwarzwaldmilch LAC lactosefrei Schlagsahne, Sauerrahm oder Crème fraîche","auch Kochsahne und Schmand 200 g im Angebot, je 200 g / 150 g Becher, (1 kg = € 5.55 / € 7.40)",1.11,,,5.55 / € 7.40,https://www.edeka.de/maerkte/071409/angebote/,52062,Aachen,,,,미검토,,1852
2026-09-20 21:02 Europe/Berlin,EDEKA,"E center Vieler, Schillerstraße 20-40, 52064 Aachen",52064,식품,21.09.2026-26.09.2026,Schweinefilet,"im Baconmantel, je 100 g",1.79,,,,https://www.edeka.de/maerkte/071409/angebote/,52062,Aachen,,,,미검토,,1853
2026-09-20 21:02 Europe/Berlin,EDEKA,"E center Vieler, Schillerstraße 20-40, 52064 Aachen",52064,식품,21.09.2026-26.09.2026,Schweinegeschnetzeltes,"Gyros Art, gewürzt, zum Braten, 800 g XXL Packung, (1 kg = € 8.74)",6.99,,,8.74,https://www.edeka.de/maerkte/071409/angebote/,52062,Aachen,,,,미검토,,1854
2026-09-20 21:02 Europe/Berlin,EDEKA,"E center Vieler, Schillerstraße 20-40, 52064 Aachen",52064,식품,21.09.2026-26.09.2026,Schweinegulasch,"aus dem Schweineschinken geschnitten, zum Braten, 500 g Packung, (1 kg = € 8.98)",4.49,,,8.98,https://www.edeka.de/maerkte/071409/angebote/,52062,Aachen,,,,미검토,,1855
2026-09-20 21:02 Europe/Berlin,EDEKA,"E center Vieler, Schillerstraße 20-40, 52064 Aachen",52064,식품,21.09.2026-26.09.2026,Senseo Coffee Pads,"versch. Sorten, je 84 g - 125 g Beutel, (1 kg = ab € 17.76)",2.22,1.99,,ab € 17.76,https://www.edeka.de/maerkte/071409/angebote/,52062,Aachen,,,,미검토,,1856
2026-09-20 21:02 Europe/Berlin,EDEKA,"E center Vieler, Schillerstraße 20-40, 52064 Aachen",52064,식품,21.09.2026-26.09.2026,Sonnenblumenkernbrötchen,je Stück,0.39,,,,https://www.edeka.de/maerkte/071409/angebote/,52062,Aachen,,,,미검토,,1857
2026-09-20 21:02 Europe/Berlin,EDEKA,"E center Vieler, Schillerstraße 20-40, 52064 Aachen",52064,음료,21.09.2026-26.09.2026,Southern Comfort oder Fireball,"35% / 33% Vol., je 0,7 l Flasche, (1 l = € 14.27)",9.99,,,14.27,https://www.edeka.de/maerkte/071409/angebote/,52062,Aachen,,,,미검토,,1858
2026-09-20 21:02 Europe/Berlin,EDEKA,"E center Vieler, Schillerstraße 20-40, 52064 Aachen",52064,식품,21.09.2026-26.09.2026,Spanien - Bio-Salatgurke,"Klasse II, Stück",1.29,,,,https://www.edeka.de/maerkte/071409/angebote/,52062,Aachen,,,,미검토,,1859
2026-09-20 21:02 Europe/Berlin,EDEKA,"E center Vieler, Schillerstraße 20-40, 52064 Aachen",52064,식품,21.09.2026-26.09.2026,Speisequark,"Magerstufe, 250 g Becher, (1 kg = € 2.76)",0.69,,,2.76,https://www.edeka.de/maerkte/071409/angebote/,52062,Aachen,,,,미검토,,1860
2026-09-20 21:02 Europe/Berlin,EDEKA,"E center Vieler, Schillerstraße 20-40, 52064 Aachen",52064,음료,21.09.2026-26.09.2026,Spraga Bio Kombucha,"versch. Sorten, je 0,33 l Dose zzgl. € 0.25 Pfand, (1 l = € 6.03)",1.99,,,6.03,https://www.edeka.de/maerkte/071409/angebote/,52062,Aachen,,,,미검토,,1861
2026-09-20 21:02 Europe/Berlin,EDEKA,"E center Vieler, Schillerstraße 20-40, 52064 Aachen",52064,식품,21.09.2026-26.09.2026,Steinhaus Elsässer Flammkuchen oder Quiche Lorraine,"je 350 g / 300 g Packung, (1 kg = € 8.54 / € 9.97)",2.99,,,8.54 / € 9.97,https://www.edeka.de/maerkte/071409/angebote/,52062,Aachen,,,,미검토,,1862
2026-09-20 21:02 Europe/Berlin,EDEKA,"E center Vieler, Schillerstraße 20-40, 52064 Aachen",52064,식품,21.09.2026-26.09.2026,Steinhaus frische Pasta,"versch. Sorten, je 200 g Packung, (1 kg = € 9.95)",1.99,,,9.95,https://www.edeka.de/maerkte/071409/angebote/,52062,Aachen,,,,미검토,,1863
2026-09-20 21:02 Europe/Berlin,EDEKA,"E center Vieler, Schillerstraße 20-40, 52064 Aachen",52064,식품,21.09.2026-26.09.2026,Sülze Royal,"mit einem süß-sauren Geschmack, je 100 g",1.79,,,,https://www.edeka.de/maerkte/071409/angebote/,52062,Aachen,,,,미검토,,1864
2026-09-20 21:02 Europe/Berlin,EDEKA,"E center Vieler, Schillerstraße 20-40, 52064 Aachen",52064,식품,21.09.2026-26.09.2026,"Tante Fanny Frischer Flammkuchenteig XXL, Dinkel-Flammkuchenteig oder Flammkuchenböden","je 260 g - 350 g Packung, (1 kg = ab € 5.69)",1.99,,,ab € 5.69,https://www.edeka.de/maerkte/071409/angebote/,52062,Aachen,,,,미검토,,1865
2026-09-20 21:02 Europe/Berlin,EDEKA,"E center Vieler, Schillerstraße 20-40, 52064 Aachen",52064,식품,21.09.2026-26.09.2026,Tarczynski - Gegrilltes Hähnchenbrustfilet,je 100 g,1.99,,,,https://www.edeka.de/maerkte/071409/angebote/,52062,Aachen,,,,미검토,,1866
2026-09-20 21:02 Europe/Berlin,EDEKA,"E center Vieler, Schillerstraße 20-40, 52064 Aachen",52064,식품,21.09.2026-26.09.2026,Tchibo Feine Milde oder entkoffeiniert,"gemahlen oder ganze Bohnen, je 2 x 250 g = 500 g / 500 g Packung, (1 kg = € 15.98)",7.99,,,15.98,https://www.edeka.de/maerkte/071409/angebote/,52062,Aachen,,,,미검토,,1867
2026-09-20 21:02 Europe/Berlin,EDEKA,"E center Vieler, Schillerstraße 20-40, 52064 Aachen",52064,식품,21.09.2026-26.09.2026,Teekanne Länder-Tee,"versch. Sorten, je 20 / 18 Stück = 35 g - 55 g Packung, (1 kg = ab € 30.73)",1.69,1.49,,ab € 30.73,https://www.edeka.de/maerkte/071409/angebote/,52062,Aachen,,,,미검토,,1868
2026-09-20 21:02 Europe/Berlin,EDEKA,"E center Vieler, Schillerstraße 20-40, 52064 Aachen",52064,식품,21.09.2026-26.09.2026,Tillman’s Toasty,"tiefgefroren, der Snack zum Toasten, versch. Sorten, je 280 g Packung, (1 kg = € 10.68)",2.99,,,10.68,https://www.edeka.de/maerkte/071409/angebote/,52062,Aachen,,,,미검토,,1869
2026-09-20 21:02 Europe/Berlin,EDEKA,"E center Vieler, Schillerstraße 20-40, 52064 Aachen",52064,식품,21.09.2026-26.09.2026,Toffifee,"4 + 1 gratis = 625 g Packung, (1 kg = € 7.98)",4.99,,,7.98,https://www.edeka.de/maerkte/071409/angebote/,52062,Aachen,,,,미검토,,1870
2026-09-20 21:02 Europe/Berlin,EDEKA,"E center Vieler, Schillerstraße 20-40, 52064 Aachen",52064,주류,21.09.2026-26.09.2026,Tullamore D.E.W.,"Irish Whiskey oder Café Honey, 40% / 35% Vol., je 0,7 l Flasche, (1 l = € 19.99)",13.99,,,19.99,https://www.edeka.de/maerkte/071409/angebote/,52062,Aachen,,,,미검토,,1871
2026-09-20 21:02 Europe/Berlin,EDEKA,"E center Vieler, Schillerstraße 20-40, 52064 Aachen",52064,식품,21.09.2026-26.09.2026,ültje Erdnüsse,"versch. Sorten, je 180 g / 150 g Dose, (1 kg = € 9.39 / € 11.27)",1.69,1.39,,9.39 / € 11.27,https://www.edeka.de/maerkte/071409/angebote/,52062,Aachen,,,,미검토,,1872
2026-09-20 21:02 Europe/Berlin,EDEKA,"E center Vieler, Schillerstraße 20-40, 52064 Aachen",52064,식품,21.09.2026-26.09.2026,Unser Bergsommer,"deutscher Schnittkäse, mit Ringelblumen, Kornblumen und Rosenblüten auf der Rinde affiniert, 50% Fett i. Tr., je 100 g am Stück",2.49,,,,https://www.edeka.de/maerkte/071409/angebote/,52062,Aachen,,,,미검토,,1873
2026-09-20 21:02 Europe/Berlin,EDEKA,"E center Vieler, Schillerstraße 20-40, 52064 Aachen",52064,음료,21.09.2026-26.09.2026,Valensina Eistee,"versch. Sorten, je 1 l Flasche zzgl. € 0.25 Pfand",0.99,,,,https://www.edeka.de/maerkte/071409/angebote/,52062,Aachen,,,,미검토,,1874
2026-09-20 21:02 Europe/Berlin,EDEKA,"E center Vieler, Schillerstraße 20-40, 52064 Aachen",52064,식품,21.09.2026-26.09.2026,Vassemer - Hähnchenbrustfilet,"in Aspik, mit Mandarinen, je 100 g",1.79,,,,https://www.edeka.de/maerkte/071409/angebote/,52062,Aachen,,,,미검토,,1875
2026-09-20 21:02 Europe/Berlin,EDEKA,"E center Vieler, Schillerstraße 20-40, 52064 Aachen",52064,음료,21.09.2026-26.09.2026,Volvic Vitamin+ oder Bio Tee,"versch. Sorten, je 0,75 l Flasche zzgl. € 0.25 Pfand, (1 l = € 1.99)",1.49,,,1.99,https://www.edeka.de/maerkte/071409/angebote/,52062,Aachen,,,,미검토,,1876
2026-09-20 21:02 Europe/Berlin,EDEKA,"E center Vieler, Schillerstraße 20-40, 52064 Aachen",52064,주류,21.09.2026-26.09.2026,Warsteiner Pilsener,"versch. Sorten, je Kasten = 20 x 0,5 l / 24 x 0,33 l zzgl. € 3.10 / € 3.42 Pfand, (1 l = € 1.20 / € 1.51)",11.99,10.99,,1.20 / € 1.51,https://www.edeka.de/maerkte/071409/angebote/,52062,Aachen,,,,미검토,,1877
2026-09-20 21:02 Europe/Berlin,EDEKA,"E center Vieler, Schillerstraße 20-40, 52064 Aachen",52064,식품,21.09.2026-26.09.2026,Weihenstephan Haltbare Milch,"3,5% / 1,5% Fett, je 1 l Packung",0.99,,,,https://www.edeka.de/maerkte/071409/angebote/,52062,Aachen,,,,미검토,,1878
2026-09-20 21:02 Europe/Berlin,EDEKA,"E center Vieler, Schillerstraße 20-40, 52064 Aachen",52064,주류,21.09.2026-26.09.2026,Wicküler Pils,"je Kasten = 20 x 0,5 l / 24 x 0,33 l zzgl. € 3.10 / € 3.42 Pfand, (1 l = € 0.95 / € 1.20)",9.49,,,0.95 / € 1.20,https://www.edeka.de/maerkte/071409/angebote/,52062,Aachen,,,,미검토,,1879
2026-09-20 21:02 Europe/Berlin,EDEKA,"E center Vieler, Schillerstraße 20-40, 52064 Aachen",52064,주류,21.09.2026-26.09.2026,Wodka Gorbatschow,"37,5% Vol. auch Wodka Citron und Raspberry im Angebot, 0,7 l Flasche, (1 l = € 9.27)",6.49,,,9.27,https://www.edeka.de/maerkte/071409/angebote/,52062,Aachen,,,,미검토,,1880
2026-09-20 21:02 Europe/Berlin,EDEKA,"E center Vieler, Schillerstraße 20-40, 52064 Aachen",52064,식품,21.09.2026-26.09.2026,Wurzelbrot,"versch. Sorten, je 450 g Stück, (1 kg = € 4.42)",1.99,,,4.42,https://www.edeka.de/maerkte/071409/angebote/,52062,Aachen,,,,미검토,,1881
2026-09-20 21:02 Europe/Berlin,EDEKA,"E center Vieler, Schillerstraße 20-40, 52064 Aachen",52064,식품,21.09.2026-26.09.2026,"Zarte Schinkenschnitzel, zarter Schinkenbraten oder zartes Schinkengulasch",je 1 kg,6.66,,,,https://www.edeka.de/maerkte/071409/angebote/,52062,Aachen,,,,미검토,,1882
2026-09-20 21:02 Europe/Berlin,EDEKA,"E center Vieler, Schillerstraße 20-40, 52064 Aachen",52064,식품,21.09.2026-26.09.2026,Zartes Gulasch,"aus der Keule geschnitten, deutsches Jungbullenfleisch, je 1 kg",16.90,,,,https://www.edeka.de/maerkte/071409/angebote/,52062,Aachen,,,,미검토,,1883
2026-09-20 21:02 Europe/Berlin,EDEKA,"E center Vieler, Schillerstraße 20-40, 52064 Aachen",52064,식품,21.09.2026-26.09.2026,Zott Monte,"versch. Sorten, je 400 g / 232 g Packung / Becher, (1 kg = € 3.98 / € 6.85)",1.59,1.39,,3.98 / € 6.85,https://www.edeka.de/maerkte/071409/angebote/,52062,Aachen,,,,미검토,,1884
2026-09-20 21:02 Europe/Berlin,EDEKA,"E center Vieler, Schillerstraße 20-40, 52064 Aachen",52064,식품,21.09.2026-26.09.2026,Zott Sahnejoghurt,"versch. Sorten auch Zott Pure Joy vegan im Angebot, je 140 g Becher, (1 kg = € 3.50)",0.49,0.39,,3.50,https://www.edeka.de/maerkte/071409/angebote/,52062,Aachen,,,,미검토,,1885
2026-09-20 21:02 Europe/Berlin,EDEKA,"E center Vieler, Schillerstraße 20-40, 52064 Aachen",52064,식품,21.09.2026-26.09.2026,Zuivelhoeve Vla,"Vanille oder Vanille & Schoko, je 800 g Becher, (1 kg = € 3.11)",2.49,,,3.11,https://www.edeka.de/maerkte/071409/angebote/,52062,Aachen,,,,미검토,,1886
2026-09-20 21:02 Europe/Berlin,EDEKA,"E center Vieler, Schillerstraße 20-40, 52064 Aachen",52064,식품,21.09.2026-26.09.2026,Zum Dorfkrug Grütze oder Pudding,"versch. Sorten, je 375 g / 360 g Glas, (1 kg = € 5.31 / € 5.53)",1.99,,,5.31 / € 5.53,https://www.edeka.de/maerkte/071409/angebote/,52062,Aachen,,,,미검토,,1887
2026-09-20 21:02 Europe/Berlin,EDEKA,"E center Vieler, Schillerstraße 20-40, 52064 Aachen",52064,식품,21.09.2026-26.09.2026,Zum Dorfkrug Salatsauce,"versch. Sorten, je 250 ml Flasche, (1 l = € 7.16)",1.79,,,7.16,https://www.edeka.de/maerkte/071409/angebote/,52062,Aachen,,,,미검토,,1888
2026-09-20 21:02 Europe/Berlin,Lidl,"Lidl, Marler Str. 4, 40472 Düsseldorf",40472,주류,21.09.2026-26.09.2026,APEROL,"11% vol., 1,5 l",18.99,,,"12,66 €/l",https://assets.leaflets.schwarz/leaflets/pdfs/01a0907e-1d3e-7b25-8bed-767cb5a5d447/Aktionsprospekt-21-09-2026-26-09-2026-03.pdf,40468,Düsseldorf,,,,미검토,,1889
2026-09-20 21:02 Europe/Berlin,Lidl,"Lidl, Marler Str. 4, 40472 Düsseldorf",40472,음료,21.09.2026-26.09.2026,BÄRENMARKE Haltbare Milch,"3,5% oder 1,5% Fett, 1 l",0.95,,36%,"0,95 €/l",https://assets.leaflets.schwarz/leaflets/pdfs/01a0907e-1d3e-7b25-8bed-767cb5a5d447/Aktionsprospekt-21-09-2026-26-09-2026-03.pdf,40468,Düsseldorf,,,,미검토,,1890
2026-09-20 21:02 Europe/Berlin,Lidl,"Lidl, Marler Str. 4, 40472 Düsseldorf",40472,식품,24.09.2026-26.09.2026,BON GELATI Eis-Croissant,"versch. Sorten, 200 g",2.99,,,"14,95 €/kg",https://assets.leaflets.schwarz/leaflets/pdfs/01a0907e-1d3e-7b25-8bed-767cb5a5d447/Aktionsprospekt-21-09-2026-26-09-2026-03.pdf,40468,Düsseldorf,,,,미검토,,1891
2026-09-20 21:02 Europe/Berlin,Lidl,"Lidl, Marler Str. 4, 40472 Düsseldorf",40472,음료,21.09.2026-26.09.2026,COCA-COLA / FANTA / MEZZO MIX / SPRITE,"versch. Sorten, teilweise koffeinhaltig, 1,25 l, zzgl. Pfand",1.19,0.99,,"0,95 €/l",https://assets.leaflets.schwarz/leaflets/pdfs/01a0907e-1d3e-7b25-8bed-767cb5a5d447/Aktionsprospekt-21-09-2026-26-09-2026-03.pdf,40468,Düsseldorf,,,,미검토,,1892
2026-09-20 21:02 Europe/Berlin,Lidl,"Lidl, Marler Str. 4, 40472 Düsseldorf",40472,식품,21.09.2026-26.09.2026,Deutscher Mini Romana Salat,"Klasse I, 2 Stück",0.66,,33%,,https://assets.leaflets.schwarz/leaflets/pdfs/01a0907e-1d3e-7b25-8bed-767cb5a5d447/Aktionsprospekt-21-09-2026-26-09-2026-03.pdf,40468,Düsseldorf,,,,미검토,,1893
2026-09-20 21:02 Europe/Berlin,Lidl,"Lidl, Marler Str. 4, 40472 Düsseldorf",40472,식품,21.09.2026-26.09.2026,ITALIAMO Kirschtomatensauce,"330 g; Normalpreis 1,19 €",1.19,0.99,16%,"3,61 €/kg",https://assets.leaflets.schwarz/leaflets/pdfs/01a0907e-1d3e-7b25-8bed-767cb5a5d447/Aktionsprospekt-21-09-2026-26-09-2026-03.pdf,40468,Düsseldorf,,,,미검토,,1894
2026-09-20 21:02 Europe/Berlin,Lidl,"Lidl, Marler Str. 4, 40472 Düsseldorf",40472,식품,21.09.2026-26.09.2026,Rote Paprika,"Ursprung Spanien/Niederlande, Klasse I, 500 g",1.19,,,"2,38 €/kg",https://assets.leaflets.schwarz/leaflets/pdfs/01a0907e-1d3e-7b25-8bed-767cb5a5d447/Aktionsprospekt-21-09-2026-26-09-2026-03.pdf,40468,Düsseldorf,,,,미검토,,1895
2026-09-20 21:02 Europe/Berlin,Lidl,"Lidl, Marler Str. 4, 40472 Düsseldorf",40472,주류,21.09.2026-26.09.2026,SMIRNOFF Vodka No. 21,"37,5% vol., 0,7 l",13.99,,,"19,99 €/l",https://assets.leaflets.schwarz/leaflets/pdfs/01a0907e-1d3e-7b25-8bed-767cb5a5d447/Aktionsprospekt-21-09-2026-26-09-2026-03.pdf,40468,Düsseldorf,,,,미검토,,1896
2026-09-20 21:02 Europe/Berlin,Lidl,"Lidl, Pfarrer-Holl-Weg 21, 40489 Düsseldorf",40489,주류,21.09.2026-26.09.2026,APEROL,"11% vol., 1,5 l",18.99,,,"12,66 €/l",https://assets.leaflets.schwarz/leaflets/pdfs/01a0907e-1d3e-7b25-8bed-767cb5a5d447/Aktionsprospekt-21-09-2026-26-09-2026-03.pdf,40474,Düsseldorf,,,,미검토,,1897
2026-09-20 21:02 Europe/Berlin,Lidl,"Lidl, Pfarrer-Holl-Weg 21, 40489 Düsseldorf",40489,음료,21.09.2026-26.09.2026,BÄRENMARKE Haltbare Milch,"3,5% oder 1,5% Fett, 1 l",0.95,,36%,"0,95 €/l",https://assets.leaflets.schwarz/leaflets/pdfs/01a0907e-1d3e-7b25-8bed-767cb5a5d447/Aktionsprospekt-21-09-2026-26-09-2026-03.pdf,40474,Düsseldorf,,,,미검토,,1898
2026-09-20 21:02 Europe/Berlin,Lidl,"Lidl, Pfarrer-Holl-Weg 21, 40489 Düsseldorf",40489,식품,24.09.2026-26.09.2026,BON GELATI Eis-Croissant,"versch. Sorten, 200 g",2.99,,,"14,95 €/kg",https://assets.leaflets.schwarz/leaflets/pdfs/01a0907e-1d3e-7b25-8bed-767cb5a5d447/Aktionsprospekt-21-09-2026-26-09-2026-03.pdf,40474,Düsseldorf,,,,미검토,,1899
2026-09-20 21:02 Europe/Berlin,Lidl,"Lidl, Pfarrer-Holl-Weg 21, 40489 Düsseldorf",40489,음료,21.09.2026-26.09.2026,COCA-COLA / FANTA / MEZZO MIX / SPRITE,"versch. Sorten, teilweise koffeinhaltig, 1,25 l, zzgl. Pfand",1.19,0.99,,"0,95 €/l",https://assets.leaflets.schwarz/leaflets/pdfs/01a0907e-1d3e-7b25-8bed-767cb5a5d447/Aktionsprospekt-21-09-2026-26-09-2026-03.pdf,40474,Düsseldorf,,,,미검토,,1900
2026-09-20 21:02 Europe/Berlin,Lidl,"Lidl, Pfarrer-Holl-Weg 21, 40489 Düsseldorf",40489,식품,21.09.2026-26.09.2026,Deutscher Mini Romana Salat,"Klasse I, 2 Stück",0.66,,33%,,https://assets.leaflets.schwarz/leaflets/pdfs/01a0907e-1d3e-7b25-8bed-767cb5a5d447/Aktionsprospekt-21-09-2026-26-09-2026-03.pdf,40474,Düsseldorf,,,,미검토,,1901
2026-09-20 21:02 Europe/Berlin,Lidl,"Lidl, Pfarrer-Holl-Weg 21, 40489 Düsseldorf",40489,식품,21.09.2026-26.09.2026,ITALIAMO Kirschtomatensauce,"330 g; Normalpreis 1,19 €",1.19,0.99,16%,"3,61 €/kg",https://assets.leaflets.schwarz/leaflets/pdfs/01a0907e-1d3e-7b25-8bed-767cb5a5d447/Aktionsprospekt-21-09-2026-26-09-2026-03.pdf,40474,Düsseldorf,,,,미검토,,1902
2026-09-20 21:02 Europe/Berlin,Lidl,"Lidl, Pfarrer-Holl-Weg 21, 40489 Düsseldorf",40489,식품,21.09.2026-26.09.2026,Rote Paprika,"Ursprung Spanien/Niederlande, Klasse I, 500 g",1.19,,,"2,38 €/kg",https://assets.leaflets.schwarz/leaflets/pdfs/01a0907e-1d3e-7b25-8bed-767cb5a5d447/Aktionsprospekt-21-09-2026-26-09-2026-03.pdf,40474,Düsseldorf,,,,미검토,,1903
2026-09-20 21:02 Europe/Berlin,Lidl,"Lidl, Pfarrer-Holl-Weg 21, 40489 Düsseldorf",40489,주류,21.09.2026-26.09.2026,SMIRNOFF Vodka No. 21,"37,5% vol., 0,7 l",13.99,,,"19,99 €/l",https://assets.leaflets.schwarz/leaflets/pdfs/01a0907e-1d3e-7b25-8bed-767cb5a5d447/Aktionsprospekt-21-09-2026-26-09-2026-03.pdf,40474,Düsseldorf,,,,미검토,,1904
2026-09-20 21:02 Europe/Berlin,Lidl,"Lidl, Huckarder Allee 27, 44369 Dortmund",44369,주류,21.09.2026-26.09.2026,APEROL,"11% vol., 1,5 l",18.99,,,"12,66 €/l",https://assets.leaflets.schwarz/leaflets/pdfs/01a0907e-1d3e-7b25-8bed-767cb5a5d447/Aktionsprospekt-21-09-2026-26-09-2026-03.pdf,44369,Dortmund,,,,미검토,,1905
2026-09-20 21:02 Europe/Berlin,Lidl,"Lidl, Huckarder Allee 27, 44369 Dortmund",44369,음료,21.09.2026-26.09.2026,BÄRENMARKE Haltbare Milch,"3,5% oder 1,5% Fett, 1 l",0.95,,36%,"0,95 €/l",https://assets.leaflets.schwarz/leaflets/pdfs/01a0907e-1d3e-7b25-8bed-767cb5a5d447/Aktionsprospekt-21-09-2026-26-09-2026-03.pdf,44369,Dortmund,,,,미검토,,1906
2026-09-20 21:02 Europe/Berlin,Lidl,"Lidl, Huckarder Allee 27, 44369 Dortmund",44369,식품,24.09.2026-26.09.2026,BON GELATI Eis-Croissant,"versch. Sorten, 200 g",2.99,,,"14,95 €/kg",https://assets.leaflets.schwarz/leaflets/pdfs/01a0907e-1d3e-7b25-8bed-767cb5a5d447/Aktionsprospekt-21-09-2026-26-09-2026-03.pdf,44369,Dortmund,,,,미검토,,1907
2026-09-20 21:02 Europe/Berlin,Lidl,"Lidl, Huckarder Allee 27, 44369 Dortmund",44369,음료,21.09.2026-26.09.2026,COCA-COLA / FANTA / MEZZO MIX / SPRITE,"versch. Sorten, teilweise koffeinhaltig, 1,25 l, zzgl. Pfand",1.19,0.99,,"0,95 €/l",https://assets.leaflets.schwarz/leaflets/pdfs/01a0907e-1d3e-7b25-8bed-767cb5a5d447/Aktionsprospekt-21-09-2026-26-09-2026-03.pdf,44369,Dortmund,,,,미검토,,1908
2026-09-20 21:02 Europe/Berlin,Lidl,"Lidl, Huckarder Allee 27, 44369 Dortmund",44369,식품,21.09.2026-26.09.2026,Deutscher Mini Romana Salat,"Klasse I, 2 Stück",0.66,,33%,,https://assets.leaflets.schwarz/leaflets/pdfs/01a0907e-1d3e-7b25-8bed-767cb5a5d447/Aktionsprospekt-21-09-2026-26-09-2026-03.pdf,44369,Dortmund,,,,미검토,,1909
2026-09-20 21:02 Europe/Berlin,Lidl,"Lidl, Huckarder Allee 27, 44369 Dortmund",44369,식품,21.09.2026-26.09.2026,ITALIAMO Kirschtomatensauce,"330 g; Normalpreis 1,19 €",1.19,0.99,16%,"3,61 €/kg",https://assets.leaflets.schwarz/leaflets/pdfs/01a0907e-1d3e-7b25-8bed-767cb5a5d447/Aktionsprospekt-21-09-2026-26-09-2026-03.pdf,44369,Dortmund,,,,미검토,,1910
2026-09-20 21:02 Europe/Berlin,Lidl,"Lidl, Huckarder Allee 27, 44369 Dortmund",44369,식품,21.09.2026-26.09.2026,Rote Paprika,"Ursprung Spanien/Niederlande, Klasse I, 500 g",1.19,,,"2,38 €/kg",https://assets.leaflets.schwarz/leaflets/pdfs/01a0907e-1d3e-7b25-8bed-767cb5a5d447/Aktionsprospekt-21-09-2026-26-09-2026-03.pdf,44369,Dortmund,,,,미검토,,1911
2026-09-20 21:02 Europe/Berlin,Lidl,"Lidl, Huckarder Allee 27, 44369 Dortmund",44369,주류,21.09.2026-26.09.2026,SMIRNOFF Vodka No. 21,"37,5% vol., 0,7 l",13.99,,,"19,99 €/l",https://assets.leaflets.schwarz/leaflets/pdfs/01a0907e-1d3e-7b25-8bed-767cb5a5d447/Aktionsprospekt-21-09-2026-26-09-2026-03.pdf,44369,Dortmund,,,,미검토,,1912
2026-09-20 21:02 Europe/Berlin,Lidl,"Lidl, Eynattener Str. 26, 52064 Aachen",52064,주류,21.09.2026-26.09.2026,APEROL,"11% vol., 1,5 l",18.99,,,"12,66 €/l",https://assets.leaflets.schwarz/leaflets/pdfs/01a0907e-1d3e-7b25-8bed-767cb5a5d447/Aktionsprospekt-21-09-2026-26-09-2026-03.pdf,52062,Aachen,,,,미검토,,1913
2026-09-20 21:02 Europe/Berlin,Lidl,"Lidl, Eynattener Str. 26, 52064 Aachen",52064,음료,21.09.2026-26.09.2026,BÄRENMARKE Haltbare Milch,"3,5% oder 1,5% Fett, 1 l",0.95,,36%,"0,95 €/l",https://assets.leaflets.schwarz/leaflets/pdfs/01a0907e-1d3e-7b25-8bed-767cb5a5d447/Aktionsprospekt-21-09-2026-26-09-2026-03.pdf,52062,Aachen,,,,미검토,,1914
2026-09-20 21:02 Europe/Berlin,Lidl,"Lidl, Eynattener Str. 26, 52064 Aachen",52064,식품,24.09.2026-26.09.2026,BON GELATI Eis-Croissant,"versch. Sorten, 200 g",2.99,,,"14,95 €/kg",https://assets.leaflets.schwarz/leaflets/pdfs/01a0907e-1d3e-7b25-8bed-767cb5a5d447/Aktionsprospekt-21-09-2026-26-09-2026-03.pdf,52062,Aachen,,,,미검토,,1915
2026-09-20 21:02 Europe/Berlin,Lidl,"Lidl, Eynattener Str. 26, 52064 Aachen",52064,음료,21.09.2026-26.09.2026,COCA-COLA / FANTA / MEZZO MIX / SPRITE,"versch. Sorten, teilweise koffeinhaltig, 1,25 l, zzgl. Pfand",1.19,0.99,,"0,95 €/l",https://assets.leaflets.schwarz/leaflets/pdfs/01a0907e-1d3e-7b25-8bed-767cb5a5d447/Aktionsprospekt-21-09-2026-26-09-2026-03.pdf,52062,Aachen,,,,미검토,,1916
2026-09-20 21:02 Europe/Berlin,Lidl,"Lidl, Eynattener Str. 26, 52064 Aachen",52064,식품,21.09.2026-26.09.2026,Deutscher Mini Romana Salat,"Klasse I, 2 Stück",0.66,,33%,,https://assets.leaflets.schwarz/leaflets/pdfs/01a0907e-1d3e-7b25-8bed-767cb5a5d447/Aktionsprospekt-21-09-2026-26-09-2026-03.pdf,52062,Aachen,,,,미검토,,1917
2026-09-20 21:02 Europe/Berlin,Lidl,"Lidl, Eynattener Str. 26, 52064 Aachen",52064,식품,21.09.2026-26.09.2026,ITALIAMO Kirschtomatensauce,"330 g; Normalpreis 1,19 €",1.19,0.99,16%,"3,61 €/kg",https://assets.leaflets.schwarz/leaflets/pdfs/01a0907e-1d3e-7b25-8bed-767cb5a5d447/Aktionsprospekt-21-09-2026-26-09-2026-03.pdf,52062,Aachen,,,,미검토,,1918
2026-09-20 21:02 Europe/Berlin,Lidl,"Lidl, Eynattener Str. 26, 52064 Aachen",52064,식품,21.09.2026-26.09.2026,Rote Paprika,"Ursprung Spanien/Niederlande, Klasse I, 500 g",1.19,,,"2,38 €/kg",https://assets.leaflets.schwarz/leaflets/pdfs/01a0907e-1d3e-7b25-8bed-767cb5a5d447/Aktionsprospekt-21-09-2026-26-09-2026-03.pdf,52062,Aachen,,,,미검토,,1919
2026-09-20 21:02 Europe/Berlin,Lidl,"Lidl, Eynattener Str. 26, 52064 Aachen",52064,주류,21.09.2026-26.09.2026,SMIRNOFF Vodka No. 21,"37,5% vol., 0,7 l",13.99,,,"19,99 €/l",https://assets.leaflets.schwarz/leaflets/pdfs/01a0907e-1d3e-7b25-8bed-767cb5a5d447/Aktionsprospekt-21-09-2026-26-09-2026-03.pdf,52062,Aachen,,,,미검토,,1920
2026-09-20 21:02 Europe/Berlin,Netto Marken-Discount,"Netto Marken-Discount, Unterrather Str. 108, 40468 Düsseldorf",40468,식품,21.09.2026-26.09.2026,Äpfel rot,"Deutschland/Italien, Kl. II, 2-kg-Beutel",1.49,,40%,"0,75 €/kg",https://view.publitas.com/100989/3369537/pdfs/f25b959d-f629-4b78-acc6-486baf63e3f0.pdf?response-content-disposition=attachment%3B+filename%2A%3DUTF-8%27%27Wochenprospekte%2520-%2520hz39_krsb_grpb372c68fdee8649379e1.pdf,40468;40474,Düsseldorf,,,,미검토,,1921;1945
2026-09-20 21:02 Europe/Berlin,Netto Marken-Discount,"Netto Marken-Discount, Unterrather Str. 108, 40468 Düsseldorf",40468,식품,21.09.2026-26.09.2026,Blumenkohl,"Deutschland, Kl. I, Stück",1.49,,16%,,https://view.publitas.com/100989/3369537/pdfs/f25b959d-f629-4b78-acc6-486baf63e3f0.pdf?response-content-disposition=attachment%3B+filename%2A%3DUTF-8%27%27Wochenprospekte%2520-%2520hz39_krsb_grpb372c68fdee8649379e1.pdf,40468;40474,Düsseldorf,,,,미검토,,1922;1946
2026-09-20 21:02 Europe/Berlin,Netto Marken-Discount,"Netto Marken-Discount, Unterrather Str. 108, 40468 Düsseldorf",40468,식품,21.09.2026-26.09.2026,Broccoli,"Deutschland, Kl. I, 500 g",1.39,,22%,"2,78 €/kg",https://view.publitas.com/100989/3369537/pdfs/f25b959d-f629-4b78-acc6-486baf63e3f0.pdf?response-content-disposition=attachment%3B+filename%2A%3DUTF-8%27%27Wochenprospekte%2520-%2520hz39_krsb_grpb372c68fdee8649379e1.pdf,40468;40474,Düsseldorf,,,,미검토,,1923;1947
2026-09-20 21:02 Europe/Berlin,Netto Marken-Discount,"Netto Marken-Discount, Unterrather Str. 108, 40468 Düsseldorf",40468,식품,21.09.2026-26.09.2026,Buschbohnen,"Deutschland, Kl. I, 500 g",1.11,,25%,"2,22 €/kg",https://view.publitas.com/100989/3369537/pdfs/f25b959d-f629-4b78-acc6-486baf63e3f0.pdf?response-content-disposition=attachment%3B+filename%2A%3DUTF-8%27%27Wochenprospekte%2520-%2520hz39_krsb_grpb372c68fdee8649379e1.pdf,40468;40474,Düsseldorf,,,,미검토,,1924;1948
2026-09-20 21:02 Europe/Berlin,Netto Marken-Discount,"Netto Marken-Discount, Unterrather Str. 108, 40468 Düsseldorf",40468,식품,21.09.2026-26.09.2026,Butternut Kürbis,"Deutschland, 1 kg",0.99,,28%,,https://view.publitas.com/100989/3369537/pdfs/f25b959d-f629-4b78-acc6-486baf63e3f0.pdf?response-content-disposition=attachment%3B+filename%2A%3DUTF-8%27%27Wochenprospekte%2520-%2520hz39_krsb_grpb372c68fdee8649379e1.pdf,40468;40474,Düsseldorf,,,,미검토,,1925;1949
2026-09-20 21:02 Europe/Berlin,Netto Marken-Discount,"Netto Marken-Discount, Unterrather Str. 108, 40468 Düsseldorf",40468,식품,21.09.2026-26.09.2026,Champignons weiß,"Polen, Kl. I, 400-g-Schale",2.29,,23%,"4,23 €/kg",https://view.publitas.com/100989/3369537/pdfs/f25b959d-f629-4b78-acc6-486baf63e3f0.pdf?response-content-disposition=attachment%3B+filename%2A%3DUTF-8%27%27Wochenprospekte%2520-%2520hz39_krsb_grpb372c68fdee8649379e1.pdf,40468;40474,Düsseldorf,,,,미검토,,1926;1950
2026-09-20 21:02 Europe/Berlin,Netto Marken-Discount,"Netto Marken-Discount, Unterrather Str. 108, 40468 Düsseldorf",40468,식품,21.09.2026-26.09.2026,Chinakohl,"Deutschland, Kl. I, 1 kg",1.49,,25%,,https://view.publitas.com/100989/3369537/pdfs/f25b959d-f629-4b78-acc6-486baf63e3f0.pdf?response-content-disposition=attachment%3B+filename%2A%3DUTF-8%27%27Wochenprospekte%2520-%2520hz39_krsb_grpb372c68fdee8649379e1.pdf,40468;40474,Düsseldorf,,,,미검토,,1927;1951
2026-09-20 21:02 Europe/Berlin,Netto Marken-Discount,"Netto Marken-Discount, Unterrather Str. 108, 40468 Düsseldorf",40468,식품,22.09.2026-22.09.2026,Feigen frisch,"Türkei, Kl. I, Stück",0.33,,32%,,https://view.publitas.com/100989/3369537/pdfs/f25b959d-f629-4b78-acc6-486baf63e3f0.pdf?response-content-disposition=attachment%3B+filename%2A%3DUTF-8%27%27Wochenprospekte%2520-%2520hz39_krsb_grpb372c68fdee8649379e1.pdf,40468;40474,Düsseldorf,,,,미검토,,1928;1952
2026-09-20 21:02 Europe/Berlin,Netto Marken-Discount,"Netto Marken-Discount, Unterrather Str. 108, 40468 Düsseldorf",40468,식품,21.09.2026-26.09.2026,Himbeeren,"Marokko/Portugal, Kl. I, 125-g-Schale",1.99,,13%,"15,92 €/kg",https://view.publitas.com/100989/3369537/pdfs/f25b959d-f629-4b78-acc6-486baf63e3f0.pdf?response-content-disposition=attachment%3B+filename%2A%3DUTF-8%27%27Wochenprospekte%2520-%2520hz39_krsb_grpb372c68fdee8649379e1.pdf,40468;40474,Düsseldorf,,,,미검토,,1929;1953
2026-09-20 21:02 Europe/Berlin,Netto Marken-Discount,"Netto Marken-Discount, Unterrather Str. 108, 40468 Düsseldorf",40468,식품,21.09.2026-26.09.2026,Hokkaido-Kürbis,"Deutschland, 1 kg",0.79,,43%,,https://view.publitas.com/100989/3369537/pdfs/f25b959d-f629-4b78-acc6-486baf63e3f0.pdf?response-content-disposition=attachment%3B+filename%2A%3DUTF-8%27%27Wochenprospekte%2520-%2520hz39_krsb_grpb372c68fdee8649379e1.pdf,40468;40474,Düsseldorf,,,,미검토,,1930;1954
2026-09-20 21:02 Europe/Berlin,Netto Marken-Discount,"Netto Marken-Discount, Unterrather Str. 108, 40468 Düsseldorf",40468,식품,21.09.2026-26.09.2026,Johannisbeeren,"Deutschland, Kl. I, 200-g-Schale",1.99,,26%,"9,95 €/kg",https://view.publitas.com/100989/3369537/pdfs/f25b959d-f629-4b78-acc6-486baf63e3f0.pdf?response-content-disposition=attachment%3B+filename%2A%3DUTF-8%27%27Wochenprospekte%2520-%2520hz39_krsb_grpb372c68fdee8649379e1.pdf,40468;40474,Düsseldorf,,,,미검토,,1931;1955
2026-09-20 21:02 Europe/Berlin,Netto Marken-Discount,"Netto Marken-Discount, Unterrather Str. 108, 40468 Düsseldorf",40468,식품,21.09.2026-26.09.2026,Kopfsalat,"Deutschland, Kl. I, Stück",1.29,,13%,,https://view.publitas.com/100989/3369537/pdfs/f25b959d-f629-4b78-acc6-486baf63e3f0.pdf?response-content-disposition=attachment%3B+filename%2A%3DUTF-8%27%27Wochenprospekte%2520-%2520hz39_krsb_grpb372c68fdee8649379e1.pdf,40468;40474,Düsseldorf,,,,미검토,,1932;1956
2026-09-20 21:02 Europe/Berlin,Netto Marken-Discount,"Netto Marken-Discount, Unterrather Str. 108, 40468 Düsseldorf",40468,식품,21.09.2026-26.09.2026,Lauchzwiebeln,"Deutschland, Bund",0.49,,28%,,https://view.publitas.com/100989/3369537/pdfs/f25b959d-f629-4b78-acc6-486baf63e3f0.pdf?response-content-disposition=attachment%3B+filename%2A%3DUTF-8%27%27Wochenprospekte%2520-%2520hz39_krsb_grpb372c68fdee8649379e1.pdf,40468;40474,Düsseldorf,,,,미검토,,1933;1957
2026-09-20 21:02 Europe/Berlin,Netto Marken-Discount,"Netto Marken-Discount, Unterrather Str. 108, 40468 Düsseldorf",40468,식품,21.09.2026-26.09.2026,Mango,"Brasilien, Kl. I, Stück",0.99,,33%,,https://view.publitas.com/100989/3369537/pdfs/f25b959d-f629-4b78-acc6-486baf63e3f0.pdf?response-content-disposition=attachment%3B+filename%2A%3DUTF-8%27%27Wochenprospekte%2520-%2520hz39_krsb_grpb372c68fdee8649379e1.pdf,40468;40474,Düsseldorf,,,,미검토,,1934;1958
2026-09-20 21:02 Europe/Berlin,Netto Marken-Discount,"Netto Marken-Discount, Unterrather Str. 108, 40468 Düsseldorf",40468,식품,21.09.2026-26.09.2026,Mini Rispentomaten,"Deutschland, Kl. I, 350-g-Schale",2.22,,17%,"6,34 €/kg",https://view.publitas.com/100989/3369537/pdfs/f25b959d-f629-4b78-acc6-486baf63e3f0.pdf?response-content-disposition=attachment%3B+filename%2A%3DUTF-8%27%27Wochenprospekte%2520-%2520hz39_krsb_grpb372c68fdee8649379e1.pdf,40468;40474,Düsseldorf,,,,미검토,,1935;1959
2026-09-20 21:02 Europe/Berlin,Netto Marken-Discount,"Netto Marken-Discount, Unterrather Str. 108, 40468 Düsseldorf",40468,식품,21.09.2026-26.09.2026,Möhren,"Deutschland, Kl. I, 2-kg-Beutel",1.29,,27%,"0,65 €/kg",https://view.publitas.com/100989/3369537/pdfs/f25b959d-f629-4b78-acc6-486baf63e3f0.pdf?response-content-disposition=attachment%3B+filename%2A%3DUTF-8%27%27Wochenprospekte%2520-%2520hz39_krsb_grpb372c68fdee8649379e1.pdf,40468;40474,Düsseldorf,,,,미검토,,1936;1960
2026-09-20 21:02 Europe/Berlin,Netto Marken-Discount,"Netto Marken-Discount, Unterrather Str. 108, 40468 Düsseldorf",40468,식품,23.09.2026-23.09.2026,Passionsfrüchte,"Kolumbien, 3 Stück",1.29,,35%,,https://view.publitas.com/100989/3369537/pdfs/f25b959d-f629-4b78-acc6-486baf63e3f0.pdf?response-content-disposition=attachment%3B+filename%2A%3DUTF-8%27%27Wochenprospekte%2520-%2520hz39_krsb_grpb372c68fdee8649379e1.pdf,40468;40474,Düsseldorf,,,,미검토,,1937;1961
2026-09-20 21:02 Europe/Berlin,Netto Marken-Discount,"Netto Marken-Discount, Unterrather Str. 108, 40468 Düsseldorf",40468,식품,21.09.2026-26.09.2026,Radieschen,"Deutschland, Kl. I, Bund",0.49,,28%,,https://view.publitas.com/100989/3369537/pdfs/f25b959d-f629-4b78-acc6-486baf63e3f0.pdf?response-content-disposition=attachment%3B+filename%2A%3DUTF-8%27%27Wochenprospekte%2520-%2520hz39_krsb_grpb372c68fdee8649379e1.pdf,40468;40474,Düsseldorf,,,,미검토,,1938;1962
2026-09-20 21:02 Europe/Berlin,Netto Marken-Discount,"Netto Marken-Discount, Unterrather Str. 108, 40468 Düsseldorf",40468,식품,21.09.2026-26.09.2026,Rispentomaten,"Niederlande, Kl. I, 1 kg",1.69,,15%,,https://view.publitas.com/100989/3369537/pdfs/f25b959d-f629-4b78-acc6-486baf63e3f0.pdf?response-content-disposition=attachment%3B+filename%2A%3DUTF-8%27%27Wochenprospekte%2520-%2520hz39_krsb_grpb372c68fdee8649379e1.pdf,40468;40474,Düsseldorf,,,,미검토,,1939;1963
2026-09-20 21:02 Europe/Berlin,Netto Marken-Discount,"Netto Marken-Discount, Unterrather Str. 108, 40468 Düsseldorf",40468,식품,21.09.2026-26.09.2026,Rotkohl,"Deutschland, Kl. I, 1 kg",0.79,,33%,,https://view.publitas.com/100989/3369537/pdfs/f25b959d-f629-4b78-acc6-486baf63e3f0.pdf?response-content-disposition=attachment%3B+filename%2A%3DUTF-8%27%27Wochenprospekte%2520-%2520hz39_krsb_grpb372c68fdee8649379e1.pdf,40468;40474,Düsseldorf,,,,미검토,,1940;1964
2026-09-20 21:02 Europe/Berlin,Netto Marken-Discount,"Netto Marken-Discount, Unterrather Str. 108, 40468 Düsseldorf",40468,식품,21.09.2026-26.09.2026,Sellerie mit Grün,"Deutschland, Kl. I, Stück",0.99,,28%,,https://view.publitas.com/100989/3369537/pdfs/f25b959d-f629-4b78-acc6-486baf63e3f0.pdf?response-content-disposition=attachment%3B+filename%2A%3DUTF-8%27%27Wochenprospekte%2520-%2520hz39_krsb_grpb372c68fdee8649379e1.pdf,40468;40474,Düsseldorf,,,,미검토,,1941;1965
2026-09-20 21:02 Europe/Berlin,Netto Marken-Discount,"Netto Marken-Discount, Unterrather Str. 108, 40468 Düsseldorf",40468,식품,21.09.2026-26.09.2026,Weißkohl,"Deutschland, Kl. I, 1 kg",0.79,,20%,,https://view.publitas.com/100989/3369537/pdfs/f25b959d-f629-4b78-acc6-486baf63e3f0.pdf?response-content-disposition=attachment%3B+filename%2A%3DUTF-8%27%27Wochenprospekte%2520-%2520hz39_krsb_grpb372c68fdee8649379e1.pdf,40468;40474,Düsseldorf,,,,미검토,,1942;1966
2026-09-20 21:02 Europe/Berlin,Netto Marken-Discount,"Netto Marken-Discount, Unterrather Str. 108, 40468 Düsseldorf",40468,식품,21.09.2026-26.09.2026,Zwetschgen,"Deutschland, Kl. I, Sorte Baronesse, 500-g-Schale",2.49,,16%,"4,98 €/kg",https://view.publitas.com/100989/3369537/pdfs/f25b959d-f629-4b78-acc6-486baf63e3f0.pdf?response-content-disposition=attachment%3B+filename%2A%3DUTF-8%27%27Wochenprospekte%2520-%2520hz39_krsb_grpb372c68fdee8649379e1.pdf,40468;40474,Düsseldorf,,,,미검토,,1943;1967
2026-09-20 21:02 Europe/Berlin,Netto Marken-Discount,"Netto Marken-Discount, Unterrather Str. 108, 40468 Düsseldorf",40468,식품,21.09.2026-26.09.2026,Zwiebeln,"Deutschland, Kl. II, 3-kg-Sack",2.49,,28%,"0,83 €/kg",https://view.publitas.com/100989/3369537/pdfs/f25b959d-f629-4b78-acc6-486baf63e3f0.pdf?response-content-disposition=attachment%3B+filename%2A%3DUTF-8%27%27Wochenprospekte%2520-%2520hz39_krsb_grpb372c68fdee8649379e1.pdf,40468;40474,Düsseldorf,,,,미검토,,1944;1968
2026-09-20 21:02 Europe/Berlin,Netto Marken-Discount,"Netto Marken-Discount, Rahmer Str. 8, 44369 Dortmund",44369,식품,21.09.2026-26.09.2026,Äpfel rot,"Deutschland/Italien, Kl. II, 2-kg-Beutel",1.49,,40%,"0,75 €/kg",https://view.publitas.com/100989/3368871/pdfs/50eb41b5-f4a5-4cc8-9f18-ea6f75a61896.pdf?response-content-disposition=attachment%3B+filename%2A%3DUTF-8%27%27hz39_hasb.pdf,44369,Dortmund,,,,미검토,,1969
2026-09-20 21:02 Europe/Berlin,Netto Marken-Discount,"Netto Marken-Discount, Rahmer Str. 8, 44369 Dortmund",44369,식품,21.09.2026-26.09.2026,Blumenkohl,"Deutschland, Kl. I, Stück",1.49,,16%,,https://view.publitas.com/100989/3368871/pdfs/50eb41b5-f4a5-4cc8-9f18-ea6f75a61896.pdf?response-content-disposition=attachment%3B+filename%2A%3DUTF-8%27%27hz39_hasb.pdf,44369,Dortmund,,,,미검토,,1970
2026-09-20 21:02 Europe/Berlin,Netto Marken-Discount,"Netto Marken-Discount, Rahmer Str. 8, 44369 Dortmund",44369,식품,21.09.2026-26.09.2026,Broccoli,"Deutschland, Kl. I, 500 g",1.39,,22%,"2,78 €/kg",https://view.publitas.com/100989/3368871/pdfs/50eb41b5-f4a5-4cc8-9f18-ea6f75a61896.pdf?response-content-disposition=attachment%3B+filename%2A%3DUTF-8%27%27hz39_hasb.pdf,44369,Dortmund,,,,미검토,,1971
2026-09-20 21:02 Europe/Berlin,Netto Marken-Discount,"Netto Marken-Discount, Rahmer Str. 8, 44369 Dortmund",44369,식품,21.09.2026-26.09.2026,Buschbohnen,"Deutschland, Kl. I, 500 g",1.11,,25%,"2,22 €/kg",https://view.publitas.com/100989/3368871/pdfs/50eb41b5-f4a5-4cc8-9f18-ea6f75a61896.pdf?response-content-disposition=attachment%3B+filename%2A%3DUTF-8%27%27hz39_hasb.pdf,44369,Dortmund,,,,미검토,,1972
2026-09-20 21:02 Europe/Berlin,Netto Marken-Discount,"Netto Marken-Discount, Rahmer Str. 8, 44369 Dortmund",44369,식품,21.09.2026-26.09.2026,Butternut Kürbis,"Deutschland, 1 kg",0.99,,28%,,https://view.publitas.com/100989/3368871/pdfs/50eb41b5-f4a5-4cc8-9f18-ea6f75a61896.pdf?response-content-disposition=attachment%3B+filename%2A%3DUTF-8%27%27hz39_hasb.pdf,44369,Dortmund,,,,미검토,,1973
2026-09-20 21:02 Europe/Berlin,Netto Marken-Discount,"Netto Marken-Discount, Rahmer Str. 8, 44369 Dortmund",44369,식품,21.09.2026-26.09.2026,Champignons weiß,"Polen, Kl. I, 400-g-Schale",2.29,,23%,"4,23 €/kg",https://view.publitas.com/100989/3368871/pdfs/50eb41b5-f4a5-4cc8-9f18-ea6f75a61896.pdf?response-content-disposition=attachment%3B+filename%2A%3DUTF-8%27%27hz39_hasb.pdf,44369,Dortmund,,,,미검토,,1974
2026-09-20 21:02 Europe/Berlin,Netto Marken-Discount,"Netto Marken-Discount, Rahmer Str. 8, 44369 Dortmund",44369,식품,21.09.2026-26.09.2026,Chinakohl,"Deutschland, Kl. I, 1 kg",1.49,,25%,,https://view.publitas.com/100989/3368871/pdfs/50eb41b5-f4a5-4cc8-9f18-ea6f75a61896.pdf?response-content-disposition=attachment%3B+filename%2A%3DUTF-8%27%27hz39_hasb.pdf,44369,Dortmund,,,,미검토,,1975
2026-09-20 21:02 Europe/Berlin,Netto Marken-Discount,"Netto Marken-Discount, Rahmer Str. 8, 44369 Dortmund",44369,식품,22.09.2026-22.09.2026,Feigen frisch,"Türkei, Kl. I, Stück",0.33,,32%,,https://view.publitas.com/100989/3368871/pdfs/50eb41b5-f4a5-4cc8-9f18-ea6f75a61896.pdf?response-content-disposition=attachment%3B+filename%2A%3DUTF-8%27%27hz39_hasb.pdf,44369,Dortmund,,,,미검토,,1976
2026-09-20 21:02 Europe/Berlin,Netto Marken-Discount,"Netto Marken-Discount, Rahmer Str. 8, 44369 Dortmund",44369,식품,21.09.2026-26.09.2026,Himbeeren,"Marokko/Portugal, Kl. I, 125-g-Schale",1.99,,13%,"15,92 €/kg",https://view.publitas.com/100989/3368871/pdfs/50eb41b5-f4a5-4cc8-9f18-ea6f75a61896.pdf?response-content-disposition=attachment%3B+filename%2A%3DUTF-8%27%27hz39_hasb.pdf,44369,Dortmund,,,,미검토,,1977
2026-09-20 21:02 Europe/Berlin,Netto Marken-Discount,"Netto Marken-Discount, Rahmer Str. 8, 44369 Dortmund",44369,식품,21.09.2026-26.09.2026,Hokkaido-Kürbis,"Deutschland, 1 kg",0.79,,43%,,https://view.publitas.com/100989/3368871/pdfs/50eb41b5-f4a5-4cc8-9f18-ea6f75a61896.pdf?response-content-disposition=attachment%3B+filename%2A%3DUTF-8%27%27hz39_hasb.pdf,44369,Dortmund,,,,미검토,,1978
2026-09-20 21:02 Europe/Berlin,Netto Marken-Discount,"Netto Marken-Discount, Rahmer Str. 8, 44369 Dortmund",44369,식품,21.09.2026-26.09.2026,Johannisbeeren,"Deutschland, Kl. I, 200-g-Schale",1.99,,26%,"9,95 €/kg",https://view.publitas.com/100989/3368871/pdfs/50eb41b5-f4a5-4cc8-9f18-ea6f75a61896.pdf?response-content-disposition=attachment%3B+filename%2A%3DUTF-8%27%27hz39_hasb.pdf,44369,Dortmund,,,,미검토,,1979
2026-09-20 21:02 Europe/Berlin,Netto Marken-Discount,"Netto Marken-Discount, Rahmer Str. 8, 44369 Dortmund",44369,식품,21.09.2026-26.09.2026,Kopfsalat,"Deutschland, Kl. I, Stück",1.29,,13%,,https://view.publitas.com/100989/3368871/pdfs/50eb41b5-f4a5-4cc8-9f18-ea6f75a61896.pdf?response-content-disposition=attachment%3B+filename%2A%3DUTF-8%27%27hz39_hasb.pdf,44369,Dortmund,,,,미검토,,1980
2026-09-20 21:02 Europe/Berlin,Netto Marken-Discount,"Netto Marken-Discount, Rahmer Str. 8, 44369 Dortmund",44369,식품,21.09.2026-26.09.2026,Lauchzwiebeln,"Deutschland, Bund",0.49,,28%,,https://view.publitas.com/100989/3368871/pdfs/50eb41b5-f4a5-4cc8-9f18-ea6f75a61896.pdf?response-content-disposition=attachment%3B+filename%2A%3DUTF-8%27%27hz39_hasb.pdf,44369,Dortmund,,,,미검토,,1981
2026-09-20 21:02 Europe/Berlin,Netto Marken-Discount,"Netto Marken-Discount, Rahmer Str. 8, 44369 Dortmund",44369,식품,21.09.2026-26.09.2026,Mango,"Brasilien, Kl. I, Stück",0.99,,33%,,https://view.publitas.com/100989/3368871/pdfs/50eb41b5-f4a5-4cc8-9f18-ea6f75a61896.pdf?response-content-disposition=attachment%3B+filename%2A%3DUTF-8%27%27hz39_hasb.pdf,44369,Dortmund,,,,미검토,,1982
2026-09-20 21:02 Europe/Berlin,Netto Marken-Discount,"Netto Marken-Discount, Rahmer Str. 8, 44369 Dortmund",44369,식품,21.09.2026-26.09.2026,Mini Rispentomaten,"Deutschland, Kl. I, 350-g-Schale",2.22,,17%,"6,34 €/kg",https://view.publitas.com/100989/3368871/pdfs/50eb41b5-f4a5-4cc8-9f18-ea6f75a61896.pdf?response-content-disposition=attachment%3B+filename%2A%3DUTF-8%27%27hz39_hasb.pdf,44369,Dortmund,,,,미검토,,1983
2026-09-20 21:02 Europe/Berlin,Netto Marken-Discount,"Netto Marken-Discount, Rahmer Str. 8, 44369 Dortmund",44369,식품,21.09.2026-26.09.2026,Möhren,"Deutschland, Kl. I, 2-kg-Beutel",1.29,,27%,"0,65 €/kg",https://view.publitas.com/100989/3368871/pdfs/50eb41b5-f4a5-4cc8-9f18-ea6f75a61896.pdf?response-content-disposition=attachment%3B+filename%2A%3DUTF-8%27%27hz39_hasb.pdf,44369,Dortmund,,,,미검토,,1984
2026-09-20 21:02 Europe/Berlin,Netto Marken-Discount,"Netto Marken-Discount, Rahmer Str. 8, 44369 Dortmund",44369,식품,23.09.2026-23.09.2026,Passionsfrüchte,"Kolumbien, 3 Stück",1.29,,35%,,https://view.publitas.com/100989/3368871/pdfs/50eb41b5-f4a5-4cc8-9f18-ea6f75a61896.pdf?response-content-disposition=attachment%3B+filename%2A%3DUTF-8%27%27hz39_hasb.pdf,44369,Dortmund,,,,미검토,,1985
2026-09-20 21:02 Europe/Berlin,Netto Marken-Discount,"Netto Marken-Discount, Rahmer Str. 8, 44369 Dortmund",44369,식품,21.09.2026-26.09.2026,Radieschen,"Deutschland, Kl. I, Bund",0.49,,28%,,https://view.publitas.com/100989/3368871/pdfs/50eb41b5-f4a5-4cc8-9f18-ea6f75a61896.pdf?response-content-disposition=attachment%3B+filename%2A%3DUTF-8%27%27hz39_hasb.pdf,44369,Dortmund,,,,미검토,,1986
2026-09-20 21:02 Europe/Berlin,Netto Marken-Discount,"Netto Marken-Discount, Rahmer Str. 8, 44369 Dortmund",44369,식품,21.09.2026-26.09.2026,Rispentomaten,"Niederlande, Kl. I, 1 kg",1.69,,15%,,https://view.publitas.com/100989/3368871/pdfs/50eb41b5-f4a5-4cc8-9f18-ea6f75a61896.pdf?response-content-disposition=attachment%3B+filename%2A%3DUTF-8%27%27hz39_hasb.pdf,44369,Dortmund,,,,미검토,,1987
2026-09-20 21:02 Europe/Berlin,Netto Marken-Discount,"Netto Marken-Discount, Rahmer Str. 8, 44369 Dortmund",44369,식품,21.09.2026-26.09.2026,Rotkohl,"Deutschland, Kl. I, 1 kg",0.79,,33%,,https://view.publitas.com/100989/3368871/pdfs/50eb41b5-f4a5-4cc8-9f18-ea6f75a61896.pdf?response-content-disposition=attachment%3B+filename%2A%3DUTF-8%27%27hz39_hasb.pdf,44369,Dortmund,,,,미검토,,1988
2026-09-20 21:02 Europe/Berlin,Netto Marken-Discount,"Netto Marken-Discount, Rahmer Str. 8, 44369 Dortmund",44369,식품,21.09.2026-26.09.2026,Sellerie mit Grün,"Deutschland, Kl. I, Stück",0.99,,28%,,https://view.publitas.com/100989/3368871/pdfs/50eb41b5-f4a5-4cc8-9f18-ea6f75a61896.pdf?response-content-disposition=attachment%3B+filename%2A%3DUTF-8%27%27hz39_hasb.pdf,44369,Dortmund,,,,미검토,,1989
2026-09-20 21:02 Europe/Berlin,Netto Marken-Discount,"Netto Marken-Discount, Rahmer Str. 8, 44369 Dortmund",44369,식품,21.09.2026-26.09.2026,Weißkohl,"Deutschland, Kl. I, 1 kg",0.79,,20%,,https://view.publitas.com/100989/3368871/pdfs/50eb41b5-f4a5-4cc8-9f18-ea6f75a61896.pdf?response-content-disposition=attachment%3B+filename%2A%3DUTF-8%27%27hz39_hasb.pdf,44369,Dortmund,,,,미검토,,1990
2026-09-20 21:02 Europe/Berlin,Netto Marken-Discount,"Netto Marken-Discount, Rahmer Str. 8, 44369 Dortmund",44369,식품,21.09.2026-26.09.2026,Zwetschgen,"Deutschland, Kl. I, Sorte Baronesse, 500-g-Schale",2.49,,16%,"4,98 €/kg",https://view.publitas.com/100989/3368871/pdfs/50eb41b5-f4a5-4cc8-9f18-ea6f75a61896.pdf?response-content-disposition=attachment%3B+filename%2A%3DUTF-8%27%27hz39_hasb.pdf,44369,Dortmund,,,,미검토,,1991
2026-09-20 21:02 Europe/Berlin,Netto Marken-Discount,"Netto Marken-Discount, Rahmer Str. 8, 44369 Dortmund",44369,식품,21.09.2026-26.09.2026,Zwiebeln,"Deutschland, Kl. II, 3-kg-Sack",2.49,,28%,"0,83 €/kg",https://view.publitas.com/100989/3368871/pdfs/50eb41b5-f4a5-4cc8-9f18-ea6f75a61896.pdf?response-content-disposition=attachment%3B+filename%2A%3DUTF-8%27%27hz39_hasb.pdf,44369,Dortmund,,,,미검토,,1992
2026-09-20 21:02 Europe/Berlin,Netto Marken-Discount,"Netto Marken-Discount, Peterstr. 50, 52062 Aachen",52062,식품,21.09.2026-26.09.2026,Äpfel rot,"Deutschland/Italien, Kl. II, 2-kg-Beutel",1.49,,40%,"0,75 €/kg",https://view.publitas.com/100989/3369322/pdfs/6d0b71a7-7213-45ac-ac66-56a9917fab2b.pdf?response-content-disposition=attachment%3B+filename%2A%3DUTF-8%27%27Wochenprospekte%2520-%2520hz39_kesn_grp79bb2637ba2219a4f8fd.pdf,52062,Aachen,,,,미검토,,1993
2026-09-20 21:02 Europe/Berlin,Netto Marken-Discount,"Netto Marken-Discount, Peterstr. 50, 52062 Aachen",52062,식품,21.09.2026-26.09.2026,Blumenkohl,"Deutschland, Kl. I, Stück",1.49,,16%,,https://view.publitas.com/100989/3369322/pdfs/6d0b71a7-7213-45ac-ac66-56a9917fab2b.pdf?response-content-disposition=attachment%3B+filename%2A%3DUTF-8%27%27Wochenprospekte%2520-%2520hz39_kesn_grp79bb2637ba2219a4f8fd.pdf,52062,Aachen,,,,미검토,,1994
2026-09-20 21:02 Europe/Berlin,Netto Marken-Discount,"Netto Marken-Discount, Peterstr. 50, 52062 Aachen",52062,식품,21.09.2026-26.09.2026,Broccoli,"Deutschland, Kl. I, 500 g",1.39,,22%,"2,78 €/kg",https://view.publitas.com/100989/3369322/pdfs/6d0b71a7-7213-45ac-ac66-56a9917fab2b.pdf?response-content-disposition=attachment%3B+filename%2A%3DUTF-8%27%27Wochenprospekte%2520-%2520hz39_kesn_grp79bb2637ba2219a4f8fd.pdf,52062,Aachen,,,,미검토,,1995
2026-09-20 21:02 Europe/Berlin,Netto Marken-Discount,"Netto Marken-Discount, Peterstr. 50, 52062 Aachen",52062,식품,21.09.2026-26.09.2026,Buschbohnen,"Deutschland, Kl. I, 500 g",1.11,,25%,"2,22 €/kg",https://view.publitas.com/100989/3369322/pdfs/6d0b71a7-7213-45ac-ac66-56a9917fab2b.pdf?response-content-disposition=attachment%3B+filename%2A%3DUTF-8%27%27Wochenprospekte%2520-%2520hz39_kesn_grp79bb2637ba2219a4f8fd.pdf,52062,Aachen,,,,미검토,,1996
2026-09-20 21:02 Europe/Berlin,Netto Marken-Discount,"Netto Marken-Discount, Peterstr. 50, 52062 Aachen",52062,식품,21.09.2026-26.09.2026,Butternut Kürbis,"Deutschland, 1 kg",0.99,,28%,,https://view.publitas.com/100989/3369322/pdfs/6d0b71a7-7213-45ac-ac66-56a9917fab2b.pdf?response-content-disposition=attachment%3B+filename%2A%3DUTF-8%27%27Wochenprospekte%2520-%2520hz39_kesn_grp79bb2637ba2219a4f8fd.pdf,52062,Aachen,,,,미검토,,1997
2026-09-20 21:02 Europe/Berlin,Netto Marken-Discount,"Netto Marken-Discount, Peterstr. 50, 52062 Aachen",52062,식품,21.09.2026-26.09.2026,Champignons weiß,"Polen, Kl. I, 400-g-Schale",2.29,,23%,"4,23 €/kg",https://view.publitas.com/100989/3369322/pdfs/6d0b71a7-7213-45ac-ac66-56a9917fab2b.pdf?response-content-disposition=attachment%3B+filename%2A%3DUTF-8%27%27Wochenprospekte%2520-%2520hz39_kesn_grp79bb2637ba2219a4f8fd.pdf,52062,Aachen,,,,미검토,,1998
2026-09-20 21:02 Europe/Berlin,Netto Marken-Discount,"Netto Marken-Discount, Peterstr. 50, 52062 Aachen",52062,식품,21.09.2026-26.09.2026,Chinakohl,"Deutschland, Kl. I, 1 kg",1.49,,25%,,https://view.publitas.com/100989/3369322/pdfs/6d0b71a7-7213-45ac-ac66-56a9917fab2b.pdf?response-content-disposition=attachment%3B+filename%2A%3DUTF-8%27%27Wochenprospekte%2520-%2520hz39_kesn_grp79bb2637ba2219a4f8fd.pdf,52062,Aachen,,,,미검토,,1999
2026-09-20 21:02 Europe/Berlin,Netto Marken-Discount,"Netto Marken-Discount, Peterstr. 50, 52062 Aachen",52062,식품,22.09.2026-22.09.2026,Feigen frisch,"Türkei, Kl. I, Stück",0.33,,32%,,https://view.publitas.com/100989/3369322/pdfs/6d0b71a7-7213-45ac-ac66-56a9917fab2b.pdf?response-content-disposition=attachment%3B+filename%2A%3DUTF-8%27%27Wochenprospekte%2520-%2520hz39_kesn_grp79bb2637ba2219a4f8fd.pdf,52062,Aachen,,,,미검토,,2000
2026-09-20 21:02 Europe/Berlin,Netto Marken-Discount,"Netto Marken-Discount, Peterstr. 50, 52062 Aachen",52062,식품,21.09.2026-26.09.2026,Himbeeren,"Marokko/Portugal, Kl. I, 125-g-Schale",1.99,,13%,"15,92 €/kg",https://view.publitas.com/100989/3369322/pdfs/6d0b71a7-7213-45ac-ac66-56a9917fab2b.pdf?response-content-disposition=attachment%3B+filename%2A%3DUTF-8%27%27Wochenprospekte%2520-%2520hz39_kesn_grp79bb2637ba2219a4f8fd.pdf,52062,Aachen,,,,미검토,,2001
2026-09-20 21:02 Europe/Berlin,Netto Marken-Discount,"Netto Marken-Discount, Peterstr. 50, 52062 Aachen",52062,식품,21.09.2026-26.09.2026,Hokkaido-Kürbis,"Deutschland, 1 kg",0.79,,43%,,https://view.publitas.com/100989/3369322/pdfs/6d0b71a7-7213-45ac-ac66-56a9917fab2b.pdf?response-content-disposition=attachment%3B+filename%2A%3DUTF-8%27%27Wochenprospekte%2520-%2520hz39_kesn_grp79bb2637ba2219a4f8fd.pdf,52062,Aachen,,,,미검토,,2002
2026-09-20 21:02 Europe/Berlin,Netto Marken-Discount,"Netto Marken-Discount, Peterstr. 50, 52062 Aachen",52062,식품,21.09.2026-26.09.2026,Johannisbeeren,"Deutschland, Kl. I, 200-g-Schale",1.99,,26%,"9,95 €/kg",https://view.publitas.com/100989/3369322/pdfs/6d0b71a7-7213-45ac-ac66-56a9917fab2b.pdf?response-content-disposition=attachment%3B+filename%2A%3DUTF-8%27%27Wochenprospekte%2520-%2520hz39_kesn_grp79bb2637ba2219a4f8fd.pdf,52062,Aachen,,,,미검토,,2003
2026-09-20 21:02 Europe/Berlin,Netto Marken-Discount,"Netto Marken-Discount, Peterstr. 50, 52062 Aachen",52062,식품,21.09.2026-26.09.2026,Kopfsalat,"Deutschland, Kl. I, Stück",1.29,,13%,,https://view.publitas.com/100989/3369322/pdfs/6d0b71a7-7213-45ac-ac66-56a9917fab2b.pdf?response-content-disposition=attachment%3B+filename%2A%3DUTF-8%27%27Wochenprospekte%2520-%2520hz39_kesn_grp79bb2637ba2219a4f8fd.pdf,52062,Aachen,,,,미검토,,2004
2026-09-20 21:02 Europe/Berlin,Netto Marken-Discount,"Netto Marken-Discount, Peterstr. 50, 52062 Aachen",52062,식품,21.09.2026-26.09.2026,Lauchzwiebeln,"Deutschland, Bund",0.49,,28%,,https://view.publitas.com/100989/3369322/pdfs/6d0b71a7-7213-45ac-ac66-56a9917fab2b.pdf?response-content-disposition=attachment%3B+filename%2A%3DUTF-8%27%27Wochenprospekte%2520-%2520hz39_kesn_grp79bb2637ba2219a4f8fd.pdf,52062,Aachen,,,,미검토,,2005
2026-09-20 21:02 Europe/Berlin,Netto Marken-Discount,"Netto Marken-Discount, Peterstr. 50, 52062 Aachen",52062,식품,21.09.2026-26.09.2026,Mango,"Brasilien, Kl. I, Stück",0.99,,33%,,https://view.publitas.com/100989/3369322/pdfs/6d0b71a7-7213-45ac-ac66-56a9917fab2b.pdf?response-content-disposition=attachment%3B+filename%2A%3DUTF-8%27%27Wochenprospekte%2520-%2520hz39_kesn_grp79bb2637ba2219a4f8fd.pdf,52062,Aachen,,,,미검토,,2006
2026-09-20 21:02 Europe/Berlin,Netto Marken-Discount,"Netto Marken-Discount, Peterstr. 50, 52062 Aachen",52062,식품,21.09.2026-26.09.2026,Mini Rispentomaten,"Deutschland, Kl. I, 350-g-Schale",2.22,,17%,"6,34 €/kg",https://view.publitas.com/100989/3369322/pdfs/6d0b71a7-7213-45ac-ac66-56a9917fab2b.pdf?response-content-disposition=attachment%3B+filename%2A%3DUTF-8%27%27Wochenprospekte%2520-%2520hz39_kesn_grp79bb2637ba2219a4f8fd.pdf,52062,Aachen,,,,미검토,,2007
2026-09-20 21:02 Europe/Berlin,Netto Marken-Discount,"Netto Marken-Discount, Peterstr. 50, 52062 Aachen",52062,식품,21.09.2026-26.09.2026,Möhren,"Deutschland, Kl. I, 2-kg-Beutel",1.29,,27%,"0,65 €/kg",https://view.publitas.com/100989/3369322/pdfs/6d0b71a7-7213-45ac-ac66-56a9917fab2b.pdf?response-content-disposition=attachment%3B+filename%2A%3DUTF-8%27%27Wochenprospekte%2520-%2520hz39_kesn_grp79bb2637ba2219a4f8fd.pdf,52062,Aachen,,,,미검토,,2008
2026-09-20 21:02 Europe/Berlin,Netto Marken-Discount,"Netto Marken-Discount, Peterstr. 50, 52062 Aachen",52062,식품,23.09.2026-23.09.2026,Passionsfrüchte,"Kolumbien, 3 Stück",1.29,,35%,,https://view.publitas.com/100989/3369322/pdfs/6d0b71a7-7213-45ac-ac66-56a9917fab2b.pdf?response-content-disposition=attachment%3B+filename%2A%3DUTF-8%27%27Wochenprospekte%2520-%2520hz39_kesn_grp79bb2637ba2219a4f8fd.pdf,52062,Aachen,,,,미검토,,2009
2026-09-20 21:02 Europe/Berlin,Netto Marken-Discount,"Netto Marken-Discount, Peterstr. 50, 52062 Aachen",52062,식품,21.09.2026-26.09.2026,Radieschen,"Deutschland, Kl. I, Bund",0.49,,28%,,https://view.publitas.com/100989/3369322/pdfs/6d0b71a7-7213-45ac-ac66-56a9917fab2b.pdf?response-content-disposition=attachment%3B+filename%2A%3DUTF-8%27%27Wochenprospekte%2520-%2520hz39_kesn_grp79bb2637ba2219a4f8fd.pdf,52062,Aachen,,,,미검토,,2010
2026-09-20 21:02 Europe/Berlin,Netto Marken-Discount,"Netto Marken-Discount, Peterstr. 50, 52062 Aachen",52062,식품,21.09.2026-26.09.2026,Rispentomaten,"Niederlande, Kl. I, 1 kg",1.69,,15%,,https://view.publitas.com/100989/3369322/pdfs/6d0b71a7-7213-45ac-ac66-56a9917fab2b.pdf?response-content-disposition=attachment%3B+filename%2A%3DUTF-8%27%27Wochenprospekte%2520-%2520hz39_kesn_grp79bb2637ba2219a4f8fd.pdf,52062,Aachen,,,,미검토,,2011
2026-09-20 21:02 Europe/Berlin,Netto Marken-Discount,"Netto Marken-Discount, Peterstr. 50, 52062 Aachen",52062,식품,21.09.2026-26.09.2026,Rotkohl,"Deutschland, Kl. I, 1 kg",0.79,,33%,,https://view.publitas.com/100989/3369322/pdfs/6d0b71a7-7213-45ac-ac66-56a9917fab2b.pdf?response-content-disposition=attachment%3B+filename%2A%3DUTF-8%27%27Wochenprospekte%2520-%2520hz39_kesn_grp79bb2637ba2219a4f8fd.pdf,52062,Aachen,,,,미검토,,2012
2026-09-20 21:02 Europe/Berlin,Netto Marken-Discount,"Netto Marken-Discount, Peterstr. 50, 52062 Aachen",52062,식품,21.09.2026-26.09.2026,Sellerie mit Grün,"Deutschland, Kl. I, Stück",0.99,,28%,,https://view.publitas.com/100989/3369322/pdfs/6d0b71a7-7213-45ac-ac66-56a9917fab2b.pdf?response-content-disposition=attachment%3B+filename%2A%3DUTF-8%27%27Wochenprospekte%2520-%2520hz39_kesn_grp79bb2637ba2219a4f8fd.pdf,52062,Aachen,,,,미검토,,2013
2026-09-20 21:02 Europe/Berlin,Netto Marken-Discount,"Netto Marken-Discount, Peterstr. 50, 52062 Aachen",52062,식품,21.09.2026-26.09.2026,Weißkohl,"Deutschland, Kl. I, 1 kg",0.79,,20%,,https://view.publitas.com/100989/3369322/pdfs/6d0b71a7-7213-45ac-ac66-56a9917fab2b.pdf?response-content-disposition=attachment%3B+filename%2A%3DUTF-8%27%27Wochenprospekte%2520-%2520hz39_kesn_grp79bb2637ba2219a4f8fd.pdf,52062,Aachen,,,,미검토,,2014
2026-09-20 21:02 Europe/Berlin,Netto Marken-Discount,"Netto Marken-Discount, Peterstr. 50, 52062 Aachen",52062,식품,21.09.2026-26.09.2026,Zwetschgen,"Deutschland, Kl. I, Sorte Baronesse, 500-g-Schale",2.49,,16%,"4,98 €/kg",https://view.publitas.com/100989/3369322/pdfs/6d0b71a7-7213-45ac-ac66-56a9917fab2b.pdf?response-content-disposition=attachment%3B+filename%2A%3DUTF-8%27%27Wochenprospekte%2520-%2520hz39_kesn_grp79bb2637ba2219a4f8fd.pdf,52062,Aachen,,,,미검토,,2015
2026-09-20 21:02 Europe/Berlin,Netto Marken-Discount,"Netto Marken-Discount, Peterstr. 50, 52062 Aachen",52062,식품,21.09.2026-26.09.2026,Zwiebeln,"Deutschland, Kl. II, 3-kg-Sack",2.49,,28%,"0,83 €/kg",https://view.publitas.com/100989/3369322/pdfs/6d0b71a7-7213-45ac-ac66-56a9917fab2b.pdf?response-content-disposition=attachment%3B+filename%2A%3DUTF-8%27%27Wochenprospekte%2520-%2520hz39_kesn_grp79bb2637ba2219a4f8fd.pdf,52062,Aachen,,,,미검토,,2016
2026-09-20 21:02 Europe/Berlin,ALDI SÜD,"ALDI SÜD, An der Piwipp 86, 40468 Düsseldorf",40468,식품,25.09.2026-26.09.2026,· FAIR&GUT · Rindergulasch XXL,"0,8 kg",10.99,,,"13,74 €/1 kg",https://www.aldi-sued.de/angebote/2026-09-25,40468,Düsseldorf,,,,미검토,,2017
2026-09-20 21:02 Europe/Berlin,ALDI SÜD,"ALDI SÜD, An der Piwipp 86, 40468 Düsseldorf",40468,식품,25.09.2026-26.09.2026,"ALDI SPORTS Flavor Powder 120 g, Chocolate Brownie","0,12 kg",6.49,,,"54,08 €/1 kg",https://www.aldi-sued.de/angebote/2026-09-25?page=2,40468,Düsseldorf,,,,미검토,,2018
2026-09-20 21:02 Europe/Berlin,ALDI SÜD,"ALDI SÜD, An der Piwipp 86, 40468 Düsseldorf",40468,식품,25.09.2026-26.09.2026,"ALDI SPORTS Flavor Powder 120 g, Salty Caramel","0,12 kg",6.49,,,"54,08 €/1 kg",https://www.aldi-sued.de/angebote/2026-09-25?page=2,40468,Düsseldorf,,,,미검토,,2019
2026-09-20 21:02 Europe/Berlin,ALDI SÜD,"ALDI SÜD, An der Piwipp 86, 40468 Düsseldorf",40468,식품,25.09.2026-26.09.2026,"ALDI SPORTS Flavor Powder 120 g, Strawberry","0,12 kg",6.49,,,"54,08 €/1 kg",https://www.aldi-sued.de/angebote/2026-09-25?page=2,40468,Düsseldorf,,,,미검토,,2020
2026-09-20 21:02 Europe/Berlin,ALDI SÜD,"ALDI SÜD, An der Piwipp 86, 40468 Düsseldorf",40468,식품,25.09.2026-26.09.2026,"ALDI SPORTS Flavor Powder 120 g, Vanilla","0,12 kg",6.49,,,"54,08 €/1 kg",https://www.aldi-sued.de/angebote/2026-09-25?page=2,40468,Düsseldorf,,,,미검토,,2021
2026-09-20 21:02 Europe/Berlin,ALDI SÜD,"ALDI SÜD, An der Piwipp 86, 40468 Düsseldorf",40468,식품,25.09.2026-26.09.2026,ALDI SPORTS High Protein Sahne Pulver 350 g,"0,35 kg",9.99,,,"28,54 €/1 kg",https://www.aldi-sued.de/angebote/2026-09-25,40468,Düsseldorf,,,,미검토,,2022
2026-09-20 21:02 Europe/Berlin,ALDI SÜD,"ALDI SÜD, An der Piwipp 86, 40468 Düsseldorf",40468,식품,25.09.2026-26.09.2026,"ALDI SPORTS Kreatin Pulver 200g, Orange","0,2 kg",5.99,,,"29,95 €/1 kg",https://www.aldi-sued.de/angebote/2026-09-25?page=2,40468,Düsseldorf,,,,미검토,,2023
2026-09-20 21:02 Europe/Berlin,ALDI SÜD,"ALDI SÜD, An der Piwipp 86, 40468 Düsseldorf",40468,식품,25.09.2026-26.09.2026,"ALDI SPORTS Kreatin Pulver 200g, Waldbeere","0,2 kg",5.99,,,"29,95 €/1 kg",https://www.aldi-sued.de/angebote/2026-09-25?page=2,40468,Düsseldorf,,,,미검토,,2024
2026-09-20 21:02 Europe/Berlin,ALDI SÜD,"ALDI SÜD, An der Piwipp 86, 40468 Düsseldorf",40468,식품,25.09.2026-26.09.2026,ALDI SPORTS Protein Matcha Latte 250 g,"0,25 kg",9.95,,,"39,80 €/1 kg",https://www.aldi-sued.de/angebote/2026-09-25,40468,Düsseldorf,,,,미검토,,2025
2026-09-20 21:02 Europe/Berlin,ALDI SÜD,"ALDI SÜD, An der Piwipp 86, 40468 Düsseldorf",40468,식품,25.09.2026-26.09.2026,"ALDI SPORTS Protein Riegel Kreatin 50 g, Nougat Dark Chocolate","0,05 kg",1.29,,,"25,80 €/1 kg",https://www.aldi-sued.de/angebote/2026-09-25?page=2,40468,Düsseldorf,,,,미검토,,2026
2026-09-20 21:02 Europe/Berlin,ALDI SÜD,"ALDI SÜD, An der Piwipp 86, 40468 Düsseldorf",40468,식품,25.09.2026-26.09.2026,"ALDI SPORTS Protein Riegel Kreatin 50 g, Pistacchio White Chocolate","0,05 kg",1.29,,,"25,80 €/1 kg",https://www.aldi-sued.de/angebote/2026-09-25?page=2,40468,Düsseldorf,,,,미검토,,2027
2026-09-20 21:02 Europe/Berlin,ALDI SÜD,"ALDI SÜD, An der Piwipp 86, 40468 Düsseldorf",40468,식품,25.09.2026-26.09.2026,"ALDI SPORTS Veganer Proteinriegel 55 g, Cookies & Cream","0,06 kg",1.29,,,"23,45 €/1 kg",https://www.aldi-sued.de/angebote/2026-09-25?page=2,40468,Düsseldorf,,,,미검토,,2028
2026-09-20 21:02 Europe/Berlin,ALDI SÜD,"ALDI SÜD, An der Piwipp 86, 40468 Düsseldorf",40468,식품,25.09.2026-26.09.2026,"ALDI SPORTS Veganer Proteinriegel 55 g, Lemon Cake","0,06 kg",1.29,,,"23,45 €/1 kg",https://www.aldi-sued.de/angebote/2026-09-25?page=2,40468,Düsseldorf,,,,미검토,,2029
2026-09-20 21:02 Europe/Berlin,ALDI SÜD,"ALDI SÜD, An der Piwipp 86, 40468 Düsseldorf",40468,식품,25.09.2026-26.09.2026,Alpensalz 1 kg,1 kg,0.99,,,"0,99 €/1 kg",https://www.aldi-sued.de/angebote/2026-09-25,40468,Düsseldorf,,,,미검토,,2030
2026-09-20 21:02 Europe/Berlin,ALDI SÜD,"ALDI SÜD, An der Piwipp 86, 40468 Düsseldorf",40468,주류,25.09.2026-26.09.2026,"Apfel Cidre aus der Normandie 750 ml, Herb","0,75 l",1.49,,,"1,99 €/1 l",https://www.aldi-sued.de/angebote/2026-09-25,40468,Düsseldorf,,,,미검토,,2031
2026-09-20 21:02 Europe/Berlin,ALDI SÜD,"ALDI SÜD, An der Piwipp 86, 40468 Düsseldorf",40468,주류,25.09.2026-26.09.2026,"Apfel Cidre aus der Normandie 750 ml, Mild","0,75 l",1.49,,,"1,99 €/1 l",https://www.aldi-sued.de/angebote/2026-09-25,40468,Düsseldorf,,,,미검토,,2032
2026-09-20 21:02 Europe/Berlin,ALDI SÜD,"ALDI SÜD, An der Piwipp 86, 40468 Düsseldorf",40468,주류,25.09.2026-26.09.2026,BENEDIKTINER HELL Benediktiner Hell 5-l-Fass,5 l,8.99,,,"1,80 €/1 l",https://www.aldi-sued.de/angebote/2026-09-25,40468,Düsseldorf,,,,미검토,,2033
2026-09-20 21:02 Europe/Berlin,ALDI SÜD,"ALDI SÜD, An der Piwipp 86, 40468 Düsseldorf",40468,식품,25.09.2026-26.09.2026,CHOCEUR Nussknacker Vollmilch 300 g,"0,3 kg",3.49,,,"11,63 €/1 kg",https://www.aldi-sued.de/angebote/2026-09-25,40468,Düsseldorf,,,,미검토,,2034
2026-09-20 21:02 Europe/Berlin,ALDI SÜD,"ALDI SÜD, An der Piwipp 86, 40468 Düsseldorf",40468,주류,25.09.2026-26.09.2026,COUPERNE Calvados V.S 700 ml,"0,7 l",9.99,,,"14,27 €/1 l",https://www.aldi-sued.de/angebote/2026-09-25,40468,Düsseldorf,,,,미검토,,2035
2026-09-20 21:02 Europe/Berlin,ALDI SÜD,"ALDI SÜD, An der Piwipp 86, 40468 Düsseldorf",40468,식품,25.09.2026-26.09.2026,DR. OETKER Rustica 3-Salame,"0,49 kg",3.99,,,"8,16 €/1 kg",https://www.aldi-sued.de/angebote/2026-09-25,40468,Düsseldorf,,,,미검토,,2036
2026-09-20 21:02 Europe/Berlin,ALDI SÜD,"ALDI SÜD, An der Piwipp 86, 40468 Düsseldorf",40468,식품,25.09.2026-26.09.2026,DR. OETKER Rustica 5-Cheese 505 g,"0,51 kg",3.99,,,"7,90 €/1 kg",https://www.aldi-sued.de/angebote/2026-09-25,40468,Düsseldorf,,,,미검토,,2037
2026-09-20 21:02 Europe/Berlin,ALDI SÜD,"ALDI SÜD, An der Piwipp 86, 40468 Düsseldorf",40468,식품,25.09.2026-26.09.2026,FERRERO Maxi King 105 g,"0,11 kg",1.49,,,"14,19 €/1 kg",https://www.aldi-sued.de/angebote/2026-09-25,40468,Düsseldorf,,,,미검토,,2038
2026-09-20 21:02 Europe/Berlin,ALDI SÜD,"ALDI SÜD, An der Piwipp 86, 40468 Düsseldorf",40468,식품,25.09.2026-26.09.2026,FERRERO Rocher 250 g,"0,25 kg",5.99,,,"23,96 €/1 kg",https://www.aldi-sued.de/angebote/2026-09-25,40468,Düsseldorf,,,,미검토,,2039
2026-09-20 21:02 Europe/Berlin,ALDI SÜD,"ALDI SÜD, An der Piwipp 86, 40468 Düsseldorf",40468,식품,25.09.2026-26.09.2026,"FOL EPI Fol Epi  210 g, Caractere","0,21 kg",2.99,,,"14,24 €/1 kg",https://www.aldi-sued.de/angebote/2026-09-25?page=2,40468,Düsseldorf,,,,미검토,,2040
2026-09-20 21:02 Europe/Berlin,ALDI SÜD,"ALDI SÜD, An der Piwipp 86, 40468 Düsseldorf",40468,식품,25.09.2026-26.09.2026,"FOL EPI Fol Epi  210 g, Cremig","0,21 kg",2.99,,,"14,24 €/1 kg",https://www.aldi-sued.de/angebote/2026-09-25?page=2,40468,Düsseldorf,,,,미검토,,2041
2026-09-20 21:02 Europe/Berlin,ALDI SÜD,"ALDI SÜD, An der Piwipp 86, 40468 Düsseldorf",40468,식품,25.09.2026-26.09.2026,"FOL EPI Fol Epi  210 g, Kürbiskern","0,21 kg",2.99,,,"14,24 €/1 kg",https://www.aldi-sued.de/angebote/2026-09-25?page=2,40468,Düsseldorf,,,,미검토,,2042
2026-09-20 21:02 Europe/Berlin,ALDI SÜD,"ALDI SÜD, An der Piwipp 86, 40468 Düsseldorf",40468,식품,25.09.2026-26.09.2026,"FOL EPI Fol Epi  235 g, Classic","0,24 kg",2.99,,,"12,72 €/1 kg",https://www.aldi-sued.de/angebote/2026-09-25?page=2,40468,Düsseldorf,,,,미검토,,2043
2026-09-20 21:02 Europe/Berlin,ALDI SÜD,"ALDI SÜD, An der Piwipp 86, 40468 Düsseldorf",40468,식품,25.09.2026-26.09.2026,"FRANTASTIQUE! Mini französisches Feingebäck, Croissant","0,21 kg",1.49,,,"7,10 €/1 kg",https://www.aldi-sued.de/angebote/2026-09-25?page=2,40468,Düsseldorf,,,,미검토,,2044
2026-09-20 21:02 Europe/Berlin,ALDI SÜD,"ALDI SÜD, An der Piwipp 86, 40468 Düsseldorf",40468,식품,25.09.2026-26.09.2026,"FRANTASTIQUE! Mini französisches Feingebäck, Pains au Choc","0,23 kg",1.49,,,"6,48 €/1 kg",https://www.aldi-sued.de/angebote/2026-09-25?page=2,40468,Düsseldorf,,,,미검토,,2045
2026-09-20 21:02 Europe/Berlin,ALDI SÜD,"ALDI SÜD, An der Piwipp 86, 40468 Düsseldorf",40468,식품,25.09.2026-26.09.2026,"FUNNY FRISCH Chipsfrisch 250 g, Oriental","0,25 kg",1.79,,,"7,16 €/1 kg",https://www.aldi-sued.de/angebote/2026-09-25?page=2,40468,Düsseldorf,,,,미검토,,2046
2026-09-20 21:02 Europe/Berlin,ALDI SÜD,"ALDI SÜD, An der Piwipp 86, 40468 Düsseldorf",40468,식품,25.09.2026-26.09.2026,"FUNNY FRISCH Chipsfrisch 250 g, Ungarisch","0,25 kg",1.79,,,"7,16 €/1 kg",https://www.aldi-sued.de/angebote/2026-09-25?page=2,40468,Düsseldorf,,,,미검토,,2047
2026-09-20 21:02 Europe/Berlin,ALDI SÜD,"ALDI SÜD, An der Piwipp 86, 40468 Düsseldorf",40468,식품,25.09.2026-26.09.2026,"HERTA Kochschinken 140 g, Grillschinken","0,14 kg",1.99,,,"14,21 €/1 kg",https://www.aldi-sued.de/angebote/2026-09-25?page=2,40468,Düsseldorf,,,,미검토,,2048
2026-09-20 21:02 Europe/Berlin,ALDI SÜD,"ALDI SÜD, An der Piwipp 86, 40468 Düsseldorf",40468,식품,25.09.2026-26.09.2026,"HERTA Kochschinken 140 g, Saftschinken","0,14 kg",1.99,,,"14,21 €/1 kg",https://www.aldi-sued.de/angebote/2026-09-25?page=2,40468,Düsseldorf,,,,미검토,,2049
2026-09-20 21:02 Europe/Berlin,ALDI SÜD,"ALDI SÜD, An der Piwipp 86, 40468 Düsseldorf",40468,식품,25.09.2026-26.09.2026,"HOUDEK Kabanos Wiesn, Käse 180 g","0,18 kg",2.39,,,"13,28 €/1 kg",https://www.aldi-sued.de/angebote/2026-09-25?page=3,40468,Düsseldorf,,,,미검토,,2050
2026-09-20 21:02 Europe/Berlin,ALDI SÜD,"ALDI SÜD, An der Piwipp 86, 40468 Düsseldorf",40468,식품,25.09.2026-26.09.2026,"HOUDEK Kabanos Wiesn, Klassik 180 g","0,18 kg",2.39,,,"13,28 €/1 kg",https://www.aldi-sued.de/angebote/2026-09-25?page=3,40468,Düsseldorf,,,,미검토,,2051
2026-09-20 21:02 Europe/Berlin,ALDI SÜD,"ALDI SÜD, An der Piwipp 86, 40468 Düsseldorf",40468,식품,25.09.2026-26.09.2026,"HOUDEK Kabanos Wiesn, Klassik 200 g","0,2 kg",2.39,,,"11,95 €/1 kg",https://www.aldi-sued.de/angebote/2026-09-25?page=3,40468,Düsseldorf,,,,미검토,,2052
2026-09-20 21:02 Europe/Berlin,ALDI SÜD,"ALDI SÜD, An der Piwipp 86, 40468 Düsseldorf",40468,식품,25.09.2026-26.09.2026,"HOUDEK Kabanos Wiesn, Paprika 180 g","0,18 kg",2.39,,,"13,28 €/1 kg",https://www.aldi-sued.de/angebote/2026-09-25?page=3,40468,Düsseldorf,,,,미검토,,2053
2026-09-20 21:02 Europe/Berlin,ALDI SÜD,"ALDI SÜD, An der Piwipp 86, 40468 Düsseldorf",40468,식품,21.09.2026-26.09.2026,"IRONMAXX 100 % Milk Protein Pulver 500 g, Vanilla","0,5 kg",14.99,,,"29,98 €/1 kg",https://www.aldi-sued.de/angebote/2026-09-21,40468,Düsseldorf,,,,미검토,,2054
2026-09-20 21:02 Europe/Berlin,ALDI SÜD,"ALDI SÜD, An der Piwipp 86, 40468 Düsseldorf",40468,식품,21.09.2026-26.09.2026,"IRONMAXX Lava Bar 40 g, Cookies & Cream","0,04 kg",1.69,,,"42,25 €/1 kg",https://www.aldi-sued.de/angebote/2026-09-21,40468,Düsseldorf,,,,미검토,,2055
2026-09-20 21:02 Europe/Berlin,ALDI SÜD,"ALDI SÜD, An der Piwipp 86, 40468 Düsseldorf",40468,식품,21.09.2026-26.09.2026,"IRONMAXX Matcha Bites 2 × 23 g, Strawberry Flavour","0,05 kg",1.99,,,"43,26 €/1 kg",https://www.aldi-sued.de/angebote/2026-09-21?page=2,40468,Düsseldorf,,,,미검토,,2056
2026-09-20 21:02 Europe/Berlin,ALDI SÜD,"ALDI SÜD, An der Piwipp 86, 40468 Düsseldorf",40468,식품,21.09.2026-26.09.2026,"IRONMAXX Maxxers Protein Riegel, 49 g, White Chocolate Pistachio","0,05 kg",1.99,,,"40,61 €/1 kg",https://www.aldi-sued.de/angebote/2026-09-21,40468,Düsseldorf,,,,미검토,,2057
2026-09-20 21:02 Europe/Berlin,ALDI SÜD,"ALDI SÜD, An der Piwipp 86, 40468 Düsseldorf",40468,식품,21.09.2026-26.09.2026,"IRONMAXX Prococo Riegel 48 g, Coconut Caramel","0,05 kg",1.99,,,"41,46 €/1 kg",https://www.aldi-sued.de/angebote/2026-09-21,40468,Düsseldorf,,,,미검토,,2058
2026-09-20 21:02 Europe/Berlin,ALDI SÜD,"ALDI SÜD, An der Piwipp 86, 40468 Düsseldorf",40468,식품,21.09.2026-26.09.2026,"IRONMAXX Proteccino Plant Pulver 500 g, Dark Cookie Crumble","0,5 kg",14.99,,,"29,98 €/1 kg",https://www.aldi-sued.de/angebote/2026-09-21,40468,Düsseldorf,,,,미검토,,2059
2026-09-20 21:02 Europe/Berlin,ALDI SÜD,"ALDI SÜD, An der Piwipp 86, 40468 Düsseldorf",40468,식품,21.09.2026-26.09.2026,"IRONMAXX Wafix Riegel 39 g, Peanut Caramel","0,04 kg",1.79,,,"45,90 €/1 kg",https://www.aldi-sued.de/angebote/2026-09-21,40468,Düsseldorf,,,,미검토,,2060
2026-09-20 21:02 Europe/Berlin,ALDI SÜD,"ALDI SÜD, An der Piwipp 86, 40468 Düsseldorf",40468,식품,21.09.2026-26.09.2026,"IRONMAXX Wafix Riegel 39 g, White Peanut Caramel","0,04 kg",1.79,,,"45,90 €/1 kg",https://www.aldi-sued.de/angebote/2026-09-21,40468,Düsseldorf,,,,미검토,,2061
2026-09-20 21:02 Europe/Berlin,ALDI SÜD,"ALDI SÜD, An der Piwipp 86, 40468 Düsseldorf",40468,식품,21.09.2026-26.09.2026,"IRONMAXX Whey Protein Pulver 500 g, Dark Cookie Salted Caramel","0,5 kg",13.49,,,"26,98 €/1 kg",https://www.aldi-sued.de/angebote/2026-09-21,40468,Düsseldorf,,,,미검토,,2062
2026-09-20 21:02 Europe/Berlin,ALDI SÜD,"ALDI SÜD, An der Piwipp 86, 40468 Düsseldorf",40468,식품,21.09.2026-26.09.2026,"IRONMAXX Whey Protein Pulver 500 g, Strawberry Ice Cream","0,5 kg",13.49,,,"26,98 €/1 kg",https://www.aldi-sued.de/angebote/2026-09-21,40468,Düsseldorf,,,,미검토,,2063
2026-09-20 21:02 Europe/Berlin,ALDI SÜD,"ALDI SÜD, An der Piwipp 86, 40468 Düsseldorf",40468,식품,25.09.2026-26.09.2026,LANDLIEBE Butter 250 g,"0,25 kg",1.29,,,"5,16 €/1 kg",https://www.aldi-sued.de/angebote/2026-09-25,40468,Düsseldorf,,,,미검토,,2064
2026-09-20 21:02 Europe/Berlin,ALDI SÜD,"ALDI SÜD, An der Piwipp 86, 40468 Düsseldorf",40468,식품,25.09.2026-26.09.2026,"LANDLIEBE Fruchtjoghurt 500 g, Erdbeere","0,5 kg",1.11,,,"2,22 €/1 kg",https://www.aldi-sued.de/angebote/2026-09-25?page=2,40468,Düsseldorf,,,,미검토,,2065
2026-09-20 21:02 Europe/Berlin,ALDI SÜD,"ALDI SÜD, An der Piwipp 86, 40468 Düsseldorf",40468,식품,25.09.2026-26.09.2026,"LANDLIEBE Fruchtjoghurt 500 g, Heidelbeere","0,5 kg",1.11,,,"2,22 €/1 kg",https://www.aldi-sued.de/angebote/2026-09-25?page=2,40468,Düsseldorf,,,,미검토,,2066
2026-09-20 21:02 Europe/Berlin,ALDI SÜD,"ALDI SÜD, An der Piwipp 86, 40468 Düsseldorf",40468,식품,25.09.2026-26.09.2026,"LANDLIEBE Fruchtjoghurt 500 g, Pfirsich","0,5 kg",1.11,,,"2,22 €/1 kg",https://www.aldi-sued.de/angebote/2026-09-25?page=2,40468,Düsseldorf,,,,미검토,,2067
2026-09-20 21:02 Europe/Berlin,ALDI SÜD,"ALDI SÜD, An der Piwipp 86, 40468 Düsseldorf",40468,식품,25.09.2026-26.09.2026,"LANDLIEBE Fruchtjoghurt 500 g, Vanille","0,5 kg",1.11,,,"2,22 €/1 kg",https://www.aldi-sued.de/angebote/2026-09-25?page=2,40468,Düsseldorf,,,,미검토,,2068
2026-09-20 21:02 Europe/Berlin,ALDI SÜD,"ALDI SÜD, An der Piwipp 86, 40468 Düsseldorf",40468,식품,25.09.2026-26.09.2026,MEINE METZGEREI Hackfleisch gemischt 1 kg,1 kg,6.99,,,"6,99 €/1 kg",https://www.aldi-sued.de/angebote/2026-09-25,40468,Düsseldorf,,,,미검토,,2069
2026-09-20 21:02 Europe/Berlin,ALDI SÜD,"ALDI SÜD, An der Piwipp 86, 40468 Düsseldorf",40468,식품,25.09.2026-26.09.2026,"MÜLLER Milchreis 200 g Limitiert, Bienenstich","0,2 kg",0.39,,,"1,95 €/1 kg",https://www.aldi-sued.de/angebote/2026-09-25?page=2,40468,Düsseldorf,,,,미검토,,2070
2026-09-20 21:02 Europe/Berlin,ALDI SÜD,"ALDI SÜD, An der Piwipp 86, 40468 Düsseldorf",40468,식품,25.09.2026-26.09.2026,"MÜLLER Milchreis 200 g Limitiert, Orange Vanille","0,2 kg",0.39,,,"1,95 €/1 kg",https://www.aldi-sued.de/angebote/2026-09-25?page=2,40468,Düsseldorf,,,,미검토,,2071
2026-09-20 21:02 Europe/Berlin,ALDI SÜD,"ALDI SÜD, An der Piwipp 86, 40468 Düsseldorf",40468,식품,25.09.2026-26.09.2026,"MÜLLER Milchreis 200 g Limitiert, Schoko Banane","0,2 kg",0.39,,,"1,95 €/1 kg",https://www.aldi-sued.de/angebote/2026-09-25?page=2,40468,Düsseldorf,,,,미검토,,2072
2026-09-20 21:02 Europe/Berlin,ALDI SÜD,"ALDI SÜD, An der Piwipp 86, 40468 Düsseldorf",40468,식품,25.09.2026-26.09.2026,"MÜLLER Milchreis 200 g, Pur","0,2 kg",0.39,,,"1,95 €/1 kg",https://www.aldi-sued.de/angebote/2026-09-25,40468,Düsseldorf,,,,미검토,,2073
2026-09-20 21:02 Europe/Berlin,ALDI SÜD,"ALDI SÜD, An der Piwipp 86, 40468 Düsseldorf",40468,식품,25.09.2026-26.09.2026,"MÜLLER Milchreis 200 g, Schokolade","0,2 kg",0.39,,,"1,95 €/1 kg",https://www.aldi-sued.de/angebote/2026-09-25,40468,Düsseldorf,,,,미검토,,2074
2026-09-20 21:02 Europe/Berlin,ALDI SÜD,"ALDI SÜD, An der Piwipp 86, 40468 Düsseldorf",40468,식품,25.09.2026-26.09.2026,"MÜLLER Milchreis 200 g, Vanille","0,2 kg",0.39,,,"1,95 €/1 kg",https://www.aldi-sued.de/angebote/2026-09-25,40468,Düsseldorf,,,,미검토,,2075
2026-09-20 21:02 Europe/Berlin,ALDI SÜD,"ALDI SÜD, An der Piwipp 86, 40468 Düsseldorf",40468,식품,25.09.2026-26.09.2026,"MÜLLER Milchreis 200 g, Zimt","0,2 kg",0.39,,,"1,95 €/1 kg",https://www.aldi-sued.de/angebote/2026-09-25,40468,Düsseldorf,,,,미검토,,2076
2026-09-20 21:02 Europe/Berlin,ALDI SÜD,"ALDI SÜD, An der Piwipp 86, 40468 Düsseldorf",40468,주류,25.09.2026-26.09.2026,Pastis de Marseille 700 ml,"0,7 l",8.99,,,"12,84 €/1 l",https://www.aldi-sued.de/angebote/2026-09-25,40468,Düsseldorf,,,,미검토,,2077
2026-09-20 21:02 Europe/Berlin,ALDI SÜD,"ALDI SÜD, An der Piwipp 86, 40468 Düsseldorf",40468,식품,25.09.2026-26.09.2026,"PRESIDENT Président Carré Gourmet 200 g, Classic","0,2 kg",2.29,,,"11,45 €/1 kg",https://www.aldi-sued.de/angebote/2026-09-25?page=3,40468,Düsseldorf,,,,미검토,,2078
2026-09-20 21:02 Europe/Berlin,ALDI SÜD,"ALDI SÜD, An der Piwipp 86, 40468 Düsseldorf",40468,식품,25.09.2026-26.09.2026,"PRESIDENT Président Snack 180g, fein-würzig","0,18 kg",2.29,,,"12,72 €/1 kg",https://www.aldi-sued.de/angebote/2026-09-25?page=3,40468,Düsseldorf,,,,미검토,,2079
2026-09-20 21:02 Europe/Berlin,ALDI SÜD,"ALDI SÜD, An der Piwipp 86, 40468 Düsseldorf",40468,식품,25.09.2026-26.09.2026,"PRESIDENT Président Snack 180g, mild-cremig","0,18 kg",2.29,,,"12,72 €/1 kg",https://www.aldi-sued.de/angebote/2026-09-25?page=3,40468,Düsseldorf,,,,미검토,,2080
2026-09-20 21:02 Europe/Berlin,ALDI SÜD,"ALDI SÜD, An der Piwipp 86, 40468 Düsseldorf",40468,식품,25.09.2026-26.09.2026,"ROUGETTE Ofenkäse 320 g, Kräuter","0,32 kg",3.99,,,"12,47 €/1 kg",https://www.aldi-sued.de/angebote/2026-09-25,40468,Düsseldorf,,,,미검토,,2081
2026-09-20 21:02 Europe/Berlin,ALDI SÜD,"ALDI SÜD, An der Piwipp 86, 40468 Düsseldorf",40468,식품,25.09.2026-26.09.2026,"ROUGETTE Ofenkäse 320 g, Mild-cremig","0,32 kg",3.99,,,"12,47 €/1 kg",https://www.aldi-sued.de/angebote/2026-09-25,40468,Düsseldorf,,,,미검토,,2082
2026-09-20 21:02 Europe/Berlin,ALDI SÜD,"ALDI SÜD, An der Piwipp 86, 40468 Düsseldorf",40468,식품,25.09.2026-26.09.2026,"ROUGETTE Ofenkäse 320 g, Würzig","0,32 kg",3.99,,,"12,47 €/1 kg",https://www.aldi-sued.de/angebote/2026-09-25,40468,Düsseldorf,,,,미검토,,2083
2026-09-20 21:02 Europe/Berlin,ALDI SÜD,"ALDI SÜD, An der Piwipp 86, 40468 Düsseldorf",40468,식품,25.09.2026-26.09.2026,"WIESBAUER Aufschnitt 200 g, Frühstück","0,2 kg",1.99,,,"9,95 €/1 kg",https://www.aldi-sued.de/angebote/2026-09-25,40468,Düsseldorf,,,,미검토,,2084
2026-09-20 21:02 Europe/Berlin,ALDI SÜD,"ALDI SÜD, An der Piwipp 86, 40468 Düsseldorf",40468,식품,25.09.2026-26.09.2026,"WIESBAUER Aufschnitt 200 g, Knackermix","0,2 kg",1.99,,,"9,95 €/1 kg",https://www.aldi-sued.de/angebote/2026-09-25,40468,Düsseldorf,,,,미검토,,2085
2026-09-20 21:02 Europe/Berlin,ALDI SÜD,"ALDI SÜD, Niederrheinstraße 158-166, 40474 Düsseldorf",40474,식품,25.09.2026-26.09.2026,· FAIR&GUT · Rindergulasch XXL,"0,8 kg",10.99,,,"13,74 €/1 kg",https://www.aldi-sued.de/angebote/2026-09-25,40474,Düsseldorf,,,,미검토,,2086
2026-09-20 21:02 Europe/Berlin,ALDI SÜD,"ALDI SÜD, Niederrheinstraße 158-166, 40474 Düsseldorf",40474,식품,25.09.2026-26.09.2026,"ALDI SPORTS Flavor Powder 120 g, Chocolate Brownie","0,12 kg",6.49,,,"54,08 €/1 kg",https://www.aldi-sued.de/angebote/2026-09-25?page=2,40474,Düsseldorf,,,,미검토,,2087
2026-09-20 21:02 Europe/Berlin,ALDI SÜD,"ALDI SÜD, Niederrheinstraße 158-166, 40474 Düsseldorf",40474,식품,25.09.2026-26.09.2026,"ALDI SPORTS Flavor Powder 120 g, Salty Caramel","0,12 kg",6.49,,,"54,08 €/1 kg",https://www.aldi-sued.de/angebote/2026-09-25?page=2,40474,Düsseldorf,,,,미검토,,2088
2026-09-20 21:02 Europe/Berlin,ALDI SÜD,"ALDI SÜD, Niederrheinstraße 158-166, 40474 Düsseldorf",40474,식품,25.09.2026-26.09.2026,"ALDI SPORTS Flavor Powder 120 g, Strawberry","0,12 kg",6.49,,,"54,08 €/1 kg",https://www.aldi-sued.de/angebote/2026-09-25?page=2,40474,Düsseldorf,,,,미검토,,2089
2026-09-20 21:02 Europe/Berlin,ALDI SÜD,"ALDI SÜD, Niederrheinstraße 158-166, 40474 Düsseldorf",40474,식품,25.09.2026-26.09.2026,"ALDI SPORTS Flavor Powder 120 g, Vanilla","0,12 kg",6.49,,,"54,08 €/1 kg",https://www.aldi-sued.de/angebote/2026-09-25?page=2,40474,Düsseldorf,,,,미검토,,2090
2026-09-20 21:02 Europe/Berlin,ALDI SÜD,"ALDI SÜD, Niederrheinstraße 158-166, 40474 Düsseldorf",40474,식품,25.09.2026-26.09.2026,ALDI SPORTS High Protein Sahne Pulver 350 g,"0,35 kg",9.99,,,"28,54 €/1 kg",https://www.aldi-sued.de/angebote/2026-09-25,40474,Düsseldorf,,,,미검토,,2091
2026-09-20 21:02 Europe/Berlin,ALDI SÜD,"ALDI SÜD, Niederrheinstraße 158-166, 40474 Düsseldorf",40474,식품,25.09.2026-26.09.2026,"ALDI SPORTS Kreatin Pulver 200g, Orange","0,2 kg",5.99,,,"29,95 €/1 kg",https://www.aldi-sued.de/angebote/2026-09-25?page=2,40474,Düsseldorf,,,,미검토,,2092
2026-09-20 21:02 Europe/Berlin,ALDI SÜD,"ALDI SÜD, Niederrheinstraße 158-166, 40474 Düsseldorf",40474,식품,25.09.2026-26.09.2026,"ALDI SPORTS Kreatin Pulver 200g, Waldbeere","0,2 kg",5.99,,,"29,95 €/1 kg",https://www.aldi-sued.de/angebote/2026-09-25?page=2,40474,Düsseldorf,,,,미검토,,2093
2026-09-20 21:02 Europe/Berlin,ALDI SÜD,"ALDI SÜD, Niederrheinstraße 158-166, 40474 Düsseldorf",40474,식품,25.09.2026-26.09.2026,ALDI SPORTS Protein Matcha Latte 250 g,"0,25 kg",9.95,,,"39,80 €/1 kg",https://www.aldi-sued.de/angebote/2026-09-25,40474,Düsseldorf,,,,미검토,,2094
2026-09-20 21:02 Europe/Berlin,ALDI SÜD,"ALDI SÜD, Niederrheinstraße 158-166, 40474 Düsseldorf",40474,식품,25.09.2026-26.09.2026,"ALDI SPORTS Protein Riegel Kreatin 50 g, Nougat Dark Chocolate","0,05 kg",1.29,,,"25,80 €/1 kg",https://www.aldi-sued.de/angebote/2026-09-25?page=2,40474,Düsseldorf,,,,미검토,,2095
2026-09-20 21:02 Europe/Berlin,ALDI SÜD,"ALDI SÜD, Niederrheinstraße 158-166, 40474 Düsseldorf",40474,식품,25.09.2026-26.09.2026,"ALDI SPORTS Protein Riegel Kreatin 50 g, Pistacchio White Chocolate","0,05 kg",1.29,,,"25,80 €/1 kg",https://www.aldi-sued.de/angebote/2026-09-25?page=2,40474,Düsseldorf,,,,미검토,,2096
2026-09-20 21:02 Europe/Berlin,ALDI SÜD,"ALDI SÜD, Niederrheinstraße 158-166, 40474 Düsseldorf",40474,식품,25.09.2026-26.09.2026,"ALDI SPORTS Veganer Proteinriegel 55 g, Cookies & Cream","0,06 kg",1.29,,,"23,45 €/1 kg",https://www.aldi-sued.de/angebote/2026-09-25?page=2,40474,Düsseldorf,,,,미검토,,2097
2026-09-20 21:02 Europe/Berlin,ALDI SÜD,"ALDI SÜD, Niederrheinstraße 158-166, 40474 Düsseldorf",40474,식품,25.09.2026-26.09.2026,"ALDI SPORTS Veganer Proteinriegel 55 g, Lemon Cake","0,06 kg",1.29,,,"23,45 €/1 kg",https://www.aldi-sued.de/angebote/2026-09-25?page=2,40474,Düsseldorf,,,,미검토,,2098
2026-09-20 21:02 Europe/Berlin,ALDI SÜD,"ALDI SÜD, Niederrheinstraße 158-166, 40474 Düsseldorf",40474,식품,25.09.2026-26.09.2026,Alpensalz 1 kg,1 kg,0.99,,,"0,99 €/1 kg",https://www.aldi-sued.de/angebote/2026-09-25,40474,Düsseldorf,,,,미검토,,2099
2026-09-20 21:02 Europe/Berlin,ALDI SÜD,"ALDI SÜD, Niederrheinstraße 158-166, 40474 Düsseldorf",40474,주류,25.09.2026-26.09.2026,"Apfel Cidre aus der Normandie 750 ml, Herb","0,75 l",1.49,,,"1,99 €/1 l",https://www.aldi-sued.de/angebote/2026-09-25,40474,Düsseldorf,,,,미검토,,2100
2026-09-20 21:02 Europe/Berlin,ALDI SÜD,"ALDI SÜD, Niederrheinstraße 158-166, 40474 Düsseldorf",40474,주류,25.09.2026-26.09.2026,"Apfel Cidre aus der Normandie 750 ml, Mild","0,75 l",1.49,,,"1,99 €/1 l",https://www.aldi-sued.de/angebote/2026-09-25,40474,Düsseldorf,,,,미검토,,2101
2026-09-20 21:02 Europe/Berlin,ALDI SÜD,"ALDI SÜD, Niederrheinstraße 158-166, 40474 Düsseldorf",40474,주류,25.09.2026-26.09.2026,BENEDIKTINER HELL Benediktiner Hell 5-l-Fass,5 l,8.99,,,"1,80 €/1 l",https://www.aldi-sued.de/angebote/2026-09-25,40474,Düsseldorf,,,,미검토,,2102
2026-09-20 21:02 Europe/Berlin,ALDI SÜD,"ALDI SÜD, Niederrheinstraße 158-166, 40474 Düsseldorf",40474,식품,25.09.2026-26.09.2026,CHOCEUR Nussknacker Vollmilch 300 g,"0,3 kg",3.49,,,"11,63 €/1 kg",https://www.aldi-sued.de/angebote/2026-09-25,40474,Düsseldorf,,,,미검토,,2103
2026-09-20 21:02 Europe/Berlin,ALDI SÜD,"ALDI SÜD, Niederrheinstraße 158-166, 40474 Düsseldorf",40474,주류,25.09.2026-26.09.2026,COUPERNE Calvados V.S 700 ml,"0,7 l",9.99,,,"14,27 €/1 l",https://www.aldi-sued.de/angebote/2026-09-25,40474,Düsseldorf,,,,미검토,,2104
2026-09-20 21:02 Europe/Berlin,ALDI SÜD,"ALDI SÜD, Niederrheinstraße 158-166, 40474 Düsseldorf",40474,식품,25.09.2026-26.09.2026,DR. OETKER Rustica 3-Salame,"0,49 kg",3.99,,,"8,16 €/1 kg",https://www.aldi-sued.de/angebote/2026-09-25,40474,Düsseldorf,,,,미검토,,2105
2026-09-20 21:02 Europe/Berlin,ALDI SÜD,"ALDI SÜD, Niederrheinstraße 158-166, 40474 Düsseldorf",40474,식품,25.09.2026-26.09.2026,DR. OETKER Rustica 5-Cheese 505 g,"0,51 kg",3.99,,,"7,90 €/1 kg",https://www.aldi-sued.de/angebote/2026-09-25,40474,Düsseldorf,,,,미검토,,2106
2026-09-20 21:02 Europe/Berlin,ALDI SÜD,"ALDI SÜD, Niederrheinstraße 158-166, 40474 Düsseldorf",40474,식품,25.09.2026-26.09.2026,FERRERO Maxi King 105 g,"0,11 kg",1.49,,,"14,19 €/1 kg",https://www.aldi-sued.de/angebote/2026-09-25,40474,Düsseldorf,,,,미검토,,2107
2026-09-20 21:02 Europe/Berlin,ALDI SÜD,"ALDI SÜD, Niederrheinstraße 158-166, 40474 Düsseldorf",40474,식품,25.09.2026-26.09.2026,FERRERO Rocher 250 g,"0,25 kg",5.99,,,"23,96 €/1 kg",https://www.aldi-sued.de/angebote/2026-09-25,40474,Düsseldorf,,,,미검토,,2108
2026-09-20 21:02 Europe/Berlin,ALDI SÜD,"ALDI SÜD, Niederrheinstraße 158-166, 40474 Düsseldorf",40474,식품,25.09.2026-26.09.2026,"FOL EPI Fol Epi  210 g, Caractere","0,21 kg",2.99,,,"14,24 €/1 kg",https://www.aldi-sued.de/angebote/2026-09-25?page=2,40474,Düsseldorf,,,,미검토,,2109
2026-09-20 21:02 Europe/Berlin,ALDI SÜD,"ALDI SÜD, Niederrheinstraße 158-166, 40474 Düsseldorf",40474,식품,25.09.2026-26.09.2026,"FOL EPI Fol Epi  210 g, Cremig","0,21 kg",2.99,,,"14,24 €/1 kg",https://www.aldi-sued.de/angebote/2026-09-25?page=2,40474,Düsseldorf,,,,미검토,,2110
2026-09-20 21:02 Europe/Berlin,ALDI SÜD,"ALDI SÜD, Niederrheinstraße 158-166, 40474 Düsseldorf",40474,식품,25.09.2026-26.09.2026,"FOL EPI Fol Epi  210 g, Kürbiskern","0,21 kg",2.99,,,"14,24 €/1 kg",https://www.aldi-sued.de/angebote/2026-09-25?page=2,40474,Düsseldorf,,,,미검토,,2111
2026-09-20 21:02 Europe/Berlin,ALDI SÜD,"ALDI SÜD, Niederrheinstraße 158-166, 40474 Düsseldorf",40474,식품,25.09.2026-26.09.2026,"FOL EPI Fol Epi  235 g, Classic","0,24 kg",2.99,,,"12,72 €/1 kg",https://www.aldi-sued.de/angebote/2026-09-25?page=2,40474,Düsseldorf,,,,미검토,,2112
2026-09-20 21:02 Europe/Berlin,ALDI SÜD,"ALDI SÜD, Niederrheinstraße 158-166, 40474 Düsseldorf",40474,식품,25.09.2026-26.09.2026,"FRANTASTIQUE! Mini französisches Feingebäck, Croissant","0,21 kg",1.49,,,"7,10 €/1 kg",https://www.aldi-sued.de/angebote/2026-09-25?page=2,40474,Düsseldorf,,,,미검토,,2113
2026-09-20 21:02 Europe/Berlin,ALDI SÜD,"ALDI SÜD, Niederrheinstraße 158-166, 40474 Düsseldorf",40474,식품,25.09.2026-26.09.2026,"FRANTASTIQUE! Mini französisches Feingebäck, Pains au Choc","0,23 kg",1.49,,,"6,48 €/1 kg",https://www.aldi-sued.de/angebote/2026-09-25?page=2,40474,Düsseldorf,,,,미검토,,2114
2026-09-20 21:02 Europe/Berlin,ALDI SÜD,"ALDI SÜD, Niederrheinstraße 158-166, 40474 Düsseldorf",40474,식품,25.09.2026-26.09.2026,"FUNNY FRISCH Chipsfrisch 250 g, Oriental","0,25 kg",1.79,,,"7,16 €/1 kg",https://www.aldi-sued.de/angebote/2026-09-25?page=2,40474,Düsseldorf,,,,미검토,,2115
2026-09-20 21:02 Europe/Berlin,ALDI SÜD,"ALDI SÜD, Niederrheinstraße 158-166, 40474 Düsseldorf",40474,식품,25.09.2026-26.09.2026,"FUNNY FRISCH Chipsfrisch 250 g, Ungarisch","0,25 kg",1.79,,,"7,16 €/1 kg",https://www.aldi-sued.de/angebote/2026-09-25?page=2,40474,Düsseldorf,,,,미검토,,2116
2026-09-20 21:02 Europe/Berlin,ALDI SÜD,"ALDI SÜD, Niederrheinstraße 158-166, 40474 Düsseldorf",40474,식품,25.09.2026-26.09.2026,"HERTA Kochschinken 140 g, Grillschinken","0,14 kg",1.99,,,"14,21 €/1 kg",https://www.aldi-sued.de/angebote/2026-09-25?page=2,40474,Düsseldorf,,,,미검토,,2117
2026-09-20 21:02 Europe/Berlin,ALDI SÜD,"ALDI SÜD, Niederrheinstraße 158-166, 40474 Düsseldorf",40474,식품,25.09.2026-26.09.2026,"HERTA Kochschinken 140 g, Saftschinken","0,14 kg",1.99,,,"14,21 €/1 kg",https://www.aldi-sued.de/angebote/2026-09-25?page=2,40474,Düsseldorf,,,,미검토,,2118
2026-09-20 21:02 Europe/Berlin,ALDI SÜD,"ALDI SÜD, Niederrheinstraße 158-166, 40474 Düsseldorf",40474,식품,25.09.2026-26.09.2026,"HOUDEK Kabanos Wiesn, Käse 180 g","0,18 kg",2.39,,,"13,28 €/1 kg",https://www.aldi-sued.de/angebote/2026-09-25?page=3,40474,Düsseldorf,,,,미검토,,2119
2026-09-20 21:02 Europe/Berlin,ALDI SÜD,"ALDI SÜD, Niederrheinstraße 158-166, 40474 Düsseldorf",40474,식품,25.09.2026-26.09.2026,"HOUDEK Kabanos Wiesn, Klassik 180 g","0,18 kg",2.39,,,"13,28 €/1 kg",https://www.aldi-sued.de/angebote/2026-09-25?page=3,40474,Düsseldorf,,,,미검토,,2120
2026-09-20 21:02 Europe/Berlin,ALDI SÜD,"ALDI SÜD, Niederrheinstraße 158-166, 40474 Düsseldorf",40474,식품,25.09.2026-26.09.2026,"HOUDEK Kabanos Wiesn, Klassik 200 g","0,2 kg",2.39,,,"11,95 €/1 kg",https://www.aldi-sued.de/angebote/2026-09-25?page=3,40474,Düsseldorf,,,,미검토,,2121
2026-09-20 21:02 Europe/Berlin,ALDI SÜD,"ALDI SÜD, Niederrheinstraße 158-166, 40474 Düsseldorf",40474,식품,25.09.2026-26.09.2026,"HOUDEK Kabanos Wiesn, Paprika 180 g","0,18 kg",2.39,,,"13,28 €/1 kg",https://www.aldi-sued.de/angebote/2026-09-25?page=3,40474,Düsseldorf,,,,미검토,,2122
2026-09-20 21:02 Europe/Berlin,ALDI SÜD,"ALDI SÜD, Niederrheinstraße 158-166, 40474 Düsseldorf",40474,식품,21.09.2026-26.09.2026,"IRONMAXX 100 % Milk Protein Pulver 500 g, Vanilla","0,5 kg",14.99,,,"29,98 €/1 kg",https://www.aldi-sued.de/angebote/2026-09-21,40474,Düsseldorf,,,,미검토,,2123
2026-09-20 21:02 Europe/Berlin,ALDI SÜD,"ALDI SÜD, Niederrheinstraße 158-166, 40474 Düsseldorf",40474,식품,21.09.2026-26.09.2026,"IRONMAXX Lava Bar 40 g, Cookies & Cream","0,04 kg",1.69,,,"42,25 €/1 kg",https://www.aldi-sued.de/angebote/2026-09-21,40474,Düsseldorf,,,,미검토,,2124
2026-09-20 21:02 Europe/Berlin,ALDI SÜD,"ALDI SÜD, Niederrheinstraße 158-166, 40474 Düsseldorf",40474,식품,21.09.2026-26.09.2026,"IRONMAXX Matcha Bites 2 × 23 g, Strawberry Flavour","0,05 kg",1.99,,,"43,26 €/1 kg",https://www.aldi-sued.de/angebote/2026-09-21?page=2,40474,Düsseldorf,,,,미검토,,2125
2026-09-20 21:02 Europe/Berlin,ALDI SÜD,"ALDI SÜD, Niederrheinstraße 158-166, 40474 Düsseldorf",40474,식품,21.09.2026-26.09.2026,"IRONMAXX Maxxers Protein Riegel, 49 g, White Chocolate Pistachio","0,05 kg",1.99,,,"40,61 €/1 kg",https://www.aldi-sued.de/angebote/2026-09-21,40474,Düsseldorf,,,,미검토,,2126
2026-09-20 21:02 Europe/Berlin,ALDI SÜD,"ALDI SÜD, Niederrheinstraße 158-166, 40474 Düsseldorf",40474,식품,21.09.2026-26.09.2026,"IRONMAXX Prococo Riegel 48 g, Coconut Caramel","0,05 kg",1.99,,,"41,46 €/1 kg",https://www.aldi-sued.de/angebote/2026-09-21,40474,Düsseldorf,,,,미검토,,2127
2026-09-20 21:02 Europe/Berlin,ALDI SÜD,"ALDI SÜD, Niederrheinstraße 158-166, 40474 Düsseldorf",40474,식품,21.09.2026-26.09.2026,"IRONMAXX Proteccino Plant Pulver 500 g, Dark Cookie Crumble","0,5 kg",14.99,,,"29,98 €/1 kg",https://www.aldi-sued.de/angebote/2026-09-21,40474,Düsseldorf,,,,미검토,,2128
2026-09-20 21:02 Europe/Berlin,ALDI SÜD,"ALDI SÜD, Niederrheinstraße 158-166, 40474 Düsseldorf",40474,식품,21.09.2026-26.09.2026,"IRONMAXX Wafix Riegel 39 g, Peanut Caramel","0,04 kg",1.79,,,"45,90 €/1 kg",https://www.aldi-sued.de/angebote/2026-09-21,40474,Düsseldorf,,,,미검토,,2129
2026-09-20 21:02 Europe/Berlin,ALDI SÜD,"ALDI SÜD, Niederrheinstraße 158-166, 40474 Düsseldorf",40474,식품,21.09.2026-26.09.2026,"IRONMAXX Wafix Riegel 39 g, White Peanut Caramel","0,04 kg",1.79,,,"45,90 €/1 kg",https://www.aldi-sued.de/angebote/2026-09-21,40474,Düsseldorf,,,,미검토,,2130
2026-09-20 21:02 Europe/Berlin,ALDI SÜD,"ALDI SÜD, Niederrheinstraße 158-166, 40474 Düsseldorf",40474,식품,21.09.2026-26.09.2026,"IRONMAXX Whey Protein Pulver 500 g, Dark Cookie Salted Caramel","0,5 kg",13.49,,,"26,98 €/1 kg",https://www.aldi-sued.de/angebote/2026-09-21,40474,Düsseldorf,,,,미검토,,2131
2026-09-20 21:02 Europe/Berlin,ALDI SÜD,"ALDI SÜD, Niederrheinstraße 158-166, 40474 Düsseldorf",40474,식품,21.09.2026-26.09.2026,"IRONMAXX Whey Protein Pulver 500 g, Strawberry Ice Cream","0,5 kg",13.49,,,"26,98 €/1 kg",https://www.aldi-sued.de/angebote/2026-09-21,40474,Düsseldorf,,,,미검토,,2132
2026-09-20 21:02 Europe/Berlin,ALDI SÜD,"ALDI SÜD, Niederrheinstraße 158-166, 40474 Düsseldorf",40474,식품,25.09.2026-26.09.2026,LANDLIEBE Butter 250 g,"0,25 kg",1.29,,,"5,16 €/1 kg",https://www.aldi-sued.de/angebote/2026-09-25,40474,Düsseldorf,,,,미검토,,2133
2026-09-20 21:02 Europe/Berlin,ALDI SÜD,"ALDI SÜD, Niederrheinstraße 158-166, 40474 Düsseldorf",40474,식품,25.09.2026-26.09.2026,"LANDLIEBE Fruchtjoghurt 500 g, Erdbeere","0,5 kg",1.11,,,"2,22 €/1 kg",https://www.aldi-sued.de/angebote/2026-09-25?page=2,40474,Düsseldorf,,,,미검토,,2134
2026-09-20 21:02 Europe/Berlin,ALDI SÜD,"ALDI SÜD, Niederrheinstraße 158-166, 40474 Düsseldorf",40474,식품,25.09.2026-26.09.2026,"LANDLIEBE Fruchtjoghurt 500 g, Heidelbeere","0,5 kg",1.11,,,"2,22 €/1 kg",https://www.aldi-sued.de/angebote/2026-09-25?page=2,40474,Düsseldorf,,,,미검토,,2135
2026-09-20 21:02 Europe/Berlin,ALDI SÜD,"ALDI SÜD, Niederrheinstraße 158-166, 40474 Düsseldorf",40474,식품,25.09.2026-26.09.2026,"LANDLIEBE Fruchtjoghurt 500 g, Pfirsich","0,5 kg",1.11,,,"2,22 €/1 kg",https://www.aldi-sued.de/angebote/2026-09-25?page=2,40474,Düsseldorf,,,,미검토,,2136
2026-09-20 21:02 Europe/Berlin,ALDI SÜD,"ALDI SÜD, Niederrheinstraße 158-166, 40474 Düsseldorf",40474,식품,25.09.2026-26.09.2026,"LANDLIEBE Fruchtjoghurt 500 g, Vanille","0,5 kg",1.11,,,"2,22 €/1 kg",https://www.aldi-sued.de/angebote/2026-09-25?page=2,40474,Düsseldorf,,,,미검토,,2137
2026-09-20 21:02 Europe/Berlin,ALDI SÜD,"ALDI SÜD, Niederrheinstraße 158-166, 40474 Düsseldorf",40474,식품,25.09.2026-26.09.2026,MEINE METZGEREI Hackfleisch gemischt 1 kg,1 kg,6.99,,,"6,99 €/1 kg",https://www.aldi-sued.de/angebote/2026-09-25,40474,Düsseldorf,,,,미검토,,2138
2026-09-20 21:02 Europe/Berlin,ALDI SÜD,"ALDI SÜD, Niederrheinstraße 158-166, 40474 Düsseldorf",40474,식품,25.09.2026-26.09.2026,"MÜLLER Milchreis 200 g Limitiert, Bienenstich","0,2 kg",0.39,,,"1,95 €/1 kg",https://www.aldi-sued.de/angebote/2026-09-25?page=2,40474,Düsseldorf,,,,미검토,,2139
2026-09-20 21:02 Europe/Berlin,ALDI SÜD,"ALDI SÜD, Niederrheinstraße 158-166, 40474 Düsseldorf",40474,식품,25.09.2026-26.09.2026,"MÜLLER Milchreis 200 g Limitiert, Orange Vanille","0,2 kg",0.39,,,"1,95 €/1 kg",https://www.aldi-sued.de/angebote/2026-09-25?page=2,40474,Düsseldorf,,,,미검토,,2140
2026-09-20 21:02 Europe/Berlin,ALDI SÜD,"ALDI SÜD, Niederrheinstraße 158-166, 40474 Düsseldorf",40474,식품,25.09.2026-26.09.2026,"MÜLLER Milchreis 200 g Limitiert, Schoko Banane","0,2 kg",0.39,,,"1,95 €/1 kg",https://www.aldi-sued.de/angebote/2026-09-25?page=2,40474,Düsseldorf,,,,미검토,,2141
2026-09-20 21:02 Europe/Berlin,ALDI SÜD,"ALDI SÜD, Niederrheinstraße 158-166, 40474 Düsseldorf",40474,식품,25.09.2026-26.09.2026,"MÜLLER Milchreis 200 g, Pur","0,2 kg",0.39,,,"1,95 €/1 kg",https://www.aldi-sued.de/angebote/2026-09-25,40474,Düsseldorf,,,,미검토,,2142
2026-09-20 21:02 Europe/Berlin,ALDI SÜD,"ALDI SÜD, Niederrheinstraße 158-166, 40474 Düsseldorf",40474,식품,25.09.2026-26.09.2026,"MÜLLER Milchreis 200 g, Schokolade","0,2 kg",0.39,,,"1,95 €/1 kg",https://www.aldi-sued.de/angebote/2026-09-25,40474,Düsseldorf,,,,미검토,,2143
2026-09-20 21:02 Europe/Berlin,ALDI SÜD,"ALDI SÜD, Niederrheinstraße 158-166, 40474 Düsseldorf",40474,식품,25.09.2026-26.09.2026,"MÜLLER Milchreis 200 g, Vanille","0,2 kg",0.39,,,"1,95 €/1 kg",https://www.aldi-sued.de/angebote/2026-09-25,40474,Düsseldorf,,,,미검토,,2144
2026-09-20 21:02 Europe/Berlin,ALDI SÜD,"ALDI SÜD, Niederrheinstraße 158-166, 40474 Düsseldorf",40474,식품,25.09.2026-26.09.2026,"MÜLLER Milchreis 200 g, Zimt","0,2 kg",0.39,,,"1,95 €/1 kg",https://www.aldi-sued.de/angebote/2026-09-25,40474,Düsseldorf,,,,미검토,,2145
2026-09-20 21:02 Europe/Berlin,ALDI SÜD,"ALDI SÜD, Niederrheinstraße 158-166, 40474 Düsseldorf",40474,주류,25.09.2026-26.09.2026,Pastis de Marseille 700 ml,"0,7 l",8.99,,,"12,84 €/1 l",https://www.aldi-sued.de/angebote/2026-09-25,40474,Düsseldorf,,,,미검토,,2146
2026-09-20 21:02 Europe/Berlin,ALDI SÜD,"ALDI SÜD, Niederrheinstraße 158-166, 40474 Düsseldorf",40474,식품,25.09.2026-26.09.2026,"PRESIDENT Président Carré Gourmet 200 g, Classic","0,2 kg",2.29,,,"11,45 €/1 kg",https://www.aldi-sued.de/angebote/2026-09-25?page=3,40474,Düsseldorf,,,,미검토,,2147
2026-09-20 21:02 Europe/Berlin,ALDI SÜD,"ALDI SÜD, Niederrheinstraße 158-166, 40474 Düsseldorf",40474,식품,25.09.2026-26.09.2026,"PRESIDENT Président Snack 180g, fein-würzig","0,18 kg",2.29,,,"12,72 €/1 kg",https://www.aldi-sued.de/angebote/2026-09-25?page=3,40474,Düsseldorf,,,,미검토,,2148
2026-09-20 21:02 Europe/Berlin,ALDI SÜD,"ALDI SÜD, Niederrheinstraße 158-166, 40474 Düsseldorf",40474,식품,25.09.2026-26.09.2026,"PRESIDENT Président Snack 180g, mild-cremig","0,18 kg",2.29,,,"12,72 €/1 kg",https://www.aldi-sued.de/angebote/2026-09-25?page=3,40474,Düsseldorf,,,,미검토,,2149
2026-09-20 21:02 Europe/Berlin,ALDI SÜD,"ALDI SÜD, Niederrheinstraße 158-166, 40474 Düsseldorf",40474,식품,25.09.2026-26.09.2026,"ROUGETTE Ofenkäse 320 g, Kräuter","0,32 kg",3.99,,,"12,47 €/1 kg",https://www.aldi-sued.de/angebote/2026-09-25,40474,Düsseldorf,,,,미검토,,2150
2026-09-20 21:02 Europe/Berlin,ALDI SÜD,"ALDI SÜD, Niederrheinstraße 158-166, 40474 Düsseldorf",40474,식품,25.09.2026-26.09.2026,"ROUGETTE Ofenkäse 320 g, Mild-cremig","0,32 kg",3.99,,,"12,47 €/1 kg",https://www.aldi-sued.de/angebote/2026-09-25,40474,Düsseldorf,,,,미검토,,2151
2026-09-20 21:02 Europe/Berlin,ALDI SÜD,"ALDI SÜD, Niederrheinstraße 158-166, 40474 Düsseldorf",40474,식품,25.09.2026-26.09.2026,"ROUGETTE Ofenkäse 320 g, Würzig","0,32 kg",3.99,,,"12,47 €/1 kg",https://www.aldi-sued.de/angebote/2026-09-25,40474,Düsseldorf,,,,미검토,,2152
2026-09-20 21:02 Europe/Berlin,ALDI SÜD,"ALDI SÜD, Niederrheinstraße 158-166, 40474 Düsseldorf",40474,식품,25.09.2026-26.09.2026,"WIESBAUER Aufschnitt 200 g, Frühstück","0,2 kg",1.99,,,"9,95 €/1 kg",https://www.aldi-sued.de/angebote/2026-09-25,40474,Düsseldorf,,,,미검토,,2153
2026-09-20 21:02 Europe/Berlin,ALDI SÜD,"ALDI SÜD, Niederrheinstraße 158-166, 40474 Düsseldorf",40474,식품,25.09.2026-26.09.2026,"WIESBAUER Aufschnitt 200 g, Knackermix","0,2 kg",1.99,,,"9,95 €/1 kg",https://www.aldi-sued.de/angebote/2026-09-25,40474,Düsseldorf,,,,미검토,,2154
2026-09-20 21:02 Europe/Berlin,ALDI SÜD,"ALDI SÜD, Franzstraße 2, 52064 Aachen",52064,식품,25.09.2026-26.09.2026,· FAIR&GUT · Rindergulasch XXL,"0,8 kg",10.99,,,"13,74 €/1 kg",https://www.aldi-sued.de/angebote/2026-09-25,52062,Aachen,,,,미검토,,2155
2026-09-20 21:02 Europe/Berlin,ALDI SÜD,"ALDI SÜD, Franzstraße 2, 52064 Aachen",52064,식품,25.09.2026-26.09.2026,"ALDI SPORTS Flavor Powder 120 g, Chocolate Brownie","0,12 kg",6.49,,,"54,08 €/1 kg",https://www.aldi-sued.de/angebote/2026-09-25?page=2,52062,Aachen,,,,미검토,,2156
2026-09-20 21:02 Europe/Berlin,ALDI SÜD,"ALDI SÜD, Franzstraße 2, 52064 Aachen",52064,식품,25.09.2026-26.09.2026,"ALDI SPORTS Flavor Powder 120 g, Salty Caramel","0,12 kg",6.49,,,"54,08 €/1 kg",https://www.aldi-sued.de/angebote/2026-09-25?page=2,52062,Aachen,,,,미검토,,2157
2026-09-20 21:02 Europe/Berlin,ALDI SÜD,"ALDI SÜD, Franzstraße 2, 52064 Aachen",52064,식품,25.09.2026-26.09.2026,"ALDI SPORTS Flavor Powder 120 g, Strawberry","0,12 kg",6.49,,,"54,08 €/1 kg",https://www.aldi-sued.de/angebote/2026-09-25?page=2,52062,Aachen,,,,미검토,,2158
2026-09-20 21:02 Europe/Berlin,ALDI SÜD,"ALDI SÜD, Franzstraße 2, 52064 Aachen",52064,식품,25.09.2026-26.09.2026,"ALDI SPORTS Flavor Powder 120 g, Vanilla","0,12 kg",6.49,,,"54,08 €/1 kg",https://www.aldi-sued.de/angebote/2026-09-25?page=2,52062,Aachen,,,,미검토,,2159
2026-09-20 21:02 Europe/Berlin,ALDI SÜD,"ALDI SÜD, Franzstraße 2, 52064 Aachen",52064,식품,25.09.2026-26.09.2026,ALDI SPORTS High Protein Sahne Pulver 350 g,"0,35 kg",9.99,,,"28,54 €/1 kg",https://www.aldi-sued.de/angebote/2026-09-25,52062,Aachen,,,,미검토,,2160
2026-09-20 21:02 Europe/Berlin,ALDI SÜD,"ALDI SÜD, Franzstraße 2, 52064 Aachen",52064,식품,25.09.2026-26.09.2026,"ALDI SPORTS Kreatin Pulver 200g, Orange","0,2 kg",5.99,,,"29,95 €/1 kg",https://www.aldi-sued.de/angebote/2026-09-25?page=2,52062,Aachen,,,,미검토,,2161
2026-09-20 21:02 Europe/Berlin,ALDI SÜD,"ALDI SÜD, Franzstraße 2, 52064 Aachen",52064,식품,25.09.2026-26.09.2026,"ALDI SPORTS Kreatin Pulver 200g, Waldbeere","0,2 kg",5.99,,,"29,95 €/1 kg",https://www.aldi-sued.de/angebote/2026-09-25?page=2,52062,Aachen,,,,미검토,,2162
2026-09-20 21:02 Europe/Berlin,ALDI SÜD,"ALDI SÜD, Franzstraße 2, 52064 Aachen",52064,식품,25.09.2026-26.09.2026,ALDI SPORTS Protein Matcha Latte 250 g,"0,25 kg",9.95,,,"39,80 €/1 kg",https://www.aldi-sued.de/angebote/2026-09-25,52062,Aachen,,,,미검토,,2163
2026-09-20 21:02 Europe/Berlin,ALDI SÜD,"ALDI SÜD, Franzstraße 2, 52064 Aachen",52064,식품,25.09.2026-26.09.2026,"ALDI SPORTS Protein Riegel Kreatin 50 g, Nougat Dark Chocolate","0,05 kg",1.29,,,"25,80 €/1 kg",https://www.aldi-sued.de/angebote/2026-09-25?page=2,52062,Aachen,,,,미검토,,2164
2026-09-20 21:02 Europe/Berlin,ALDI SÜD,"ALDI SÜD, Franzstraße 2, 52064 Aachen",52064,식품,25.09.2026-26.09.2026,"ALDI SPORTS Protein Riegel Kreatin 50 g, Pistacchio White Chocolate","0,05 kg",1.29,,,"25,80 €/1 kg",https://www.aldi-sued.de/angebote/2026-09-25?page=2,52062,Aachen,,,,미검토,,2165
2026-09-20 21:02 Europe/Berlin,ALDI SÜD,"ALDI SÜD, Franzstraße 2, 52064 Aachen",52064,식품,25.09.2026-26.09.2026,"ALDI SPORTS Veganer Proteinriegel 55 g, Cookies & Cream","0,06 kg",1.29,,,"23,45 €/1 kg",https://www.aldi-sued.de/angebote/2026-09-25?page=2,52062,Aachen,,,,미검토,,2166
2026-09-20 21:02 Europe/Berlin,ALDI SÜD,"ALDI SÜD, Franzstraße 2, 52064 Aachen",52064,식품,25.09.2026-26.09.2026,"ALDI SPORTS Veganer Proteinriegel 55 g, Lemon Cake","0,06 kg",1.29,,,"23,45 €/1 kg",https://www.aldi-sued.de/angebote/2026-09-25?page=2,52062,Aachen,,,,미검토,,2167
2026-09-20 21:02 Europe/Berlin,ALDI SÜD,"ALDI SÜD, Franzstraße 2, 52064 Aachen",52064,식품,25.09.2026-26.09.2026,Alpensalz 1 kg,1 kg,0.99,,,"0,99 €/1 kg",https://www.aldi-sued.de/angebote/2026-09-25,52062,Aachen,,,,미검토,,2168
2026-09-20 21:02 Europe/Berlin,ALDI SÜD,"ALDI SÜD, Franzstraße 2, 52064 Aachen",52064,주류,25.09.2026-26.09.2026,"Apfel Cidre aus der Normandie 750 ml, Herb","0,75 l",1.49,,,"1,99 €/1 l",https://www.aldi-sued.de/angebote/2026-09-25,52062,Aachen,,,,미검토,,2169
2026-09-20 21:02 Europe/Berlin,ALDI SÜD,"ALDI SÜD, Franzstraße 2, 52064 Aachen",52064,주류,25.09.2026-26.09.2026,"Apfel Cidre aus der Normandie 750 ml, Mild","0,75 l",1.49,,,"1,99 €/1 l",https://www.aldi-sued.de/angebote/2026-09-25,52062,Aachen,,,,미검토,,2170
2026-09-20 21:02 Europe/Berlin,ALDI SÜD,"ALDI SÜD, Franzstraße 2, 52064 Aachen",52064,주류,25.09.2026-26.09.2026,BENEDIKTINER HELL Benediktiner Hell 5-l-Fass,5 l,8.99,,,"1,80 €/1 l",https://www.aldi-sued.de/angebote/2026-09-25,52062,Aachen,,,,미검토,,2171
2026-09-20 21:02 Europe/Berlin,ALDI SÜD,"ALDI SÜD, Franzstraße 2, 52064 Aachen",52064,식품,25.09.2026-26.09.2026,CHOCEUR Nussknacker Vollmilch 300 g,"0,3 kg",3.49,,,"11,63 €/1 kg",https://www.aldi-sued.de/angebote/2026-09-25,52062,Aachen,,,,미검토,,2172
2026-09-20 21:02 Europe/Berlin,ALDI SÜD,"ALDI SÜD, Franzstraße 2, 52064 Aachen",52064,주류,25.09.2026-26.09.2026,COUPERNE Calvados V.S 700 ml,"0,7 l",9.99,,,"14,27 €/1 l",https://www.aldi-sued.de/angebote/2026-09-25,52062,Aachen,,,,미검토,,2173
2026-09-20 21:02 Europe/Berlin,ALDI SÜD,"ALDI SÜD, Franzstraße 2, 52064 Aachen",52064,식품,25.09.2026-26.09.2026,DR. OETKER Rustica 3-Salame,"0,49 kg",3.99,,,"8,16 €/1 kg",https://www.aldi-sued.de/angebote/2026-09-25,52062,Aachen,,,,미검토,,2174
2026-09-20 21:02 Europe/Berlin,ALDI SÜD,"ALDI SÜD, Franzstraße 2, 52064 Aachen",52064,식품,25.09.2026-26.09.2026,DR. OETKER Rustica 5-Cheese 505 g,"0,51 kg",3.99,,,"7,90 €/1 kg",https://www.aldi-sued.de/angebote/2026-09-25,52062,Aachen,,,,미검토,,2175
2026-09-20 21:02 Europe/Berlin,ALDI SÜD,"ALDI SÜD, Franzstraße 2, 52064 Aachen",52064,식품,25.09.2026-26.09.2026,FERRERO Maxi King 105 g,"0,11 kg",1.49,,,"14,19 €/1 kg",https://www.aldi-sued.de/angebote/2026-09-25,52062,Aachen,,,,미검토,,2176
2026-09-20 21:02 Europe/Berlin,ALDI SÜD,"ALDI SÜD, Franzstraße 2, 52064 Aachen",52064,식품,25.09.2026-26.09.2026,FERRERO Rocher 250 g,"0,25 kg",5.99,,,"23,96 €/1 kg",https://www.aldi-sued.de/angebote/2026-09-25,52062,Aachen,,,,미검토,,2177
2026-09-20 21:02 Europe/Berlin,ALDI SÜD,"ALDI SÜD, Franzstraße 2, 52064 Aachen",52064,식품,25.09.2026-26.09.2026,"FOL EPI Fol Epi  210 g, Caractere","0,21 kg",2.99,,,"14,24 €/1 kg",https://www.aldi-sued.de/angebote/2026-09-25?page=2,52062,Aachen,,,,미검토,,2178
2026-09-20 21:02 Europe/Berlin,ALDI SÜD,"ALDI SÜD, Franzstraße 2, 52064 Aachen",52064,식품,25.09.2026-26.09.2026,"FOL EPI Fol Epi  210 g, Cremig","0,21 kg",2.99,,,"14,24 €/1 kg",https://www.aldi-sued.de/angebote/2026-09-25?page=2,52062,Aachen,,,,미검토,,2179
2026-09-20 21:02 Europe/Berlin,ALDI SÜD,"ALDI SÜD, Franzstraße 2, 52064 Aachen",52064,식품,25.09.2026-26.09.2026,"FOL EPI Fol Epi  210 g, Kürbiskern","0,21 kg",2.99,,,"14,24 €/1 kg",https://www.aldi-sued.de/angebote/2026-09-25?page=2,52062,Aachen,,,,미검토,,2180
2026-09-20 21:02 Europe/Berlin,ALDI SÜD,"ALDI SÜD, Franzstraße 2, 52064 Aachen",52064,식품,25.09.2026-26.09.2026,"FOL EPI Fol Epi  235 g, Classic","0,24 kg",2.99,,,"12,72 €/1 kg",https://www.aldi-sued.de/angebote/2026-09-25?page=2,52062,Aachen,,,,미검토,,2181
2026-09-20 21:02 Europe/Berlin,ALDI SÜD,"ALDI SÜD, Franzstraße 2, 52064 Aachen",52064,식품,25.09.2026-26.09.2026,"FRANTASTIQUE! Mini französisches Feingebäck, Croissant","0,21 kg",1.49,,,"7,10 €/1 kg",https://www.aldi-sued.de/angebote/2026-09-25?page=2,52062,Aachen,,,,미검토,,2182
2026-09-20 21:02 Europe/Berlin,ALDI SÜD,"ALDI SÜD, Franzstraße 2, 52064 Aachen",52064,식품,25.09.2026-26.09.2026,"FRANTASTIQUE! Mini französisches Feingebäck, Pains au Choc","0,23 kg",1.49,,,"6,48 €/1 kg",https://www.aldi-sued.de/angebote/2026-09-25?page=2,52062,Aachen,,,,미검토,,2183
2026-09-20 21:02 Europe/Berlin,ALDI SÜD,"ALDI SÜD, Franzstraße 2, 52064 Aachen",52064,식품,25.09.2026-26.09.2026,"FUNNY FRISCH Chipsfrisch 250 g, Oriental","0,25 kg",1.79,,,"7,16 €/1 kg",https://www.aldi-sued.de/angebote/2026-09-25?page=2,52062,Aachen,,,,미검토,,2184
2026-09-20 21:02 Europe/Berlin,ALDI SÜD,"ALDI SÜD, Franzstraße 2, 52064 Aachen",52064,식품,25.09.2026-26.09.2026,"FUNNY FRISCH Chipsfrisch 250 g, Ungarisch","0,25 kg",1.79,,,"7,16 €/1 kg",https://www.aldi-sued.de/angebote/2026-09-25?page=2,52062,Aachen,,,,미검토,,2185
2026-09-20 21:02 Europe/Berlin,ALDI SÜD,"ALDI SÜD, Franzstraße 2, 52064 Aachen",52064,식품,25.09.2026-26.09.2026,"HERTA Kochschinken 140 g, Grillschinken","0,14 kg",1.99,,,"14,21 €/1 kg",https://www.aldi-sued.de/angebote/2026-09-25?page=2,52062,Aachen,,,,미검토,,2186
2026-09-20 21:02 Europe/Berlin,ALDI SÜD,"ALDI SÜD, Franzstraße 2, 52064 Aachen",52064,식품,25.09.2026-26.09.2026,"HERTA Kochschinken 140 g, Saftschinken","0,14 kg",1.99,,,"14,21 €/1 kg",https://www.aldi-sued.de/angebote/2026-09-25?page=2,52062,Aachen,,,,미검토,,2187
2026-09-20 21:02 Europe/Berlin,ALDI SÜD,"ALDI SÜD, Franzstraße 2, 52064 Aachen",52064,식품,25.09.2026-26.09.2026,"HOUDEK Kabanos Wiesn, Käse 180 g","0,18 kg",2.39,,,"13,28 €/1 kg",https://www.aldi-sued.de/angebote/2026-09-25?page=3,52062,Aachen,,,,미검토,,2188
2026-09-20 21:02 Europe/Berlin,ALDI SÜD,"ALDI SÜD, Franzstraße 2, 52064 Aachen",52064,식품,25.09.2026-26.09.2026,"HOUDEK Kabanos Wiesn, Klassik 180 g","0,18 kg",2.39,,,"13,28 €/1 kg",https://www.aldi-sued.de/angebote/2026-09-25?page=3,52062,Aachen,,,,미검토,,2189
2026-09-20 21:02 Europe/Berlin,ALDI SÜD,"ALDI SÜD, Franzstraße 2, 52064 Aachen",52064,식품,25.09.2026-26.09.2026,"HOUDEK Kabanos Wiesn, Klassik 200 g","0,2 kg",2.39,,,"11,95 €/1 kg",https://www.aldi-sued.de/angebote/2026-09-25?page=3,52062,Aachen,,,,미검토,,2190
2026-09-20 21:02 Europe/Berlin,ALDI SÜD,"ALDI SÜD, Franzstraße 2, 52064 Aachen",52064,식품,25.09.2026-26.09.2026,"HOUDEK Kabanos Wiesn, Paprika 180 g","0,18 kg",2.39,,,"13,28 €/1 kg",https://www.aldi-sued.de/angebote/2026-09-25?page=3,52062,Aachen,,,,미검토,,2191
2026-09-20 21:02 Europe/Berlin,ALDI SÜD,"ALDI SÜD, Franzstraße 2, 52064 Aachen",52064,식품,21.09.2026-26.09.2026,"IRONMAXX 100 % Milk Protein Pulver 500 g, Vanilla","0,5 kg",14.99,,,"29,98 €/1 kg",https://www.aldi-sued.de/angebote/2026-09-21,52062,Aachen,,,,미검토,,2192
2026-09-20 21:02 Europe/Berlin,ALDI SÜD,"ALDI SÜD, Franzstraße 2, 52064 Aachen",52064,식품,21.09.2026-26.09.2026,"IRONMAXX Lava Bar 40 g, Cookies & Cream","0,04 kg",1.69,,,"42,25 €/1 kg",https://www.aldi-sued.de/angebote/2026-09-21,52062,Aachen,,,,미검토,,2193
2026-09-20 21:02 Europe/Berlin,ALDI SÜD,"ALDI SÜD, Franzstraße 2, 52064 Aachen",52064,식품,21.09.2026-26.09.2026,"IRONMAXX Matcha Bites 2 × 23 g, Strawberry Flavour","0,05 kg",1.99,,,"43,26 €/1 kg",https://www.aldi-sued.de/angebote/2026-09-21?page=2,52062,Aachen,,,,미검토,,2194
2026-09-20 21:02 Europe/Berlin,ALDI SÜD,"ALDI SÜD, Franzstraße 2, 52064 Aachen",52064,식품,21.09.2026-26.09.2026,"IRONMAXX Maxxers Protein Riegel, 49 g, White Chocolate Pistachio","0,05 kg",1.99,,,"40,61 €/1 kg",https://www.aldi-sued.de/angebote/2026-09-21,52062,Aachen,,,,미검토,,2195
2026-09-20 21:02 Europe/Berlin,ALDI SÜD,"ALDI SÜD, Franzstraße 2, 52064 Aachen",52064,식품,21.09.2026-26.09.2026,"IRONMAXX Prococo Riegel 48 g, Coconut Caramel","0,05 kg",1.99,,,"41,46 €/1 kg",https://www.aldi-sued.de/angebote/2026-09-21,52062,Aachen,,,,미검토,,2196
2026-09-20 21:02 Europe/Berlin,ALDI SÜD,"ALDI SÜD, Franzstraße 2, 52064 Aachen",52064,식품,21.09.2026-26.09.2026,"IRONMAXX Proteccino Plant Pulver 500 g, Dark Cookie Crumble","0,5 kg",14.99,,,"29,98 €/1 kg",https://www.aldi-sued.de/angebote/2026-09-21,52062,Aachen,,,,미검토,,2197
2026-09-20 21:02 Europe/Berlin,ALDI SÜD,"ALDI SÜD, Franzstraße 2, 52064 Aachen",52064,식품,21.09.2026-26.09.2026,"IRONMAXX Wafix Riegel 39 g, Peanut Caramel","0,04 kg",1.79,,,"45,90 €/1 kg",https://www.aldi-sued.de/angebote/2026-09-21,52062,Aachen,,,,미검토,,2198
2026-09-20 21:02 Europe/Berlin,ALDI SÜD,"ALDI SÜD, Franzstraße 2, 52064 Aachen",52064,식품,21.09.2026-26.09.2026,"IRONMAXX Wafix Riegel 39 g, White Peanut Caramel","0,04 kg",1.79,,,"45,90 €/1 kg",https://www.aldi-sued.de/angebote/2026-09-21,52062,Aachen,,,,미검토,,2199
2026-09-20 21:02 Europe/Berlin,ALDI SÜD,"ALDI SÜD, Franzstraße 2, 52064 Aachen",52064,식품,21.09.2026-26.09.2026,"IRONMAXX Whey Protein Pulver 500 g, Dark Cookie Salted Caramel","0,5 kg",13.49,,,"26,98 €/1 kg",https://www.aldi-sued.de/angebote/2026-09-21,52062,Aachen,,,,미검토,,2200
2026-09-20 21:02 Europe/Berlin,ALDI SÜD,"ALDI SÜD, Franzstraße 2, 52064 Aachen",52064,식품,21.09.2026-26.09.2026,"IRONMAXX Whey Protein Pulver 500 g, Strawberry Ice Cream","0,5 kg",13.49,,,"26,98 €/1 kg",https://www.aldi-sued.de/angebote/2026-09-21,52062,Aachen,,,,미검토,,2201
2026-09-20 21:02 Europe/Berlin,ALDI SÜD,"ALDI SÜD, Franzstraße 2, 52064 Aachen",52064,식품,25.09.2026-26.09.2026,LANDLIEBE Butter 250 g,"0,25 kg",1.29,,,"5,16 €/1 kg",https://www.aldi-sued.de/angebote/2026-09-25,52062,Aachen,,,,미검토,,2202
2026-09-20 21:02 Europe/Berlin,ALDI SÜD,"ALDI SÜD, Franzstraße 2, 52064 Aachen",52064,식품,25.09.2026-26.09.2026,"LANDLIEBE Fruchtjoghurt 500 g, Erdbeere","0,5 kg",1.11,,,"2,22 €/1 kg",https://www.aldi-sued.de/angebote/2026-09-25?page=2,52062,Aachen,,,,미검토,,2203
2026-09-20 21:02 Europe/Berlin,ALDI SÜD,"ALDI SÜD, Franzstraße 2, 52064 Aachen",52064,식품,25.09.2026-26.09.2026,"LANDLIEBE Fruchtjoghurt 500 g, Heidelbeere","0,5 kg",1.11,,,"2,22 €/1 kg",https://www.aldi-sued.de/angebote/2026-09-25?page=2,52062,Aachen,,,,미검토,,2204
2026-09-20 21:02 Europe/Berlin,ALDI SÜD,"ALDI SÜD, Franzstraße 2, 52064 Aachen",52064,식품,25.09.2026-26.09.2026,"LANDLIEBE Fruchtjoghurt 500 g, Pfirsich","0,5 kg",1.11,,,"2,22 €/1 kg",https://www.aldi-sued.de/angebote/2026-09-25?page=2,52062,Aachen,,,,미검토,,2205
2026-09-20 21:02 Europe/Berlin,ALDI SÜD,"ALDI SÜD, Franzstraße 2, 52064 Aachen",52064,식품,25.09.2026-26.09.2026,"LANDLIEBE Fruchtjoghurt 500 g, Vanille","0,5 kg",1.11,,,"2,22 €/1 kg",https://www.aldi-sued.de/angebote/2026-09-25?page=2,52062,Aachen,,,,미검토,,2206
2026-09-20 21:02 Europe/Berlin,ALDI SÜD,"ALDI SÜD, Franzstraße 2, 52064 Aachen",52064,식품,25.09.2026-26.09.2026,MEINE METZGEREI Hackfleisch gemischt 1 kg,1 kg,6.99,,,"6,99 €/1 kg",https://www.aldi-sued.de/angebote/2026-09-25,52062,Aachen,,,,미검토,,2207
2026-09-20 21:02 Europe/Berlin,ALDI SÜD,"ALDI SÜD, Franzstraße 2, 52064 Aachen",52064,식품,25.09.2026-26.09.2026,"MÜLLER Milchreis 200 g Limitiert, Bienenstich","0,2 kg",0.39,,,"1,95 €/1 kg",https://www.aldi-sued.de/angebote/2026-09-25?page=2,52062,Aachen,,,,미검토,,2208
2026-09-20 21:02 Europe/Berlin,ALDI SÜD,"ALDI SÜD, Franzstraße 2, 52064 Aachen",52064,식품,25.09.2026-26.09.2026,"MÜLLER Milchreis 200 g Limitiert, Orange Vanille","0,2 kg",0.39,,,"1,95 €/1 kg",https://www.aldi-sued.de/angebote/2026-09-25?page=2,52062,Aachen,,,,미검토,,2209
2026-09-20 21:02 Europe/Berlin,ALDI SÜD,"ALDI SÜD, Franzstraße 2, 52064 Aachen",52064,식품,25.09.2026-26.09.2026,"MÜLLER Milchreis 200 g Limitiert, Schoko Banane","0,2 kg",0.39,,,"1,95 €/1 kg",https://www.aldi-sued.de/angebote/2026-09-25?page=2,52062,Aachen,,,,미검토,,2210
2026-09-20 21:02 Europe/Berlin,ALDI SÜD,"ALDI SÜD, Franzstraße 2, 52064 Aachen",52064,식품,25.09.2026-26.09.2026,"MÜLLER Milchreis 200 g, Pur","0,2 kg",0.39,,,"1,95 €/1 kg",https://www.aldi-sued.de/angebote/2026-09-25,52062,Aachen,,,,미검토,,2211
2026-09-20 21:02 Europe/Berlin,ALDI SÜD,"ALDI SÜD, Franzstraße 2, 52064 Aachen",52064,식품,25.09.2026-26.09.2026,"MÜLLER Milchreis 200 g, Schokolade","0,2 kg",0.39,,,"1,95 €/1 kg",https://www.aldi-sued.de/angebote/2026-09-25,52062,Aachen,,,,미검토,,2212
2026-09-20 21:02 Europe/Berlin,ALDI SÜD,"ALDI SÜD, Franzstraße 2, 52064 Aachen",52064,식품,25.09.2026-26.09.2026,"MÜLLER Milchreis 200 g, Vanille","0,2 kg",0.39,,,"1,95 €/1 kg",https://www.aldi-sued.de/angebote/2026-09-25,52062,Aachen,,,,미검토,,2213
2026-09-20 21:02 Europe/Berlin,ALDI SÜD,"ALDI SÜD, Franzstraße 2, 52064 Aachen",52064,식품,25.09.2026-26.09.2026,"MÜLLER Milchreis 200 g, Zimt","0,2 kg",0.39,,,"1,95 €/1 kg",https://www.aldi-sued.de/angebote/2026-09-25,52062,Aachen,,,,미검토,,2214
2026-09-20 21:02 Europe/Berlin,ALDI SÜD,"ALDI SÜD, Franzstraße 2, 52064 Aachen",52064,주류,25.09.2026-26.09.2026,Pastis de Marseille 700 ml,"0,7 l",8.99,,,"12,84 €/1 l",https://www.aldi-sued.de/angebote/2026-09-25,52062,Aachen,,,,미검토,,2215
2026-09-20 21:02 Europe/Berlin,ALDI SÜD,"ALDI SÜD, Franzstraße 2, 52064 Aachen",52064,식품,25.09.2026-26.09.2026,"PRESIDENT Président Carré Gourmet 200 g, Classic","0,2 kg",2.29,,,"11,45 €/1 kg",https://www.aldi-sued.de/angebote/2026-09-25?page=3,52062,Aachen,,,,미검토,,2216
2026-09-20 21:02 Europe/Berlin,ALDI SÜD,"ALDI SÜD, Franzstraße 2, 52064 Aachen",52064,식품,25.09.2026-26.09.2026,"PRESIDENT Président Snack 180g, fein-würzig","0,18 kg",2.29,,,"12,72 €/1 kg",https://www.aldi-sued.de/angebote/2026-09-25?page=3,52062,Aachen,,,,미검토,,2217
2026-09-20 21:02 Europe/Berlin,ALDI SÜD,"ALDI SÜD, Franzstraße 2, 52064 Aachen",52064,식품,25.09.2026-26.09.2026,"PRESIDENT Président Snack 180g, mild-cremig","0,18 kg",2.29,,,"12,72 €/1 kg",https://www.aldi-sued.de/angebote/2026-09-25?page=3,52062,Aachen,,,,미검토,,2218
2026-09-20 21:02 Europe/Berlin,ALDI SÜD,"ALDI SÜD, Franzstraße 2, 52064 Aachen",52064,식품,25.09.2026-26.09.2026,"ROUGETTE Ofenkäse 320 g, Kräuter","0,32 kg",3.99,,,"12,47 €/1 kg",https://www.aldi-sued.de/angebote/2026-09-25,52062,Aachen,,,,미검토,,2219
2026-09-20 21:02 Europe/Berlin,ALDI SÜD,"ALDI SÜD, Franzstraße 2, 52064 Aachen",52064,식품,25.09.2026-26.09.2026,"ROUGETTE Ofenkäse 320 g, Mild-cremig","0,32 kg",3.99,,,"12,47 €/1 kg",https://www.aldi-sued.de/angebote/2026-09-25,52062,Aachen,,,,미검토,,2220
2026-09-20 21:02 Europe/Berlin,ALDI SÜD,"ALDI SÜD, Franzstraße 2, 52064 Aachen",52064,식품,25.09.2026-26.09.2026,"ROUGETTE Ofenkäse 320 g, Würzig","0,32 kg",3.99,,,"12,47 €/1 kg",https://www.aldi-sued.de/angebote/2026-09-25,52062,Aachen,,,,미검토,,2221
2026-09-20 21:02 Europe/Berlin,ALDI SÜD,"ALDI SÜD, Franzstraße 2, 52064 Aachen",52064,식품,25.09.2026-26.09.2026,"WIESBAUER Aufschnitt 200 g, Frühstück","0,2 kg",1.99,,,"9,95 €/1 kg",https://www.aldi-sued.de/angebote/2026-09-25,52062,Aachen,,,,미검토,,2222
2026-09-20 21:02 Europe/Berlin,ALDI SÜD,"ALDI SÜD, Franzstraße 2, 52064 Aachen",52064,식품,25.09.2026-26.09.2026,"WIESBAUER Aufschnitt 200 g, Knackermix","0,2 kg",1.99,,,"9,95 €/1 kg",https://www.aldi-sued.de/angebote/2026-09-25,52062,Aachen,,,,미검토,,2223
2026-09-20 21:02 Europe/Berlin,ALDI Nord,"ALDI Nord, Aspeystraße 75, 44369 Dortmund",44369,식품,24.09.2026-26.09.2026,ALL SEASONS Rote Grütze,740-g-Glas,1.79,,,kg = 2.42,https://www.aldi-nord.de/angebote.html,44369,Dortmund,,,,미검토,,2224
2026-09-20 21:02 Europe/Berlin,ALDI Nord,"ALDI Nord, Aspeystraße 75, 44369 Dortmund",44369,식품,24.09.2026-26.09.2026,BARILLA Pesto,190-g-Glas,1.69,,-51%,kg = 8.89,https://www.aldi-nord.de/angebote.html,44369,Dortmund,,,,미검토,,2225
2026-09-20 21:02 Europe/Berlin,ALDI Nord,"ALDI Nord, Aspeystraße 75, 44369 Dortmund",44369,식품,24.09.2026-26.09.2026,BARILLA Pesto,Glas,1.69,,-51%,kg = 8.89 / 8.45,https://www.aldi-nord.de/angebote.html,44369,Dortmund,,,,미검토,,2226
2026-09-20 21:02 Europe/Berlin,ALDI Nord,"ALDI Nord, Aspeystraße 75, 44369 Dortmund",44369,식품,24.09.2026-26.09.2026,BARILLA Pesto Basilico e Mozzarella du Bufala,190-g-Glas,1.69,,-51%,kg = 8.89,https://www.aldi-nord.de/angebote.html,44369,Dortmund,,,,미검토,,2227
2026-09-20 21:02 Europe/Berlin,ALDI Nord,"ALDI Nord, Aspeystraße 75, 44369 Dortmund",44369,식품,21.09.2026-23.09.2026,BARILLA Sauce,400-g-Glas,1.79,,-43%,kg = 4.48,https://www.aldi-nord.de/angebote.html,44369,Dortmund,,,,미검토,,2228
2026-09-20 21:02 Europe/Berlin,ALDI Nord,"ALDI Nord, Aspeystraße 75, 44369 Dortmund",44369,식품,24.09.2026-26.09.2026,BBQ Garnelenschwänze,200-g-Packung,3.99,,,kg = 19.95,https://www.aldi-nord.de/angebote.html,44369,Dortmund,,,,미검토,,2229
2026-09-20 21:02 Europe/Berlin,ALDI Nord,"ALDI Nord, Aspeystraße 75, 44369 Dortmund",44369,식품,24.09.2026-26.09.2026,BBQ Iberico-Grillspieße,300-g-Packung,4.99,,,kg = 16.63,https://www.aldi-nord.de/angebote.html,44369,Dortmund,,,,미검토,,2230
2026-09-20 21:02 Europe/Berlin,ALDI Nord,"ALDI Nord, Aspeystraße 75, 44369 Dortmund",44369,식품,24.09.2026-26.09.2026,BBQ Picanha-Steak,z. B. 250 g,3.89,,,kg = 15.56,https://www.aldi-nord.de/angebote.html,44369,Dortmund,,,,미검토,,2231
2026-09-20 21:02 Europe/Berlin,ALDI Nord,"ALDI Nord, Aspeystraße 75, 44369 Dortmund",44369,식품,24.09.2026-26.09.2026,BECEL Streichfett,250-g-Packung,1.29,,,kg = 5.16,https://www.aldi-nord.de/angebote.html,44369,Dortmund,,,,미검토,,2232
2026-09-20 21:02 Europe/Berlin,ALDI Nord,"ALDI Nord, Aspeystraße 75, 44369 Dortmund",44369,식품,24.09.2026-26.09.2026,BIO Dinkelpasta,500-g-Packung,1.29,,,kg = 2.58,https://www.aldi-nord.de/angebote.html,44369,Dortmund,,,,미검토,,2233
2026-09-20 21:02 Europe/Berlin,ALDI Nord,"ALDI Nord, Aspeystraße 75, 44369 Dortmund",44369,식품,21.09.2026-23.09.2026,BIO Kulturchampignons braun,250-g-Schale,1.49,,-21%,kg = 5.96,https://www.aldi-nord.de/angebote.html,44369,Dortmund,,,,미검토,,2234
2026-09-20 21:02 Europe/Berlin,ALDI Nord,"ALDI Nord, Aspeystraße 75, 44369 Dortmund",44369,식품,21.09.2026-23.09.2026,BIO Speisemöhren,1-kg-Beutel,1.11,,,kg = 1.11,https://www.aldi-nord.de/angebote.html,44369,Dortmund,,,,미검토,,2235
2026-09-20 21:02 Europe/Berlin,ALDI Nord,"ALDI Nord, Aspeystraße 75, 44369 Dortmund",44369,식품,21.09.2026-23.09.2026,Blumenkohl,Stück,1.11,,-13%,1.29 €,https://www.aldi-nord.de/angebote.html,44369,Dortmund,,,,미검토,,2236
2026-09-20 21:02 Europe/Berlin,ALDI Nord,"ALDI Nord, Aspeystraße 75, 44369 Dortmund",44369,식품,21.09.2026-23.09.2026,Brunch,185-g-Packung,1.19,,-37%,kg = 6.43,https://www.aldi-nord.de/angebote.html,44369,Dortmund,,,,미검토,,2237
2026-09-20 21:02 Europe/Berlin,ALDI Nord,"ALDI Nord, Aspeystraße 75, 44369 Dortmund",44369,음료,21.09.2026-23.09.2026,CANTINE MADAUDO Cuvée Etna Rosso DOC,"0,75-L-Flasche",8.49,,,Liter = 11.32,https://www.aldi-nord.de/angebote.html,44369,Dortmund,,,,미검토,,2238
2026-09-20 21:02 Europe/Berlin,ALDI Nord,"ALDI Nord, Aspeystraße 75, 44369 Dortmund",44369,음료,24.09.2026-26.09.2026,COCA-COLA Original Taste,2-L-Flasche,1.29,,-41%,Liter = 0.65,https://www.aldi-nord.de/angebote.html,44369,Dortmund,,,,미검토,,2239
2026-09-20 21:02 Europe/Berlin,ALDI Nord,"ALDI Nord, Aspeystraße 75, 44369 Dortmund",44369,음료,24.09.2026-26.09.2026,COCA-COLA Zero Sugar,2-L-Flasche,1.29,,-41%,Liter = 0.65,https://www.aldi-nord.de/angebote.html,44369,Dortmund,,,,미검토,,2240
2026-09-20 21:02 Europe/Berlin,ALDI Nord,"ALDI Nord, Aspeystraße 75, 44369 Dortmund",44369,식품,21.09.2026-23.09.2026,DANONE Actimel Erdbeere XXXL,14x100-g-Packung,3.39,,,kg = 2.42,https://www.aldi-nord.de/angebote.html,44369,Dortmund,,,,미검토,,2241
2026-09-20 21:02 Europe/Berlin,ALDI Nord,"ALDI Nord, Aspeystraße 75, 44369 Dortmund",44369,식품,21.09.2026-23.09.2026,DANONE Actimel XXXL,14x100-g-Packung,3.39,,,kg = 2.42,https://www.aldi-nord.de/angebote.html,44369,Dortmund,,,,미검토,,2242
2026-09-20 21:02 Europe/Berlin,ALDI Nord,"ALDI Nord, Aspeystraße 75, 44369 Dortmund",44369,식품,21.09.2026-23.09.2026,DAYLICIOUS Burger XXL,Packung,2.99,,,kg = 11.73 / 10.87,https://www.aldi-nord.de/angebote.html,44369,Dortmund,,,,미검토,,2243
2026-09-20 21:02 Europe/Berlin,ALDI Nord,"ALDI Nord, Aspeystraße 75, 44369 Dortmund",44369,식품,24.09.2026-26.09.2026,DOVGAN Taschki Pelmeni XXL,1-kg-Beutel,3.99,,-42%,kg = 3.99,https://www.aldi-nord.de/angebote.html,44369,Dortmund,,,,미검토,,2244
2026-09-20 21:02 Europe/Berlin,ALDI Nord,"ALDI Nord, Aspeystraße 75, 44369 Dortmund",44369,식품,21.09.2026-23.09.2026,DR. OETKER Backmischung,Packung,2.49,,,kg = 9.96 / 8.59 / 6.73 / 5.11 / 4.86 / 4.74 / 4.29,https://www.aldi-nord.de/angebote.html,44369,Dortmund,,,,미검토,,2245
2026-09-20 21:02 Europe/Berlin,ALDI Nord,"ALDI Nord, Aspeystraße 75, 44369 Dortmund",44369,식품,24.09.2026-26.09.2026,DR. OETKER Bistro-Baguette à la Provence,500-g-Packung,2.49,,-43%,kg = 4.98,https://www.aldi-nord.de/angebote.html,44369,Dortmund,,,,미검토,,2246
2026-09-20 21:02 Europe/Berlin,ALDI Nord,"ALDI Nord, Aspeystraße 75, 44369 Dortmund",44369,식품,24.09.2026-26.09.2026,DR. OETKER Bistro-Baguette Champignon,500-g-Packung,2.49,,-43%,kg = 4.98,https://www.aldi-nord.de/angebote.html,44369,Dortmund,,,,미검토,,2247
2026-09-20 21:02 Europe/Berlin,ALDI Nord,"ALDI Nord, Aspeystraße 75, 44369 Dortmund",44369,식품,24.09.2026-26.09.2026,DR. OETKER Bistro-Baguette Salami,500-g-Packung,2.49,,-43%,kg = 4.98,https://www.aldi-nord.de/angebote.html,44369,Dortmund,,,,미검토,,2248
2026-09-20 21:02 Europe/Berlin,ALDI Nord,"ALDI Nord, Aspeystraße 75, 44369 Dortmund",44369,식품,21.09.2026-23.09.2026,DR. OETKER Die Ofenfrische Diavolo,405-g-Packung,1.99,,-46%,kg = 4.91,https://www.aldi-nord.de/angebote.html,44369,Dortmund,,,,미검토,,2249
2026-09-20 21:02 Europe/Berlin,ALDI Nord,"ALDI Nord, Aspeystraße 75, 44369 Dortmund",44369,식품,21.09.2026-23.09.2026,DR. OETKER Die Ofenfrische Salami,390-g-Packung,1.99,,-46%,kg = 5.10,https://www.aldi-nord.de/angebote.html,44369,Dortmund,,,,미검토,,2250
2026-09-20 21:02 Europe/Berlin,ALDI Nord,"ALDI Nord, Aspeystraße 75, 44369 Dortmund",44369,식품,21.09.2026-23.09.2026,DR. OETKER Die Ofenfrische Schinken-Ananas,415-g-Packung,1.99,,-46%,kg = 4.80,https://www.aldi-nord.de/angebote.html,44369,Dortmund,,,,미검토,,2251
2026-09-20 21:02 Europe/Berlin,ALDI Nord,"ALDI Nord, Aspeystraße 75, 44369 Dortmund",44369,식품,21.09.2026-23.09.2026,DR. OETKER Die Ofenfrische Vier Käse,410-g-Packung,1.99,,-46%,kg = 4.85,https://www.aldi-nord.de/angebote.html,44369,Dortmund,,,,미검토,,2252
2026-09-20 21:02 Europe/Berlin,ALDI Nord,"ALDI Nord, Aspeystraße 75, 44369 Dortmund",44369,식품,21.09.2026-23.09.2026,DR. OETKER Kleine Rührkuchen,140-g-Packung,1.99,,-13%,kg = 14.21,https://www.aldi-nord.de/angebote.html,44369,Dortmund,,,,미검토,,2253
2026-09-20 21:02 Europe/Berlin,ALDI Nord,"ALDI Nord, Aspeystraße 75, 44369 Dortmund",44369,음료,24.09.2026-26.09.2026,DURSTLÖSCHER Eistee,"0,5-L-Packung",0.59,,-30%,Liter = 1.18,https://www.aldi-nord.de/angebote.html,44369,Dortmund,,,,미검토,,2254
2026-09-20 21:02 Europe/Berlin,ALDI Nord,"ALDI Nord, Aspeystraße 75, 44369 Dortmund",44369,식품,21.09.2026-23.09.2026,EGETAT Knoblauchwurst,200-g-Packung,3.99,,,kg = 19.95,https://www.aldi-nord.de/angebote.html,44369,Dortmund,,,,미검토,,2255
2026-09-20 21:02 Europe/Berlin,ALDI Nord,"ALDI Nord, Aspeystraße 75, 44369 Dortmund",44369,식품,21.09.2026-23.09.2026,FAIR & GUT Cevapcici XXL,800-g-Packung,6.49,,,kg = 8.11,https://www.aldi-nord.de/angebote.html,44369,Dortmund,,,,미검토,,2256
2026-09-20 21:02 Europe/Berlin,ALDI Nord,"ALDI Nord, Aspeystraße 75, 44369 Dortmund",44369,음료,24.09.2026-26.09.2026,Fanta / Sprite / Mezzo Mix,2-L-Flasche,1.29,,-41%,Liter = 0.65,https://www.aldi-nord.de/angebote.html,44369,Dortmund,,,,미검토,,2257
2026-09-20 21:02 Europe/Berlin,ALDI Nord,"ALDI Nord, Aspeystraße 75, 44369 Dortmund",44369,식품,21.09.2026-23.09.2026,Feigen,500-g-Schale,1.99,,,kg = 3.98,https://www.aldi-nord.de/angebote.html,44369,Dortmund,,,,미검토,,2258
2026-09-20 21:02 Europe/Berlin,ALDI Nord,"ALDI Nord, Aspeystraße 75, 44369 Dortmund",44369,식품,21.09.2026-23.09.2026,FERRERO Kinder Maxi King,3x35-g-Packung,1.49,,-25%,kg = 14.19,https://www.aldi-nord.de/angebote.html,44369,Dortmund,,,,미검토,,2259
2026-09-20 21:02 Europe/Berlin,ALDI Nord,"ALDI Nord, Aspeystraße 75, 44369 Dortmund",44369,음료,21.09.2026-23.09.2026,FONTAGNAC Crémant de Bordeaux AOC Rosé brut,"0,75-L-Flasche",6.99,,,Liter = 9.32,https://www.aldi-nord.de/angebote.html,44369,Dortmund,,,,미검토,,2260
2026-09-20 21:02 Europe/Berlin,ALDI Nord,"ALDI Nord, Aspeystraße 75, 44369 Dortmund",44369,식품,24.09.2026-26.09.2026,Gemüsezwiebeln,750-g-Netz,0.99,,-33%,kg = 1.32,https://www.aldi-nord.de/angebote.html,44369,Dortmund,,,,미검토,,2261
2026-09-20 21:02 Europe/Berlin,ALDI Nord,"ALDI Nord, Aspeystraße 75, 44369 Dortmund",44369,음료,21.09.2026-23.09.2026,GEROLSTEINER Medium,"1,5-L-Flasche",0.89,,-18%,Liter = 0.59,https://www.aldi-nord.de/angebote.html,44369,Dortmund,,,,미검토,,2262
2026-09-20 21:02 Europe/Berlin,ALDI Nord,"ALDI Nord, Aspeystraße 75, 44369 Dortmund",44369,음료,21.09.2026-23.09.2026,GEROLSTEINER Mineralwasser,"1,5-L-Flasche",0.89,,-18%,Liter = 0.59,https://www.aldi-nord.de/angebote.html,44369,Dortmund,,,,미검토,,2263
2026-09-20 21:02 Europe/Berlin,ALDI Nord,"ALDI Nord, Aspeystraße 75, 44369 Dortmund",44369,식품,21.09.2026-23.09.2026,GOLDEN SEAFOOD Lachsfiletseite,1.200-g-Packung,15.99,,,kg = 13.33,https://www.aldi-nord.de/angebote.html,44369,Dortmund,,,,미검토,,2264
2026-09-20 21:02 Europe/Berlin,ALDI Nord,"ALDI Nord, Aspeystraße 75, 44369 Dortmund",44369,식품,21.09.2026-23.09.2026,GOLDEN SEAFOOD Thunfisch,160-g-Dose,1.19,,,kg = 7.44,https://www.aldi-nord.de/angebote.html,44369,Dortmund,,,,미검토,,2265
2026-09-20 21:02 Europe/Berlin,ALDI Nord,"ALDI Nord, Aspeystraße 75, 44369 Dortmund",44369,식품,24.09.2026-26.09.2026,GOURMET FINEST CUISINE Entenkeule mit Sauce,600-g-Packung,7.99,,,kg = 13.32,https://www.aldi-nord.de/angebote.html,44369,Dortmund,,,,미검토,,2266
2026-09-20 21:02 Europe/Berlin,ALDI Nord,"ALDI Nord, Aspeystraße 75, 44369 Dortmund",44369,식품,24.09.2026-26.09.2026,Grapefruit,Stück,0.55,,,,https://www.aldi-nord.de/angebote.html,44369,Dortmund,,,,미검토,,2267
2026-09-20 21:02 Europe/Berlin,ALDI Nord,"ALDI Nord, Aspeystraße 75, 44369 Dortmund",44369,식품,21.09.2026-23.09.2026,Grillwurst,Packung,3.79,,,kg = 7.90 / 7.58,https://www.aldi-nord.de/angebote.html,44369,Dortmund,,,,미검토,,2268
2026-09-20 21:02 Europe/Berlin,ALDI Nord,"ALDI Nord, Aspeystraße 75, 44369 Dortmund",44369,식품,21.09.2026-23.09.2026,HÄAGEN-DAZS Eisbecher,460-ml-Becher,3.99,,-37%,Liter = 8.67,https://www.aldi-nord.de/angebote.html,44369,Dortmund,,,,미검토,,2269
2026-09-20 21:02 Europe/Berlin,ALDI Nord,"ALDI Nord, Aspeystraße 75, 44369 Dortmund",44369,식품,24.09.2026-26.09.2026,HAK Apfelmus,700-g-Glas,1.49,,-40%,kg = 2.13,https://www.aldi-nord.de/angebote.html,44369,Dortmund,,,,미검토,,2270
2026-09-20 21:02 Europe/Berlin,ALDI Nord,"ALDI Nord, Aspeystraße 75, 44369 Dortmund",44369,식품,24.09.2026-26.09.2026,HENGSTENBERG Knax Gewürzgurken,720-ml-Glas,1.79,,-40%,kg (ATG) = 4.97,https://www.aldi-nord.de/angebote.html,44369,Dortmund,,,,미검토,,2271
2026-09-20 21:02 Europe/Berlin,ALDI Nord,"ALDI Nord, Aspeystraße 75, 44369 Dortmund",44369,식품,24.09.2026-26.09.2026,JACOBS Gold,200-g-Glas,6.49,,-40%,kg = 32.45,https://www.aldi-nord.de/angebote.html,44369,Dortmund,,,,미검토,,2272
2026-09-20 21:02 Europe/Berlin,ALDI Nord,"ALDI Nord, Aspeystraße 75, 44369 Dortmund",44369,식품,21.09.2026-23.09.2026,Johannisbeeren rot,125-g-Schale,1.69,,,kg = 13.52,https://www.aldi-nord.de/angebote.html,44369,Dortmund,,,,미검토,,2273
2026-09-20 21:02 Europe/Berlin,ALDI Nord,"ALDI Nord, Aspeystraße 75, 44369 Dortmund",44369,식품,21.09.2026-23.09.2026,KELLOGG’S Cerealien,Packung,2.79,,-37%,kg = 6.98 / 6.64,https://www.aldi-nord.de/angebote.html,44369,Dortmund,,,,미검토,,2274
2026-09-20 21:02 Europe/Berlin,ALDI Nord,"ALDI Nord, Aspeystraße 75, 44369 Dortmund",44369,식품,21.09.2026-23.09.2026,KELLOGG`S Crunchy Nut,500-g-Packung,2.79,,-37%,kg = 5.58,https://www.aldi-nord.de/angebote.html,44369,Dortmund,,,,미검토,,2275
2026-09-20 21:02 Europe/Berlin,ALDI Nord,"ALDI Nord, Aspeystraße 75, 44369 Dortmund",44369,식품,24.09.2026-26.09.2026,KÖLLN Müsli,Packung,2.29,,-39%,kg = 6.03 / 5.73,https://www.aldi-nord.de/angebote.html,44369,Dortmund,,,,미검토,,2276
2026-09-20 21:02 Europe/Berlin,ALDI Nord,"ALDI Nord, Aspeystraße 75, 44369 Dortmund",44369,음료,21.09.2026-23.09.2026,"KROMBACHER 0,0 %","0,5-L-Dose",0.65,,-34%,Liter = 1.30,https://www.aldi-nord.de/angebote.html,44369,Dortmund,,,,미검토,,2277
2026-09-20 21:02 Europe/Berlin,ALDI Nord,"ALDI Nord, Aspeystraße 75, 44369 Dortmund",44369,주류,21.09.2026-23.09.2026,KROMBACHER Naturradler,"0,5-L-Dose",0.65,,-34%,Liter = 1.30,https://www.aldi-nord.de/angebote.html,44369,Dortmund,,,,미검토,,2278
2026-09-20 21:02 Europe/Berlin,ALDI Nord,"ALDI Nord, Aspeystraße 75, 44369 Dortmund",44369,주류,21.09.2026-23.09.2026,KROMBACHER Pils,"0,5-L-Dose",0.65,,-34%,Liter = 1.30,https://www.aldi-nord.de/angebote.html,44369,Dortmund,,,,미검토,,2279
2026-09-20 21:02 Europe/Berlin,ALDI Nord,"ALDI Nord, Aspeystraße 75, 44369 Dortmund",44369,음료,24.09.2026-26.09.2026,KRUPNIK Wódka,"0,5-L-Flasche",4.99,,-37%,Liter = 9.98,https://www.aldi-nord.de/angebote.html,44369,Dortmund,,,,미검토,,2280
2026-09-20 21:02 Europe/Berlin,ALDI Nord,"ALDI Nord, Aspeystraße 75, 44369 Dortmund",44369,식품,21.09.2026-23.09.2026,LANDLIEBE Auflaufkäse,150-g-Beutel,1.49,,-40%,kg = 9.93,https://www.aldi-nord.de/angebote.html,44369,Dortmund,,,,미검토,,2281
2026-09-20 21:02 Europe/Berlin,ALDI Nord,"ALDI Nord, Aspeystraße 75, 44369 Dortmund",44369,식품,21.09.2026-23.09.2026,LANDLIEBE Pizzakäse,150-g-Beutel,1.49,,-40%,kg = 9.93,https://www.aldi-nord.de/angebote.html,44369,Dortmund,,,,미검토,,2282
2026-09-20 21:02 Europe/Berlin,ALDI Nord,"ALDI Nord, Aspeystraße 75, 44369 Dortmund",44369,식품,24.09.2026-26.09.2026,LYSELL Fischröllchen,Dose,1.69,,-43%,kg (ATG) / kg = 18.78 / 13.52,https://www.aldi-nord.de/angebote.html,44369,Dortmund,,,,미검토,,2283
2026-09-20 21:02 Europe/Berlin,ALDI Nord,"ALDI Nord, Aspeystraße 75, 44369 Dortmund",44369,식품,21.09.2026-23.09.2026,LYTTOS Riesenoliven XXL,1.600-g-Glas,5.99,,,kg (ATG) = 7.05,https://www.aldi-nord.de/angebote.html,44369,Dortmund,,,,미검토,,2284
2026-09-20 21:02 Europe/Berlin,ALDI Nord,"ALDI Nord, Aspeystraße 75, 44369 Dortmund",44369,식품,21.09.2026-23.09.2026,Mandarinen,750-g-Netz,1.49,,-16%,kg = 1.99,https://www.aldi-nord.de/angebote.html,44369,Dortmund,,,,미검토,,2285
2026-09-20 21:02 Europe/Berlin,ALDI Nord,"ALDI Nord, Aspeystraße 75, 44369 Dortmund",44369,식품,24.09.2026-26.09.2026,MEIN BESTES Dark Crodot,Stück,0.99,,,,https://www.aldi-nord.de/angebote.html,44369,Dortmund,,,,미검토,,2286
2026-09-20 21:02 Europe/Berlin,ALDI Nord,"ALDI Nord, Aspeystraße 75, 44369 Dortmund",44369,식품,21.09.2026-23.09.2026,MEIN BESTES Laugenkranz,300-g-Stück,1.29,,,kg = 4.30,https://www.aldi-nord.de/angebote.html,44369,Dortmund,,,,미검토,,2287
2026-09-20 21:02 Europe/Berlin,ALDI Nord,"ALDI Nord, Aspeystraße 75, 44369 Dortmund",44369,식품,21.09.2026-23.09.2026,MEIN BESTES Scholino,Stück,0.59,,,,https://www.aldi-nord.de/angebote.html,44369,Dortmund,,,,미검토,,2288
2026-09-20 21:02 Europe/Berlin,ALDI Nord,"ALDI Nord, Aspeystraße 75, 44369 Dortmund",44369,식품,24.09.2026-26.09.2026,MEIN BESTES Steinofen-Käsestick,Stück,0.79,,,,https://www.aldi-nord.de/angebote.html,44369,Dortmund,,,,미검토,,2289
2026-09-20 21:02 Europe/Berlin,ALDI Nord,"ALDI Nord, Aspeystraße 75, 44369 Dortmund",44369,식품,21.09.2026-23.09.2026,MEINE METZGEREI Gemischtes Hackfleisch XXL,1-kg-Packung,5.49,,,kg = 5.49,https://www.aldi-nord.de/angebote.html,44369,Dortmund,,,,미검토,,2290
2026-09-20 21:02 Europe/Berlin,ALDI Nord,"ALDI Nord, Aspeystraße 75, 44369 Dortmund",44369,식품,21.09.2026-23.09.2026,MEINE METZGEREI Hüftsteaks,375-g-Packung,7.29,,-11%,kg = 19.44,https://www.aldi-nord.de/angebote.html,44369,Dortmund,,,,미검토,,2291
2026-09-20 21:02 Europe/Berlin,ALDI Nord,"ALDI Nord, Aspeystraße 75, 44369 Dortmund",44369,식품,21.09.2026-23.09.2026,MEINE METZGEREI Puten-Hackfleisch,400-g-Packung,1.99,,-28%,kg = 4.98,https://www.aldi-nord.de/angebote.html,44369,Dortmund,,,,미검토,,2292
2026-09-20 21:02 Europe/Berlin,ALDI Nord,"ALDI Nord, Aspeystraße 75, 44369 Dortmund",44369,식품,24.09.2026-26.09.2026,MEINE METZGEREI Puten-Minifilets XXL,1-kg-Packung,7.99,,,kg = 7.99,https://www.aldi-nord.de/angebote.html,44369,Dortmund,,,,미검토,,2293
2026-09-20 21:02 Europe/Berlin,ALDI Nord,"ALDI Nord, Aspeystraße 75, 44369 Dortmund",44369,식품,21.09.2026-23.09.2026,MEINE METZGEREI Schinken-Schnitzel,500-g-Packung,3.29,,-26%,kg = 6.58,https://www.aldi-nord.de/angebote.html,44369,Dortmund,,,,미검토,,2294
2026-09-20 21:02 Europe/Berlin,ALDI Nord,"ALDI Nord, Aspeystraße 75, 44369 Dortmund",44369,식품,21.09.2026-23.09.2026,MEINE METZGEREI Schinkengulasch XXL,1-kg-Packung,5.79,,,kg = 5.79,https://www.aldi-nord.de/angebote.html,44369,Dortmund,,,,미검토,,2295
2026-09-20 21:02 Europe/Berlin,ALDI Nord,"ALDI Nord, Aspeystraße 75, 44369 Dortmund",44369,식품,21.09.2026-23.09.2026,MILSANI Joghurt,4x150-g-Packung,0.79,,,kg = 1.32,https://www.aldi-nord.de/angebote.html,44369,Dortmund,,,,미검토,,2296
2026-09-20 21:02 Europe/Berlin,ALDI Nord,"ALDI Nord, Aspeystraße 75, 44369 Dortmund",44369,식품,24.09.2026-26.09.2026,MILSANI Streichfein XXL,400-g-Packung,1.59,,,kg = 3.98,https://www.aldi-nord.de/angebote.html,44369,Dortmund,,,,미검토,,2297
2026-09-20 21:02 Europe/Berlin,ALDI Nord,"ALDI Nord, Aspeystraße 75, 44369 Dortmund",44369,식품,21.09.2026-23.09.2026,Mini-Maispoularde,1.200-g-Packung,4.99,,,kg = 4.16,https://www.aldi-nord.de/angebote.html,44369,Dortmund,,,,미검토,,2298
2026-09-20 21:02 Europe/Berlin,ALDI Nord,"ALDI Nord, Aspeystraße 75, 44369 Dortmund",44369,식품,21.09.2026-23.09.2026,MOSER ROTH Trinkschokolade,275-g-Dose,2.29,,,kg = 8.33,https://www.aldi-nord.de/angebote.html,44369,Dortmund,,,,미검토,,2299
2026-09-20 21:02 Europe/Berlin,ALDI Nord,"ALDI Nord, Aspeystraße 75, 44369 Dortmund",44369,식품,21.09.2026-23.09.2026,MÖVENPICK Feinjoghurt,150-g-Becher,0.69,,-30%,kg = 4.60,https://www.aldi-nord.de/angebote.html,44369,Dortmund,,,,미검토,,2300
2026-09-20 21:02 Europe/Berlin,ALDI Nord,"ALDI Nord, Aspeystraße 75, 44369 Dortmund",44369,식품,21.09.2026-23.09.2026,Orangen XXL,3-kg-Netz,3.49,,,kg = 1.16,https://www.aldi-nord.de/angebote.html,44369,Dortmund,,,,미검토,,2301
2026-09-20 21:02 Europe/Berlin,ALDI Nord,"ALDI Nord, Aspeystraße 75, 44369 Dortmund",44369,음료,21.09.2026-23.09.2026,PFANNER Eistee,2-L-Packung,0.99,,,Liter = 0.50,https://www.aldi-nord.de/angebote.html,44369,Dortmund,,,,미검토,,2302
2026-09-20 21:02 Europe/Berlin,ALDI Nord,"ALDI Nord, Aspeystraße 75, 44369 Dortmund",44369,식품,24.09.2026-26.09.2026,Pflaumen,500-g-Schale,1.29,,,kg = 2.58,https://www.aldi-nord.de/angebote.html,44369,Dortmund,,,,미검토,,2303
2026-09-20 21:02 Europe/Berlin,ALDI Nord,"ALDI Nord, Aspeystraße 75, 44369 Dortmund",44369,식품,21.09.2026-23.09.2026,Physalis,100-g-Schale,0.88,,,kg = 8.80,https://www.aldi-nord.de/angebote.html,44369,Dortmund,,,,미검토,,2304
2026-09-20 21:02 Europe/Berlin,ALDI Nord,"ALDI Nord, Aspeystraße 75, 44369 Dortmund",44369,식품,24.09.2026-26.09.2026,POPP Beilagensalat,400-g-Packung,1.89,,,kg = 4.73,https://www.aldi-nord.de/angebote.html,44369,Dortmund,,,,미검토,,2305
2026-09-20 21:02 Europe/Berlin,ALDI Nord,"ALDI Nord, Aspeystraße 75, 44369 Dortmund",44369,식품,24.09.2026-26.09.2026,Rinder-Rouladen XXL,800-g-Packung,11.99,,,kg = 14.99,https://www.aldi-nord.de/angebote.html,44369,Dortmund,,,,미검토,,2306
2026-09-20 21:02 Europe/Berlin,ALDI Nord,"ALDI Nord, Aspeystraße 75, 44369 Dortmund",44369,식품,24.09.2026-26.09.2026,Salat mit Wurzelballen,Stück,0.99,,-16%,1.19 €,https://www.aldi-nord.de/angebote.html,44369,Dortmund,,,,미검토,,2307
2026-09-20 21:02 Europe/Berlin,ALDI Nord,"ALDI Nord, Aspeystraße 75, 44369 Dortmund",44369,식품,21.09.2026-23.09.2026,SNACK TIME Salat-Menü Classic,350-g-Schale,2.69,,-10%,kg = 7.69,https://www.aldi-nord.de/angebote.html,44369,Dortmund,,,,미검토,,2308
2026-09-20 21:02 Europe/Berlin,ALDI Nord,"ALDI Nord, Aspeystraße 75, 44369 Dortmund",44369,식품,21.09.2026-23.09.2026,SNACK TIME Salat-Menü Vielfalt,350-g-Schale,2.69,,-10%,kg = 7.69,https://www.aldi-nord.de/angebote.html,44369,Dortmund,,,,미검토,,2309
2026-09-20 21:02 Europe/Berlin,ALDI Nord,"ALDI Nord, Aspeystraße 75, 44369 Dortmund",44369,식품,21.09.2026-23.09.2026,Speisekürbis,kg-Preis,1.59,,,kg = 1.59,https://www.aldi-nord.de/angebote.html,44369,Dortmund,,,,미검토,,2310
2026-09-20 21:02 Europe/Berlin,ALDI Nord,"ALDI Nord, Aspeystraße 75, 44369 Dortmund",44369,식품,21.09.2026-23.09.2026,SPEISEZEIT Brühe,340-ml-Glas,1.79,,,Liter = 5.26,https://www.aldi-nord.de/angebote.html,44369,Dortmund,,,,미검토,,2311
2026-09-20 21:02 Europe/Berlin,ALDI Nord,"ALDI Nord, Aspeystraße 75, 44369 Dortmund",44369,식품,24.09.2026-26.09.2026,Süßkartoffeln,kg-Preis,1.39,,-30%,kg = 1.39,https://www.aldi-nord.de/angebote.html,44369,Dortmund,,,,미검토,,2312
2026-09-20 21:02 Europe/Berlin,ALDI Nord,"ALDI Nord, Aspeystraße 75, 44369 Dortmund",44369,식품,21.09.2026-23.09.2026,Tafeläpfel,1-kg-Schale,1.49,,-42%,kg = 1.49,https://www.aldi-nord.de/angebote.html,44369,Dortmund,,,,미검토,,2313
2026-09-20 21:02 Europe/Berlin,ALDI Nord,"ALDI Nord, Aspeystraße 75, 44369 Dortmund",44369,식품,21.09.2026-23.09.2026,Tafelbirnen,1-kg-Schale,1.59,,-11%,kg = 1.59,https://www.aldi-nord.de/angebote.html,44369,Dortmund,,,,미검토,,2314
2026-09-20 21:02 Europe/Berlin,ALDI Nord,"ALDI Nord, Aspeystraße 75, 44369 Dortmund",44369,식품,21.09.2026-23.09.2026,Tafeltrauben hell,650-g-Beutel,2.79,,,kg = 4.29,https://www.aldi-nord.de/angebote.html,44369,Dortmund,,,,미검토,,2315
2026-09-20 21:02 Europe/Berlin,ALDI Nord,"ALDI Nord, Aspeystraße 75, 44369 Dortmund",44369,식품,21.09.2026-23.09.2026,TEEKANNE Früchte- / Kräutertee,Packung,1.39,,-36%,kg = 46.33 / 34.75 / 30.89 / 27.80,https://www.aldi-nord.de/angebote.html,44369,Dortmund,,,,미검토,,2316
2026-09-20 21:02 Europe/Berlin,ALDI Nord,"ALDI Nord, Aspeystraße 75, 44369 Dortmund",44369,음료,24.09.2026-26.09.2026,THOMAS HENRY Bittergetränk,"0,75-L-Flasche",1.39,,-22%,Liter = 1.85,https://www.aldi-nord.de/angebote.html,44369,Dortmund,,,,미검토,,2317
2026-09-20 21:02 Europe/Berlin,ALDI Nord,"ALDI Nord, Aspeystraße 75, 44369 Dortmund",44369,식품,21.09.2026-23.09.2026,TILLMAN’S Toasty,280-g-Packung,2.79,,-30%,kg = 9.96,https://www.aldi-nord.de/angebote.html,44369,Dortmund,,,,미검토,,2318
2026-09-20 21:02 Europe/Berlin,ALDI Nord,"ALDI Nord, Aspeystraße 75, 44369 Dortmund",44369,식품,24.09.2026-26.09.2026,TRUE FRUITS Smoothie,750-ml-Flasche,3.49,,-25%,Liter = 4.65,https://www.aldi-nord.de/angebote.html,44369,Dortmund,,,,미검토,,2319
2026-09-20 21:02 Europe/Berlin,ALDI Nord,"ALDI Nord, Aspeystraße 75, 44369 Dortmund",44369,식품,21.09.2026-23.09.2026,WEIHENSTEPHAN Butter,250-g-Packung,1.19,,-57%,kg = 4.76,https://www.aldi-nord.de/angebote.html,44369,Dortmund,,,,미검토,,2320
2026-09-20 21:02 Europe/Berlin,ALDI Nord,"ALDI Nord, Aspeystraße 75, 44369 Dortmund",44369,식품,21.09.2026-23.09.2026,WEIHENSTEPHAN Die Streichzarte gesalzen,250-g-Packung,1.19,,-57%,kg = 4.76,https://www.aldi-nord.de/angebote.html,44369,Dortmund,,,,미검토,,2321
2026-09-20 21:02 Europe/Berlin,ALDI Nord,"ALDI Nord, Aspeystraße 75, 44369 Dortmund",44369,식품,21.09.2026-23.09.2026,WEIHENSTEPHAN Die Streichzarte ungesalzen,250-g-Packung,1.19,,-57%,kg = 4.76,https://www.aldi-nord.de/angebote.html,44369,Dortmund,,,,미검토,,2322
2026-09-20 21:02 Europe/Berlin,ALDI Nord,"ALDI Nord, Aspeystraße 75, 44369 Dortmund",44369,식품,21.09.2026-23.09.2026,WEIHENSTEPHAN Frische Milch,1-L-Packung,1.11,,-25%,Liter = 1.11,https://www.aldi-nord.de/angebote.html,44369,Dortmund,,,,미검토,,2323
2026-09-20 21:02 Europe/Berlin,ALDI Nord,"ALDI Nord, Aspeystraße 75, 44369 Dortmund",44369,식품,21.09.2026-23.09.2026,ZESPRI Kiwi grün,Stück,0.44,,,,https://www.aldi-nord.de/angebote.html,44369,Dortmund,,,,미검토,,2324
2026-09-20 21:02 Europe/Berlin,Kaufland,"Kaufland Düsseldorf-Derendorf, Hilde-und-Joseph-Neyses-Platz 5, 40476 Düsseldorf",40476,식품,21.09.2026-23.09.2026,BERGADER Schnittkäse,"versch. Sorten, 130-170 g",1.49,,44%,"8,77-11,47 €/kg",https://assets.leaflets.schwarz/leaflets/pdfs/01a09f9b-03e9-76b1-a889-c3de7dfc0f6c/Prospekt-21-09-2026-23-09-2026-00.pdf,40468;40474,Düsseldorf,,,,미검토,,2325;2351
2026-09-20 21:02 Europe/Berlin,Kaufland,"Kaufland Düsseldorf-Derendorf, Hilde-und-Joseph-Neyses-Platz 5, 40476 Düsseldorf",40476,식품,24.09.2026-30.09.2026,Bio-Miniromatomaten,"Spanien, Kl. I, 250 g",1.49,,16%,"5,96 €/kg",https://assets.leaflets.schwarz/leaflets/pdfs/01a09f14-8dce-7298-afbc-d3636a4c9844/Prospekt-24-09-2026-30-09-2026-00.pdf,40468;40474,Düsseldorf,,,,미검토,,2326;2352
2026-09-20 21:02 Europe/Berlin,Kaufland,"Kaufland Düsseldorf-Derendorf, Hilde-und-Joseph-Neyses-Platz 5, 40476 Düsseldorf",40476,식품,24.09.2026-30.09.2026,Bio-Zitronen,"Peru/Spanien, Kl. I, 500 g",1.79,,21%,"3,58 €/kg",https://assets.leaflets.schwarz/leaflets/pdfs/01a09f14-8dce-7298-afbc-d3636a4c9844/Prospekt-24-09-2026-30-09-2026-00.pdf,40468;40474,Düsseldorf,,,,미검토,,2327;2353
2026-09-20 21:02 Europe/Berlin,Kaufland,"Kaufland Düsseldorf-Derendorf, Hilde-und-Joseph-Neyses-Platz 5, 40476 Düsseldorf",40476,식품,21.09.2026-23.09.2026,Blumenkohl,"Deutschland/Niederlande, Kl. I, Stück",1.29,,35%,,https://assets.leaflets.schwarz/leaflets/pdfs/01a09f9b-03e9-76b1-a889-c3de7dfc0f6c/Prospekt-21-09-2026-23-09-2026-00.pdf,40468;40474,Düsseldorf,,,,미검토,,2328;2354
2026-09-20 21:02 Europe/Berlin,Kaufland,"Kaufland Düsseldorf-Derendorf, Hilde-und-Joseph-Neyses-Platz 5, 40476 Düsseldorf",40476,주류,21.09.2026-23.09.2026,BREE Wein oder Free Alkoholfrei,"versch. Sorten, 0,75-l-Fl.",2.79,,49%,"3,72 €/l",https://assets.leaflets.schwarz/leaflets/pdfs/01a09f9b-03e9-76b1-a889-c3de7dfc0f6c/Prospekt-21-09-2026-23-09-2026-00.pdf,40468;40474,Düsseldorf,,,,미검토,,2329;2355
2026-09-20 21:02 Europe/Berlin,Kaufland,"Kaufland Düsseldorf-Derendorf, Hilde-und-Joseph-Neyses-Platz 5, 40476 Düsseldorf",40476,식품,21.09.2026-23.09.2026,BRESSO Frischkäse oder Frischkäsezubereitung,"versch. Sorten, 120-150 g",1.11,,58%,"7,40-9,25 €/kg",https://assets.leaflets.schwarz/leaflets/pdfs/01a09f9b-03e9-76b1-a889-c3de7dfc0f6c/Prospekt-21-09-2026-23-09-2026-00.pdf,40468;40474,Düsseldorf,,,,미검토,,2330;2356
2026-09-20 21:02 Europe/Berlin,Kaufland,"Kaufland Düsseldorf-Derendorf, Hilde-und-Joseph-Neyses-Platz 5, 40476 Düsseldorf",40476,식품,24.09.2026-30.09.2026,Broccoli,"Deutschland, Kl. I, 500 g",1.29,,27%,"2,58 €/kg",https://assets.leaflets.schwarz/leaflets/pdfs/01a09f14-8dce-7298-afbc-d3636a4c9844/Prospekt-24-09-2026-30-09-2026-00.pdf,40468;40474,Düsseldorf,,,,미검토,,2331;2357
2026-09-20 21:02 Europe/Berlin,Kaufland,"Kaufland Düsseldorf-Derendorf, Hilde-und-Joseph-Neyses-Platz 5, 40476 Düsseldorf",40476,식품,24.09.2026-30.09.2026,EHRMANN Almighurt Fruchtjoghurt,"versch. Sorten, 150 g",0.25,,71%,"1,67 €/kg",https://assets.leaflets.schwarz/leaflets/pdfs/01a09f14-8dce-7298-afbc-d3636a4c9844/Prospekt-24-09-2026-30-09-2026-00.pdf,40468;40474,Düsseldorf,,,,미검토,,2332;2358
2026-09-20 21:02 Europe/Berlin,Kaufland,"Kaufland Düsseldorf-Derendorf, Hilde-und-Joseph-Neyses-Platz 5, 40476 Düsseldorf",40476,식품,24.09.2026-30.09.2026,Feigen,"Türkei, lose, Stück",0.49,,37%,,https://assets.leaflets.schwarz/leaflets/pdfs/01a09f14-8dce-7298-afbc-d3636a4c9844/Prospekt-24-09-2026-30-09-2026-00.pdf,40468;40474,Düsseldorf,,,,미검토,,2333;2359
2026-09-20 21:02 Europe/Berlin,Kaufland,"Kaufland Düsseldorf-Derendorf, Hilde-und-Joseph-Neyses-Platz 5, 40476 Düsseldorf",40476,식품,24.09.2026-30.09.2026,Feldsalat,"Deutschland/Frankreich, Kl. I, 150 g",0.99,,23%,"6,60 €/kg",https://assets.leaflets.schwarz/leaflets/pdfs/01a09f14-8dce-7298-afbc-d3636a4c9844/Prospekt-24-09-2026-30-09-2026-00.pdf,40468;40474,Düsseldorf,,,,미검토,,2334;2360
2026-09-20 21:02 Europe/Berlin,Kaufland,"Kaufland Düsseldorf-Derendorf, Hilde-und-Joseph-Neyses-Platz 5, 40476 Düsseldorf",40476,식품,24.09.2026-30.09.2026,Granatapfel,"Spanien, Stück",1.29,,35%,,https://assets.leaflets.schwarz/leaflets/pdfs/01a09f14-8dce-7298-afbc-d3636a4c9844/Prospekt-24-09-2026-30-09-2026-00.pdf,40468;40474,Düsseldorf,,,,미검토,,2335;2361
2026-09-20 21:02 Europe/Berlin,Kaufland,"Kaufland Düsseldorf-Derendorf, Hilde-und-Joseph-Neyses-Platz 5, 40476 Düsseldorf",40476,식품,21.09.2026-23.09.2026,K-CLASSIC Natives Olivenöl extra,"erste Güteklasse, 750-ml-Fl.",4.44,,,"5,92 €/l",https://assets.leaflets.schwarz/leaflets/pdfs/01a09f9b-03e9-76b1-a889-c3de7dfc0f6c/Prospekt-21-09-2026-23-09-2026-00.pdf,40468;40474,Düsseldorf,,,,미검토,,2336;2362
2026-09-20 21:02 Europe/Berlin,Kaufland,"Kaufland Düsseldorf-Derendorf, Hilde-und-Joseph-Neyses-Platz 5, 40476 Düsseldorf",40476,음료,24.09.2026-30.09.2026,KÄFER Caffè Crema Lungo oder Espresso Forte,"ganze Bohnen, 1 kg",9.99,,33%,,https://assets.leaflets.schwarz/leaflets/pdfs/01a09f14-8dce-7298-afbc-d3636a4c9844/Prospekt-24-09-2026-30-09-2026-00.pdf,40468;40474,Düsseldorf,,,,미검토,,2337;2363
2026-09-20 21:02 Europe/Berlin,Kaufland,"Kaufland Düsseldorf-Derendorf, Hilde-und-Joseph-Neyses-Platz 5, 40476 Düsseldorf",40476,식품,24.09.2026-30.09.2026,Kiwibeeren,"Italien, Kl. I, 125 g",1.79,,28%,"14,32 €/kg",https://assets.leaflets.schwarz/leaflets/pdfs/01a09f14-8dce-7298-afbc-d3636a4c9844/Prospekt-24-09-2026-30-09-2026-00.pdf,40468;40474,Düsseldorf,,,,미검토,,2338;2364
2026-09-20 21:02 Europe/Berlin,Kaufland,"Kaufland Düsseldorf-Derendorf, Hilde-und-Joseph-Neyses-Platz 5, 40476 Düsseldorf",40476,식품,21.09.2026-23.09.2026,LANDLIEBE Pudding,"versch. Sorten, 150-225 g",0.44,,55%,"1,96-2,94 €/kg",https://assets.leaflets.schwarz/leaflets/pdfs/01a09f9b-03e9-76b1-a889-c3de7dfc0f6c/Prospekt-21-09-2026-23-09-2026-00.pdf,40468;40474,Düsseldorf,,,,미검토,,2339;2365
2026-09-20 21:02 Europe/Berlin,Kaufland,"Kaufland Düsseldorf-Derendorf, Hilde-und-Joseph-Neyses-Platz 5, 40476 Düsseldorf",40476,식품,24.09.2026-30.09.2026,Möhren XXL,"Deutschland, Kl. I, 3 kg",1.99,,,"0,67 €/kg",https://assets.leaflets.schwarz/leaflets/pdfs/01a09f14-8dce-7298-afbc-d3636a4c9844/Prospekt-24-09-2026-30-09-2026-00.pdf,40468;40474,Düsseldorf,,,,미검토,,2340;2366
2026-09-20 21:02 Europe/Berlin,Kaufland,"Kaufland Düsseldorf-Derendorf, Hilde-und-Joseph-Neyses-Platz 5, 40476 Düsseldorf",40476,식품,24.09.2026-30.09.2026,Physalis,"Kolumbien, 100 g",1.49,,16%,"14,90 €/kg",https://assets.leaflets.schwarz/leaflets/pdfs/01a09f14-8dce-7298-afbc-d3636a4c9844/Prospekt-24-09-2026-30-09-2026-00.pdf,40468;40474,Düsseldorf,,,,미검토,,2341;2367
2026-09-20 21:02 Europe/Berlin,Kaufland,"Kaufland Düsseldorf-Derendorf, Hilde-und-Joseph-Neyses-Platz 5, 40476 Düsseldorf",40476,식품,24.09.2026-30.09.2026,Porree XXL,"Deutschland, Kl. I, 1 kg",1.79,,,,https://assets.leaflets.schwarz/leaflets/pdfs/01a09f14-8dce-7298-afbc-d3636a4c9844/Prospekt-24-09-2026-30-09-2026-00.pdf,40468;40474,Düsseldorf,,,,미검토,,2342;2368
2026-09-20 21:02 Europe/Berlin,Kaufland,"Kaufland Düsseldorf-Derendorf, Hilde-und-Joseph-Neyses-Platz 5, 40476 Düsseldorf",40476,음료,24.09.2026-30.09.2026,RED BULL Energy Drink oder Erfrischungsgetränk,"versch. Sorten, 0,25-0,33 l, zzgl. Pfand",0.79,,46%,"2,40-3,16 €/l",https://assets.leaflets.schwarz/leaflets/pdfs/01a09f14-8dce-7298-afbc-d3636a4c9844/Prospekt-24-09-2026-30-09-2026-00.pdf,40468;40474,Düsseldorf,,,,미검토,,2343;2369
2026-09-20 21:02 Europe/Berlin,Kaufland,"Kaufland Düsseldorf-Derendorf, Hilde-und-Joseph-Neyses-Platz 5, 40476 Düsseldorf",40476,식품,24.09.2026-30.09.2026,SANLUCAR Tafeltrauben hell oder rot,600-g-Packung,2.49,,28%,"4,15 €/kg",https://assets.leaflets.schwarz/leaflets/pdfs/01a09f14-8dce-7298-afbc-d3636a4c9844/Prospekt-24-09-2026-30-09-2026-00.pdf,40468;40474,Düsseldorf,,,,미검토,,2344;2370
2026-09-20 21:02 Europe/Berlin,Kaufland,"Kaufland Düsseldorf-Derendorf, Hilde-und-Joseph-Neyses-Platz 5, 40476 Düsseldorf",40476,식품,24.09.2026-30.09.2026,Speisekartoffeln XXL,"Deutschland, Qualität I, 5 kg",2.99,,,"0,60 €/kg",https://assets.leaflets.schwarz/leaflets/pdfs/01a09f14-8dce-7298-afbc-d3636a4c9844/Prospekt-24-09-2026-30-09-2026-00.pdf,40468;40474,Düsseldorf,,,,미검토,,2345;2371
2026-09-20 21:02 Europe/Berlin,Kaufland,"Kaufland Düsseldorf-Derendorf, Hilde-und-Joseph-Neyses-Platz 5, 40476 Düsseldorf",40476,식품,24.09.2026-30.09.2026,Spitzkohl,"Deutschland, Kl. I, Stück",0.99,,50%,,https://assets.leaflets.schwarz/leaflets/pdfs/01a09f14-8dce-7298-afbc-d3636a4c9844/Prospekt-24-09-2026-30-09-2026-00.pdf,40468;40474,Düsseldorf,,,,미검토,,2346;2372
2026-09-20 21:02 Europe/Berlin,Kaufland,"Kaufland Düsseldorf-Derendorf, Hilde-und-Joseph-Neyses-Platz 5, 40476 Düsseldorf",40476,식품,24.09.2026-30.09.2026,Tafeläpfel XXL,"Deutschland/Italien, Kl. I, 5 kg",4.99,,,"1,00 €/kg",https://assets.leaflets.schwarz/leaflets/pdfs/01a09f14-8dce-7298-afbc-d3636a4c9844/Prospekt-24-09-2026-30-09-2026-00.pdf,40468;40474,Düsseldorf,,,,미검토,,2347;2373
2026-09-20 21:02 Europe/Berlin,Kaufland,"Kaufland Düsseldorf-Derendorf, Hilde-und-Joseph-Neyses-Platz 5, 40476 Düsseldorf",40476,식품,24.09.2026-30.09.2026,Tafelbirnen XXL,"Niederlande/Belgien, Kl. I, 1,5 kg",2.49,,28%,"1,66 €/kg",https://assets.leaflets.schwarz/leaflets/pdfs/01a09f14-8dce-7298-afbc-d3636a4c9844/Prospekt-24-09-2026-30-09-2026-00.pdf,40468;40474,Düsseldorf,,,,미검토,,2348;2374
2026-09-20 21:02 Europe/Berlin,Kaufland,"Kaufland Düsseldorf-Derendorf, Hilde-und-Joseph-Neyses-Platz 5, 40476 Düsseldorf",40476,식품,24.09.2026-30.09.2026,Tafeltrauben rot,"Italien, Kl. I, 500 g",1.49,,16%,"2,98 €/kg",https://assets.leaflets.schwarz/leaflets/pdfs/01a09f14-8dce-7298-afbc-d3636a4c9844/Prospekt-24-09-2026-30-09-2026-00.pdf,40468;40474,Düsseldorf,,,,미검토,,2349;2375
2026-09-20 21:02 Europe/Berlin,Kaufland,"Kaufland Düsseldorf-Derendorf, Hilde-und-Joseph-Neyses-Platz 5, 40476 Düsseldorf",40476,식품,24.09.2026-30.09.2026,Zwiebeln XXL,"Deutschland, Kl. II, 5 kg",2.99,,,"0,60 €/kg",https://assets.leaflets.schwarz/leaflets/pdfs/01a09f14-8dce-7298-afbc-d3636a4c9844/Prospekt-24-09-2026-30-09-2026-00.pdf,40468;40474,Düsseldorf,,,,미검토,,2350;2376
2026-09-20 21:02 Europe/Berlin,Kaufland,"Kaufland Dortmund-Innenstadt-Nord, Bornstraße 160 a, 44145 Dortmund",44145,식품,21.09.2026-23.09.2026,BERGADER Schnittkäse,"versch. Sorten, 130-170 g",1.49,,44%,"8,77-11,47 €/kg",https://assets.leaflets.schwarz/leaflets/pdfs/01a09f76-d32a-7d23-a22a-c1660cd55205/Prospekt-21-09-2026-23-09-2026-00.pdf,44369,Dortmund,,,,미검토,,2377
2026-09-20 21:02 Europe/Berlin,Kaufland,"Kaufland Dortmund-Innenstadt-Nord, Bornstraße 160 a, 44145 Dortmund",44145,식품,24.09.2026-30.09.2026,Bio-Miniromatomaten,"Spanien, Kl. I, 250 g",1.49,,16%,"5,96 €/kg",https://assets.leaflets.schwarz/leaflets/pdfs/01a09f07-3814-7f16-b48d-2f2a134a0020/Prospekt-24-09-2026-30-09-2026-00.pdf,44369,Dortmund,,,,미검토,,2378
2026-09-20 21:02 Europe/Berlin,Kaufland,"Kaufland Dortmund-Innenstadt-Nord, Bornstraße 160 a, 44145 Dortmund",44145,식품,24.09.2026-30.09.2026,Bio-Zitronen,"Peru/Spanien, Kl. I, 500 g",1.79,,21%,"3,58 €/kg",https://assets.leaflets.schwarz/leaflets/pdfs/01a09f07-3814-7f16-b48d-2f2a134a0020/Prospekt-24-09-2026-30-09-2026-00.pdf,44369,Dortmund,,,,미검토,,2379
2026-09-20 21:02 Europe/Berlin,Kaufland,"Kaufland Dortmund-Innenstadt-Nord, Bornstraße 160 a, 44145 Dortmund",44145,식품,21.09.2026-23.09.2026,Blumenkohl,"Deutschland/Niederlande, Kl. I, Stück",1.29,,35%,,https://assets.leaflets.schwarz/leaflets/pdfs/01a09f76-d32a-7d23-a22a-c1660cd55205/Prospekt-21-09-2026-23-09-2026-00.pdf,44369,Dortmund,,,,미검토,,2380
2026-09-20 21:02 Europe/Berlin,Kaufland,"Kaufland Dortmund-Innenstadt-Nord, Bornstraße 160 a, 44145 Dortmund",44145,주류,21.09.2026-23.09.2026,BREE Wein oder Free Alkoholfrei,"versch. Sorten, 0,75-l-Fl.",2.79,,49%,"3,72 €/l",https://assets.leaflets.schwarz/leaflets/pdfs/01a09f76-d32a-7d23-a22a-c1660cd55205/Prospekt-21-09-2026-23-09-2026-00.pdf,44369,Dortmund,,,,미검토,,2381
2026-09-20 21:02 Europe/Berlin,Kaufland,"Kaufland Dortmund-Innenstadt-Nord, Bornstraße 160 a, 44145 Dortmund",44145,식품,21.09.2026-23.09.2026,BRESSO Frischkäse oder Frischkäsezubereitung,"versch. Sorten, 120-150 g",1.11,,58%,"7,40-9,25 €/kg",https://assets.leaflets.schwarz/leaflets/pdfs/01a09f76-d32a-7d23-a22a-c1660cd55205/Prospekt-21-09-2026-23-09-2026-00.pdf,44369,Dortmund,,,,미검토,,2382
2026-09-20 21:02 Europe/Berlin,Kaufland,"Kaufland Dortmund-Innenstadt-Nord, Bornstraße 160 a, 44145 Dortmund",44145,식품,24.09.2026-30.09.2026,Broccoli,"Deutschland, Kl. I, 500 g",1.29,,27%,"2,58 €/kg",https://assets.leaflets.schwarz/leaflets/pdfs/01a09f07-3814-7f16-b48d-2f2a134a0020/Prospekt-24-09-2026-30-09-2026-00.pdf,44369,Dortmund,,,,미검토,,2383
2026-09-20 21:02 Europe/Berlin,Kaufland,"Kaufland Dortmund-Innenstadt-Nord, Bornstraße 160 a, 44145 Dortmund",44145,식품,24.09.2026-30.09.2026,EHRMANN Almighurt Fruchtjoghurt,"versch. Sorten, 150 g",0.25,,71%,"1,67 €/kg",https://assets.leaflets.schwarz/leaflets/pdfs/01a09f07-3814-7f16-b48d-2f2a134a0020/Prospekt-24-09-2026-30-09-2026-00.pdf,44369,Dortmund,,,,미검토,,2384
2026-09-20 21:02 Europe/Berlin,Kaufland,"Kaufland Dortmund-Innenstadt-Nord, Bornstraße 160 a, 44145 Dortmund",44145,식품,24.09.2026-30.09.2026,Feigen,"Türkei, lose, Stück",0.49,,37%,,https://assets.leaflets.schwarz/leaflets/pdfs/01a09f07-3814-7f16-b48d-2f2a134a0020/Prospekt-24-09-2026-30-09-2026-00.pdf,44369,Dortmund,,,,미검토,,2385
2026-09-20 21:02 Europe/Berlin,Kaufland,"Kaufland Dortmund-Innenstadt-Nord, Bornstraße 160 a, 44145 Dortmund",44145,식품,24.09.2026-30.09.2026,Feldsalat,"Deutschland/Frankreich, Kl. I, 150 g",0.99,,23%,"6,60 €/kg",https://assets.leaflets.schwarz/leaflets/pdfs/01a09f07-3814-7f16-b48d-2f2a134a0020/Prospekt-24-09-2026-30-09-2026-00.pdf,44369,Dortmund,,,,미검토,,2386
2026-09-20 21:02 Europe/Berlin,Kaufland,"Kaufland Dortmund-Innenstadt-Nord, Bornstraße 160 a, 44145 Dortmund",44145,식품,24.09.2026-30.09.2026,Granatapfel,"Spanien, Stück",1.29,,35%,,https://assets.leaflets.schwarz/leaflets/pdfs/01a09f07-3814-7f16-b48d-2f2a134a0020/Prospekt-24-09-2026-30-09-2026-00.pdf,44369,Dortmund,,,,미검토,,2387
2026-09-20 21:02 Europe/Berlin,Kaufland,"Kaufland Dortmund-Innenstadt-Nord, Bornstraße 160 a, 44145 Dortmund",44145,식품,21.09.2026-23.09.2026,K-CLASSIC Natives Olivenöl extra,"erste Güteklasse, 750-ml-Fl.",4.44,,,"5,92 €/l",https://assets.leaflets.schwarz/leaflets/pdfs/01a09f76-d32a-7d23-a22a-c1660cd55205/Prospekt-21-09-2026-23-09-2026-00.pdf,44369,Dortmund,,,,미검토,,2388
2026-09-20 21:02 Europe/Berlin,Kaufland,"Kaufland Dortmund-Innenstadt-Nord, Bornstraße 160 a, 44145 Dortmund",44145,음료,24.09.2026-30.09.2026,KÄFER Caffè Crema Lungo oder Espresso Forte,"ganze Bohnen, 1 kg",9.99,,33%,,https://assets.leaflets.schwarz/leaflets/pdfs/01a09f07-3814-7f16-b48d-2f2a134a0020/Prospekt-24-09-2026-30-09-2026-00.pdf,44369,Dortmund,,,,미검토,,2389
2026-09-20 21:02 Europe/Berlin,Kaufland,"Kaufland Dortmund-Innenstadt-Nord, Bornstraße 160 a, 44145 Dortmund",44145,식품,24.09.2026-30.09.2026,Kiwibeeren,"Italien, Kl. I, 125 g",1.79,,28%,"14,32 €/kg",https://assets.leaflets.schwarz/leaflets/pdfs/01a09f07-3814-7f16-b48d-2f2a134a0020/Prospekt-24-09-2026-30-09-2026-00.pdf,44369,Dortmund,,,,미검토,,2390
2026-09-20 21:02 Europe/Berlin,Kaufland,"Kaufland Dortmund-Innenstadt-Nord, Bornstraße 160 a, 44145 Dortmund",44145,식품,21.09.2026-23.09.2026,LANDLIEBE Pudding,"versch. Sorten, 150-225 g",0.44,,55%,"1,96-2,94 €/kg",https://assets.leaflets.schwarz/leaflets/pdfs/01a09f76-d32a-7d23-a22a-c1660cd55205/Prospekt-21-09-2026-23-09-2026-00.pdf,44369,Dortmund,,,,미검토,,2391
2026-09-20 21:02 Europe/Berlin,Kaufland,"Kaufland Dortmund-Innenstadt-Nord, Bornstraße 160 a, 44145 Dortmund",44145,식품,24.09.2026-30.09.2026,Möhren XXL,"Deutschland, Kl. I, 3 kg",1.99,,,"0,67 €/kg",https://assets.leaflets.schwarz/leaflets/pdfs/01a09f07-3814-7f16-b48d-2f2a134a0020/Prospekt-24-09-2026-30-09-2026-00.pdf,44369,Dortmund,,,,미검토,,2392
2026-09-20 21:02 Europe/Berlin,Kaufland,"Kaufland Dortmund-Innenstadt-Nord, Bornstraße 160 a, 44145 Dortmund",44145,식품,24.09.2026-30.09.2026,Physalis,"Kolumbien, 100 g",1.49,,16%,"14,90 €/kg",https://assets.leaflets.schwarz/leaflets/pdfs/01a09f07-3814-7f16-b48d-2f2a134a0020/Prospekt-24-09-2026-30-09-2026-00.pdf,44369,Dortmund,,,,미검토,,2393
2026-09-20 21:02 Europe/Berlin,Kaufland,"Kaufland Dortmund-Innenstadt-Nord, Bornstraße 160 a, 44145 Dortmund",44145,식품,24.09.2026-30.09.2026,Porree XXL,"Deutschland, Kl. I, 1 kg",1.79,,,,https://assets.leaflets.schwarz/leaflets/pdfs/01a09f07-3814-7f16-b48d-2f2a134a0020/Prospekt-24-09-2026-30-09-2026-00.pdf,44369,Dortmund,,,,미검토,,2394
2026-09-20 21:02 Europe/Berlin,Kaufland,"Kaufland Dortmund-Innenstadt-Nord, Bornstraße 160 a, 44145 Dortmund",44145,음료,24.09.2026-30.09.2026,RED BULL Energy Drink oder Erfrischungsgetränk,"versch. Sorten, 0,25-0,33 l, zzgl. Pfand",0.79,,46%,"2,40-3,16 €/l",https://assets.leaflets.schwarz/leaflets/pdfs/01a09f07-3814-7f16-b48d-2f2a134a0020/Prospekt-24-09-2026-30-09-2026-00.pdf,44369,Dortmund,,,,미검토,,2395
2026-09-20 21:02 Europe/Berlin,Kaufland,"Kaufland Dortmund-Innenstadt-Nord, Bornstraße 160 a, 44145 Dortmund",44145,식품,24.09.2026-30.09.2026,SANLUCAR Tafeltrauben hell oder rot,600-g-Packung,2.49,,28%,"4,15 €/kg",https://assets.leaflets.schwarz/leaflets/pdfs/01a09f07-3814-7f16-b48d-2f2a134a0020/Prospekt-24-09-2026-30-09-2026-00.pdf,44369,Dortmund,,,,미검토,,2396
2026-09-20 21:02 Europe/Berlin,Kaufland,"Kaufland Dortmund-Innenstadt-Nord, Bornstraße 160 a, 44145 Dortmund",44145,식품,24.09.2026-30.09.2026,Speisekartoffeln XXL,"Deutschland, Qualität I, 5 kg",2.99,,,"0,60 €/kg",https://assets.leaflets.schwarz/leaflets/pdfs/01a09f07-3814-7f16-b48d-2f2a134a0020/Prospekt-24-09-2026-30-09-2026-00.pdf,44369,Dortmund,,,,미검토,,2397
2026-09-20 21:02 Europe/Berlin,Kaufland,"Kaufland Dortmund-Innenstadt-Nord, Bornstraße 160 a, 44145 Dortmund",44145,식품,24.09.2026-30.09.2026,Spitzkohl,"Deutschland, Kl. I, Stück",0.99,,50%,,https://assets.leaflets.schwarz/leaflets/pdfs/01a09f07-3814-7f16-b48d-2f2a134a0020/Prospekt-24-09-2026-30-09-2026-00.pdf,44369,Dortmund,,,,미검토,,2398
2026-09-20 21:02 Europe/Berlin,Kaufland,"Kaufland Dortmund-Innenstadt-Nord, Bornstraße 160 a, 44145 Dortmund",44145,식품,24.09.2026-30.09.2026,Tafeläpfel XXL,"Deutschland/Italien, Kl. I, 5 kg",4.99,,,"1,00 €/kg",https://assets.leaflets.schwarz/leaflets/pdfs/01a09f07-3814-7f16-b48d-2f2a134a0020/Prospekt-24-09-2026-30-09-2026-00.pdf,44369,Dortmund,,,,미검토,,2399
2026-09-20 21:02 Europe/Berlin,Kaufland,"Kaufland Dortmund-Innenstadt-Nord, Bornstraße 160 a, 44145 Dortmund",44145,식품,24.09.2026-30.09.2026,Tafelbirnen XXL,"Niederlande/Belgien, Kl. I, 1,5 kg",2.49,,28%,"1,66 €/kg",https://assets.leaflets.schwarz/leaflets/pdfs/01a09f07-3814-7f16-b48d-2f2a134a0020/Prospekt-24-09-2026-30-09-2026-00.pdf,44369,Dortmund,,,,미검토,,2400
2026-09-20 21:02 Europe/Berlin,Kaufland,"Kaufland Dortmund-Innenstadt-Nord, Bornstraße 160 a, 44145 Dortmund",44145,식품,24.09.2026-30.09.2026,Tafeltrauben rot,"Italien, Kl. I, 500 g",1.49,,16%,"2,98 €/kg",https://assets.leaflets.schwarz/leaflets/pdfs/01a09f07-3814-7f16-b48d-2f2a134a0020/Prospekt-24-09-2026-30-09-2026-00.pdf,44369,Dortmund,,,,미검토,,2401
2026-09-20 21:02 Europe/Berlin,Kaufland,"Kaufland Dortmund-Innenstadt-Nord, Bornstraße 160 a, 44145 Dortmund",44145,식품,24.09.2026-30.09.2026,Zwiebeln XXL,"Deutschland, Kl. II, 5 kg",2.99,,,"0,60 €/kg",https://assets.leaflets.schwarz/leaflets/pdfs/01a09f07-3814-7f16-b48d-2f2a134a0020/Prospekt-24-09-2026-30-09-2026-00.pdf,44369,Dortmund,,,,미검토,,2402
2026-09-20 21:02 Europe/Berlin,Kaufland,"Kaufland Aachen, Breslauer Straße 35, 52068 Aachen",52068,식품,21.09.2026-23.09.2026,BERGADER Schnittkäse,"versch. Sorten, 130-170 g",1.49,,44%,"8,77-11,47 €/kg",https://assets.leaflets.schwarz/leaflets/pdfs/01a09f78-c256-7363-a9ed-d4ca9d4bd872/Prospekt-21-09-2026-23-09-2026-00.pdf,52062,Aachen,,,,미검토,,2403
2026-09-20 21:02 Europe/Berlin,Kaufland,"Kaufland Aachen, Breslauer Straße 35, 52068 Aachen",52068,식품,24.09.2026-30.09.2026,Bio-Miniromatomaten,"Spanien, Kl. I, 250 g",1.49,,16%,"5,96 €/kg",https://assets.leaflets.schwarz/leaflets/pdfs/01a09f07-b0cd-730a-a43e-6c79188a7bc2/Prospekt-24-09-2026-30-09-2026-00.pdf,52062,Aachen,,,,미검토,,2404
2026-09-20 21:02 Europe/Berlin,Kaufland,"Kaufland Aachen, Breslauer Straße 35, 52068 Aachen",52068,식품,24.09.2026-30.09.2026,Bio-Zitronen,"Peru/Spanien, Kl. I, 500 g",1.79,,21%,"3,58 €/kg",https://assets.leaflets.schwarz/leaflets/pdfs/01a09f07-b0cd-730a-a43e-6c79188a7bc2/Prospekt-24-09-2026-30-09-2026-00.pdf,52062,Aachen,,,,미검토,,2405
2026-09-20 21:02 Europe/Berlin,Kaufland,"Kaufland Aachen, Breslauer Straße 35, 52068 Aachen",52068,식품,21.09.2026-23.09.2026,Blumenkohl,"Deutschland/Niederlande, Kl. I, Stück",1.29,,35%,,https://assets.leaflets.schwarz/leaflets/pdfs/01a09f78-c256-7363-a9ed-d4ca9d4bd872/Prospekt-21-09-2026-23-09-2026-00.pdf,52062,Aachen,,,,미검토,,2406
2026-09-20 21:02 Europe/Berlin,Kaufland,"Kaufland Aachen, Breslauer Straße 35, 52068 Aachen",52068,주류,21.09.2026-23.09.2026,BREE Wein oder Free Alkoholfrei,"versch. Sorten, 0,75-l-Fl.",2.79,,49%,"3,72 €/l",https://assets.leaflets.schwarz/leaflets/pdfs/01a09f78-c256-7363-a9ed-d4ca9d4bd872/Prospekt-21-09-2026-23-09-2026-00.pdf,52062,Aachen,,,,미검토,,2407
2026-09-20 21:02 Europe/Berlin,Kaufland,"Kaufland Aachen, Breslauer Straße 35, 52068 Aachen",52068,식품,21.09.2026-23.09.2026,BRESSO Frischkäse oder Frischkäsezubereitung,"versch. Sorten, 120-150 g",1.11,,58%,"7,40-9,25 €/kg",https://assets.leaflets.schwarz/leaflets/pdfs/01a09f78-c256-7363-a9ed-d4ca9d4bd872/Prospekt-21-09-2026-23-09-2026-00.pdf,52062,Aachen,,,,미검토,,2408
2026-09-20 21:02 Europe/Berlin,Kaufland,"Kaufland Aachen, Breslauer Straße 35, 52068 Aachen",52068,식품,24.09.2026-30.09.2026,Broccoli,"Deutschland, Kl. I, 500 g",1.29,,27%,"2,58 €/kg",https://assets.leaflets.schwarz/leaflets/pdfs/01a09f07-b0cd-730a-a43e-6c79188a7bc2/Prospekt-24-09-2026-30-09-2026-00.pdf,52062,Aachen,,,,미검토,,2409
2026-09-20 21:02 Europe/Berlin,Kaufland,"Kaufland Aachen, Breslauer Straße 35, 52068 Aachen",52068,식품,24.09.2026-30.09.2026,EHRMANN Almighurt Fruchtjoghurt,"versch. Sorten, 150 g",0.25,,71%,"1,67 €/kg",https://assets.leaflets.schwarz/leaflets/pdfs/01a09f07-b0cd-730a-a43e-6c79188a7bc2/Prospekt-24-09-2026-30-09-2026-00.pdf,52062,Aachen,,,,미검토,,2410
2026-09-20 21:02 Europe/Berlin,Kaufland,"Kaufland Aachen, Breslauer Straße 35, 52068 Aachen",52068,식품,24.09.2026-30.09.2026,Feigen,"Türkei, lose, Stück",0.49,,37%,,https://assets.leaflets.schwarz/leaflets/pdfs/01a09f07-b0cd-730a-a43e-6c79188a7bc2/Prospekt-24-09-2026-30-09-2026-00.pdf,52062,Aachen,,,,미검토,,2411
2026-09-20 21:02 Europe/Berlin,Kaufland,"Kaufland Aachen, Breslauer Straße 35, 52068 Aachen",52068,식품,24.09.2026-30.09.2026,Feldsalat,"Deutschland/Frankreich, Kl. I, 150 g",0.99,,23%,"6,60 €/kg",https://assets.leaflets.schwarz/leaflets/pdfs/01a09f07-b0cd-730a-a43e-6c79188a7bc2/Prospekt-24-09-2026-30-09-2026-00.pdf,52062,Aachen,,,,미검토,,2412
2026-09-20 21:02 Europe/Berlin,Kaufland,"Kaufland Aachen, Breslauer Straße 35, 52068 Aachen",52068,식품,24.09.2026-30.09.2026,Granatapfel,"Spanien, Stück",1.29,,35%,,https://assets.leaflets.schwarz/leaflets/pdfs/01a09f07-b0cd-730a-a43e-6c79188a7bc2/Prospekt-24-09-2026-30-09-2026-00.pdf,52062,Aachen,,,,미검토,,2413
2026-09-20 21:02 Europe/Berlin,Kaufland,"Kaufland Aachen, Breslauer Straße 35, 52068 Aachen",52068,식품,21.09.2026-23.09.2026,K-CLASSIC Natives Olivenöl extra,"erste Güteklasse, 750-ml-Fl.",4.44,,,"5,92 €/l",https://assets.leaflets.schwarz/leaflets/pdfs/01a09f78-c256-7363-a9ed-d4ca9d4bd872/Prospekt-21-09-2026-23-09-2026-00.pdf,52062,Aachen,,,,미검토,,2414
2026-09-20 21:02 Europe/Berlin,Kaufland,"Kaufland Aachen, Breslauer Straße 35, 52068 Aachen",52068,음료,24.09.2026-30.09.2026,KÄFER Caffè Crema Lungo oder Espresso Forte,"ganze Bohnen, 1 kg",9.99,,33%,,https://assets.leaflets.schwarz/leaflets/pdfs/01a09f07-b0cd-730a-a43e-6c79188a7bc2/Prospekt-24-09-2026-30-09-2026-00.pdf,52062,Aachen,,,,미검토,,2415
2026-09-20 21:02 Europe/Berlin,Kaufland,"Kaufland Aachen, Breslauer Straße 35, 52068 Aachen",52068,식품,24.09.2026-30.09.2026,Kiwibeeren,"Italien, Kl. I, 125 g",1.79,,28%,"14,32 €/kg",https://assets.leaflets.schwarz/leaflets/pdfs/01a09f07-b0cd-730a-a43e-6c79188a7bc2/Prospekt-24-09-2026-30-09-2026-00.pdf,52062,Aachen,,,,미검토,,2416
2026-09-20 21:02 Europe/Berlin,Kaufland,"Kaufland Aachen, Breslauer Straße 35, 52068 Aachen",52068,식품,21.09.2026-23.09.2026,LANDLIEBE Pudding,"versch. Sorten, 150-225 g",0.44,,55%,"1,96-2,94 €/kg",https://assets.leaflets.schwarz/leaflets/pdfs/01a09f78-c256-7363-a9ed-d4ca9d4bd872/Prospekt-21-09-2026-23-09-2026-00.pdf,52062,Aachen,,,,미검토,,2417
2026-09-20 21:02 Europe/Berlin,Kaufland,"Kaufland Aachen, Breslauer Straße 35, 52068 Aachen",52068,식품,24.09.2026-30.09.2026,Möhren XXL,"Deutschland, Kl. I, 3 kg",1.99,,,"0,67 €/kg",https://assets.leaflets.schwarz/leaflets/pdfs/01a09f07-b0cd-730a-a43e-6c79188a7bc2/Prospekt-24-09-2026-30-09-2026-00.pdf,52062,Aachen,,,,미검토,,2418
2026-09-20 21:02 Europe/Berlin,Kaufland,"Kaufland Aachen, Breslauer Straße 35, 52068 Aachen",52068,식품,24.09.2026-30.09.2026,Physalis,"Kolumbien, 100 g",1.49,,16%,"14,90 €/kg",https://assets.leaflets.schwarz/leaflets/pdfs/01a09f07-b0cd-730a-a43e-6c79188a7bc2/Prospekt-24-09-2026-30-09-2026-00.pdf,52062,Aachen,,,,미검토,,2419
2026-09-20 21:02 Europe/Berlin,Kaufland,"Kaufland Aachen, Breslauer Straße 35, 52068 Aachen",52068,식품,24.09.2026-30.09.2026,Porree XXL,"Deutschland, Kl. I, 1 kg",1.79,,,,https://assets.leaflets.schwarz/leaflets/pdfs/01a09f07-b0cd-730a-a43e-6c79188a7bc2/Prospekt-24-09-2026-30-09-2026-00.pdf,52062,Aachen,,,,미검토,,2420
2026-09-20 21:02 Europe/Berlin,Kaufland,"Kaufland Aachen, Breslauer Straße 35, 52068 Aachen",52068,음료,24.09.2026-30.09.2026,RED BULL Energy Drink oder Erfrischungsgetränk,"versch. Sorten, 0,25-0,33 l, zzgl. Pfand",0.79,,46%,"2,40-3,16 €/l",https://assets.leaflets.schwarz/leaflets/pdfs/01a09f07-b0cd-730a-a43e-6c79188a7bc2/Prospekt-24-09-2026-30-09-2026-00.pdf,52062,Aachen,,,,미검토,,2421
2026-09-20 21:02 Europe/Berlin,Kaufland,"Kaufland Aachen, Breslauer Straße 35, 52068 Aachen",52068,식품,24.09.2026-30.09.2026,SANLUCAR Tafeltrauben hell oder rot,600-g-Packung,2.49,,28%,"4,15 €/kg",https://assets.leaflets.schwarz/leaflets/pdfs/01a09f07-b0cd-730a-a43e-6c79188a7bc2/Prospekt-24-09-2026-30-09-2026-00.pdf,52062,Aachen,,,,미검토,,2422
2026-09-20 21:02 Europe/Berlin,Kaufland,"Kaufland Aachen, Breslauer Straße 35, 52068 Aachen",52068,식품,24.09.2026-30.09.2026,Speisekartoffeln XXL,"Deutschland, Qualität I, 5 kg",2.99,,,"0,60 €/kg",https://assets.leaflets.schwarz/leaflets/pdfs/01a09f07-b0cd-730a-a43e-6c79188a7bc2/Prospekt-24-09-2026-30-09-2026-00.pdf,52062,Aachen,,,,미검토,,2423
2026-09-20 21:02 Europe/Berlin,Kaufland,"Kaufland Aachen, Breslauer Straße 35, 52068 Aachen",52068,식품,24.09.2026-30.09.2026,Spitzkohl,"Deutschland, Kl. I, Stück",0.99,,50%,,https://assets.leaflets.schwarz/leaflets/pdfs/01a09f07-b0cd-730a-a43e-6c79188a7bc2/Prospekt-24-09-2026-30-09-2026-00.pdf,52062,Aachen,,,,미검토,,2424
2026-09-20 21:02 Europe/Berlin,Kaufland,"Kaufland Aachen, Breslauer Straße 35, 52068 Aachen",52068,식품,24.09.2026-30.09.2026,Tafeläpfel XXL,"Deutschland/Italien, Kl. I, 5 kg",4.99,,,"1,00 €/kg",https://assets.leaflets.schwarz/leaflets/pdfs/01a09f07-b0cd-730a-a43e-6c79188a7bc2/Prospekt-24-09-2026-30-09-2026-00.pdf,52062,Aachen,,,,미검토,,2425
2026-09-20 21:02 Europe/Berlin,Kaufland,"Kaufland Aachen, Breslauer Straße 35, 52068 Aachen",52068,식품,24.09.2026-30.09.2026,Tafelbirnen XXL,"Niederlande/Belgien, Kl. I, 1,5 kg",2.49,,28%,"1,66 €/kg",https://assets.leaflets.schwarz/leaflets/pdfs/01a09f07-b0cd-730a-a43e-6c79188a7bc2/Prospekt-24-09-2026-30-09-2026-00.pdf,52062,Aachen,,,,미검토,,2426
2026-09-20 21:02 Europe/Berlin,Kaufland,"Kaufland Aachen, Breslauer Straße 35, 52068 Aachen",52068,식품,24.09.2026-30.09.2026,Tafeltrauben rot,"Italien, Kl. I, 500 g",1.49,,16%,"2,98 €/kg",https://assets.leaflets.schwarz/leaflets/pdfs/01a09f07-b0cd-730a-a43e-6c79188a7bc2/Prospekt-24-09-2026-30-09-2026-00.pdf,52062,Aachen,,,,미검토,,2427
2026-09-20 21:02 Europe/Berlin,Kaufland,"Kaufland Aachen, Breslauer Straße 35, 52068 Aachen",52068,식품,24.09.2026-30.09.2026,Zwiebeln XXL,"Deutschland, Kl. II, 5 kg",2.99,,,"0,60 €/kg",https://assets.leaflets.schwarz/leaflets/pdfs/01a09f07-b0cd-730a-a43e-6c79188a7bc2/Prospekt-24-09-2026-30-09-2026-00.pdf,52062,Aachen,,,,미검토,,2428
2026-09-20 21:02 Europe/Berlin,METRO,"METRO Düsseldorf, Schlüterstraße 3, 40235 Düsseldorf",40235,식품,21.09.2026-26.09.2026,Argentinische Rinder-Steakhüfte,"vorgereift, vakuumverpackt, ca. 2,2-kg-Stücke, Preis ab ca. 2,2 kg; Netto-Abholpreis zzgl. MwSt.",15.49,,,"15,49 €/kg netto (16,57 € brutto)",https://prospekte.metro.de/3985/3370169/pdfs/9c9418ba-24fb-4f77-a005-92a6eab3744b.pdf?response-content-disposition=attachment%3B+filename%2A%3DUTF-8%27%27METRO%2520DE%2520-%2520Wochen-Angebote.pdf,40468;40474,Düsseldorf,,,,미검토,,2429;2445
2026-09-20 21:02 Europe/Berlin,METRO,"METRO Düsseldorf, Schlüterstraße 3, 40235 Düsseldorf",40235,식품,21.09.2026-26.09.2026,Argentinisches Rinder-Roastbeef,"vorgereift, vakuumverpackt, ca. 3,5-kg-Stücke; Netto-Abholpreis zzgl. MwSt.",10.79,,,"10,79 €/kg netto (11,55 € brutto)",https://prospekte.metro.de/3985/3370169/pdfs/9c9418ba-24fb-4f77-a005-92a6eab3744b.pdf?response-content-disposition=attachment%3B+filename%2A%3DUTF-8%27%27METRO%2520DE%2520-%2520Wochen-Angebote.pdf,40468;40474,Düsseldorf,,,,미검토,,2430;2446
2026-09-20 21:02 Europe/Berlin,METRO,"METRO Düsseldorf, Schlüterstraße 3, 40235 Düsseldorf",40235,식품,21.09.2026-26.09.2026,Dorade Royal Filets,"80-120 g/Filet, 900-g-Beutel; Netto-Abholpreis zzgl. MwSt.",16.99,,,"16,99 € netto (18,17 € brutto)",https://prospekte.metro.de/3985/3370169/pdfs/9c9418ba-24fb-4f77-a005-92a6eab3744b.pdf?response-content-disposition=attachment%3B+filename%2A%3DUTF-8%27%27METRO%2520DE%2520-%2520Wochen-Angebote.pdf,40468;40474,Düsseldorf,,,,미검토,,2431;2447
2026-09-20 21:02 Europe/Berlin,METRO,"METRO Düsseldorf, Schlüterstraße 3, 40235 Düsseldorf",40235,식품,21.09.2026-26.09.2026,Emsrind Dry aged Côte de Boeuf / Prime Rib Steak,ca. 700/550-g-Packung; Netto-Abholpreis zzgl. MwSt.,22.49,,,"22,49 €/kg netto (24,06 € brutto)",https://prospekte.metro.de/3985/3370169/pdfs/9c9418ba-24fb-4f77-a005-92a6eab3744b.pdf?response-content-disposition=attachment%3B+filename%2A%3DUTF-8%27%27METRO%2520DE%2520-%2520Wochen-Angebote.pdf,40468;40474,Düsseldorf,,,,미검토,,2432;2448
2026-09-20 21:02 Europe/Berlin,METRO,"METRO Düsseldorf, Schlüterstraße 3, 40235 Düsseldorf",40235,식품,21.09.2026-26.09.2026,Emsrind Dry aged Rinder Short Ribs,ca. 1-kg-Packung; Netto-Abholpreis zzgl. MwSt.,18.49,,,"18,49 €/kg netto (19,78 € brutto)",https://prospekte.metro.de/3985/3370169/pdfs/9c9418ba-24fb-4f77-a005-92a6eab3744b.pdf?response-content-disposition=attachment%3B+filename%2A%3DUTF-8%27%27METRO%2520DE%2520-%2520Wochen-Angebote.pdf,40468;40474,Düsseldorf,,,,미검토,,2433;2449
2026-09-20 21:02 Europe/Berlin,METRO,"METRO Düsseldorf, Schlüterstraße 3, 40235 Düsseldorf",40235,식품,21.09.2026-26.09.2026,Frischer Pulpo,"geputzt, Wildfang Mittlerer Ostatlantik, ca. 1 kg/Stück; Netto-Abholpreis zzgl. MwSt.",19.99,,,"19,99 €/kg netto (21,39 € brutto)",https://prospekte.metro.de/3985/3370169/pdfs/9c9418ba-24fb-4f77-a005-92a6eab3744b.pdf?response-content-disposition=attachment%3B+filename%2A%3DUTF-8%27%27METRO%2520DE%2520-%2520Wochen-Angebote.pdf,40468;40474,Düsseldorf,,,,미검토,,2434;2450
2026-09-20 21:02 Europe/Berlin,METRO,"METRO Düsseldorf, Schlüterstraße 3, 40235 Düsseldorf",40235,식품,21.09.2026-26.09.2026,Hackfleisch gemischt,"Schweine- und Rindfleisch, frisch, ca. 1,5-kg-Packung; Netto-Abholpreis zzgl. MwSt.",8.59,,,"8,59 €/kg netto (9,19 € brutto)",https://prospekte.metro.de/3985/3370169/pdfs/9c9418ba-24fb-4f77-a005-92a6eab3744b.pdf?response-content-disposition=attachment%3B+filename%2A%3DUTF-8%27%27METRO%2520DE%2520-%2520Wochen-Angebote.pdf,40468;40474,Düsseldorf,,,,미검토,,2435;2451
2026-09-20 21:02 Europe/Berlin,METRO,"METRO Düsseldorf, Schlüterstraße 3, 40235 Düsseldorf",40235,식품,21.09.2026-26.09.2026,John Ross Schottischer Räucherlachs,"kaltgeräuchert, 200-g-Packung; Netto-Abholpreis zzgl. MwSt.",9.99,,,"9,99 € netto (10,69 € brutto)",https://prospekte.metro.de/3985/3370169/pdfs/9c9418ba-24fb-4f77-a005-92a6eab3744b.pdf?response-content-disposition=attachment%3B+filename%2A%3DUTF-8%27%27METRO%2520DE%2520-%2520Wochen-Angebote.pdf,40468;40474,Düsseldorf,,,,미검토,,2436;2452
2026-09-20 21:02 Europe/Berlin,METRO,"METRO Düsseldorf, Schlüterstraße 3, 40235 Düsseldorf",40235,식품,21.09.2026-26.09.2026,Kasseler-Krustenbraten,"aus dem Schinken, ca. 2,5-kg-Stücke; Netto-Abholpreis zzgl. MwSt.",6.49,,,"6,49 €/kg netto (6,94 € brutto)",https://prospekte.metro.de/3985/3370169/pdfs/9c9418ba-24fb-4f77-a005-92a6eab3744b.pdf?response-content-disposition=attachment%3B+filename%2A%3DUTF-8%27%27METRO%2520DE%2520-%2520Wochen-Angebote.pdf,40468;40474,Düsseldorf,,,,미검토,,2437;2453
2026-09-20 21:02 Europe/Berlin,METRO,"METRO Düsseldorf, Schlüterstraße 3, 40235 Düsseldorf",40235,식품,21.09.2026-26.09.2026,Medusa Meeresfrüchtesalat oder Sardellenfilets,150-g-Schale; Netto-Abholpreis zzgl. MwSt.,3.49,,,"3,49 € netto (3,73 € brutto)",https://prospekte.metro.de/3985/3370169/pdfs/9c9418ba-24fb-4f77-a005-92a6eab3744b.pdf?response-content-disposition=attachment%3B+filename%2A%3DUTF-8%27%27METRO%2520DE%2520-%2520Wochen-Angebote.pdf,40468;40474,Düsseldorf,,,,미검토,,2438;2454
2026-09-20 21:02 Europe/Berlin,METRO,"METRO Düsseldorf, Schlüterstraße 3, 40235 Düsseldorf",40235,식품,21.09.2026-26.09.2026,Rinderbraten Falsches Filet,"europäische Herkunft, halal, ca. 1,5-kg-Stücke; Netto-Abholpreis zzgl. MwSt.",12.99,,,"12,99 €/kg netto (13,90 € brutto)",https://prospekte.metro.de/3985/3370169/pdfs/9c9418ba-24fb-4f77-a005-92a6eab3744b.pdf?response-content-disposition=attachment%3B+filename%2A%3DUTF-8%27%27METRO%2520DE%2520-%2520Wochen-Angebote.pdf,40468;40474,Düsseldorf,,,,미검토,,2439;2455
2026-09-20 21:02 Europe/Berlin,METRO,"METRO Düsseldorf, Schlüterstraße 3, 40235 Düsseldorf",40235,식품,21.09.2026-26.09.2026,Rinderkugel,"europäische Herkunft, halal, ca. 4-kg-Stücke; Netto-Abholpreis zzgl. MwSt.",12.99,,,"12,99 €/kg netto (13,90 € brutto)",https://prospekte.metro.de/3985/3370169/pdfs/9c9418ba-24fb-4f77-a005-92a6eab3744b.pdf?response-content-disposition=attachment%3B+filename%2A%3DUTF-8%27%27METRO%2520DE%2520-%2520Wochen-Angebote.pdf,40468;40474,Düsseldorf,,,,미검토,,2440;2456
2026-09-20 21:02 Europe/Berlin,METRO,"METRO Düsseldorf, Schlüterstraße 3, 40235 Düsseldorf",40235,식품,21.09.2026-26.09.2026,Schweine Loin-Ribs,ca. 500-g-Stücke; Netto-Abholpreis zzgl. MwSt.,6.29,,,"6,29 €/kg netto (6,73 € brutto)",https://prospekte.metro.de/3985/3370169/pdfs/9c9418ba-24fb-4f77-a005-92a6eab3744b.pdf?response-content-disposition=attachment%3B+filename%2A%3DUTF-8%27%27METRO%2520DE%2520-%2520Wochen-Angebote.pdf,40468;40474,Düsseldorf,,,,미검토,,2441;2457
2026-09-20 21:02 Europe/Berlin,METRO,"METRO Düsseldorf, Schlüterstraße 3, 40235 Düsseldorf",40235,식품,21.09.2026-26.09.2026,Schweinefilet,ca. 500-g-Stücke; Netto-Abholpreis zzgl. MwSt.,8.49,,,"8,49 €/kg netto (9,08 € brutto)",https://prospekte.metro.de/3985/3370169/pdfs/9c9418ba-24fb-4f77-a005-92a6eab3744b.pdf?response-content-disposition=attachment%3B+filename%2A%3DUTF-8%27%27METRO%2520DE%2520-%2520Wochen-Angebote.pdf,40468;40474,Düsseldorf,,,,미검토,,2442;2458
2026-09-20 21:02 Europe/Berlin,METRO,"METRO Düsseldorf, Schlüterstraße 3, 40235 Düsseldorf",40235,식품,21.09.2026-26.09.2026,Schweinelachse,"ca. 3,2-kg-Stücke; Netto-Abholpreis zzgl. MwSt.",3.79,,,"3,79 €/kg netto (4,06 € brutto)",https://prospekte.metro.de/3985/3370169/pdfs/9c9418ba-24fb-4f77-a005-92a6eab3744b.pdf?response-content-disposition=attachment%3B+filename%2A%3DUTF-8%27%27METRO%2520DE%2520-%2520Wochen-Angebote.pdf,40468;40474,Düsseldorf,,,,미검토,,2443;2459
2026-09-20 21:02 Europe/Berlin,METRO,"METRO Düsseldorf, Schlüterstraße 3, 40235 Düsseldorf",40235,식품,21.09.2026-26.09.2026,Schweinenacken,"ohne Knochen, frisch, ca. 2,5-kg-Stücke; Netto-Abholpreis zzgl. MwSt.",4.99,,,"4,99 €/kg netto (5,34 € brutto)",https://prospekte.metro.de/3985/3370169/pdfs/9c9418ba-24fb-4f77-a005-92a6eab3744b.pdf?response-content-disposition=attachment%3B+filename%2A%3DUTF-8%27%27METRO%2520DE%2520-%2520Wochen-Angebote.pdf,40468;40474,Düsseldorf,,,,미검토,,2444;2460
2026-09-20 21:02 Europe/Berlin,METRO,"METRO Dortmund-Oespel, Borussiastraße 101, 44149 Dortmund",44149,식품,21.09.2026-26.09.2026,Argentinische Rinder-Steakhüfte,"vorgereift, vakuumverpackt, ca. 2,2-kg-Stücke, Preis ab ca. 2,2 kg; Netto-Abholpreis zzgl. MwSt.",15.49,,,"15,49 €/kg netto (16,57 € brutto)",https://prospekte.metro.de/3985/3370169/pdfs/9c9418ba-24fb-4f77-a005-92a6eab3744b.pdf?response-content-disposition=attachment%3B+filename%2A%3DUTF-8%27%27METRO%2520DE%2520-%2520Wochen-Angebote.pdf,44369,Dortmund,,,,미검토,,2461
2026-09-20 21:02 Europe/Berlin,METRO,"METRO Dortmund-Oespel, Borussiastraße 101, 44149 Dortmund",44149,식품,21.09.2026-26.09.2026,Argentinisches Rinder-Roastbeef,"vorgereift, vakuumverpackt, ca. 3,5-kg-Stücke; Netto-Abholpreis zzgl. MwSt.",10.79,,,"10,79 €/kg netto (11,55 € brutto)",https://prospekte.metro.de/3985/3370169/pdfs/9c9418ba-24fb-4f77-a005-92a6eab3744b.pdf?response-content-disposition=attachment%3B+filename%2A%3DUTF-8%27%27METRO%2520DE%2520-%2520Wochen-Angebote.pdf,44369,Dortmund,,,,미검토,,2462
2026-09-20 21:02 Europe/Berlin,METRO,"METRO Dortmund-Oespel, Borussiastraße 101, 44149 Dortmund",44149,식품,21.09.2026-26.09.2026,Dorade Royal Filets,"80-120 g/Filet, 900-g-Beutel; Netto-Abholpreis zzgl. MwSt.",16.99,,,"16,99 € netto (18,17 € brutto)",https://prospekte.metro.de/3985/3370169/pdfs/9c9418ba-24fb-4f77-a005-92a6eab3744b.pdf?response-content-disposition=attachment%3B+filename%2A%3DUTF-8%27%27METRO%2520DE%2520-%2520Wochen-Angebote.pdf,44369,Dortmund,,,,미검토,,2463
2026-09-20 21:02 Europe/Berlin,METRO,"METRO Dortmund-Oespel, Borussiastraße 101, 44149 Dortmund",44149,식품,21.09.2026-26.09.2026,Emsrind Dry aged Côte de Boeuf / Prime Rib Steak,ca. 700/550-g-Packung; Netto-Abholpreis zzgl. MwSt.,22.49,,,"22,49 €/kg netto (24,06 € brutto)",https://prospekte.metro.de/3985/3370169/pdfs/9c9418ba-24fb-4f77-a005-92a6eab3744b.pdf?response-content-disposition=attachment%3B+filename%2A%3DUTF-8%27%27METRO%2520DE%2520-%2520Wochen-Angebote.pdf,44369,Dortmund,,,,미검토,,2464
2026-09-20 21:02 Europe/Berlin,METRO,"METRO Dortmund-Oespel, Borussiastraße 101, 44149 Dortmund",44149,식품,21.09.2026-26.09.2026,Emsrind Dry aged Rinder Short Ribs,ca. 1-kg-Packung; Netto-Abholpreis zzgl. MwSt.,18.49,,,"18,49 €/kg netto (19,78 € brutto)",https://prospekte.metro.de/3985/3370169/pdfs/9c9418ba-24fb-4f77-a005-92a6eab3744b.pdf?response-content-disposition=attachment%3B+filename%2A%3DUTF-8%27%27METRO%2520DE%2520-%2520Wochen-Angebote.pdf,44369,Dortmund,,,,미검토,,2465
2026-09-20 21:02 Europe/Berlin,METRO,"METRO Dortmund-Oespel, Borussiastraße 101, 44149 Dortmund",44149,식품,21.09.2026-26.09.2026,Frischer Pulpo,"geputzt, Wildfang Mittlerer Ostatlantik, ca. 1 kg/Stück; Netto-Abholpreis zzgl. MwSt.",19.99,,,"19,99 €/kg netto (21,39 € brutto)",https://prospekte.metro.de/3985/3370169/pdfs/9c9418ba-24fb-4f77-a005-92a6eab3744b.pdf?response-content-disposition=attachment%3B+filename%2A%3DUTF-8%27%27METRO%2520DE%2520-%2520Wochen-Angebote.pdf,44369,Dortmund,,,,미검토,,2466
2026-09-20 21:02 Europe/Berlin,METRO,"METRO Dortmund-Oespel, Borussiastraße 101, 44149 Dortmund",44149,식품,21.09.2026-26.09.2026,Hackfleisch gemischt,"Schweine- und Rindfleisch, frisch, ca. 1,5-kg-Packung; Netto-Abholpreis zzgl. MwSt.",8.59,,,"8,59 €/kg netto (9,19 € brutto)",https://prospekte.metro.de/3985/3370169/pdfs/9c9418ba-24fb-4f77-a005-92a6eab3744b.pdf?response-content-disposition=attachment%3B+filename%2A%3DUTF-8%27%27METRO%2520DE%2520-%2520Wochen-Angebote.pdf,44369,Dortmund,,,,미검토,,2467
2026-09-20 21:02 Europe/Berlin,METRO,"METRO Dortmund-Oespel, Borussiastraße 101, 44149 Dortmund",44149,식품,21.09.2026-26.09.2026,John Ross Schottischer Räucherlachs,"kaltgeräuchert, 200-g-Packung; Netto-Abholpreis zzgl. MwSt.",9.99,,,"9,99 € netto (10,69 € brutto)",https://prospekte.metro.de/3985/3370169/pdfs/9c9418ba-24fb-4f77-a005-92a6eab3744b.pdf?response-content-disposition=attachment%3B+filename%2A%3DUTF-8%27%27METRO%2520DE%2520-%2520Wochen-Angebote.pdf,44369,Dortmund,,,,미검토,,2468
2026-09-20 21:02 Europe/Berlin,METRO,"METRO Dortmund-Oespel, Borussiastraße 101, 44149 Dortmund",44149,식품,21.09.2026-26.09.2026,Kasseler-Krustenbraten,"aus dem Schinken, ca. 2,5-kg-Stücke; Netto-Abholpreis zzgl. MwSt.",6.49,,,"6,49 €/kg netto (6,94 € brutto)",https://prospekte.metro.de/3985/3370169/pdfs/9c9418ba-24fb-4f77-a005-92a6eab3744b.pdf?response-content-disposition=attachment%3B+filename%2A%3DUTF-8%27%27METRO%2520DE%2520-%2520Wochen-Angebote.pdf,44369,Dortmund,,,,미검토,,2469
2026-09-20 21:02 Europe/Berlin,METRO,"METRO Dortmund-Oespel, Borussiastraße 101, 44149 Dortmund",44149,식품,21.09.2026-26.09.2026,Medusa Meeresfrüchtesalat oder Sardellenfilets,150-g-Schale; Netto-Abholpreis zzgl. MwSt.,3.49,,,"3,49 € netto (3,73 € brutto)",https://prospekte.metro.de/3985/3370169/pdfs/9c9418ba-24fb-4f77-a005-92a6eab3744b.pdf?response-content-disposition=attachment%3B+filename%2A%3DUTF-8%27%27METRO%2520DE%2520-%2520Wochen-Angebote.pdf,44369,Dortmund,,,,미검토,,2470
2026-09-20 21:02 Europe/Berlin,METRO,"METRO Dortmund-Oespel, Borussiastraße 101, 44149 Dortmund",44149,식품,21.09.2026-26.09.2026,Rinderbraten Falsches Filet,"europäische Herkunft, halal, ca. 1,5-kg-Stücke; Netto-Abholpreis zzgl. MwSt.",12.99,,,"12,99 €/kg netto (13,90 € brutto)",https://prospekte.metro.de/3985/3370169/pdfs/9c9418ba-24fb-4f77-a005-92a6eab3744b.pdf?response-content-disposition=attachment%3B+filename%2A%3DUTF-8%27%27METRO%2520DE%2520-%2520Wochen-Angebote.pdf,44369,Dortmund,,,,미검토,,2471
2026-09-20 21:02 Europe/Berlin,METRO,"METRO Dortmund-Oespel, Borussiastraße 101, 44149 Dortmund",44149,식품,21.09.2026-26.09.2026,Rinderkugel,"europäische Herkunft, halal, ca. 4-kg-Stücke; Netto-Abholpreis zzgl. MwSt.",12.99,,,"12,99 €/kg netto (13,90 € brutto)",https://prospekte.metro.de/3985/3370169/pdfs/9c9418ba-24fb-4f77-a005-92a6eab3744b.pdf?response-content-disposition=attachment%3B+filename%2A%3DUTF-8%27%27METRO%2520DE%2520-%2520Wochen-Angebote.pdf,44369,Dortmund,,,,미검토,,2472
2026-09-20 21:02 Europe/Berlin,METRO,"METRO Dortmund-Oespel, Borussiastraße 101, 44149 Dortmund",44149,식품,21.09.2026-26.09.2026,Schweine Loin-Ribs,ca. 500-g-Stücke; Netto-Abholpreis zzgl. MwSt.,6.29,,,"6,29 €/kg netto (6,73 € brutto)",https://prospekte.metro.de/3985/3370169/pdfs/9c9418ba-24fb-4f77-a005-92a6eab3744b.pdf?response-content-disposition=attachment%3B+filename%2A%3DUTF-8%27%27METRO%2520DE%2520-%2520Wochen-Angebote.pdf,44369,Dortmund,,,,미검토,,2473
2026-09-20 21:02 Europe/Berlin,METRO,"METRO Dortmund-Oespel, Borussiastraße 101, 44149 Dortmund",44149,식품,21.09.2026-26.09.2026,Schweinefilet,ca. 500-g-Stücke; Netto-Abholpreis zzgl. MwSt.,8.49,,,"8,49 €/kg netto (9,08 € brutto)",https://prospekte.metro.de/3985/3370169/pdfs/9c9418ba-24fb-4f77-a005-92a6eab3744b.pdf?response-content-disposition=attachment%3B+filename%2A%3DUTF-8%27%27METRO%2520DE%2520-%2520Wochen-Angebote.pdf,44369,Dortmund,,,,미검토,,2474
2026-09-20 21:02 Europe/Berlin,METRO,"METRO Dortmund-Oespel, Borussiastraße 101, 44149 Dortmund",44149,식품,21.09.2026-26.09.2026,Schweinelachse,"ca. 3,2-kg-Stücke; Netto-Abholpreis zzgl. MwSt.",3.79,,,"3,79 €/kg netto (4,06 € brutto)",https://prospekte.metro.de/3985/3370169/pdfs/9c9418ba-24fb-4f77-a005-92a6eab3744b.pdf?response-content-disposition=attachment%3B+filename%2A%3DUTF-8%27%27METRO%2520DE%2520-%2520Wochen-Angebote.pdf,44369,Dortmund,,,,미검토,,2475
2026-09-20 21:02 Europe/Berlin,METRO,"METRO Dortmund-Oespel, Borussiastraße 101, 44149 Dortmund",44149,식품,21.09.2026-26.09.2026,Schweinenacken,"ohne Knochen, frisch, ca. 2,5-kg-Stücke; Netto-Abholpreis zzgl. MwSt.",4.99,,,"4,99 €/kg netto (5,34 € brutto)",https://prospekte.metro.de/3985/3370169/pdfs/9c9418ba-24fb-4f77-a005-92a6eab3744b.pdf?response-content-disposition=attachment%3B+filename%2A%3DUTF-8%27%27METRO%2520DE%2520-%2520Wochen-Angebote.pdf,44369,Dortmund,,,,미검토,,2476
2026-09-20 21:02 Europe/Berlin,METRO,"METRO Würselen, Schumanstraße 6, 52146 Würselen",52146,식품,21.09.2026-26.09.2026,Argentinische Rinder-Steakhüfte,"vorgereift, vakuumverpackt, ca. 2,2-kg-Stücke, Preis ab ca. 2,2 kg; Netto-Abholpreis zzgl. MwSt.",15.49,,,"15,49 €/kg netto (16,57 € brutto)",https://prospekte.metro.de/3985/3370169/pdfs/9c9418ba-24fb-4f77-a005-92a6eab3744b.pdf?response-content-disposition=attachment%3B+filename%2A%3DUTF-8%27%27METRO%2520DE%2520-%2520Wochen-Angebote.pdf,52062,Würselen,,,,미검토,,2477
2026-09-20 21:02 Europe/Berlin,METRO,"METRO Würselen, Schumanstraße 6, 52146 Würselen",52146,식품,21.09.2026-26.09.2026,Argentinisches Rinder-Roastbeef,"vorgereift, vakuumverpackt, ca. 3,5-kg-Stücke; Netto-Abholpreis zzgl. MwSt.",10.79,,,"10,79 €/kg netto (11,55 € brutto)",https://prospekte.metro.de/3985/3370169/pdfs/9c9418ba-24fb-4f77-a005-92a6eab3744b.pdf?response-content-disposition=attachment%3B+filename%2A%3DUTF-8%27%27METRO%2520DE%2520-%2520Wochen-Angebote.pdf,52062,Würselen,,,,미검토,,2478
2026-09-20 21:02 Europe/Berlin,METRO,"METRO Würselen, Schumanstraße 6, 52146 Würselen",52146,식품,21.09.2026-26.09.2026,Dorade Royal Filets,"80-120 g/Filet, 900-g-Beutel; Netto-Abholpreis zzgl. MwSt.",16.99,,,"16,99 € netto (18,17 € brutto)",https://prospekte.metro.de/3985/3370169/pdfs/9c9418ba-24fb-4f77-a005-92a6eab3744b.pdf?response-content-disposition=attachment%3B+filename%2A%3DUTF-8%27%27METRO%2520DE%2520-%2520Wochen-Angebote.pdf,52062,Würselen,,,,미검토,,2479
2026-09-20 21:02 Europe/Berlin,METRO,"METRO Würselen, Schumanstraße 6, 52146 Würselen",52146,식품,21.09.2026-26.09.2026,Emsrind Dry aged Côte de Boeuf / Prime Rib Steak,ca. 700/550-g-Packung; Netto-Abholpreis zzgl. MwSt.,22.49,,,"22,49 €/kg netto (24,06 € brutto)",https://prospekte.metro.de/3985/3370169/pdfs/9c9418ba-24fb-4f77-a005-92a6eab3744b.pdf?response-content-disposition=attachment%3B+filename%2A%3DUTF-8%27%27METRO%2520DE%2520-%2520Wochen-Angebote.pdf,52062,Würselen,,,,미검토,,2480
2026-09-20 21:02 Europe/Berlin,METRO,"METRO Würselen, Schumanstraße 6, 52146 Würselen",52146,식품,21.09.2026-26.09.2026,Emsrind Dry aged Rinder Short Ribs,ca. 1-kg-Packung; Netto-Abholpreis zzgl. MwSt.,18.49,,,"18,49 €/kg netto (19,78 € brutto)",https://prospekte.metro.de/3985/3370169/pdfs/9c9418ba-24fb-4f77-a005-92a6eab3744b.pdf?response-content-disposition=attachment%3B+filename%2A%3DUTF-8%27%27METRO%2520DE%2520-%2520Wochen-Angebote.pdf,52062,Würselen,,,,미검토,,2481
2026-09-20 21:02 Europe/Berlin,METRO,"METRO Würselen, Schumanstraße 6, 52146 Würselen",52146,식품,21.09.2026-26.09.2026,Frischer Pulpo,"geputzt, Wildfang Mittlerer Ostatlantik, ca. 1 kg/Stück; Netto-Abholpreis zzgl. MwSt.",19.99,,,"19,99 €/kg netto (21,39 € brutto)",https://prospekte.metro.de/3985/3370169/pdfs/9c9418ba-24fb-4f77-a005-92a6eab3744b.pdf?response-content-disposition=attachment%3B+filename%2A%3DUTF-8%27%27METRO%2520DE%2520-%2520Wochen-Angebote.pdf,52062,Würselen,,,,미검토,,2482
2026-09-20 21:02 Europe/Berlin,METRO,"METRO Würselen, Schumanstraße 6, 52146 Würselen",52146,식품,21.09.2026-26.09.2026,Hackfleisch gemischt,"Schweine- und Rindfleisch, frisch, ca. 1,5-kg-Packung; Netto-Abholpreis zzgl. MwSt.",8.59,,,"8,59 €/kg netto (9,19 € brutto)",https://prospekte.metro.de/3985/3370169/pdfs/9c9418ba-24fb-4f77-a005-92a6eab3744b.pdf?response-content-disposition=attachment%3B+filename%2A%3DUTF-8%27%27METRO%2520DE%2520-%2520Wochen-Angebote.pdf,52062,Würselen,,,,미검토,,2483
2026-09-20 21:02 Europe/Berlin,METRO,"METRO Würselen, Schumanstraße 6, 52146 Würselen",52146,식품,21.09.2026-26.09.2026,John Ross Schottischer Räucherlachs,"kaltgeräuchert, 200-g-Packung; Netto-Abholpreis zzgl. MwSt.",9.99,,,"9,99 € netto (10,69 € brutto)",https://prospekte.metro.de/3985/3370169/pdfs/9c9418ba-24fb-4f77-a005-92a6eab3744b.pdf?response-content-disposition=attachment%3B+filename%2A%3DUTF-8%27%27METRO%2520DE%2520-%2520Wochen-Angebote.pdf,52062,Würselen,,,,미검토,,2484
2026-09-20 21:02 Europe/Berlin,METRO,"METRO Würselen, Schumanstraße 6, 52146 Würselen",52146,식품,21.09.2026-26.09.2026,Kasseler-Krustenbraten,"aus dem Schinken, ca. 2,5-kg-Stücke; Netto-Abholpreis zzgl. MwSt.",6.49,,,"6,49 €/kg netto (6,94 € brutto)",https://prospekte.metro.de/3985/3370169/pdfs/9c9418ba-24fb-4f77-a005-92a6eab3744b.pdf?response-content-disposition=attachment%3B+filename%2A%3DUTF-8%27%27METRO%2520DE%2520-%2520Wochen-Angebote.pdf,52062,Würselen,,,,미검토,,2485
2026-09-20 21:02 Europe/Berlin,METRO,"METRO Würselen, Schumanstraße 6, 52146 Würselen",52146,식품,21.09.2026-26.09.2026,Medusa Meeresfrüchtesalat oder Sardellenfilets,150-g-Schale; Netto-Abholpreis zzgl. MwSt.,3.49,,,"3,49 € netto (3,73 € brutto)",https://prospekte.metro.de/3985/3370169/pdfs/9c9418ba-24fb-4f77-a005-92a6eab3744b.pdf?response-content-disposition=attachment%3B+filename%2A%3DUTF-8%27%27METRO%2520DE%2520-%2520Wochen-Angebote.pdf,52062,Würselen,,,,미검토,,2486
2026-09-20 21:02 Europe/Berlin,METRO,"METRO Würselen, Schumanstraße 6, 52146 Würselen",52146,식품,21.09.2026-26.09.2026,Rinderbraten Falsches Filet,"europäische Herkunft, halal, ca. 1,5-kg-Stücke; Netto-Abholpreis zzgl. MwSt.",12.99,,,"12,99 €/kg netto (13,90 € brutto)",https://prospekte.metro.de/3985/3370169/pdfs/9c9418ba-24fb-4f77-a005-92a6eab3744b.pdf?response-content-disposition=attachment%3B+filename%2A%3DUTF-8%27%27METRO%2520DE%2520-%2520Wochen-Angebote.pdf,52062,Würselen,,,,미검토,,2487
2026-09-20 21:02 Europe/Berlin,METRO,"METRO Würselen, Schumanstraße 6, 52146 Würselen",52146,식품,21.09.2026-26.09.2026,Rinderkugel,"europäische Herkunft, halal, ca. 4-kg-Stücke; Netto-Abholpreis zzgl. MwSt.",12.99,,,"12,99 €/kg netto (13,90 € brutto)",https://prospekte.metro.de/3985/3370169/pdfs/9c9418ba-24fb-4f77-a005-92a6eab3744b.pdf?response-content-disposition=attachment%3B+filename%2A%3DUTF-8%27%27METRO%2520DE%2520-%2520Wochen-Angebote.pdf,52062,Würselen,,,,미검토,,2488
2026-09-20 21:02 Europe/Berlin,METRO,"METRO Würselen, Schumanstraße 6, 52146 Würselen",52146,식품,21.09.2026-26.09.2026,Schweine Loin-Ribs,ca. 500-g-Stücke; Netto-Abholpreis zzgl. MwSt.,6.29,,,"6,29 €/kg netto (6,73 € brutto)",https://prospekte.metro.de/3985/3370169/pdfs/9c9418ba-24fb-4f77-a005-92a6eab3744b.pdf?response-content-disposition=attachment%3B+filename%2A%3DUTF-8%27%27METRO%2520DE%2520-%2520Wochen-Angebote.pdf,52062,Würselen,,,,미검토,,2489
2026-09-20 21:02 Europe/Berlin,METRO,"METRO Würselen, Schumanstraße 6, 52146 Würselen",52146,식품,21.09.2026-26.09.2026,Schweinefilet,ca. 500-g-Stücke; Netto-Abholpreis zzgl. MwSt.,8.49,,,"8,49 €/kg netto (9,08 € brutto)",https://prospekte.metro.de/3985/3370169/pdfs/9c9418ba-24fb-4f77-a005-92a6eab3744b.pdf?response-content-disposition=attachment%3B+filename%2A%3DUTF-8%27%27METRO%2520DE%2520-%2520Wochen-Angebote.pdf,52062,Würselen,,,,미검토,,2490
2026-09-20 21:02 Europe/Berlin,METRO,"METRO Würselen, Schumanstraße 6, 52146 Würselen",52146,식품,21.09.2026-26.09.2026,Schweinelachse,"ca. 3,2-kg-Stücke; Netto-Abholpreis zzgl. MwSt.",3.79,,,"3,79 €/kg netto (4,06 € brutto)",https://prospekte.metro.de/3985/3370169/pdfs/9c9418ba-24fb-4f77-a005-92a6eab3744b.pdf?response-content-disposition=attachment%3B+filename%2A%3DUTF-8%27%27METRO%2520DE%2520-%2520Wochen-Angebote.pdf,52062,Würselen,,,,미검토,,2491
2026-09-20 21:02 Europe/Berlin,METRO,"METRO Würselen, Schumanstraße 6, 52146 Würselen",52146,식품,21.09.2026-26.09.2026,Schweinenacken,"ohne Knochen, frisch, ca. 2,5-kg-Stücke; Netto-Abholpreis zzgl. MwSt.",4.99,,,"4,99 €/kg netto (5,34 € brutto)",https://prospekte.metro.de/3985/3370169/pdfs/9c9418ba-24fb-4f77-a005-92a6eab3744b.pdf?response-content-disposition=attachment%3B+filename%2A%3DUTF-8%27%27METRO%2520DE%2520-%2520Wochen-Angebote.pdf,52062,Würselen,,,,미검토,,2492
