수집시각,체인,지점,우편번호,카테고리,행사기간,상품명,상품정보,행사가격,앱가격,할인율,기준가격,출처,검색우편번호,도시,가격적용단위,할인조건,원문근거,검토상태,정상가격,원본행
2026-09-13 21:08 Europe/Berlin,REWE,"REWE An der Piwipp 120, 40468 Düsseldorf (지점 확인)",40468,식품,14.09.2026-20.09.2026,3 Glocken Genuss Pur Pasta,je 500-g-Btl.,0.99,,,,https://www.rewe.de/angebote/duesseldorf/8322016/rewe-markt-an-der-piwipp-120/,40468,Düsseldorf,500 g,,REWE An der Piwipp 공식 지점 상품 카드: 3 Glocken Genuss Pur Pasta; 500 g; 0.99 EUR. Bonus 적립 제외 일반 행사가.,verified,,2
2026-09-13 21:08 Europe/Berlin,REWE,"REWE An der Piwipp 120, 40468 Düsseldorf (지점 확인)",40468,음료,14.09.2026-20.09.2026,Alpro Barista Hafer Drink,je 1-l-Pckg.,1.49,,,,https://www.rewe.de/angebote/duesseldorf/8322016/rewe-markt-an-der-piwipp-120/,40468,Düsseldorf,판매 단위 확인,공식 원문 재검증 대기,"원본 수집 행 보존. 재검증 대기, 자동 가격 제외.",held,,3
2026-09-13 21:08 Europe/Berlin,REWE,"REWE An der Piwipp 120, 40468 Düsseldorf (지점 확인)",40468,식품,14.09.2026-20.09.2026,Bifi Chicken High Protein,je 100-g-Pckg.,1.99,,,,https://www.rewe.de/angebote/duesseldorf/8322016/rewe-markt-an-der-piwipp-120/,40468,Düsseldorf,판매 단위 확인,공식 원문 재검증 대기,"원본 수집 행 보존. 재검증 대기, 자동 가격 제외.",held,,4
2026-09-13 21:08 Europe/Berlin,REWE,"REWE An der Piwipp 120, 40468 Düsseldorf (지점 확인)",40468,주류,14.09.2026-20.09.2026,Bitburger Stubbi oder alkoholfrei,"20 x 0,33-l-Fl.-Kasten, zzgl. Pfand",18.98,,,,https://www.rewe.de/angebote/duesseldorf/8322016/rewe-markt-an-der-piwipp-120/,40468,Düsseldorf,판매 단위 확인,공식 원문 재검증 대기,"원본 수집 행 보존. 재검증 대기, 자동 가격 제외.",held,,5
2026-09-13 21:08 Europe/Berlin,REWE,"REWE An der Piwipp 120, 40468 Düsseldorf (지점 확인)",40468,식품,14.09.2026-20.09.2026,Chio Tortillas Nacho Cheese,je 110-g-Btl.,1.19,,,,https://www.rewe.de/angebote/duesseldorf/8322016/rewe-markt-an-der-piwipp-120/,40468,Düsseldorf,판매 단위 확인,공식 원문 재검증 대기,"원본 수집 행 보존. 재검증 대기, 자동 가격 제외.",held,,6
2026-09-13 21:08 Europe/Berlin,REWE,"REWE An der Piwipp 120, 40468 Düsseldorf (지점 확인)",40468,식품,14.09.2026-20.09.2026,Exquisa Der Sahnige,je 200-g-Pckg.,1.19,,,,https://www.rewe.de/angebote/duesseldorf/8322016/rewe-markt-an-der-piwipp-120/,40468,Düsseldorf,판매 단위 확인,공식 원문 재검증 대기,"원본 수집 행 보존. 재검증 대기, 자동 가격 제외.",held,,7
2026-09-13 21:08 Europe/Berlin,REWE,"REWE An der Piwipp 120, 40468 Düsseldorf (지점 확인)",40468,식품,14.09.2026-20.09.2026,Feige,"Kl. I, je St.",0.29,,,,https://www.rewe.de/angebote/duesseldorf/8322016/rewe-markt-an-der-piwipp-120/,40468,Düsseldorf,판매 단위 확인,공식 원문 재검증 대기,"원본 수집 행 보존. 재검증 대기, 자동 가격 제외.",held,,8
2026-09-13 21:08 Europe/Berlin,REWE,"REWE An der Piwipp 120, 40468 Düsseldorf (지점 확인)",40468,식품,14.09.2026-20.09.2026,Frisches Hähnchen Brustfilet,"Teilstück, SB-verpackt, je 1 kg",11.99,,,,https://www.rewe.de/angebote/duesseldorf/8322016/rewe-markt-an-der-piwipp-120/,40468,Düsseldorf,1 kg,,REWE An der Piwipp 공식 지점 상품 카드: Frisches Hähnchen Brustfilet; 1 kg; 11.99 EUR. Bonus 적립 제외 일반 행사가.,verified,,9
2026-09-13 21:08 Europe/Berlin,REWE,"REWE An der Piwipp 120, 40468 Düsseldorf (지점 확인)",40468,식품,14.09.2026-20.09.2026,Heinz Curry Mango Sauce,je 220-ml-Fl.,1.49,,,,https://www.rewe.de/angebote/duesseldorf/8322016/rewe-markt-an-der-piwipp-120/,40468,Düsseldorf,판매 단위 확인,공식 원문 재검증 대기,"원본 수집 행 보존. 재검증 대기, 자동 가격 제외.",held,,10
2026-09-13 21:08 Europe/Berlin,REWE,"REWE An der Piwipp 120, 40468 Düsseldorf (지점 확인)",40468,식품,14.09.2026-20.09.2026,Iglo Schlemmerfilet Bordelaise Classic,je 380-g-Pckg.,2.99,,,,https://www.rewe.de/angebote/duesseldorf/8322016/rewe-markt-an-der-piwipp-120/,40468,Düsseldorf,판매 단위 확인,공식 원문 재검증 대기,"원본 수집 행 보존. 재검증 대기, 자동 가격 제외.",held,,11
2026-09-13 21:08 Europe/Berlin,REWE,"REWE An der Piwipp 120, 40468 Düsseldorf (지점 확인)",40468,주류,14.09.2026-20.09.2026,Jack Daniel’s Tennessee Whiskey,"40% Vol., je 0,7-l-Fl.",14.49,,,,https://www.rewe.de/angebote/duesseldorf/8322016/rewe-markt-an-der-piwipp-120/,40468,Düsseldorf,판매 단위 확인,공식 원문 재검증 대기,"원본 수집 행 보존. 재검증 대기, 자동 가격 제외.",held,,12
2026-09-13 21:08 Europe/Berlin,REWE,"REWE An der Piwipp 120, 40468 Düsseldorf (지점 확인)",40468,식품,14.09.2026-20.09.2026,Kühne Gewürzgurken,je 670-g-Glas,1.79,,,,https://www.rewe.de/angebote/duesseldorf/8322016/rewe-markt-an-der-piwipp-120/,40468,Düsseldorf,판매 단위 확인,공식 원문 재검증 대기,"원본 수집 행 보존. 재검증 대기, 자동 가격 제외.",held,,13
2026-09-13 21:08 Europe/Berlin,REWE,"REWE An der Piwipp 120, 40468 Düsseldorf (지점 확인)",40468,식품,14.09.2026-20.09.2026,Leibniz Choco Minis oder Mini Cookies,je 125-g-Btl.,1.49,,,,https://www.rewe.de/angebote/duesseldorf/8322016/rewe-markt-an-der-piwipp-120/,40468,Düsseldorf,판매 단위 확인,공식 원문 재검증 대기,"원본 수집 행 보존. 재검증 대기, 자동 가격 제외.",held,,14
2026-09-13 21:08 Europe/Berlin,REWE,"REWE An der Piwipp 120, 40468 Düsseldorf (지점 확인)",40468,식품,14.09.2026-20.09.2026,Maggi 5 Minuten Terrine XL Spaghetti Bolognese,je 81-g-Becher,1.19,,,,https://www.rewe.de/angebote/duesseldorf/8322016/rewe-markt-an-der-piwipp-120/,40468,Düsseldorf,판매 단위 확인,공식 원문 재검증 대기,"원본 수집 행 보존. 재검증 대기, 자동 가격 제외.",held,,15
2026-09-13 21:08 Europe/Berlin,REWE,"REWE An der Piwipp 120, 40468 Düsseldorf (지점 확인)",40468,음료,14.09.2026-20.09.2026,Monster Energy Drink,"je 0,5-l-Dose, zzgl. Pfand",0.99,,,,https://www.rewe.de/angebote/duesseldorf/8322016/rewe-markt-an-der-piwipp-120/,40468,Düsseldorf,판매 단위 확인,공식 원문 재검증 대기,"원본 수집 행 보존. 재검증 대기, 자동 가격 제외.",held,,16
2026-09-13 21:08 Europe/Berlin,REWE,"REWE An der Piwipp 120, 40468 Düsseldorf (지점 확인)",40468,식품,14.09.2026-20.09.2026,Mövenpick Gourmet Fruchtaufstrich,je 250-g-Glas,2.22,,,,https://www.rewe.de/angebote/duesseldorf/8322016/rewe-markt-an-der-piwipp-120/,40468,Düsseldorf,판매 단위 확인,공식 원문 재검증 대기,"원본 수집 행 보존. 재검증 대기, 자동 가격 제외.",held,,17
2026-09-13 21:08 Europe/Berlin,REWE,"REWE An der Piwipp 120, 40468 Düsseldorf (지점 확인)",40468,식품,14.09.2026-20.09.2026,Original Wagner Flammkuchen Elsässer Art,"tiefgefroren, je 300-g-Pckg.",1.79,,,,https://www.rewe.de/angebote/duesseldorf/8322016/rewe-markt-an-der-piwipp-120/,40468,Düsseldorf,판매 단위 확인,공식 원문 재검증 대기,"원본 수집 행 보존. 재검증 대기, 자동 가격 제외.",held,,18
2026-09-13 21:08 Europe/Berlin,REWE,"REWE An der Piwipp 120, 40468 Düsseldorf (지점 확인)",40468,식품,14.09.2026-20.09.2026,Original Wagner Steinofen Pizza Salami,"tiefgefroren, je 320-g-Pckg.",1.79,,,,https://www.rewe.de/angebote/duesseldorf/8322016/rewe-markt-an-der-piwipp-120/,40468,Düsseldorf,판매 단위 확인,공식 원문 재검증 대기,"원본 수집 행 보존. 재검증 대기, 자동 가격 제외.",held,,19
2026-09-13 21:08 Europe/Berlin,REWE,"REWE An der Piwipp 120, 40468 Düsseldorf (지점 확인)",40468,음료,14.09.2026-20.09.2026,Pepsi,"je 1,25-l-Fl., zzgl. Pfand",0.79,,,,https://www.rewe.de/angebote/duesseldorf/8322016/rewe-markt-an-der-piwipp-120/,40468,Düsseldorf,판매 단위 확인,공식 원문 재검증 대기,"원본 수집 행 보존. 재검증 대기, 자동 가격 제외.",held,,20
2026-09-13 21:08 Europe/Berlin,REWE,"REWE An der Piwipp 120, 40468 Düsseldorf (지점 확인)",40468,음료,14.09.2026-20.09.2026,Valensina Saft,je 1-l-Fl.,1.79,,,,https://www.rewe.de/angebote/duesseldorf/8322016/rewe-markt-an-der-piwipp-120/,40468,Düsseldorf,판매 단위 확인,공식 원문 재검증 대기,"원본 수집 행 보존. 재검증 대기, 자동 가격 제외.",held,,21
2026-09-13 21:08 Europe/Berlin,REWE,"REWE H. Amshove, Varziner Str. 7-17, 44369 Dortmund (지점 확인)",44369,식품,14.09.2026-20.09.2026,Bauer Biergartenkäse,"Weichkäse, 45% i.Tr., je 150-g-Pckg.",1.99,,,"13,27 €/kg",https://www.rewe.de/angebote/dortmund/1762800/rewe-markt-varziner-str-7-17/,44369,Dortmund,판매 단위 확인,공식 원문 재검증 대기,"원본 수집 행 보존. 재검증 대기, 자동 가격 제외.",held,,22
2026-09-13 21:08 Europe/Berlin,REWE,"REWE H. Amshove, Varziner Str. 7-17, 44369 Dortmund (지점 확인)",44369,식품,14.09.2026-20.09.2026,Chio Tortillas Nacho Cheese,je 110-g-Btl.,1.19,,,"10,82 €/kg",https://www.rewe.de/angebote/dortmund/1762800/rewe-markt-varziner-str-7-17/,44369,Dortmund,판매 단위 확인,공식 원문 재검증 대기,"원본 수집 행 보존. 재검증 대기, 자동 가격 제외.",held,,23
2026-09-13 21:08 Europe/Berlin,REWE,"REWE H. Amshove, Varziner Str. 7-17, 44369 Dortmund (지점 확인)",44369,식품,14.09.2026-20.09.2026,Exquisa Der Sahnige,"65% Fett i.Tr., je 200-g-Pckg.",1.19,,,"5,95 €/kg",https://www.rewe.de/angebote/dortmund/1762800/rewe-markt-varziner-str-7-17/,44369,Dortmund,판매 단위 확인,공식 원문 재검증 대기,"원본 수집 행 보존. 재검증 대기, 자동 가격 제외.",held,,24
2026-09-13 21:08 Europe/Berlin,REWE,"REWE H. Amshove, Varziner Str. 7-17, 44369 Dortmund (지점 확인)",44369,식품,14.09.2026-20.09.2026,Iglo Schlemmerfilet Bordelaise Classic,"tiefgefroren, je 380-g-Pckg.",2.99,,,"7,87 €/kg",https://www.rewe.de/angebote/dortmund/1762800/rewe-markt-varziner-str-7-17/,44369,Dortmund,판매 단위 확인,공식 원문 재검증 대기,"원본 수집 행 보존. 재검증 대기, 자동 가격 제외.",held,,25
2026-09-13 21:08 Europe/Berlin,REWE,"REWE H. Amshove, Varziner Str. 7-17, 44369 Dortmund (지점 확인)",44369,식품,14.09.2026-20.09.2026,Kinder Riegel,je 18 x 21-g-Pckg.,4.44,,,"11,75 €/kg",https://www.rewe.de/angebote/dortmund/1762800/rewe-markt-varziner-str-7-17/,44369,Dortmund,판매 단위 확인,공식 원문 재검증 대기,"원본 수집 행 보존. 재검증 대기, 자동 가격 제외.",held,,26
2026-09-13 21:08 Europe/Berlin,REWE,"REWE H. Amshove, Varziner Str. 7-17, 44369 Dortmund (지점 확인)",44369,음료,14.09.2026-20.09.2026,Melitta Auslese Kaffee,"versch. Sorten, gemahlener Bohnenkaffee, je 500-g-Pckg.",5.99,,,"11,98 €/kg",https://www.rewe.de/angebote/dortmund/1762800/rewe-markt-varziner-str-7-17/,44369,Dortmund,판매 단위 확인,공식 원문 재검증 대기,"원본 수집 행 보존. 재검증 대기, 자동 가격 제외.",held,,27
2026-09-13 21:08 Europe/Berlin,REWE,"REWE H. Amshove, Varziner Str. 7-17, 44369 Dortmund (지점 확인)",44369,식품,14.09.2026-20.09.2026,Merci Finest Selection,"versch. Sorten, je 250-g-Pckg.",3.29,,,"13,16 €/kg",https://www.rewe.de/angebote/dortmund/1762800/rewe-markt-varziner-str-7-17/,44369,Dortmund,판매 단위 확인,공식 원문 재검증 대기,"원본 수집 행 보존. 재검증 대기, 자동 가격 제외.",held,,28
2026-09-13 21:08 Europe/Berlin,REWE,"REWE H. Amshove, Varziner Str. 7-17, 44369 Dortmund (지점 확인)",44369,식품,14.09.2026-20.09.2026,Milka Schokolade,"versch. Sorten, je 90-g-Tafel",0.99,,,"11,00 €/kg",https://www.rewe.de/angebote/dortmund/1762800/rewe-markt-varziner-str-7-17/,44369,Dortmund,판매 단위 확인,공식 원문 재검증 대기,"원본 수집 행 보존. 재검증 대기, 자동 가격 제외.",held,,29
2026-09-13 21:08 Europe/Berlin,REWE,"REWE H. Amshove, Varziner Str. 7-17, 44369 Dortmund (지점 확인)",44369,식품,14.09.2026-20.09.2026,Original Wagner Steinofen Pizza Salami,"tiefgefroren, je 320-g-Pckg.",1.79,,,"5,59 €/kg",https://www.rewe.de/angebote/dortmund/1762800/rewe-markt-varziner-str-7-17/,44369,Dortmund,판매 단위 확인,공식 원문 재검증 대기,"원본 수집 행 보존. 재검증 대기, 자동 가격 제외.",held,,30
2026-09-13 21:08 Europe/Berlin,REWE,"REWE H. Amshove, Varziner Str. 7-17, 44369 Dortmund (지점 확인)",44369,주류,14.09.2026-20.09.2026,Warsteiner Pils,"je 20 x 0,5-l-Fl.-Kasten, zzgl. 3,10 € Pfand",10.99,,,"1,10 €/l",https://www.rewe.de/angebote/dortmund/1762800/rewe-markt-varziner-str-7-17/,44369,Dortmund,판매 단위 확인,공식 원문 재검증 대기,"원본 수집 행 보존. 재검증 대기, 자동 가격 제외.",held,,31
2026-09-13 21:08 Europe/Berlin,REWE,"REWE Markt, Kaiserplatz 1 / Adalbertstr. 100, 52062 Aachen (지점 확인)",52062,식품,14.09.2026-20.09.2026,Bauer Biergartenkäse,"Weichkäse, 45% i.Tr., je 150-g-Pckg.",1.99,,,"13,27 €/kg",https://www.rewe.de/angebote/aachen/1931021/rewe-markt-kaiserplatz-1-adalbertstr-100/,52062,Aachen,판매 단위 확인,공식 원문 재검증 대기,"원본 수집 행 보존. 재검증 대기, 자동 가격 제외.",held,,32
2026-09-13 21:08 Europe/Berlin,REWE,"REWE Markt, Kaiserplatz 1 / Adalbertstr. 100, 52062 Aachen (지점 확인)",52062,식품,14.09.2026-20.09.2026,Exquisa Der Sahnige,"65% Fett i.Tr., je 200-g-Pckg.",1.19,,,"5,95 €/kg",https://www.rewe.de/angebote/aachen/1931021/rewe-markt-kaiserplatz-1-adalbertstr-100/,52062,Aachen,판매 단위 확인,공식 원문 재검증 대기,"원본 수집 행 보존. 재검증 대기, 자동 가격 제외.",held,,33
2026-09-13 21:08 Europe/Berlin,REWE,"REWE Markt, Kaiserplatz 1 / Adalbertstr. 100, 52062 Aachen (지점 확인)",52062,식품,14.09.2026-20.09.2026,Happy Hippo,"versch. Sorten, je 5 x 20,7-g-Pckg.",1.79,,,"17,29 €/kg",https://www.rewe.de/angebote/aachen/1931021/rewe-markt-kaiserplatz-1-adalbertstr-100/,52062,Aachen,판매 단위 확인,공식 원문 재검증 대기,"원본 수집 행 보존. 재검증 대기, 자동 가격 제외.",held,,34
2026-09-13 21:08 Europe/Berlin,REWE,"REWE Markt, Kaiserplatz 1 / Adalbertstr. 100, 52062 Aachen (지점 확인)",52062,식품,14.09.2026-20.09.2026,Iglo Schlemmerfilet Bordelaise Classic,"tiefgefroren, je 380-g-Pckg.",2.99,,,"7,87 €/kg",https://www.rewe.de/angebote/aachen/1931021/rewe-markt-kaiserplatz-1-adalbertstr-100/,52062,Aachen,판매 단위 확인,공식 원문 재검증 대기,"원본 수집 행 보존. 재검증 대기, 자동 가격 제외.",held,,35
2026-09-13 21:08 Europe/Berlin,REWE,"REWE Markt, Kaiserplatz 1 / Adalbertstr. 100, 52062 Aachen (지점 확인)",52062,식품,14.09.2026-20.09.2026,Kinder Riegel,je 18 x 21-g-Pckg.,4.44,,,"11,75 €/kg",https://www.rewe.de/angebote/aachen/1931021/rewe-markt-kaiserplatz-1-adalbertstr-100/,52062,Aachen,판매 단위 확인,공식 원문 재검증 대기,"원본 수집 행 보존. 재검증 대기, 자동 가격 제외.",held,,36
2026-09-13 21:08 Europe/Berlin,REWE,"REWE Markt, Kaiserplatz 1 / Adalbertstr. 100, 52062 Aachen (지점 확인)",52062,주류,14.09.2026-20.09.2026,Kleiner Feigling Original,"20% Vol., je 0,5-l-Fl.",5.99,,,"11,98 €/l",https://www.rewe.de/angebote/aachen/1931021/rewe-markt-kaiserplatz-1-adalbertstr-100/,52062,Aachen,판매 단위 확인,공식 원문 재검증 대기,"원본 수집 행 보존. 재검증 대기, 자동 가격 제외.",held,,37
2026-09-13 21:08 Europe/Berlin,REWE,"REWE Markt, Kaiserplatz 1 / Adalbertstr. 100, 52062 Aachen (지점 확인)",52062,식품,14.09.2026-20.09.2026,Milka Schokolade,"versch. Sorten, je 90-g-Tafel",0.99,,,"11,00 €/kg",https://www.rewe.de/angebote/aachen/1931021/rewe-markt-kaiserplatz-1-adalbertstr-100/,52062,Aachen,판매 단위 확인,공식 원문 재검증 대기,"원본 수집 행 보존. 재검증 대기, 자동 가격 제외.",held,,38
2026-09-13 21:08 Europe/Berlin,REWE,"REWE Markt, Kaiserplatz 1 / Adalbertstr. 100, 52062 Aachen (지점 확인)",52062,음료,14.09.2026-20.09.2026,Monster Energy Drink,"versch. Sorten, koffeinhaltig, je 0,5-l-Dose, zzgl. 0,25 € Pfand",0.99,,,"1,98 €/l",https://www.rewe.de/angebote/aachen/1931021/rewe-markt-kaiserplatz-1-adalbertstr-100/,52062,Aachen,판매 단위 확인,공식 원문 재검증 대기,"원본 수집 행 보존. 재검증 대기, 자동 가격 제외.",held,,39
2026-09-13 21:08 Europe/Berlin,REWE,"REWE Markt, Kaiserplatz 1 / Adalbertstr. 100, 52062 Aachen (지점 확인)",52062,식품,14.09.2026-20.09.2026,Original Wagner Steinofen Pizza Salami,"tiefgefroren, je 320-g-Pckg.",1.79,,,"5,59 €/kg",https://www.rewe.de/angebote/aachen/1931021/rewe-markt-kaiserplatz-1-adalbertstr-100/,52062,Aachen,판매 단위 확인,공식 원문 재검증 대기,"원본 수집 행 보존. 재검증 대기, 자동 가격 제외.",held,,40
2026-09-13 21:08 Europe/Berlin,REWE,"REWE Markt, Kaiserplatz 1 / Adalbertstr. 100, 52062 Aachen (지점 확인)",52062,음료,14.09.2026-20.09.2026,Powerade,"je 0,5-l-Fl., zzgl. 0,25 € Pfand",0.99,,,"1,98 €/l",https://www.rewe.de/angebote/aachen/1931021/rewe-markt-kaiserplatz-1-adalbertstr-100/,52062,Aachen,판매 단위 확인,공식 원문 재검증 대기,"원본 수집 행 보존. 재검증 대기, 자동 가격 제외.",held,,41
2026-09-13 21:08 Europe/Berlin,REWE,"REWE Markt, Kaiserplatz 1 / Adalbertstr. 100, 52062 Aachen (지점 확인)",52062,식품,14.09.2026-20.09.2026,Rügenwalder Vegane Mühlen Salami oder Veganer Schinken Spicker Mortadella,je 80-g-Pckg.,1.19,,,"14,88 €/kg",https://www.rewe.de/angebote/aachen/1931021/rewe-markt-kaiserplatz-1-adalbertstr-100/,52062,Aachen,판매 단위 확인,공식 원문 재검증 대기,"원본 수집 행 보존. 재검증 대기, 자동 가격 제외.",held,,42
2026-09-13 21:08 Europe/Berlin,EDEKA,"EDEKA Buller, Matthiaskirchweg 6, 40472 Düsseldorf (40468 근접 대표)",40472,식품,14.09.2026-19.09.2026,Dr. Oetker Ristorante Pizza oder Bistro Flammkuchen,"tiefgefroren, versch. Sorten, je 265 g - 410 g Packung",1.79,,,"ab 4,37 €/kg",https://www.edeka.de/maerkte/071158/,40468,Düsseldorf,판매 단위 확인,공식 원문 재검증 대기,"원본 수집 행 보존. 재검증 대기, 자동 가격 제외.",held,,43
2026-09-13 21:08 Europe/Berlin,EDEKA,"EDEKA Buller, Matthiaskirchweg 6, 40472 Düsseldorf (40468 근접 대표)",40472,식품,14.09.2026-19.09.2026,Ecuador - Bananen,1 kg,1.49,,,"1,49 €/kg",https://www.edeka.de/maerkte/071158/,40468,Düsseldorf,1 kg,,Ecuador - Bananen; 1 kg; 1.49 EUR; 14.09.2026–19.09.2026. 지점 공식 행사 페이지 확인.,verified,,44
2026-09-13 21:08 Europe/Berlin,EDEKA,"EDEKA Buller, Matthiaskirchweg 6, 40472 Düsseldorf (40468 근접 대표)",40472,식품,14.09.2026-19.09.2026,Frischer Schweinenackenbraten,"mit Knochen, der rustikale Braten, je 1 kg",5.99,,,"5,99 €/kg",https://www.edeka.de/maerkte/071158/,40468,Düsseldorf,1 kg,없음,"EDEKA Buller 공식 상품 카드: Frischer Schweinenackenbraten; 뼈 포함 1 kg; 5.99 EUR; 2026-09-14부터 KW38 토요일까지.",verified,,45
2026-09-13 21:08 Europe/Berlin,EDEKA,"EDEKA Buller, Matthiaskirchweg 6, 40472 Düsseldorf (40468 근접 대표)",40472,식품,14.09.2026-19.09.2026,HAK Rotkohl,"mit Apfelstücken oder ohne, je 700 g Glas",1.29,,,"1,84 €/kg",https://www.edeka.de/maerkte/071158/,40468,Düsseldorf,판매 단위 확인,공식 원문 재검증 대기,"원본 수집 행 보존. 재검증 대기, 자동 가격 제외.",held,,46
2026-09-13 21:08 Europe/Berlin,EDEKA,"EDEKA Buller, Matthiaskirchweg 6, 40472 Düsseldorf (40468 근접 대표)",40472,주류,14.09.2026-19.09.2026,Italien - Apulien / Sizilien - Doppio Passo,"je 0,75 l Flasche",4.99,,,"6,65 €/l",https://www.edeka.de/maerkte/071158/,40468,Düsseldorf,판매 단위 확인,공식 원문 재검증 대기,"원본 수집 행 보존. 재검증 대기, 자동 가격 제외.",held,,47
2026-09-13 21:08 Europe/Berlin,EDEKA,"EDEKA Buller, Matthiaskirchweg 6, 40472 Düsseldorf (40468 근접 대표)",40472,식품,14.09.2026-19.09.2026,Langnese Magnum,"Multi-Eispackungen, versch. Sorten, je 600 ml / 580 ml Packung",2.99,2.79,,"4,98 €/l / 5,16 €/l",https://www.edeka.de/maerkte/071158/,40468,Düsseldorf,판매 단위 확인,공식 원문 재검증 대기,"원본 수집 행 보존. 재검증 대기, 자동 가격 제외.",held,,48
2026-09-13 21:08 Europe/Berlin,EDEKA,"EDEKA Buller, Matthiaskirchweg 6, 40472 Düsseldorf (40468 근접 대표)",40472,식품,14.09.2026-19.09.2026,Milram Käse,"in Scheiben oder Reibekäse, versch. Sorten und Fettstufen, je 150 g / 125 g Packung / Beutel",1.29,,,"8,60 €/kg / 10,32 €/kg",https://www.edeka.de/maerkte/071158/,40468,Düsseldorf,판매 단위 확인,공식 원문 재검증 대기,"원본 수집 행 보존. 재검증 대기, 자동 가격 제외.",held,,49
2026-09-13 21:08 Europe/Berlin,EDEKA,"EDEKA Buller, Matthiaskirchweg 6, 40472 Düsseldorf (40468 근접 대표)",40472,음료,14.09.2026-19.09.2026,"Mövenpick Der Himmlische, Idee Kaffee oder Eilles Gourmet Café","gemahlen oder ganze Bohnen, auch El Autentico oder Der Milde, je 500 g Packung",6.99,,,"13,98 €/kg",https://www.edeka.de/maerkte/071158/,40468,Düsseldorf,판매 단위 확인,공식 원문 재검증 대기,"원본 수집 행 보존. 재검증 대기, 자동 가격 제외.",held,,50
2026-09-13 21:08 Europe/Berlin,EDEKA,"EDEKA Buller, Matthiaskirchweg 6, 40472 Düsseldorf (40468 근접 대표)",40472,주류,14.09.2026-19.09.2026,Paulaner Oktoberfestbier,"Kasten = 20 x 0,5 l zzgl. 3,10 € Pfand",15.99,,,"1,60 €/l",https://www.edeka.de/maerkte/071158/,40468,Düsseldorf,판매 단위 확인,공식 원문 재검증 대기,"원본 수집 행 보존. 재검증 대기, 자동 가격 제외.",held,,51
2026-09-13 21:08 Europe/Berlin,EDEKA,"EDEKA Buller, Matthiaskirchweg 6, 40472 Düsseldorf (40468 근접 대표)",40472,식품,14.09.2026-19.09.2026,Portugal - Driscoll’s - Himbeeren,"Klasse I, 125 g Schale",1.99,,,"15,92 €/kg",https://www.edeka.de/maerkte/071158/,40468,Düsseldorf,판매 단위 확인,공식 원문 재검증 대기,"원본 수집 행 보존. 재검증 대기, 자동 가격 제외.",held,,52
2026-09-13 21:08 Europe/Berlin,EDEKA,"EDEKA Buller, Matthiaskirchweg 6, 40472 Düsseldorf (40468 근접 대표)",40472,식품,14.09.2026-19.09.2026,Rasting - Frischer Fleischkäse,"nach bayrischer Art, zum Selberbacken, natur oder mit Röstzwiebeln verfeinert, je 1 kg",5.55,,,"5,55 €/kg",https://www.edeka.de/maerkte/071158/,40468,Düsseldorf,판매 단위 확인,공식 원문 재검증 대기,"원본 수집 행 보존. 재검증 대기, 자동 가격 제외.",held,,53
2026-09-13 21:08 Europe/Berlin,EDEKA,"EDEKA Buller, Matthiaskirchweg 6, 40472 Düsseldorf (40468 근접 대표)",40472,식품,14.09.2026-19.09.2026,Rasting - Muschelfond,"einfach mit den Muscheln kurz aufkochen und genießen, 500 g Schlauch",1.99,,,"3,98 €/kg",https://www.edeka.de/maerkte/071158/,40468,Düsseldorf,판매 단위 확인,공식 원문 재검증 대기,"원본 수집 행 보존. 재검증 대기, 자동 가격 제외.",held,,54
2026-09-13 21:08 Europe/Berlin,EDEKA,"EDEKA Prömpers, Niederrheinstraße 84-88, 40474 Düsseldorf",40474,식품,14.09.2026-19.09.2026,Dr. Oetker Ristorante Pizza oder Bistro Flammkuchen,"tiefgefroren, versch. Sorten, je 265 g - 410 g Packung",1.79,,,"ab 4,37 €/kg",https://www.edeka.de/maerkte/071065/,40474,Düsseldorf,판매 단위 확인,공식 원문 재검증 대기,"원본 수집 행 보존. 재검증 대기, 자동 가격 제외.",held,,55
2026-09-13 21:08 Europe/Berlin,EDEKA,"EDEKA Prömpers, Niederrheinstraße 84-88, 40474 Düsseldorf",40474,식품,14.09.2026-19.09.2026,Ecuador - Bananen,1 kg,1.49,,,"1,49 €/kg",https://www.edeka.de/maerkte/071065/,40474,Düsseldorf,1 kg,,Ecuador - Bananen; 1 kg; 1.49 EUR; 14.09.2026–19.09.2026. 지점 공식 행사 페이지 확인.,verified,,56
2026-09-13 21:08 Europe/Berlin,EDEKA,"EDEKA Prömpers, Niederrheinstraße 84-88, 40474 Düsseldorf",40474,식품,14.09.2026-19.09.2026,Frischer Schweinenackenbraten,"mit Knochen, der rustikale Braten, je 1 kg",5.99,,,"5,99 €/kg",https://www.edeka.de/maerkte/071065/,40474,Düsseldorf,1 kg,없음,"EDEKA Prömpers 공식 상품 카드: Frischer Schweinenackenbraten; 뼈 포함 1 kg; 5.99 EUR; 2026-09-14부터 KW38 토요일까지.",verified,,57
2026-09-13 21:08 Europe/Berlin,EDEKA,"EDEKA Prömpers, Niederrheinstraße 84-88, 40474 Düsseldorf",40474,식품,14.09.2026-19.09.2026,HAK Rotkohl,"mit Apfelstücken oder ohne, je 700 g Glas",1.29,,,"1,84 €/kg",https://www.edeka.de/maerkte/071065/,40474,Düsseldorf,판매 단위 확인,공식 원문 재검증 대기,"원본 수집 행 보존. 재검증 대기, 자동 가격 제외.",held,,58
2026-09-13 21:08 Europe/Berlin,EDEKA,"EDEKA Prömpers, Niederrheinstraße 84-88, 40474 Düsseldorf",40474,주류,14.09.2026-19.09.2026,Italien - Apulien / Sizilien - Doppio Passo,"je 0,75 l Flasche",4.99,,,"6,65 €/l",https://www.edeka.de/maerkte/071065/,40474,Düsseldorf,판매 단위 확인,공식 원문 재검증 대기,"원본 수집 행 보존. 재검증 대기, 자동 가격 제외.",held,,59
2026-09-13 21:08 Europe/Berlin,EDEKA,"EDEKA Prömpers, Niederrheinstraße 84-88, 40474 Düsseldorf",40474,식품,14.09.2026-19.09.2026,Langnese Magnum,"Multi-Eispackungen, versch. Sorten, je 600 ml / 580 ml Packung",2.99,2.79,,"4,98 €/l / 5,16 €/l",https://www.edeka.de/maerkte/071065/,40474,Düsseldorf,판매 단위 확인,공식 원문 재검증 대기,"원본 수집 행 보존. 재검증 대기, 자동 가격 제외.",held,,60
2026-09-13 21:08 Europe/Berlin,EDEKA,"EDEKA Prömpers, Niederrheinstraße 84-88, 40474 Düsseldorf",40474,식품,14.09.2026-19.09.2026,Milram Käse,"in Scheiben oder Reibekäse, versch. Sorten und Fettstufen, je 150 g / 125 g Packung / Beutel",1.29,,,"8,60 €/kg / 10,32 €/kg",https://www.edeka.de/maerkte/071065/,40474,Düsseldorf,판매 단위 확인,공식 원문 재검증 대기,"원본 수집 행 보존. 재검증 대기, 자동 가격 제외.",held,,61
2026-09-13 21:08 Europe/Berlin,EDEKA,"EDEKA Prömpers, Niederrheinstraße 84-88, 40474 Düsseldorf",40474,음료,14.09.2026-19.09.2026,"Mövenpick Der Himmlische, Idee Kaffee oder Eilles Gourmet Café","gemahlen oder ganze Bohnen, auch El Autentico oder Der Milde, je 500 g Packung",6.99,,,"13,98 €/kg",https://www.edeka.de/maerkte/071065/,40474,Düsseldorf,판매 단위 확인,공식 원문 재검증 대기,"원본 수집 행 보존. 재검증 대기, 자동 가격 제외.",held,,62
2026-09-13 21:08 Europe/Berlin,EDEKA,"EDEKA Prömpers, Niederrheinstraße 84-88, 40474 Düsseldorf",40474,주류,14.09.2026-19.09.2026,Paulaner Oktoberfestbier,"Kasten = 20 x 0,5 l zzgl. 3,10 € Pfand",15.99,,,"1,60 €/l",https://www.edeka.de/maerkte/071065/,40474,Düsseldorf,판매 단위 확인,공식 원문 재검증 대기,"원본 수집 행 보존. 재검증 대기, 자동 가격 제외.",held,,63
2026-09-13 21:08 Europe/Berlin,EDEKA,"EDEKA Prömpers, Niederrheinstraße 84-88, 40474 Düsseldorf",40474,식품,14.09.2026-19.09.2026,Portugal - Driscoll’s - Himbeeren,"Klasse I, 125 g Schale",1.99,,,"15,92 €/kg",https://www.edeka.de/maerkte/071065/,40474,Düsseldorf,판매 단위 확인,공식 원문 재검증 대기,"원본 수집 행 보존. 재검증 대기, 자동 가격 제외.",held,,64
2026-09-13 21:08 Europe/Berlin,EDEKA,"EDEKA Prömpers, Niederrheinstraße 84-88, 40474 Düsseldorf",40474,식품,14.09.2026-19.09.2026,Rasting - Frischer Fleischkäse,"nach bayrischer Art, zum Selberbacken, natur oder mit Röstzwiebeln verfeinert, je 1 kg",5.55,,,"5,55 €/kg",https://www.edeka.de/maerkte/071065/,40474,Düsseldorf,판매 단위 확인,공식 원문 재검증 대기,"원본 수집 행 보존. 재검증 대기, 자동 가격 제외.",held,,65
2026-09-13 21:08 Europe/Berlin,EDEKA,"EDEKA Prömpers, Niederrheinstraße 84-88, 40474 Düsseldorf",40474,식품,14.09.2026-19.09.2026,Rasting - Muschelfond,"einfach mit den Muscheln kurz aufkochen und genießen, 500 g Schlauch",1.99,,,"3,98 €/kg",https://www.edeka.de/maerkte/071065/,40474,Düsseldorf,판매 단위 확인,공식 원문 재검증 대기,"원본 수집 행 보존. 재검증 대기, 자동 가격 제외.",held,,66
2026-09-13 21:08 Europe/Berlin,EDEKA,"EDEKA Nüsken, Rossbachstraße 21-23, 44369 Dortmund (공식 전단 기준, 지점별 가격 미확인)",44369,식품,14.09.2026-19.09.2026,Dr. Oetker Ristorante Pizza oder Bistro Flammkuchen,"tiefgefroren, versch. Sorten, je 265 g - 410 g Packung",1.79,,,"ab 4,37 €/kg",https://www.edeka.de/maerkte/072249/angebote/,44369,Dortmund,판매 단위 확인,공식 원문 재검증 대기,"원본 수집 행 보존. 재검증 대기, 자동 가격 제외.",held,,67
2026-09-13 21:08 Europe/Berlin,EDEKA,"EDEKA Nüsken, Rossbachstraße 21-23, 44369 Dortmund (공식 전단 기준, 지점별 가격 미확인)",44369,식품,14.09.2026-19.09.2026,Ecuador - Bananen,1 kg,1.49,,,"1,49 €/kg",https://www.edeka.de/maerkte/072249/angebote/,44369,Dortmund,1 kg,,Ecuador - Bananen; 1 kg; 1.49 EUR; 14.09.2026–19.09.2026. 지점 공식 행사 페이지 확인.,verified,,68
2026-09-13 21:08 Europe/Berlin,EDEKA,"EDEKA Nüsken, Rossbachstraße 21-23, 44369 Dortmund (공식 전단 기준, 지점별 가격 미확인)",44369,식품,14.09.2026-19.09.2026,Frischer Schweinenackenbraten,"mit Knochen, der rustikale Braten, je 1 kg",5.99,,,"5,99 €/kg",https://www.edeka.de/maerkte/072249/angebote/,44369,Dortmund,판매 단위 확인,공식 원문 재검증 대기,"원본 수집 행 보존. 재검증 대기, 자동 가격 제외.",held,,69
2026-09-13 21:08 Europe/Berlin,EDEKA,"EDEKA Nüsken, Rossbachstraße 21-23, 44369 Dortmund (공식 전단 기준, 지점별 가격 미확인)",44369,식품,14.09.2026-19.09.2026,HAK Rotkohl,"mit Apfelstücken oder ohne, je 700 g Glas",1.29,,,"1,84 €/kg",https://www.edeka.de/maerkte/072249/angebote/,44369,Dortmund,판매 단위 확인,공식 원문 재검증 대기,"원본 수집 행 보존. 재검증 대기, 자동 가격 제외.",held,,70
2026-09-13 21:08 Europe/Berlin,EDEKA,"EDEKA Nüsken, Rossbachstraße 21-23, 44369 Dortmund (공식 전단 기준, 지점별 가격 미확인)",44369,주류,14.09.2026-19.09.2026,Italien - Apulien / Sizilien - Doppio Passo,"je 0,75 l Flasche",4.99,,,"6,65 €/l",https://www.edeka.de/maerkte/072249/angebote/,44369,Dortmund,판매 단위 확인,공식 원문 재검증 대기,"원본 수집 행 보존. 재검증 대기, 자동 가격 제외.",held,,71
2026-09-13 21:08 Europe/Berlin,EDEKA,"EDEKA Nüsken, Rossbachstraße 21-23, 44369 Dortmund (공식 전단 기준, 지점별 가격 미확인)",44369,식품,14.09.2026-19.09.2026,Langnese Magnum,"Multi-Eispackungen, versch. Sorten, je 600 ml / 580 ml Packung",2.99,2.79,,"4,98 €/l / 5,16 €/l",https://www.edeka.de/maerkte/072249/angebote/,44369,Dortmund,판매 단위 확인,공식 원문 재검증 대기,"원본 수집 행 보존. 재검증 대기, 자동 가격 제외.",held,,72
2026-09-13 21:08 Europe/Berlin,EDEKA,"EDEKA Nüsken, Rossbachstraße 21-23, 44369 Dortmund (공식 전단 기준, 지점별 가격 미확인)",44369,식품,14.09.2026-19.09.2026,Milram Käse,"in Scheiben oder Reibekäse, versch. Sorten und Fettstufen, je 150 g / 125 g Packung / Beutel",1.29,,,"8,60 €/kg / 10,32 €/kg",https://www.edeka.de/maerkte/072249/angebote/,44369,Dortmund,판매 단위 확인,공식 원문 재검증 대기,"원본 수집 행 보존. 재검증 대기, 자동 가격 제외.",held,,73
2026-09-13 21:08 Europe/Berlin,EDEKA,"EDEKA Nüsken, Rossbachstraße 21-23, 44369 Dortmund (공식 전단 기준, 지점별 가격 미확인)",44369,음료,14.09.2026-19.09.2026,"Mövenpick Der Himmlische, Idee Kaffee oder Eilles Gourmet Café","gemahlen oder ganze Bohnen, auch El Autentico oder Der Milde, je 500 g Packung",6.99,,,"13,98 €/kg",https://www.edeka.de/maerkte/072249/angebote/,44369,Dortmund,판매 단위 확인,공식 원문 재검증 대기,"원본 수집 행 보존. 재검증 대기, 자동 가격 제외.",held,,74
2026-09-13 21:08 Europe/Berlin,EDEKA,"EDEKA Nüsken, Rossbachstraße 21-23, 44369 Dortmund (공식 전단 기준, 지점별 가격 미확인)",44369,주류,14.09.2026-19.09.2026,Paulaner Oktoberfestbier,"Kasten = 20 x 0,5 l zzgl. 3,10 € Pfand",15.99,,,"1,60 €/l",https://www.edeka.de/maerkte/072249/angebote/,44369,Dortmund,판매 단위 확인,공식 원문 재검증 대기,"원본 수집 행 보존. 재검증 대기, 자동 가격 제외.",held,,75
2026-09-13 21:08 Europe/Berlin,EDEKA,"EDEKA Nüsken, Rossbachstraße 21-23, 44369 Dortmund (공식 전단 기준, 지점별 가격 미확인)",44369,식품,14.09.2026-19.09.2026,Portugal - Driscoll’s - Himbeeren,"Klasse I, 125 g Schale",1.99,,,"15,92 €/kg",https://www.edeka.de/maerkte/072249/angebote/,44369,Dortmund,판매 단위 확인,공식 원문 재검증 대기,"원본 수집 행 보존. 재검증 대기, 자동 가격 제외.",held,,76
2026-09-13 21:08 Europe/Berlin,EDEKA,"EDEKA Nüsken, Rossbachstraße 21-23, 44369 Dortmund (공식 전단 기준, 지점별 가격 미확인)",44369,식품,14.09.2026-19.09.2026,Rasting - Frischer Fleischkäse,"nach bayrischer Art, zum Selberbacken, natur oder mit Röstzwiebeln verfeinert, je 1 kg",5.55,,,"5,55 €/kg",https://www.edeka.de/maerkte/072249/angebote/,44369,Dortmund,판매 단위 확인,공식 원문 재검증 대기,"원본 수집 행 보존. 재검증 대기, 자동 가격 제외.",held,,77
2026-09-13 21:08 Europe/Berlin,EDEKA,"EDEKA Nüsken, Rossbachstraße 21-23, 44369 Dortmund (공식 전단 기준, 지점별 가격 미확인)",44369,식품,14.09.2026-19.09.2026,Rasting - Muschelfond,"einfach mit den Muscheln kurz aufkochen und genießen, 500 g Schlauch",1.99,,,"3,98 €/kg",https://www.edeka.de/maerkte/072249/angebote/,44369,Dortmund,판매 단위 확인,공식 원문 재검증 대기,"원본 수집 행 보존. 재검증 대기, 자동 가격 제외.",held,,78
2026-09-13 21:08 Europe/Berlin,EDEKA,"E center Vieler, Schillerstraße 20-40, 52064 Aachen (52062 근접 대표)",52064,식품,14.09.2026-19.09.2026,Dr. Oetker Ristorante Pizza oder Bistro Flammkuchen,"tiefgefroren, versch. Sorten, je 265 g - 410 g Packung",1.79,,,"ab 4,37 €/kg",https://www.edeka.de/maerkte/071409/,52062,Aachen,판매 단위 확인,공식 원문 재검증 대기,"원본 수집 행 보존. 재검증 대기, 자동 가격 제외.",held,,79
2026-09-13 21:08 Europe/Berlin,EDEKA,"E center Vieler, Schillerstraße 20-40, 52064 Aachen (52062 근접 대표)",52064,식품,14.09.2026-19.09.2026,Ecuador - Bananen,1 kg,1.49,,,"1,49 €/kg",https://www.edeka.de/maerkte/071409/,52062,Aachen,1 kg,,Ecuador - Bananen; 1 kg; 1.49 EUR; 14.09.2026–19.09.2026. 지점 공식 행사 페이지 확인.,verified,,80
2026-09-13 21:08 Europe/Berlin,EDEKA,"E center Vieler, Schillerstraße 20-40, 52064 Aachen (52062 근접 대표)",52064,식품,14.09.2026-19.09.2026,Frischer Schweinenackenbraten,"mit Knochen, der rustikale Braten, je 1 kg",5.99,,,"5,99 €/kg",https://www.edeka.de/maerkte/071409/,52062,Aachen,1 kg,없음,"E center Vieler 공식 상품 카드: Frischer Schweinenackenbraten; 뼈 포함 1 kg; 5.99 EUR; 2026-09-14부터 KW38 토요일까지.",verified,,81
2026-09-13 21:08 Europe/Berlin,EDEKA,"E center Vieler, Schillerstraße 20-40, 52064 Aachen (52062 근접 대표)",52064,식품,14.09.2026-19.09.2026,HAK Rotkohl,"mit Apfelstücken oder ohne, je 700 g Glas",1.29,,,"1,84 €/kg",https://www.edeka.de/maerkte/071409/,52062,Aachen,판매 단위 확인,공식 원문 재검증 대기,"원본 수집 행 보존. 재검증 대기, 자동 가격 제외.",held,,82
2026-09-13 21:08 Europe/Berlin,EDEKA,"E center Vieler, Schillerstraße 20-40, 52064 Aachen (52062 근접 대표)",52064,주류,14.09.2026-19.09.2026,Italien - Apulien / Sizilien - Doppio Passo,"je 0,75 l Flasche",4.99,,,"6,65 €/l",https://www.edeka.de/maerkte/071409/,52062,Aachen,판매 단위 확인,공식 원문 재검증 대기,"원본 수집 행 보존. 재검증 대기, 자동 가격 제외.",held,,83
2026-09-13 21:08 Europe/Berlin,EDEKA,"E center Vieler, Schillerstraße 20-40, 52064 Aachen (52062 근접 대표)",52064,식품,14.09.2026-19.09.2026,Langnese Magnum,"Multi-Eispackungen, versch. Sorten, je 600 ml / 580 ml Packung",2.99,2.79,,"4,98 €/l / 5,16 €/l",https://www.edeka.de/maerkte/071409/,52062,Aachen,판매 단위 확인,공식 원문 재검증 대기,"원본 수집 행 보존. 재검증 대기, 자동 가격 제외.",held,,84
2026-09-13 21:08 Europe/Berlin,EDEKA,"E center Vieler, Schillerstraße 20-40, 52064 Aachen (52062 근접 대표)",52064,식품,14.09.2026-19.09.2026,Milram Käse,"in Scheiben oder Reibekäse, versch. Sorten und Fettstufen, je 150 g / 125 g Packung / Beutel",1.29,,,"8,60 €/kg / 10,32 €/kg",https://www.edeka.de/maerkte/071409/,52062,Aachen,판매 단위 확인,공식 원문 재검증 대기,"원본 수집 행 보존. 재검증 대기, 자동 가격 제외.",held,,85
2026-09-13 21:08 Europe/Berlin,EDEKA,"E center Vieler, Schillerstraße 20-40, 52064 Aachen (52062 근접 대표)",52064,음료,14.09.2026-19.09.2026,"Mövenpick Der Himmlische, Idee Kaffee oder Eilles Gourmet Café","gemahlen oder ganze Bohnen, auch El Autentico oder Der Milde, je 500 g Packung",6.99,,,"13,98 €/kg",https://www.edeka.de/maerkte/071409/,52062,Aachen,판매 단위 확인,공식 원문 재검증 대기,"원본 수집 행 보존. 재검증 대기, 자동 가격 제외.",held,,86
2026-09-13 21:08 Europe/Berlin,EDEKA,"E center Vieler, Schillerstraße 20-40, 52064 Aachen (52062 근접 대표)",52064,주류,14.09.2026-19.09.2026,Paulaner Oktoberfestbier,"Kasten = 20 x 0,5 l zzgl. 3,10 € Pfand",15.99,,,"1,60 €/l",https://www.edeka.de/maerkte/071409/,52062,Aachen,판매 단위 확인,공식 원문 재검증 대기,"원본 수집 행 보존. 재검증 대기, 자동 가격 제외.",held,,87
2026-09-13 21:08 Europe/Berlin,EDEKA,"E center Vieler, Schillerstraße 20-40, 52064 Aachen (52062 근접 대표)",52064,식품,14.09.2026-19.09.2026,Portugal - Driscoll’s - Himbeeren,"Klasse I, 125 g Schale",1.99,,,"15,92 €/kg",https://www.edeka.de/maerkte/071409/,52062,Aachen,판매 단위 확인,공식 원문 재검증 대기,"원본 수집 행 보존. 재검증 대기, 자동 가격 제외.",held,,88
2026-09-13 21:08 Europe/Berlin,EDEKA,"E center Vieler, Schillerstraße 20-40, 52064 Aachen (52062 근접 대표)",52064,식품,14.09.2026-19.09.2026,Rasting - Frischer Fleischkäse,"nach bayrischer Art, zum Selberbacken, natur oder mit Röstzwiebeln verfeinert, je 1 kg",5.55,,,"5,55 €/kg",https://www.edeka.de/maerkte/071409/,52062,Aachen,판매 단위 확인,공식 원문 재검증 대기,"원본 수집 행 보존. 재검증 대기, 자동 가격 제외.",held,,89
2026-09-13 21:08 Europe/Berlin,EDEKA,"E center Vieler, Schillerstraße 20-40, 52064 Aachen (52062 근접 대표)",52064,식품,14.09.2026-19.09.2026,Rasting - Muschelfond,"einfach mit den Muscheln kurz aufkochen und genießen, 500 g Schlauch",1.99,,,"3,98 €/kg",https://www.edeka.de/maerkte/071409/,52062,Aachen,판매 단위 확인,공식 원문 재검증 대기,"원본 수집 행 보존. 재검증 대기, 자동 가격 제외.",held,,90
2026-09-13 21:08 Europe/Berlin,Lidl,"Lidl, Marler Str. 4, 40472 Düsseldorf (최근접 전단 지점, 지점별 가격 미확인)",40472,식품,14.09.2026-19.09.2026,Graf-Schafter Pfundsschnitten Roggenmischbrot,je 500 g,0.69,,-30 %,0.99,https://www.lidl.de/l/prospekte/aktionsprospekt-14-09-2026-19-09-2026-6e9cc6/view/flyer/page/1?_ab=1&lf=HHZ,40468,Düsseldorf,500 g,없음,"Lidl 공식 2026-09-14~19 Aktionsprospekt 1면: Graf-Schafter Roggenmischbrot; 500 g; 0.69 EUR.",verified,0.99,91
2026-09-13 21:08 Europe/Berlin,Lidl,"Lidl, Marler Str. 4, 40472 Düsseldorf (최근접 전단 지점, 지점별 가격 미확인)",40472,식품,14.09.2026-19.09.2026,Kania Tomatenketchup,je 500 ml,0.99,,-23 %,1.29,https://www.lidl.de/l/prospekte/aktionsprospekt-14-09-2026-19-09-2026-6e9cc6/view/flyer/page/1?_ab=1&lf=HHZ,40468,Düsseldorf,판매 단위 확인,공식 원문 재검증 대기,"원본 수집 행 보존. 재검증 대기, 자동 가격 제외.",held,,92
2026-09-13 21:08 Europe/Berlin,Lidl,"Lidl, Marler Str. 4, 40472 Düsseldorf (최근접 전단 지점, 지점별 가격 미확인)",40472,식품,14.09.2026-19.09.2026,Ocean Sea MSC Backfischstäbchen/Fischstäbchen,je 405/450 g,2.29,,-23 %,2.99,https://www.lidl.de/l/prospekte/aktionsprospekt-14-09-2026-19-09-2026-6e9cc6/view/flyer/page/1?_ab=1&lf=HHZ,40468,Düsseldorf,판매 단위 확인,공식 원문 재검증 대기,"원본 수집 행 보존. 재검증 대기, 자동 가격 제외.",held,,93
2026-09-13 21:08 Europe/Berlin,Lidl,"Lidl, Marler Str. 4, 40472 Düsseldorf (최근접 전단 지점, 지점별 가격 미확인)",40472,주류,14.09.2026-19.09.2026,Perlenbacher Gold Pils,"je 0,5 l Dose, zzgl. Pfand",0.45,,-18 %,0.55,https://www.lidl.de/l/prospekte/aktionsprospekt-14-09-2026-19-09-2026-6e9cc6/view/flyer/page/1?_ab=1&lf=HHZ,40468,Düsseldorf,판매 단위 확인,공식 원문 재검증 대기,"원본 수집 행 보존. 재검증 대기, 자동 가격 제외.",held,,94
2026-09-13 21:08 Europe/Berlin,Lidl,"Lidl, Marler Str. 4, 40472 Düsseldorf (최근접 전단 지점, 지점별 가격 미확인)",40472,식품,14.09.2026-19.09.2026,Sweet Corner Kaubo,je 350/400 g,1.59,,-30 %,2.29,https://www.lidl.de/l/prospekte/aktionsprospekt-14-09-2026-19-09-2026-6e9cc6/view/flyer/page/1?_ab=1&lf=HHZ,40468,Düsseldorf,판매 단위 확인,공식 원문 재검증 대기,"원본 수집 행 보존. 재검증 대기, 자동 가격 제외.",held,,95
2026-09-13 21:08 Europe/Berlin,Lidl,"Lidl, Pfarrer-Holl-Weg 21, 40489 Düsseldorf (최근접 전단 지점, 지점별 가격 미확인)",40489,식품,14.09.2026-19.09.2026,Graf-Schafter Pfundsschnitten Roggenmischbrot,je 500 g,0.69,,-30 %,0.99,https://www.lidl.de/l/prospekte/aktionsprospekt-14-09-2026-19-09-2026-6e9cc6/view/flyer/page/1?_ab=1&lf=HHZ,40474,Düsseldorf,500 g,없음,"Lidl 공식 2026-09-14~19 Aktionsprospekt 1면: Graf-Schafter Roggenmischbrot; 500 g; 0.69 EUR.",verified,0.99,96
2026-09-13 21:08 Europe/Berlin,Lidl,"Lidl, Pfarrer-Holl-Weg 21, 40489 Düsseldorf (최근접 전단 지점, 지점별 가격 미확인)",40489,식품,14.09.2026-19.09.2026,Kania Tomatenketchup,je 500 ml,0.99,,-23 %,1.29,https://www.lidl.de/l/prospekte/aktionsprospekt-14-09-2026-19-09-2026-6e9cc6/view/flyer/page/1?_ab=1&lf=HHZ,40474,Düsseldorf,판매 단위 확인,공식 원문 재검증 대기,"원본 수집 행 보존. 재검증 대기, 자동 가격 제외.",held,,97
2026-09-13 21:08 Europe/Berlin,Lidl,"Lidl, Pfarrer-Holl-Weg 21, 40489 Düsseldorf (최근접 전단 지점, 지점별 가격 미확인)",40489,식품,14.09.2026-19.09.2026,Ocean Sea MSC Backfischstäbchen/Fischstäbchen,je 405/450 g,2.29,,-23 %,2.99,https://www.lidl.de/l/prospekte/aktionsprospekt-14-09-2026-19-09-2026-6e9cc6/view/flyer/page/1?_ab=1&lf=HHZ,40474,Düsseldorf,판매 단위 확인,공식 원문 재검증 대기,"원본 수집 행 보존. 재검증 대기, 자동 가격 제외.",held,,98
2026-09-13 21:08 Europe/Berlin,Lidl,"Lidl, Pfarrer-Holl-Weg 21, 40489 Düsseldorf (최근접 전단 지점, 지점별 가격 미확인)",40489,주류,14.09.2026-19.09.2026,Perlenbacher Gold Pils,"je 0,5 l Dose, zzgl. Pfand",0.45,,-18 %,0.55,https://www.lidl.de/l/prospekte/aktionsprospekt-14-09-2026-19-09-2026-6e9cc6/view/flyer/page/1?_ab=1&lf=HHZ,40474,Düsseldorf,판매 단위 확인,공식 원문 재검증 대기,"원본 수집 행 보존. 재검증 대기, 자동 가격 제외.",held,,99
2026-09-13 21:08 Europe/Berlin,Lidl,"Lidl, Pfarrer-Holl-Weg 21, 40489 Düsseldorf (최근접 전단 지점, 지점별 가격 미확인)",40489,식품,14.09.2026-19.09.2026,Sweet Corner Kaubo,je 350/400 g,1.59,,-30 %,2.29,https://www.lidl.de/l/prospekte/aktionsprospekt-14-09-2026-19-09-2026-6e9cc6/view/flyer/page/1?_ab=1&lf=HHZ,40474,Düsseldorf,판매 단위 확인,공식 원문 재검증 대기,"원본 수집 행 보존. 재검증 대기, 자동 가격 제외.",held,,100
2026-09-13 21:08 Europe/Berlin,Lidl,"Lidl, Huckarder Allee 27, 44369 Dortmund (공식 전단 기준, 지점별 가격 미확인)",44369,식품,14.09.2026-19.09.2026,Graf-Schafter Pfundsschnitten Roggenmischbrot,je 500 g,0.69,,-30 %,0.99,https://www.lidl.de/l/prospekte/aktionsprospekt-14-09-2026-19-09-2026-6e9cc6/view/flyer/page/1?_ab=1&lf=HHZ,44369,Dortmund,500 g,없음,"Lidl 공식 2026-09-14~19 Aktionsprospekt 1면: Graf-Schafter Roggenmischbrot; 500 g; 0.69 EUR.",verified,0.99,101
2026-09-13 21:08 Europe/Berlin,Lidl,"Lidl, Huckarder Allee 27, 44369 Dortmund (공식 전단 기준, 지점별 가격 미확인)",44369,식품,14.09.2026-19.09.2026,Kania Tomatenketchup,je 500 ml,0.99,,-23 %,1.29,https://www.lidl.de/l/prospekte/aktionsprospekt-14-09-2026-19-09-2026-6e9cc6/view/flyer/page/1?_ab=1&lf=HHZ,44369,Dortmund,판매 단위 확인,공식 원문 재검증 대기,"원본 수집 행 보존. 재검증 대기, 자동 가격 제외.",held,,102
2026-09-13 21:08 Europe/Berlin,Lidl,"Lidl, Huckarder Allee 27, 44369 Dortmund (공식 전단 기준, 지점별 가격 미확인)",44369,식품,14.09.2026-19.09.2026,Ocean Sea MSC Backfischstäbchen/Fischstäbchen,je 405/450 g,2.29,,-23 %,2.99,https://www.lidl.de/l/prospekte/aktionsprospekt-14-09-2026-19-09-2026-6e9cc6/view/flyer/page/1?_ab=1&lf=HHZ,44369,Dortmund,판매 단위 확인,공식 원문 재검증 대기,"원본 수집 행 보존. 재검증 대기, 자동 가격 제외.",held,,103
2026-09-13 21:08 Europe/Berlin,Lidl,"Lidl, Huckarder Allee 27, 44369 Dortmund (공식 전단 기준, 지점별 가격 미확인)",44369,주류,14.09.2026-19.09.2026,Perlenbacher Gold Pils,"je 0,5 l Dose, zzgl. Pfand",0.45,,-18 %,0.55,https://www.lidl.de/l/prospekte/aktionsprospekt-14-09-2026-19-09-2026-6e9cc6/view/flyer/page/1?_ab=1&lf=HHZ,44369,Dortmund,판매 단위 확인,공식 원문 재검증 대기,"원본 수집 행 보존. 재검증 대기, 자동 가격 제외.",held,,104
2026-09-13 21:08 Europe/Berlin,Lidl,"Lidl, Huckarder Allee 27, 44369 Dortmund (공식 전단 기준, 지점별 가격 미확인)",44369,식품,14.09.2026-19.09.2026,Sweet Corner Kaubo,je 350/400 g,1.59,,-30 %,2.29,https://www.lidl.de/l/prospekte/aktionsprospekt-14-09-2026-19-09-2026-6e9cc6/view/flyer/page/1?_ab=1&lf=HHZ,44369,Dortmund,판매 단위 확인,공식 원문 재검증 대기,"원본 수집 행 보존. 재검증 대기, 자동 가격 제외.",held,,105
2026-09-13 21:08 Europe/Berlin,Lidl,"Lidl, Eynattener Str. 26, 52064 Aachen (최근접 전단 지점, 지점별 가격 미확인)",52064,식품,14.09.2026-19.09.2026,Graf-Schafter Pfundsschnitten Roggenmischbrot,je 500 g,0.69,,-30 %,0.99,https://www.lidl.de/l/prospekte/aktionsprospekt-14-09-2026-19-09-2026-6e9cc6/view/flyer/page/1?_ab=1&lf=HHZ,52062,Aachen,500 g,없음,"Lidl 공식 2026-09-14~19 Aktionsprospekt 1면: Graf-Schafter Roggenmischbrot; 500 g; 0.69 EUR.",verified,0.99,106
2026-09-13 21:08 Europe/Berlin,Lidl,"Lidl, Eynattener Str. 26, 52064 Aachen (최근접 전단 지점, 지점별 가격 미확인)",52064,식품,14.09.2026-19.09.2026,Kania Tomatenketchup,je 500 ml,0.99,,-23 %,1.29,https://www.lidl.de/l/prospekte/aktionsprospekt-14-09-2026-19-09-2026-6e9cc6/view/flyer/page/1?_ab=1&lf=HHZ,52062,Aachen,판매 단위 확인,공식 원문 재검증 대기,"원본 수집 행 보존. 재검증 대기, 자동 가격 제외.",held,,107
2026-09-13 21:08 Europe/Berlin,Lidl,"Lidl, Eynattener Str. 26, 52064 Aachen (최근접 전단 지점, 지점별 가격 미확인)",52064,식품,14.09.2026-19.09.2026,Ocean Sea MSC Backfischstäbchen/Fischstäbchen,je 405/450 g,2.29,,-23 %,2.99,https://www.lidl.de/l/prospekte/aktionsprospekt-14-09-2026-19-09-2026-6e9cc6/view/flyer/page/1?_ab=1&lf=HHZ,52062,Aachen,판매 단위 확인,공식 원문 재검증 대기,"원본 수집 행 보존. 재검증 대기, 자동 가격 제외.",held,,108
2026-09-13 21:08 Europe/Berlin,Lidl,"Lidl, Eynattener Str. 26, 52064 Aachen (최근접 전단 지점, 지점별 가격 미확인)",52064,주류,14.09.2026-19.09.2026,Perlenbacher Gold Pils,"je 0,5 l Dose, zzgl. Pfand",0.45,,-18 %,0.55,https://www.lidl.de/l/prospekte/aktionsprospekt-14-09-2026-19-09-2026-6e9cc6/view/flyer/page/1?_ab=1&lf=HHZ,52062,Aachen,판매 단위 확인,공식 원문 재검증 대기,"원본 수집 행 보존. 재검증 대기, 자동 가격 제외.",held,,109
2026-09-13 21:08 Europe/Berlin,Lidl,"Lidl, Eynattener Str. 26, 52064 Aachen (최근접 전단 지점, 지점별 가격 미확인)",52064,식품,14.09.2026-19.09.2026,Sweet Corner Kaubo,je 350/400 g,1.59,,-30 %,2.29,https://www.lidl.de/l/prospekte/aktionsprospekt-14-09-2026-19-09-2026-6e9cc6/view/flyer/page/1?_ab=1&lf=HHZ,52062,Aachen,판매 단위 확인,공식 원문 재검증 대기,"원본 수집 행 보존. 재검증 대기, 자동 가격 제외.",held,,110
2026-09-13 21:08 Europe/Berlin,Netto Marken-Discount,"Netto Marken-Discount, Rahmer Str. 8, 44369 Dortmund (공식 전단 기준, 지점별 가격 미확인)",44369,음료,14.09.2026-19.09.2026,Dallmayr Crema d’Oro,"1 kg, ganze Kaffeebohnen, versch. Sorten",13.99,,,"13,99 €/kg",https://wochenprospekt.netto-online.de/100989/3357087/pdfs/56b6be76-4fb6-47dd-86d1-af56179c18e6.pdf,44369,Dortmund,판매 단위 확인,공식 원문 재검증 대기,"원본 수집 행 보존. 재검증 대기, 자동 가격 제외.",held,,111
2026-09-13 21:08 Europe/Berlin,Netto Marken-Discount,"Netto Marken-Discount, Rahmer Str. 8, 44369 Dortmund (공식 전단 기준, 지점별 가격 미확인)",44369,식품,14.09.2026-19.09.2026,Eisbergsalat,"Stück, Deutschland, Kl. I",0.88,,,,https://wochenprospekt.netto-online.de/100989/3357087/pdfs/56b6be76-4fb6-47dd-86d1-af56179c18e6.pdf,44369,Dortmund,Stück,없음,"Netto 공식 72면 KW38 전단 1면: Eisbergsalat; Deutschland Kl. I; Stück; 0.88 EUR; 2026-09-14~19.",verified,,112
2026-09-13 21:08 Europe/Berlin,Netto Marken-Discount,"Netto Marken-Discount, Rahmer Str. 8, 44369 Dortmund (공식 전단 기준, 지점별 가격 미확인)",44369,음료,14.09.2026-19.09.2026,Gerolsteiner Mineralwasser,"12 x 0,75 l, zzgl. Pfand",4.99,,,"0,55 €/l",https://wochenprospekt.netto-online.de/100989/3357087/pdfs/56b6be76-4fb6-47dd-86d1-af56179c18e6.pdf,44369,Dortmund,판매 단위 확인,공식 원문 재검증 대기,"원본 수집 행 보존. 재검증 대기, 자동 가격 제외.",held,,113
2026-09-13 21:08 Europe/Berlin,Netto Marken-Discount,"Netto Marken-Discount, Rahmer Str. 8, 44369 Dortmund (공식 전단 기준, 지점별 가격 미확인)",44369,식품,14.09.2026-19.09.2026,Hähnchen-Brustfilet,600 g,4.99,,,"8,32 €/kg",https://wochenprospekt.netto-online.de/100989/3357087/pdfs/56b6be76-4fb6-47dd-86d1-af56179c18e6.pdf,44369,Dortmund,600 g,없음,"Netto 공식 72면 KW38 전단 1면: Hähnchen-Brustfilet; 600 g; 4.99 EUR; 8.32 EUR/kg; 2026-09-14~19.",verified,,114
2026-09-13 21:08 Europe/Berlin,Netto Marken-Discount,"Netto Marken-Discount, Rahmer Str. 8, 44369 Dortmund (공식 전단 기준, 지점별 가격 미확인)",44369,식품,14.09.2026-19.09.2026,Nadler Sahneheringsfilets,"500 g, gekühlt, versch. Sorten",2.79,,,"5,58 €/kg",https://wochenprospekt.netto-online.de/100989/3357087/pdfs/56b6be76-4fb6-47dd-86d1-af56179c18e6.pdf,44369,Dortmund,판매 단위 확인,공식 원문 재검증 대기,"원본 수집 행 보존. 재검증 대기, 자동 가격 제외.",held,,115
2026-09-13 21:08 Europe/Berlin,Netto Marken-Discount,"Netto Marken-Discount, Rahmer Str. 8, 44369 Dortmund (공식 전단 기준, 지점별 가격 미확인)",44369,주류,14.09.2026-19.09.2026,Rotkäppchen Sekt oder Fruchtsecco,"0,75 l, versch. Sorten",2.99,,,"3,99 €/l",https://wochenprospekt.netto-online.de/100989/3357087/pdfs/56b6be76-4fb6-47dd-86d1-af56179c18e6.pdf,44369,Dortmund,판매 단위 확인,공식 원문 재검증 대기,"원본 수집 행 보존. 재검증 대기, 자동 가격 제외.",held,,116
2026-09-13 21:08 Europe/Berlin,Netto Marken-Discount,"Netto Marken-Discount, Rahmer Str. 8, 44369 Dortmund (공식 전단 기준, 지점별 가격 미확인)",44369,식품,14.09.2026-19.09.2026,Süd-Zucker,1 kg,0.66,,,"0,66 €/kg",https://wochenprospekt.netto-online.de/100989/3357087/pdfs/56b6be76-4fb6-47dd-86d1-af56179c18e6.pdf,44369,Dortmund,판매 단위 확인,공식 원문 재검증 대기,"원본 수집 행 보존. 재검증 대기, 자동 가격 제외.",held,,117
2026-09-13 21:08 Europe/Berlin,Netto Marken-Discount,"Netto Peterstraße 50, 52062 Aachen (전단 기준, 지점별 가격 미확인)",52062,식품,14.09.2026-19.09.2026,Bockwurst,1000 g | über Buchenholz geräuchert | Regionale Verpackungsabweichungen möglich | Papa Joe´s Ketchup 500 ml 2. 99 GRATIS! | -15 %UVP 6.49,5.49,,,,https://www.netto-online.de/angebote/,52062,Aachen,판매 단위 확인,공식 원문 재검증 대기,"원본 수집 행 보존. 재검증 대기, 자동 가격 제외.",held,,118
2026-09-13 21:08 Europe/Berlin,Netto Marken-Discount,"Netto Peterstraße 50, 52062 Aachen (전단 기준, 지점별 가격 미확인)",52062,식품,14.09.2026-19.09.2026,Dallmayr Crema d‘Oro,"1 kg | ganze Kaffeebohnen, versch. Sorten | -30 %statt 19.99",13.99,,,,https://www.netto-online.de/angebote/,52062,Aachen,판매 단위 확인,공식 원문 재검증 대기,"원본 수집 행 보존. 재검증 대기, 자동 가격 제외.",held,,119
2026-09-13 21:08 Europe/Berlin,Netto Marken-Discount,"Netto Peterstraße 50, 52062 Aachen (전단 기준, 지점별 가격 미확인)",52062,식품,14.09.2026-19.09.2026,Diamant Rübenzucker,1 kg | -33 %statt 0.99,0.66,,,,https://www.netto-online.de/angebote/,52062,Aachen,판매 단위 확인,공식 원문 재검증 대기,"원본 수집 행 보존. 재검증 대기, 자동 가격 제외.",held,,120
2026-09-13 21:08 Europe/Berlin,Netto Marken-Discount,"Netto Peterstraße 50, 52062 Aachen (전단 기준, 지점별 가격 미확인)",52062,식품,14.09.2026-19.09.2026,Eisbergsalat,"Stück | Deutschland, Kl. I | -31 %UVP 1.29",0.88,,,,https://www.netto-online.de/angebote/,52062,Aachen,Stück,없음,"Netto 공식 KW38 전단: Eisbergsalat; Deutschland Kl. I; Stück; 0.88 EUR; 2026-09-14~19.",verified,,121
2026-09-13 21:08 Europe/Berlin,Netto Marken-Discount,"Netto Peterstraße 50, 52062 Aachen (전단 기준, 지점별 가격 미확인)",52062,음료,14.09.2026-19.09.2026,Gerolsteiner Mineralwasser,"12 x 0,75 l | zzgl. Pfand | versch. Sorten",4.99,,,"0,55 €/l",https://www.netto-online.de/angebote/,52062,Aachen,판매 단위 확인,공식 원문 재검증 대기,"원본 수집 행 보존. 재검증 대기, 자동 가격 제외.",held,,122
2026-09-13 21:08 Europe/Berlin,Netto Marken-Discount,"Netto Peterstraße 50, 52062 Aachen (전단 기준, 지점별 가격 미확인)",52062,식품,14.09.2026-19.09.2026,Hähnchen-Brustfilet,600 g | 8.32 / kg | mager | -26 %UVP 6.79,4.99,,,,https://www.netto-online.de/angebote/,52062,Aachen,600 g,없음,"Netto 공식 KW38 전단: Hähnchen-Brustfilet; 600 g; 4.99 EUR; 8.32 EUR/kg; 2026-09-14~19.",verified,,123
2026-09-13 21:08 Europe/Berlin,Netto Marken-Discount,"Netto Peterstraße 50, 52062 Aachen (전단 기준, 지점별 가격 미확인)",52062,식품,14.09.2026-19.09.2026,Nadler Sahneheringsfilets,"500 g | 5.58 / kg | gekühlt, versch. Sorten | -20 %UVP 3.49",2.79,,,,https://www.netto-online.de/angebote/,52062,Aachen,판매 단위 확인,공식 원문 재검증 대기,"원본 수집 행 보존. 재검증 대기, 자동 가격 제외.",held,,124
2026-09-13 21:08 Europe/Berlin,Netto Marken-Discount,"Netto Peterstraße 50, 52062 Aachen (전단 기준, 지점별 가격 미확인)",52062,주류,14.09.2026-19.09.2026,Rotkäppchen Sekt oder Fruchtsecco,"0,75 l | 3.99 / l | versch. Sorten | -40 %statt 4.99",2.99,,,,https://www.netto-online.de/angebote/,52062,Aachen,판매 단위 확인,공식 원문 재검증 대기,"원본 수집 행 보존. 재검증 대기, 자동 가격 제외.",held,,125
2026-09-13 21:08 Europe/Berlin,ALDI SÜD,"ALDI SÜD, An der Piwipp 86, 40468 Düsseldorf (공식 전단 기준, 지점별 가격 미확인)",40468,식품,18.09.2026-19.09.2026,Bärenmarke Milch,1 l,0.88,,,,https://www.aldi-sued.de/angebote/2026-09-18,40468,Düsseldorf,판매 단위 확인,공식 원문 재검증 대기,"원본 수집 행 보존. 재검증 대기, 자동 가격 제외.",held,,126
2026-09-13 21:08 Europe/Berlin,ALDI SÜD,"ALDI SÜD, An der Piwipp 86, 40468 Düsseldorf (공식 전단 기준, 지점별 가격 미확인)",40468,식품,18.09.2026-19.09.2026,Dr. Oetker Ristorante Pizza,270 g,1.99,,,,https://www.aldi-sued.de/angebote/2026-09-18,40468,Düsseldorf,판매 단위 확인,공식 원문 재검증 대기,"원본 수집 행 보존. 재검증 대기, 자동 가격 제외.",held,,127
2026-09-13 21:08 Europe/Berlin,ALDI SÜD,"ALDI SÜD, An der Piwipp 86, 40468 Düsseldorf (공식 전단 기준, 지점별 가격 미확인)",40468,식품,18.09.2026-19.09.2026,Galbani Mozzarella,125 g,0.99,,,,https://www.aldi-sued.de/angebote/2026-09-18,40468,Düsseldorf,125 g,,ALDI SÜD 공식 18.09.2026 행사 페이지 상품 카드: Galbani Mozzarella; 125 g; 0.99 EUR.,verified,,128
2026-09-13 21:08 Europe/Berlin,ALDI SÜD,"ALDI SÜD, An der Piwipp 86, 40468 Düsseldorf (공식 전단 기준, 지점별 가격 미확인)",40468,주류,18.09.2026-19.09.2026,Guinness,440 ml,1.29,,,,https://www.aldi-sued.de/angebote/2026-09-18,40468,Düsseldorf,판매 단위 확인,공식 원문 재검증 대기,"원본 수집 행 보존. 재검증 대기, 자동 가격 제외.",held,,129
2026-09-13 21:08 Europe/Berlin,ALDI SÜD,"ALDI SÜD, An der Piwipp 86, 40468 Düsseldorf (공식 전단 기준, 지점별 가격 미확인)",40468,식품,18.09.2026-19.09.2026,Puten-Schnitzel XXL,1 kg,8.99,,,,https://www.aldi-sued.de/angebote/2026-09-18,40468,Düsseldorf,판매 단위 확인,공식 원문 재검증 대기,"원본 수집 행 보존. 재검증 대기, 자동 가격 제외.",held,,130
2026-09-13 21:08 Europe/Berlin,ALDI SÜD,"ALDI SÜD, An der Piwipp 86, 40468 Düsseldorf (공식 전단 기준, 지점별 가격 미확인)",40468,식품,18.09.2026-19.09.2026,Räucherlachs,220 g,4.29,,,,https://www.aldi-sued.de/angebote/2026-09-18,40468,Düsseldorf,220 g,,ALDI SÜD 공식 18.09.2026 행사 페이지 상품 카드: Räucherlachs; 220 g; 4.29 EUR.,verified,,131
2026-09-13 21:08 Europe/Berlin,ALDI SÜD,"ALDI SÜD, Niederrheinstraße 158-166, 40474 Düsseldorf (공식 전단 기준, 지점별 가격 미확인)",40474,식품,18.09.2026-19.09.2026,Bärenmarke Milch,1 l,0.88,,,,https://www.aldi-sued.de/angebote/2026-09-18,40474,Düsseldorf,판매 단위 확인,공식 원문 재검증 대기,"원본 수집 행 보존. 재검증 대기, 자동 가격 제외.",held,,132
2026-09-13 21:08 Europe/Berlin,ALDI SÜD,"ALDI SÜD, Niederrheinstraße 158-166, 40474 Düsseldorf (공식 전단 기준, 지점별 가격 미확인)",40474,식품,18.09.2026-19.09.2026,Dr. Oetker Ristorante Pizza,270 g,1.99,,,,https://www.aldi-sued.de/angebote/2026-09-18,40474,Düsseldorf,판매 단위 확인,공식 원문 재검증 대기,"원본 수집 행 보존. 재검증 대기, 자동 가격 제외.",held,,133
2026-09-13 21:08 Europe/Berlin,ALDI SÜD,"ALDI SÜD, Niederrheinstraße 158-166, 40474 Düsseldorf (공식 전단 기준, 지점별 가격 미확인)",40474,식품,18.09.2026-19.09.2026,Galbani Mozzarella,125 g,0.99,,,,https://www.aldi-sued.de/angebote/2026-09-18,40474,Düsseldorf,125 g,,ALDI SÜD 공식 18.09.2026 행사 페이지 상품 카드: Galbani Mozzarella; 125 g; 0.99 EUR.,verified,,134
2026-09-13 21:08 Europe/Berlin,ALDI SÜD,"ALDI SÜD, Niederrheinstraße 158-166, 40474 Düsseldorf (공식 전단 기준, 지점별 가격 미확인)",40474,주류,18.09.2026-19.09.2026,Guinness,440 ml,1.29,,,,https://www.aldi-sued.de/angebote/2026-09-18,40474,Düsseldorf,판매 단위 확인,공식 원문 재검증 대기,"원본 수집 행 보존. 재검증 대기, 자동 가격 제외.",held,,135
2026-09-13 21:08 Europe/Berlin,ALDI SÜD,"ALDI SÜD, Niederrheinstraße 158-166, 40474 Düsseldorf (공식 전단 기준, 지점별 가격 미확인)",40474,식품,18.09.2026-19.09.2026,Puten-Schnitzel XXL,1 kg,8.99,,,,https://www.aldi-sued.de/angebote/2026-09-18,40474,Düsseldorf,판매 단위 확인,공식 원문 재검증 대기,"원본 수집 행 보존. 재검증 대기, 자동 가격 제외.",held,,136
2026-09-13 21:08 Europe/Berlin,ALDI SÜD,"ALDI SÜD, Niederrheinstraße 158-166, 40474 Düsseldorf (공식 전단 기준, 지점별 가격 미확인)",40474,식품,18.09.2026-19.09.2026,Räucherlachs,220 g,4.29,,,,https://www.aldi-sued.de/angebote/2026-09-18,40474,Düsseldorf,220 g,,ALDI SÜD 공식 18.09.2026 행사 페이지 상품 카드: Räucherlachs; 220 g; 4.29 EUR.,verified,,137
2026-09-13 21:08 Europe/Berlin,ALDI SÜD,"ALDI SÜD, Franzstraße 2, 52064 Aachen (최근접 전단 지점, 지점별 가격 미확인)",52064,식품,18.09.2026-19.09.2026,Bärenmarke Milch,1 l,0.88,,,,https://www.aldi-sued.de/angebote/2026-09-18,52062,Aachen,판매 단위 확인,공식 원문 재검증 대기,"원본 수집 행 보존. 재검증 대기, 자동 가격 제외.",held,,138
2026-09-13 21:08 Europe/Berlin,ALDI SÜD,"ALDI SÜD, Franzstraße 2, 52064 Aachen (최근접 전단 지점, 지점별 가격 미확인)",52064,식품,18.09.2026-19.09.2026,Dr. Oetker Ristorante Pizza,270 g,1.99,,,,https://www.aldi-sued.de/angebote/2026-09-18,52062,Aachen,판매 단위 확인,공식 원문 재검증 대기,"원본 수집 행 보존. 재검증 대기, 자동 가격 제외.",held,,139
2026-09-13 21:08 Europe/Berlin,ALDI SÜD,"ALDI SÜD, Franzstraße 2, 52064 Aachen (최근접 전단 지점, 지점별 가격 미확인)",52064,식품,18.09.2026-19.09.2026,Galbani Mozzarella,125 g,0.99,,,,https://www.aldi-sued.de/angebote/2026-09-18,52062,Aachen,125 g,,ALDI SÜD 공식 18.09.2026 행사 페이지 상품 카드: Galbani Mozzarella; 125 g; 0.99 EUR.,verified,,140
2026-09-13 21:08 Europe/Berlin,ALDI SÜD,"ALDI SÜD, Franzstraße 2, 52064 Aachen (최근접 전단 지점, 지점별 가격 미확인)",52064,주류,18.09.2026-19.09.2026,Guinness,440 ml,1.29,,,,https://www.aldi-sued.de/angebote/2026-09-18,52062,Aachen,판매 단위 확인,공식 원문 재검증 대기,"원본 수집 행 보존. 재검증 대기, 자동 가격 제외.",held,,141
2026-09-13 21:08 Europe/Berlin,ALDI SÜD,"ALDI SÜD, Franzstraße 2, 52064 Aachen (최근접 전단 지점, 지점별 가격 미확인)",52064,식품,18.09.2026-19.09.2026,Puten-Schnitzel XXL,1 kg,8.99,,,,https://www.aldi-sued.de/angebote/2026-09-18,52062,Aachen,판매 단위 확인,공식 원문 재검증 대기,"원본 수집 행 보존. 재검증 대기, 자동 가격 제외.",held,,142
2026-09-13 21:08 Europe/Berlin,ALDI SÜD,"ALDI SÜD, Franzstraße 2, 52064 Aachen (최근접 전단 지점, 지점별 가격 미확인)",52064,식품,18.09.2026-19.09.2026,Räucherlachs,220 g,4.29,,,,https://www.aldi-sued.de/angebote/2026-09-18,52062,Aachen,220 g,,ALDI SÜD 공식 18.09.2026 행사 페이지 상품 카드: Räucherlachs; 220 g; 4.29 EUR.,verified,,143
2026-09-13 21:08 Europe/Berlin,ALDI Nord,"ALDI Nord Aspeystraße 75, 44369 Dortmund (전단 기준, 지점별 가격 미확인)",44369,식품,14.09.2026-19.09.2026,Alpenfrischkäse,"150-g-Becher | Verschiedene Sorten | Sorten:   * Kräuter  * Natur  * Meerrettich  * Tomaten-Pesto  * Kräuter, leicht, 7 % Fett  * Balance",0.99,,-50 %,1.99,https://www.aldi-nord.de/angebote.html,44369,Dortmund,150-g-Becher,,ALDI 공식 OFFER_GET product 1001079; 2026-09-14..2026-09-19; 0.99 EUR; 150-g-Becher,verified,1.99,144
2026-09-13 21:08 Europe/Berlin,ALDI Nord,"ALDI Nord Aspeystraße 75, 44369 Dortmund (전단 기준, 지점별 가격 미확인)",44369,식품,14.09.2026-19.09.2026,Alpensalz XXL,1-kg-Packung | Feines Siedesalz aus reiner Alpensole,0.99,,,0.99,https://www.aldi-nord.de/angebote.html,44369,Dortmund,1-kg-Packung,,ALDI 공식 OFFER_GET product 1024168; 2026-09-14..2026-09-19; 0.99 EUR; 1-kg-Packung,verified,,145
2026-09-13 21:08 Europe/Berlin,ALDI Nord,"ALDI Nord Aspeystraße 75, 44369 Dortmund (전단 기준, 지점별 가격 미확인)",44369,식품,14.09.2026-19.09.2026,Antipasti,"180-g-Glas | Verschiedene Sorten und Gewichte | Sorten:   * Getrocknete Tomaten, Abtropfgewicht (ATG) = 100 g  * Oliven-Mix, Abtropfgewicht (ATG) = 110 g  * Artischocken, geviertelt, Abtropfgewicht (ATG) = 110 g",2.29,,,22.90,https://www.aldi-nord.de/angebote.html,44369,Dortmund,180-g-Glas,,ALDI 공식 OFFER_GET product 1040565; 2026-09-14..2026-09-19; 2.29 EUR; 180-g-Glas,verified,,146
2026-09-13 21:08 Europe/Berlin,ALDI Nord,"ALDI Nord Aspeystraße 75, 44369 Dortmund (전단 기준, 지점별 가격 미확인)",44369,식품,17.09.2026-19.09.2026,Äpfel,600-g-Schale | Klasse 2; Deutschland,1.69,,-15 %,1.99,https://www.aldi-nord.de/angebote.html,44369,Dortmund,600-g-Schale,,ALDI 공식 OFFER_GET product 1029250; 2026-09-17..2026-09-19; 1.69 EUR; 600-g-Schale,verified,1.99,147
2026-09-13 21:08 Europe/Berlin,ALDI Nord,"ALDI Nord Aspeystraße 75, 44369 Dortmund (전단 기준, 지점별 가격 미확인)",44369,식품,14.09.2026-19.09.2026,Apfelchips,70-g-Beutel | Aus Bio-Anbau in Deutschland,1.49,,,21.29,https://www.aldi-nord.de/angebote.html,44369,Dortmund,70-g-Beutel,,ALDI 공식 OFFER_GET product 1034490; 2026-09-14..2026-09-19; 1.49 EUR; 70-g-Beutel,verified,,148
2026-09-13 21:08 Europe/Berlin,ALDI Nord,"ALDI Nord Aspeystraße 75, 44369 Dortmund (전단 기준, 지점별 가격 미확인)",44369,식품,14.09.2026-19.09.2026,Apfelessig naturtrüb,750-ml-Flasche | Aus 100 % Direktsaft,1.29,,,1.72,https://www.aldi-nord.de/angebote.html,44369,Dortmund,750-ml-Flasche,,ALDI 공식 OFFER_GET product 1002327; 2026-09-14..2026-09-19; 1.29 EUR; 750-ml-Flasche,verified,,149
2026-09-13 21:08 Europe/Berlin,ALDI Nord,"ALDI Nord Aspeystraße 75, 44369 Dortmund (전단 기준, 지점별 가격 미확인)",44369,식품,17.09.2026-19.09.2026,Avocados,2er-Schale | Klasse 2; Ursprung siehe Etikett,1.79,,,,https://www.aldi-nord.de/angebote.html,44369,Dortmund,2er-Schale,,ALDI 공식 OFFER_GET product 1022015; 2026-09-17..2026-09-19; 1.79 EUR; 2er-Schale,verified,,150
2026-09-13 21:08 Europe/Berlin,ALDI Nord,"ALDI Nord Aspeystraße 75, 44369 Dortmund (전단 기준, 지점별 가격 미확인)",44369,식품,14.09.2026-19.09.2026,Backfisch-Stäbchen / Fischstäbchen,"Packung | Verschiedene Sorten und Gewichte; MSC-zertifiziert | Sorten:   * Backfischstäbchen, 364 g  * Fischstäbchen, 450 g",2.49,,-49 %,4.89,https://www.aldi-nord.de/angebote.html,44369,Dortmund,Packung,,ALDI 공식 OFFER_GET product 78540000002; 2026-09-14..2026-09-19; 2.49 EUR; Packung,verified,4.89,151
2026-09-13 21:08 Europe/Berlin,ALDI Nord,"ALDI Nord Aspeystraße 75, 44369 Dortmund (전단 기준, 지점별 가격 미확인)",44369,식품,14.09.2026-19.09.2026,Beilagensalat,400-g-Becher | Verschiedene Sorten | Sorten:   * Kartoffelsalat mit Gurke & Zwiebeln  * Pellkartoffelsalat mit Ei & Gurke,1.79,,-30 %,2.59,https://www.aldi-nord.de/angebote.html,44369,Dortmund,400-g-Becher,,ALDI 공식 OFFER_GET product 1007854; 2026-09-14..2026-09-19; 1.79 EUR; 400-g-Becher,verified,2.59,152
2026-09-13 21:08 Europe/Berlin,ALDI Nord,"ALDI Nord Aspeystraße 75, 44369 Dortmund (전단 기준, 지점별 가격 미확인)",44369,식품,14.09.2026-19.09.2026,Bergbauernkäse,"250-g-Packung | Am Stück; verschiedene Sorten | Sorten:   * Almkäse, würzig-kräftig  * Gipfelkäse, mild-würzig  * Jausenkäse, würzig",2.99,,,11.96,https://www.aldi-nord.de/angebote.html,44369,Dortmund,250-g-Packung,,ALDI 공식 OFFER_GET product 1025807; 2026-09-14..2026-09-19; 2.99 EUR; 250-g-Packung,verified,,153
2026-09-13 21:08 Europe/Berlin,ALDI Nord,"ALDI Nord Aspeystraße 75, 44369 Dortmund (전단 기준, 지점별 가격 미확인)",44369,식품,17.09.2026-19.09.2026,Best of Kekse & Waffeln,"300-g-Dose | Gebäck- und Waffelmischung, z. T. schokoliert",2.49,,,8.30,https://www.aldi-nord.de/angebote.html,44369,Dortmund,300-g-Dose,,ALDI 공식 OFFER_GET product 3472; 2026-09-17..2026-09-19; 2.49 EUR; 300-g-Dose,verified,,154
2026-09-13 21:08 Europe/Berlin,ALDI Nord,"ALDI Nord Aspeystraße 75, 44369 Dortmund (전단 기준, 지점별 가격 미확인)",44369,식품,17.09.2026-19.09.2026,Bio-Miesmuscheln,1-kg-Packung | Vorgegart; aus biologischer Aquakultur; MSC-zertifiziert,3.99,,,3.99,https://www.aldi-nord.de/angebote.html,44369,Dortmund,1-kg-Packung,,ALDI 공식 OFFER_GET product 1042345; 2026-09-17..2026-09-19; 3.99 EUR; 1-kg-Packung,verified,,155
2026-09-13 21:08 Europe/Berlin,ALDI Nord,"ALDI Nord Aspeystraße 75, 44369 Dortmund (전단 기준, 지점별 가격 미확인)",44369,식품,14.09.2026-19.09.2026,Blonde Roast,1-kg-Packung | Ganze Bohne,9.99,,,9.99,https://www.aldi-nord.de/angebote.html,44369,Dortmund,1-kg-Packung,,ALDI 공식 OFFER_GET product 1035606; 2026-09-14..2026-09-19; 9.99 EUR; 1-kg-Packung,verified,,156
2026-09-13 21:08 Europe/Berlin,ALDI Nord,"ALDI Nord Aspeystraße 75, 44369 Dortmund (전단 기준, 지점별 가격 미확인)",44369,식품,17.09.2026-19.09.2026,Bratenspezialität,120-g-Packung | Vom Stück; verschiedene Sorten | Sorten:   * Krusten-Karree  * Kürbiskernbraten  * Thymian-Honig-Krustenbraten,1.79,,,14.92,https://www.aldi-nord.de/angebote.html,44369,Dortmund,120-g-Packung,,ALDI 공식 OFFER_GET product 1028259; 2026-09-17..2026-09-19; 1.79 EUR; 120-g-Packung,verified,,157
2026-09-13 21:08 Europe/Berlin,ALDI Nord,"ALDI Nord Aspeystraße 75, 44369 Dortmund (전단 기준, 지점별 가격 미확인)",44369,식품,17.09.2026-19.09.2026,Brotaufstrich,350-g-Glas | Verschiedene Sorten | Sorten:   * Snickers  * Mars  * Milky Way,3.49,,-25 %,4.69,https://www.aldi-nord.de/angebote.html,44369,Dortmund,350-g-Glas,,ALDI 공식 OFFER_GET product 1040739; 2026-09-17..2026-09-19; 3.49 EUR; 350-g-Glas,verified,4.69,158
2026-09-13 21:08 Europe/Berlin,ALDI Nord,"ALDI Nord Aspeystraße 75, 44369 Dortmund (전단 기준, 지점별 가격 미확인)",44369,음료,17.09.2026-19.09.2026,Buttermilch-Drink,1.29*UVP 1.79 750-g-Packung kg = 1.72,1.29,,-27 %,1.79,https://www.aldi-nord.de/angebote.html,44369,Dortmund,판매 단위 확인,공식 원문 재검증 대기,"원본 수집 행 보존. 재검증 대기, 자동 가격 제외.",held,,159
2026-09-13 21:08 Europe/Berlin,ALDI Nord,"ALDI Nord Aspeystraße 75, 44369 Dortmund (전단 기준, 지점별 가격 미확인)",44369,식품,14.09.2026-19.09.2026,Cabernet Blanc-Grauburgunder Rheinhessen QbA,"0,75-L-Flasche | Trockener deutscher Weißwein | * Herkunftsland: Deutschland  * Region: Rheinhessen  * Rebsorten: Cabernet Blanc, Grauburgunder  * Qualitätsstufe: QbA  * Geschmacksrichtung: trocken  * Speisenempfehlung: ideal zu Fisch, Geflügel, Barbecue und Salat  * Empfohlene Trinktemperatur: 8–10 °C  Zwei Charaktere, ein perfektes Match. Cabernet Blanc bringt Frische und feine Würze, Grauburgunder ergänzt mit weicher Frucht und sanftem Schmelz. In dieser Cuvée vereint entfalten sie ein klares, vielschichtiges Aromenspiel aus Zitrus, Stachelbeere und Pfirsich. Unkompliziert. Besonders. Rheinhessen pur!",3.99,,,075,https://www.aldi-nord.de/angebote.html,44369,Dortmund,"0,75-L-Flasche",,"ALDI 공식 OFFER_GET product 1035031; 2026-09-14..2026-09-19; 3.99 EUR; 0,75-L-Flasche",verified,,160
2026-09-13 21:08 Europe/Berlin,ALDI Nord,"ALDI Nord Aspeystraße 75, 44369 Dortmund (전단 기준, 지점별 가격 미확인)",44369,식품,14.09.2026-19.09.2026,Camembert,150-g-Packung | Weichkäse; cremig-mild; 60 % Fett i. Tr.,1.69,,,11.27,https://www.aldi-nord.de/angebote.html,44369,Dortmund,150-g-Packung,,ALDI 공식 OFFER_GET product 1031874; 2026-09-14..2026-09-19; 1.69 EUR; 150-g-Packung,verified,,161
2026-09-13 21:08 Europe/Berlin,ALDI Nord,"ALDI Nord Aspeystraße 75, 44369 Dortmund (전단 기준, 지점별 가격 미확인)",44369,식품,17.09.2026-19.09.2026,Chicorée,"500-g-Packung | Klasse 1; Belgien, Deutschland, Niederlande",1.39,,,2.78,https://www.aldi-nord.de/angebote.html,44369,Dortmund,500-g-Packung,,ALDI 공식 OFFER_GET product 6258; 2026-09-17..2026-09-19; 1.39 EUR; 500-g-Packung,verified,,162
2026-09-13 21:08 Europe/Berlin,ALDI Nord,"ALDI Nord Aspeystraße 75, 44369 Dortmund (전단 기준, 지점별 가격 미확인)",44369,식품,14.09.2026-19.09.2026,Chips,1.11*UVP 1.99 110-g-Beutel kg = 10.09,1.11,,-44 %,1.99,https://www.aldi-nord.de/angebote.html,44369,Dortmund,판매 단위 확인,공식 원문 재검증 대기,"원본 수집 행 보존. 재검증 대기, 자동 가격 제외.",held,,163
2026-09-13 21:08 Europe/Berlin,ALDI Nord,"ALDI Nord Aspeystraße 75, 44369 Dortmund (전단 기준, 지점별 가격 미확인)",44369,식품,14.09.2026-19.09.2026,Comtess,350-g-Packung | Rührkuchen; verschiedene Sorten; enthält Alkohol | Sorten:   * ﻿﻿Marmor  * Mohn-Zitrone  * Schoko  * Zitrone,1.69,,,4.83,https://www.aldi-nord.de/angebote.html,44369,Dortmund,350-g-Packung,,ALDI 공식 OFFER_GET product 1002822; 2026-09-14..2026-09-19; 1.69 EUR; 350-g-Packung,verified,,164
2026-09-13 21:08 Europe/Berlin,ALDI Nord,"ALDI Nord Aspeystraße 75, 44369 Dortmund (전단 기준, 지점별 가격 미확인)",44369,식품,14.09.2026-19.09.2026,Dark Roast,1-kg-Packung | Ganze Bohne,9.99,,,9.99,https://www.aldi-nord.de/angebote.html,44369,Dortmund,1-kg-Packung,,ALDI 공식 OFFER_GET product 1035608; 2026-09-14..2026-09-19; 9.99 EUR; 1-kg-Packung,verified,,165
2026-09-13 21:08 Europe/Berlin,ALDI Nord,"ALDI Nord Aspeystraße 75, 44369 Dortmund (전단 기준, 지점별 가격 미확인)",44369,식품,17.09.2026-19.09.2026,Die Backfrische Mozarella,350-g-Packung,1.99,,-46 %,3.69,https://www.aldi-nord.de/angebote.html,44369,Dortmund,350-g-Packung,,ALDI 공식 OFFER_GET product 5617; 2026-09-17..2026-09-19; 1.99 EUR; 350-g-Packung,verified,3.69,166
2026-09-13 21:08 Europe/Berlin,ALDI Nord,"ALDI Nord Aspeystraße 75, 44369 Dortmund (전단 기준, 지점별 가격 미확인)",44369,식품,17.09.2026-19.09.2026,Die Backfrische Salami,320-g-Packung | Salami,1.99,,-46 %,3.69,https://www.aldi-nord.de/angebote.html,44369,Dortmund,320-g-Packung,,ALDI 공식 OFFER_GET product 2975; 2026-09-17..2026-09-19; 1.99 EUR; 320-g-Packung,verified,3.69,167
2026-09-13 21:08 Europe/Berlin,ALDI Nord,"ALDI Nord Aspeystraße 75, 44369 Dortmund (전단 기준, 지점별 가격 미확인)",44369,식품,14.09.2026-19.09.2026,Dip!,200-ml-Glas | Verschiedene Sorten     Im Aufsteller | Sorten:   * Mild Salsa  * Hot Cheese  * Hot Salsa,1.49,,-46 %,2.79,https://www.aldi-nord.de/angebote.html,44369,Dortmund,200-ml-Glas,,ALDI 공식 OFFER_GET product 1412; 2026-09-14..2026-09-19; 1.49 EUR; 200-ml-Glas,verified,2.79,168
2026-09-13 21:08 Europe/Berlin,ALDI Nord,"ALDI Nord Aspeystraße 75, 44369 Dortmund (전단 기준, 지점별 가격 미확인)",44369,식품,17.09.2026-19.09.2026,Döner-Box,"950-g-Packung | Box mit 2 Fladenbroten, 250 g Hähnchenfleisch, Tzatziki und Krautsalat",7.99,,,8.41,https://www.aldi-nord.de/angebote.html,44369,Dortmund,950-g-Packung,,ALDI 공식 OFFER_GET product 1039720; 2026-09-17..2026-09-19; 7.99 EUR; 950-g-Packung,verified,,169
2026-09-13 21:08 Europe/Berlin,ALDI Nord,"ALDI Nord Aspeystraße 75, 44369 Dortmund (전단 기준, 지점별 가격 미확인)",44369,식품,17.09.2026-19.09.2026,Edelsalami XXL,180-g-Packung | Geräuchert,1.39,,,7.72,https://www.aldi-nord.de/angebote.html,44369,Dortmund,180-g-Packung,,ALDI 공식 OFFER_GET product 1028286; 2026-09-17..2026-09-19; 1.39 EUR; 180-g-Packung,verified,,170
2026-09-13 21:08 Europe/Berlin,ALDI Nord,"ALDI Nord Aspeystraße 75, 44369 Dortmund (전단 기준, 지점별 가격 미확인)",44369,식품,14.09.2026-19.09.2026,Eis-Box,"Packung | Verschiedene Sorten und Gewichte | Sorten:   * Bum Bum, 288 ml, 4 Stück  * Pirulo Fruit Joy, 325 ml, 5 Stück  * Pirulo Mango, 350 ml, 5 Stück  * Pirulo Watermelon, 365 ml, 5 Stück  * Pirulo Kaktus, 405 ml, 9 Stück",1.99,,-47 %,3.79,https://www.aldi-nord.de/angebote.html,44369,Dortmund,Packung,,ALDI 공식 OFFER_GET product 611; 2026-09-14..2026-09-19; 1.99 EUR; Packung,verified,3.79,171
2026-09-13 21:08 Europe/Berlin,ALDI Nord,"ALDI Nord Aspeystraße 75, 44369 Dortmund (전단 기준, 지점별 가격 미확인)",44369,식품,14.09.2026-19.09.2026,Eisbergsalat,Stück | Klasse 1; Deutschland,0.88,,-11 %,0.99,https://www.aldi-nord.de/angebote.html,44369,Dortmund,Stück,,ALDI 공식 OFFER_GET product 6276; 2026-09-14..2026-09-19; 0.88 EUR; Stück,verified,0.99,172
2026-09-13 21:08 Europe/Berlin,ALDI Nord,"ALDI Nord Aspeystraße 75, 44369 Dortmund (전단 기준, 지점별 가격 미확인)",44369,음료,14.09.2026-19.09.2026,Energydrink Blueberry-Pomegranate-Açai,"0,5-L-Dose | Koffein- und taurinhaltig",0.77,,-48 %,1.49,https://www.aldi-nord.de/angebote.html,44369,Dortmund,"0,5-L-Dose",,"ALDI 공식 OFFER_GET product 1014193; 2026-09-14..2026-09-19; 0.77 EUR; 0,5-L-Dose",verified,1.49,173
2026-09-13 21:08 Europe/Berlin,ALDI Nord,"ALDI Nord Aspeystraße 75, 44369 Dortmund (전단 기준, 지점별 가격 미확인)",44369,음료,17.09.2026-19.09.2026,Energydrink Classic,4x250-ml-Dose | Koffein- und taurinhaltig,3.39,,,3.39,https://www.aldi-nord.de/angebote.html,44369,Dortmund,4x250-ml-Dose,,ALDI 공식 OFFER_GET product 1001470; 2026-09-17..2026-09-19; 3.39 EUR; 4x250-ml-Dose,verified,,174
2026-09-13 21:08 Europe/Berlin,ALDI Nord,"ALDI Nord Aspeystraße 75, 44369 Dortmund (전단 기준, 지점별 가격 미확인)",44369,음료,14.09.2026-19.09.2026,Energydrink Original,"0,5-L-Dose | Koffein- und taurinhaltig",0.77,,-48 %,1.49,https://www.aldi-nord.de/angebote.html,44369,Dortmund,"0,5-L-Dose",,"ALDI 공식 OFFER_GET product 1014192; 2026-09-14..2026-09-19; 0.77 EUR; 0,5-L-Dose",verified,1.49,175
2026-09-13 21:08 Europe/Berlin,ALDI Nord,"ALDI Nord Aspeystraße 75, 44369 Dortmund (전단 기준, 지점별 가격 미확인)",44369,음료,17.09.2026-19.09.2026,Energydrink Sugarfree,4x250-ml-Dose | Koffein- und taurinhaltig; ohne Zucker,3.39,,,3.39,https://www.aldi-nord.de/angebote.html,44369,Dortmund,4x250-ml-Dose,,ALDI 공식 OFFER_GET product 1036274; 2026-09-17..2026-09-19; 3.39 EUR; 4x250-ml-Dose,verified,,176
2026-09-13 21:08 Europe/Berlin,ALDI Nord,"ALDI Nord Aspeystraße 75, 44369 Dortmund (전단 기준, 지점별 가격 미확인)",44369,음료,14.09.2026-19.09.2026,Energydrink Tropical Guava,"0,5-L-Dose | Koffein- und taurinhaltig",0.77,,-48 %,1.49,https://www.aldi-nord.de/angebote.html,44369,Dortmund,"0,5-L-Dose",,"ALDI 공식 OFFER_GET product 1016626; 2026-09-14..2026-09-19; 0.77 EUR; 0,5-L-Dose",verified,1.49,177
2026-09-13 21:08 Europe/Berlin,ALDI Nord,"ALDI Nord Aspeystraße 75, 44369 Dortmund (전단 기준, 지점별 가격 미확인)",44369,식품,14.09.2026-19.09.2026,Entrecôte-Braten,z. B. 685 g | Frisch; vom Rind; zum Braten oder für den Grill; verschiedene Gewichte | * Schneid dir dein eigenes Steak,12.99,,,18.97,https://www.aldi-nord.de/angebote.html,44369,Dortmund,z. B. 685 g,,ALDI 공식 OFFER_GET product 1043507; 2026-09-14..2026-09-19; 12.99 EUR; z. B. 685 g,verified,,178
2026-09-13 21:08 Europe/Berlin,ALDI Nord,"ALDI Nord Aspeystraße 75, 44369 Dortmund (전단 기준, 지점별 가격 미확인)",44369,식품,14.09.2026-19.09.2026,Erdnüsse XXL,450-g-Beutel | Geröstet und gesalzen,2.99,,-36 %,4.69,https://www.aldi-nord.de/angebote.html,44369,Dortmund,450-g-Beutel,,ALDI 공식 OFFER_GET product 1001286; 2026-09-14..2026-09-19; 2.99 EUR; 450-g-Beutel,verified,4.69,179
2026-09-13 21:08 Europe/Berlin,ALDI Nord,"ALDI Nord Aspeystraße 75, 44369 Dortmund (전단 기준, 지점별 가격 미확인)",44369,식품,14.09.2026-19.09.2026,Erdnussmus,250-g-Glas | 100 % geröstete Erdnüsse | Sorten:   * Crunchy  * Creamy,1.65,,,6.60,https://www.aldi-nord.de/angebote.html,44369,Dortmund,250-g-Glas,,ALDI 공식 OFFER_GET product 1037286; 2026-09-14..2026-09-19; 1.65 EUR; 250-g-Glas,verified,,180
2026-09-13 21:08 Europe/Berlin,ALDI Nord,"ALDI Nord Aspeystraße 75, 44369 Dortmund (전단 기준, 지점별 가격 미확인)",44369,식품,17.09.2026-19.09.2026,Essigessenz XXL,1-kg-Flasche | Zum Würzen und Verfeinern,2.49,,,2.49,https://www.aldi-nord.de/angebote.html,44369,Dortmund,1-kg-Flasche,,ALDI 공식 OFFER_GET product 1041926; 2026-09-17..2026-09-19; 2.49 EUR; 1-kg-Flasche,verified,,181
2026-09-13 21:08 Europe/Berlin,ALDI Nord,"ALDI Nord Aspeystraße 75, 44369 Dortmund (전단 기준, 지점별 가격 미확인)",44369,식품,14.09.2026-19.09.2026,Express-Reis,220-g-Beutel | Verschiedene Sorten     Im Aufsteller | Sorten:   * Langkorn-Reis  * Basmati-Reis  * Mediterran  * Griechisch-Djuvec-Reis  * Langkorn & Wildreis  * Naturreis  * Risi Bisi,1.19,,-48 %,2.29,https://www.aldi-nord.de/angebote.html,44369,Dortmund,220-g-Beutel,,ALDI 공식 OFFER_GET product 1038162; 2026-09-14..2026-09-19; 1.19 EUR; 220-g-Beutel,verified,2.29,182
2026-09-13 21:08 Europe/Berlin,ALDI Nord,"ALDI Nord Aspeystraße 75, 44369 Dortmund (전단 기준, 지점별 가격 미확인)",44369,식품,14.09.2026-19.09.2026,Federweißer,1-L-Flasche | Alkoholhaltiges Getränk in Gärung,2.49,,,2.49,https://www.aldi-nord.de/angebote.html,44369,Dortmund,1-L-Flasche,,ALDI 공식 OFFER_GET product 1000991; 2026-09-14..2026-09-19; 2.49 EUR; 1-L-Flasche,verified,,183
2026-09-13 21:08 Europe/Berlin,ALDI Nord,"ALDI Nord Aspeystraße 75, 44369 Dortmund (전단 기준, 지점별 가격 미확인)",44369,식품,17.09.2026-19.09.2026,Finello,150-g-Beutel | Reibekäse; verschiedene Sorten | Sorten:   * Gratinkäse  * Pizzakäse  * Pastakäse,1.49,,-42 %,2.59,https://www.aldi-nord.de/angebote.html,44369,Dortmund,150-g-Beutel,,ALDI 공식 OFFER_GET product 1006372; 2026-09-17..2026-09-19; 1.49 EUR; 150-g-Beutel,verified,2.59,184
2026-09-13 21:08 Europe/Berlin,ALDI Nord,"ALDI Nord Aspeystraße 75, 44369 Dortmund (전단 기준, 지점별 가격 미확인)",44369,식품,14.09.2026-19.09.2026,Finesse,1.39**UVP 2.59 100-g-Packung kg = 13.90,1.39,,-46 %,2.59,https://www.aldi-nord.de/angebote.html,44369,Dortmund,판매 단위 확인,공식 원문 재검증 대기,"원본 수집 행 보존. 재검증 대기, 자동 가격 제외.",held,,185
2026-09-13 21:08 Europe/Berlin,ALDI Nord,"ALDI Nord Aspeystraße 75, 44369 Dortmund (전단 기준, 지점별 가격 미확인)",44369,식품,17.09.2026-19.09.2026,Fish and Chips,1.000-g-Beutel | Alaska-Seelachsfiletstücke im knusprigen Backteig; mit Steakhouse-Frites,5.99,,,1.00,https://www.aldi-nord.de/angebote.html,44369,Dortmund,1.000-g-Beutel,,ALDI 공식 OFFER_GET product 6105; 2026-09-17..2026-09-19; 5.99 EUR; 1.000-g-Beutel,verified,,186
2026-09-13 21:08 Europe/Berlin,ALDI Nord,"ALDI Nord Aspeystraße 75, 44369 Dortmund (전단 기준, 지점별 가격 미확인)",44369,식품,14.09.2026-19.09.2026,Flammkuchen,*400-g-Packung kg = 5.73,2.29,,,5.73,https://www.aldi-nord.de/angebote.html,44369,Dortmund,판매 단위 확인,공식 원문 재검증 대기,"원본 수집 행 보존. 재검증 대기, 자동 가격 제외.",held,,187
2026-09-13 21:08 Europe/Berlin,ALDI Nord,"ALDI Nord Aspeystraße 75, 44369 Dortmund (전단 기준, 지점별 가격 미확인)",44369,식품,14.09.2026-19.09.2026,Fleischwurst,"500-g-Packung | Geräuchert; verschiedene Sorten | Sorten:   * Über Buchenholz geräuchert  * Mit Knoblauch, geräuchert",2.69,,-22 %,3.49,https://www.aldi-nord.de/angebote.html,44369,Dortmund,500-g-Packung,,ALDI 공식 OFFER_GET product 1003483; 2026-09-14..2026-09-19; 2.69 EUR; 500-g-Packung,verified,3.49,188
2026-09-13 21:08 Europe/Berlin,ALDI Nord,"ALDI Nord Aspeystraße 75, 44369 Dortmund (전단 기준, 지점별 가격 미확인)",44369,식품,17.09.2026-19.09.2026,Französischer Weichkäse,"Packung | Verschiedene Sorten und Gewichte | Sorten:   * Cremig zarte Scheiben sahnig-mild, 150 g  * Original, mind. 60 % Fett i. Tr., 200 g  * Cremig-leicht, mind. 30 % Fett i. Tr., 200 g  * Cremig-würzig, mind. 50 % Fett i. Tr., 200 g  * Mit Joghurt, nur 20 % Fett absolut, 200 g",1.99,,-42 %,3.49,https://www.aldi-nord.de/angebote.html,44369,Dortmund,Packung,,ALDI 공식 OFFER_GET product 10015260001; 2026-09-17..2026-09-19; 1.99 EUR; Packung,verified,3.49,189
2026-09-13 21:08 Europe/Berlin,ALDI Nord,"ALDI Nord Aspeystraße 75, 44369 Dortmund (전단 기준, 지점별 가격 미확인)",44369,식품,14.09.2026-19.09.2026,Frische Eier,"12er-Packung | Güteklasse A, aus ökologischer Erzeugung, 2 Eier gratis",3.99,,,0.33,https://www.aldi-nord.de/angebote.html,44369,Dortmund,12er-Packung,,ALDI 공식 OFFER_GET product 1020468; 2026-09-14..2026-09-19; 3.99 EUR; 12er-Packung,verified,,190
2026-09-13 21:08 Europe/Berlin,ALDI Nord,"ALDI Nord Aspeystraße 75, 44369 Dortmund (전단 기준, 지점별 가격 미확인)",44369,식품,14.09.2026-19.09.2026,Frische Mahlzeit,350-g-Packung | Verschiedene Sorten | Sorten:   * Gnocchi Diavolo  * Tortellini Mediterran  * Gnocchi Elsässer Art,2.49,,,7.11,https://www.aldi-nord.de/angebote.html,44369,Dortmund,350-g-Packung,,ALDI 공식 OFFER_GET product 1043066; 2026-09-14..2026-09-19; 2.49 EUR; 350-g-Packung,verified,,191
2026-09-13 21:08 Europe/Berlin,ALDI Nord,"ALDI Nord Aspeystraße 75, 44369 Dortmund (전단 기준, 지점별 가격 미확인)",44369,식품,14.09.2026-19.09.2026,Frischkäse / -zubereitung,"Becher | Verschiedene Sorten und Gewichte | Sorten:   * Gemüsetraum Paprika & Tomate, 140 g  * Steinpilz, 150 g  * Bärlauch-Pesto, 150 g",0.99,,-50 %,1.99,https://www.aldi-nord.de/angebote.html,44369,Dortmund,Becher,,ALDI 공식 OFFER_GET product 1013335; 2026-09-14..2026-09-19; 0.99 EUR; Becher,verified,1.99,192
2026-09-13 21:08 Europe/Berlin,ALDI Nord,"ALDI Nord Aspeystraße 75, 44369 Dortmund (전단 기준, 지점별 가격 미확인)",44369,식품,14.09.2026-19.09.2026,Fruchtjoghurt,400-g-Becher | Verschiedene Sorten | Sorten:   * Vanille  * Erdbeere  * Mango  * Pfirsich-Marcuja,1.11,,,2.78,https://www.aldi-nord.de/angebote.html,44369,Dortmund,400-g-Becher,,ALDI 공식 OFFER_GET product 1036918; 2026-09-14..2026-09-19; 1.11 EUR; 400-g-Becher,verified,,193
2026-09-13 21:08 Europe/Berlin,ALDI Nord,"ALDI Nord Aspeystraße 75, 44369 Dortmund (전단 기준, 지점별 가격 미확인)",44369,식품,17.09.2026-19.09.2026,Fruchtmus XXL,"12x90-g-Packung | Packung enthält verschiedene Sorten | Packung enthält die Sorten: Apfel, Apfel-Erdbeere, Apfel-Birne und Apfel-Banane",3.99,,,3.69,https://www.aldi-nord.de/angebote.html,44369,Dortmund,12x90-g-Packung,,ALDI 공식 OFFER_GET product 1031866; 2026-09-17..2026-09-19; 3.99 EUR; 12x90-g-Packung,verified,,194
2026-09-13 21:08 Europe/Berlin,ALDI Nord,"ALDI Nord Aspeystraße 75, 44369 Dortmund (전단 기준, 지점별 가격 미확인)",44369,음료,17.09.2026-19.09.2026,Fruchtsaftgetränk,1-L-Packung | Aus Fruchtsaftkonzentrat; verschiedene Sorten | Sorten:   * Ananas-Kokos  * Maracuja  * Heidelbeere  * Granatapfel  * Erdbeere,0.99,,-50 %,1.99,https://www.aldi-nord.de/angebote.html,44369,Dortmund,1-L-Packung,,ALDI 공식 OFFER_GET product 8129; 2026-09-17..2026-09-19; 0.99 EUR; 1-L-Packung,verified,1.99,195
2026-09-13 21:08 Europe/Berlin,ALDI Nord,"ALDI Nord Aspeystraße 75, 44369 Dortmund (전단 기준, 지점별 가격 미확인)",44369,식품,17.09.2026-19.09.2026,Gewürz-Ketchup Curry delikat,800-ml-Flasche,1.89,,-44 %,3.39,https://www.aldi-nord.de/angebote.html,44369,Dortmund,800-ml-Flasche,,ALDI 공식 OFFER_GET product 1032615; 2026-09-17..2026-09-19; 1.89 EUR; 800-ml-Flasche,verified,3.39,196
2026-09-13 21:08 Europe/Berlin,ALDI Nord,"ALDI Nord Aspeystraße 75, 44369 Dortmund (전단 기준, 지점별 가격 미확인)",44369,식품,17.09.2026-19.09.2026,Gewürz-Ketchup Curry leicht scharf,800-ml-Flasche,1.89,,-44 %,3.39,https://www.aldi-nord.de/angebote.html,44369,Dortmund,800-ml-Flasche,,ALDI 공식 OFFER_GET product 1020769; 2026-09-17..2026-09-19; 1.89 EUR; 800-ml-Flasche,verified,3.39,197
2026-09-13 21:08 Europe/Berlin,ALDI Nord,"ALDI Nord Aspeystraße 75, 44369 Dortmund (전단 기준, 지점별 가격 미확인)",44369,식품,14.09.2026-19.09.2026,Gewürzspezialität,"Dose | Verschiedene Sorten und Gewichte | Sorten:   * Ingwer, gemahlen, 50 g  * Koriander, gemahlen, 65 g  * Baharat, 70 g  * Madras-Curry, 70 g  * Garam Masala, 70 g  * Tandoori, 80 g",1.99,,,39.80,https://www.aldi-nord.de/angebote.html,44369,Dortmund,Dose,,ALDI 공식 OFFER_GET product 2454; 2026-09-14..2026-09-19; 1.99 EUR; Dose,verified,,198
2026-09-13 21:08 Europe/Berlin,ALDI Nord,"ALDI Nord Aspeystraße 75, 44369 Dortmund (전단 기준, 지점별 가격 미확인)",44369,식품,14.09.2026-19.09.2026,Golden Longs,750-g-Packung | Extralang und knusprig,1.99,,-46 %,3.69,https://www.aldi-nord.de/angebote.html,44369,Dortmund,750-g-Packung,,ALDI 공식 OFFER_GET product 10133890002; 2026-09-14..2026-09-19; 1.99 EUR; 750-g-Packung,verified,3.69,199
2026-09-13 21:08 Europe/Berlin,ALDI Nord,"ALDI Nord Aspeystraße 75, 44369 Dortmund (전단 기준, 지점별 가격 미확인)",44369,음료,17.09.2026-19.09.2026,Goldsaft,450-g-Becher | Herzhaft-süßer Brotaufstrich,1.29,,-27 %,1.79,https://www.aldi-nord.de/angebote.html,44369,Dortmund,450-g-Becher,,ALDI 공식 OFFER_GET product 1017672; 2026-09-17..2026-09-19; 1.29 EUR; 450-g-Becher,verified,1.79,200
2026-09-13 21:08 Europe/Berlin,ALDI Nord,"ALDI Nord Aspeystraße 75, 44369 Dortmund (전단 기준, 지점별 가격 미확인)",44369,식품,14.09.2026-19.09.2026,Granatapfel,Stück | Klasse 1; Spanien,0.99,,-16 %,1.19,https://www.aldi-nord.de/angebote.html,44369,Dortmund,Stück,,ALDI 공식 OFFER_GET product 6130; 2026-09-14..2026-09-19; 0.99 EUR; Stück,verified,1.19,201
2026-09-13 21:08 Europe/Berlin,ALDI Nord,"ALDI Nord Aspeystraße 75, 44369 Dortmund (전단 기준, 지점별 가격 미확인)",44369,식품,14.09.2026-19.09.2026,Griechische Beilage,280-g-Packung | Verschiedene Sorten | Sorten:   * Weiße Riesenbohnen in Tomatensauce  * Kichererbsen in Tomatensauce  * Weinblätter gefüllt mit Reis,2.49,,,8.89,https://www.aldi-nord.de/angebote.html,44369,Dortmund,280-g-Packung,,ALDI 공식 OFFER_GET product 1037684; 2026-09-14..2026-09-19; 2.49 EUR; 280-g-Packung,verified,,202
2026-09-13 21:08 Europe/Berlin,ALDI Nord,"ALDI Nord Aspeystraße 75, 44369 Dortmund (전단 기준, 지점별 가격 미확인)",44369,식품,17.09.2026-19.09.2026,Grill & Ofen,"150-g-Packung | Für Grill, Pfanne und Ofen; verschiedene Sorten | Sorten:   * ﻿﻿Tomate & Basilikum  * Kräuter & Knoblauch",1.79,,-45 %,3.29,https://www.aldi-nord.de/angebote.html,44369,Dortmund,150-g-Packung,,ALDI 공식 OFFER_GET product 1007420; 2026-09-17..2026-09-19; 1.79 EUR; 150-g-Packung,verified,3.29,203
2026-09-13 21:08 Europe/Berlin,ALDI Nord,"ALDI Nord Aspeystraße 75, 44369 Dortmund (전단 기준, 지점별 가격 미확인)",44369,식품,14.09.2026-19.09.2026,Grobe Bratwurst XXL,800-g-Packung | Frisch; vom Schwein; zum Braten oder für den Grill,3.69,,,4.61,https://www.aldi-nord.de/angebote.html,44369,Dortmund,800-g-Packung,,ALDI 공식 OFFER_GET product 6783; 2026-09-14..2026-09-19; 3.69 EUR; 800-g-Packung,verified,,204
2026-09-13 21:08 Europe/Berlin,ALDI Nord,"ALDI Nord Aspeystraße 75, 44369 Dortmund (전단 기준, 지점별 가격 미확인)",44369,식품,14.09.2026-19.09.2026,Gronie,"0,5-L-Dose | Polnisches Bier mit jahrhundertealter Tradition",0.79,,-27 %,1.09,https://www.aldi-nord.de/angebote.html,44369,Dortmund,"0,5-L-Dose",,"ALDI 공식 OFFER_GET product 1008089; 2026-09-14..2026-09-19; 0.79 EUR; 0,5-L-Dose",verified,1.09,205
2026-09-13 21:08 Europe/Berlin,ALDI Nord,"ALDI Nord Aspeystraße 75, 44369 Dortmund (전단 기준, 지점별 가격 미확인)",44369,식품,17.09.2026-19.09.2026,Hafer-Riegel,140-g-Packung | Verschiedene Sorten; je 4 Riegel | Sorten:   * Mandel & Karamell  * Kakao ohne Zucker(1)  (1) Mit Süßungsmittel,0.99,,,7.07,https://www.aldi-nord.de/angebote.html,44369,Dortmund,140-g-Packung,,ALDI 공식 OFFER_GET product 1038572; 2026-09-17..2026-09-19; 0.99 EUR; 140-g-Packung,verified,,206
2026-09-13 21:08 Europe/Berlin,ALDI Nord,"ALDI Nord Aspeystraße 75, 44369 Dortmund (전단 기준, 지점별 가격 미확인)",44369,식품,17.09.2026-19.09.2026,Hähnchen-Geschnetzeltes XXL,800-g-Packung | Frisch; aus dem Brustfilet; zum Braten,6.99,,,8.74,https://www.aldi-nord.de/angebote.html,44369,Dortmund,800-g-Packung,,ALDI 공식 OFFER_GET product 1010669; 2026-09-17..2026-09-19; 6.99 EUR; 800-g-Packung,verified,,207
2026-09-13 21:08 Europe/Berlin,ALDI Nord,"ALDI Nord Aspeystraße 75, 44369 Dortmund (전단 기준, 지점별 가격 미확인)",44369,식품,14.09.2026-19.09.2026,Hähnchen-Minutenschnitzel,400-g-Packung | Frisch; aus dem Brustfilet; zum Braten oder für den Grill,3.99,,-20 %,4.99,https://www.aldi-nord.de/angebote.html,44369,Dortmund,400-g-Packung,,ALDI 공식 OFFER_GET product 37000000001; 2026-09-14..2026-09-19; 3.99 EUR; 400-g-Packung,verified,4.99,208
2026-09-13 21:08 Europe/Berlin,ALDI Nord,"ALDI Nord Aspeystraße 75, 44369 Dortmund (전단 기준, 지점별 가격 미확인)",44369,식품,14.09.2026-19.09.2026,Hähnchen-Ofenschale,450-g-Packung | Frisch; aus dem Hähnchenbrustfilet; mariniert; auf Paprika-Rahmsauce; in praktischer Ofenschale; für den Ofen,3.99,,,8.87,https://www.aldi-nord.de/angebote.html,44369,Dortmund,450-g-Packung,,ALDI 공식 OFFER_GET product 1020454; 2026-09-14..2026-09-19; 3.99 EUR; 450-g-Packung,verified,,209
2026-09-13 21:08 Europe/Berlin,ALDI Nord,"ALDI Nord Aspeystraße 75, 44369 Dortmund (전단 기준, 지점별 가격 미확인)",44369,식품,14.09.2026-19.09.2026,Hähnchenbrustfilet-Teilstücke,600-g-Packung | Frisch; zum Braten oder für den Grill,5.19,,-23 %,6.79,https://www.aldi-nord.de/angebote.html,44369,Dortmund,600-g-Packung,,ALDI 공식 OFFER_GET product 89980000002; 2026-09-14..2026-09-19; 5.19 EUR; 600-g-Packung,verified,6.79,210
2026-09-13 21:08 Europe/Berlin,ALDI Nord,"ALDI Nord Aspeystraße 75, 44369 Dortmund (전단 기준, 지점별 가격 미확인)",44369,식품,17.09.2026-19.09.2026,Himbeeren XXL,1-kg-Beutel | Perfekt für Desserts oder als Tortenbelag; sortenrein | * Ungezuckert (1)  (1) Enthält von Natur aus Zucker,7.99,,,7.99,https://www.aldi-nord.de/angebote.html,44369,Dortmund,1-kg-Beutel,,ALDI 공식 OFFER_GET product 5657; 2026-09-17..2026-09-19; 7.99 EUR; 1-kg-Beutel,verified,,211
2026-09-13 21:08 Europe/Berlin,ALDI Nord,"ALDI Nord Aspeystraße 75, 44369 Dortmund (전단 기준, 지점별 가격 미확인)",44369,식품,14.09.2026-19.09.2026,Hirtenkäse,200-g-Packung | Aus Kuhmilch; in Salzlake gereift; 45 % Fett i. Tr.,1.59,,,7.95,https://www.aldi-nord.de/angebote.html,44369,Dortmund,200-g-Packung,,ALDI 공식 OFFER_GET product 1015514; 2026-09-14..2026-09-19; 1.59 EUR; 200-g-Packung,verified,,212
2026-09-13 21:08 Europe/Berlin,ALDI Nord,"ALDI Nord Aspeystraße 75, 44369 Dortmund (전단 기준, 지점별 가격 미확인)",44369,주류,17.09.2026-19.09.2026,Irish Whiskey / Berry,"0,7-L-Flasche | 40 % Vol. bzw. 32,5 % Vol.",10.99,,-31 %,15.99,https://www.aldi-nord.de/angebote.html,44369,Dortmund,"0,7-L-Flasche",,"ALDI 공식 OFFER_GET product 1040779; 2026-09-17..2026-09-19; 10.99 EUR; 0,7-L-Flasche",verified,15.99,213
2026-09-13 21:08 Europe/Berlin,ALDI Nord,"ALDI Nord Aspeystraße 75, 44369 Dortmund (전단 기준, 지점별 가격 미확인)",44369,주류,14.09.2026-19.09.2026,Jahrgangssekt,"3.99*UVP 6.49 0,75-L-Flasche Liter = 5.32",3.99,,-38 %,6.49,https://www.aldi-nord.de/angebote.html,44369,Dortmund,판매 단위 확인,공식 원문 재검증 대기,"원본 수집 행 보존. 재검증 대기, 자동 가격 제외.",held,,214
2026-09-13 21:08 Europe/Berlin,ALDI Nord,"ALDI Nord Aspeystraße 75, 44369 Dortmund (전단 기준, 지점별 가격 미확인)",44369,식품,14.09.2026-19.09.2026,Joghurt mit der Ecke,0.33**0.89 Becher kg = 2.92 / 2.36 / 2.20,0.33,,-62 %,0.89,https://www.aldi-nord.de/angebote.html,44369,Dortmund,판매 단위 확인,공식 원문 재검증 대기,"원본 수집 행 보존. 재검증 대기, 자동 가격 제외.",held,,215
2026-09-13 21:08 Europe/Berlin,ALDI Nord,"ALDI Nord Aspeystraße 75, 44369 Dortmund (전단 기준, 지점별 가격 미확인)",44369,식품,14.09.2026-19.09.2026,Joghurt XXL,"1-kg-Becher | Verschiedene Sorten | Sorten:   * Fettarmer Joghurt, 1,5 %  * Fett Joghurt, 3,5 % Fett | Naturjoghurt (공식 상품의 두 지방함량 변형 확인)",1.39,,,1.39,https://www.aldi-nord.de/angebote.html,44369,Dortmund,1-kg-Becher,,ALDI 공식 OFFER_GET product 10353290001; 2026-09-14..2026-09-19; 1.39 EUR; 1-kg-Becher,verified,,216
2026-09-13 21:08 Europe/Berlin,ALDI Nord,"ALDI Nord Aspeystraße 75, 44369 Dortmund (전단 기준, 지점별 가격 미확인)",44369,식품,17.09.2026-19.09.2026,Junge Erbsen mit Möhrchen,350-g-Glas | 100 % natürliche Zutaten,1.19,,-45 %,2.19,https://www.aldi-nord.de/angebote.html,44369,Dortmund,350-g-Glas,,ALDI 공식 OFFER_GET product 1037600; 2026-09-17..2026-09-19; 1.19 EUR; 350-g-Glas,verified,2.19,217
2026-09-13 21:08 Europe/Berlin,ALDI Nord,"ALDI Nord Aspeystraße 75, 44369 Dortmund (전단 기준, 지점별 가격 미확인)",44369,식품,17.09.2026-19.09.2026,Kalinka Kefir / Ayran,"500-ml-Flasche | Verschiedene Sorten | Sorten:   * Kalinka-Kefir, mild  * Ayran, aus Joghurt, Wasser und Salz",0.79,,-38 %,1.29,https://www.aldi-nord.de/angebote.html,44369,Dortmund,500-ml-Flasche,,ALDI 공식 OFFER_GET product 10304950003; 2026-09-17..2026-09-19; 0.79 EUR; 500-ml-Flasche,verified,1.29,218
2026-09-13 21:08 Europe/Berlin,ALDI Nord,"ALDI Nord Aspeystraße 75, 44369 Dortmund (전단 기준, 지점별 가격 미확인)",44369,식품,14.09.2026-19.09.2026,Kartoffelchips,125-g-Beutel | Verschiedene Sorten | Sorten:   * Tomate  * Meersalz,1.79,,,14.32,https://www.aldi-nord.de/angebote.html,44369,Dortmund,125-g-Beutel,,ALDI 공식 OFFER_GET product 1035053; 2026-09-14..2026-09-19; 1.79 EUR; 125-g-Beutel,verified,,219
2026-09-13 21:08 Europe/Berlin,ALDI Nord,"ALDI Nord Aspeystraße 75, 44369 Dortmund (전단 기준, 지점별 가격 미확인)",44369,식품,14.09.2026-19.09.2026,Kartoffelspezialität,400-g-Packung | Kartoffel-Gratin oder -Rösti,1.29,,,3.23,https://www.aldi-nord.de/angebote.html,44369,Dortmund,400-g-Packung,,ALDI 공식 OFFER_GET product 1042923; 2026-09-14..2026-09-19; 1.29 EUR; 400-g-Packung,verified,,220
2026-09-13 21:08 Europe/Berlin,ALDI Nord,"ALDI Nord Aspeystraße 75, 44369 Dortmund (전단 기준, 지점별 가격 미확인)",44369,식품,17.09.2026-19.09.2026,Käse-Schinken-Croissant,Stück | Plunderhörnchen mit Schinken und Käse     Frisch gebacken,0.69,,,,https://www.aldi-nord.de/angebote.html,44369,Dortmund,Stück,,ALDI 공식 OFFER_GET product 8602; 2026-09-17..2026-09-19; 0.69 EUR; Stück,verified,,221
2026-09-13 21:08 Europe/Berlin,ALDI Nord,"ALDI Nord Aspeystraße 75, 44369 Dortmund (전단 기준, 지점별 가격 미확인)",44369,식품,17.09.2026-19.09.2026,Käsescheiben,1.49**2.69 130-g-Packung kg = 11.46,1.49,,-44 %,2.69,https://www.aldi-nord.de/angebote.html,44369,Dortmund,판매 단위 확인,공식 원문 재검증 대기,"원본 수집 행 보존. 재검증 대기, 자동 가격 제외.",held,,222
2026-09-13 21:08 Europe/Berlin,ALDI Nord,"ALDI Nord Aspeystraße 75, 44369 Dortmund (전단 기준, 지점별 가격 미확인)",44369,식품,17.09.2026-19.09.2026,Kinder Überraschungsei,4x20-g-Packung | Vollmilchschokoladen Hohlkörper mit Milchcreme     Im Aufsteller,3.99,,,49.88,https://www.aldi-nord.de/angebote.html,44369,Dortmund,4x20-g-Packung,,ALDI 공식 OFFER_GET product 1033984; 2026-09-17..2026-09-19; 3.99 EUR; 4x20-g-Packung,verified,,223
2026-09-13 21:08 Europe/Berlin,ALDI Nord,"ALDI Nord Aspeystraße 75, 44369 Dortmund (전단 기준, 지점별 가격 미확인)",44369,식품,14.09.2026-19.09.2026,Knoblauch,250-g-Körbchen | Klasse 1; China,1.49,,-37 %,2.39,https://www.aldi-nord.de/angebote.html,44369,Dortmund,250-g-Körbchen,,ALDI 공식 OFFER_GET product 1039298; 2026-09-14..2026-09-19; 1.49 EUR; 250-g-Körbchen,verified,2.39,224
2026-09-13 21:08 Europe/Berlin,ALDI Nord,"ALDI Nord Aspeystraße 75, 44369 Dortmund (전단 기준, 지점별 가격 미확인)",44369,식품,14.09.2026-19.09.2026,Knusperecken,80-g-Packung | Verschiedene Sorten; vegan | Sorten:   * Mais & Hülsenfrüchte  * Rote Linse & Schwarzer Reis,1.29,,,16.13,https://www.aldi-nord.de/angebote.html,44369,Dortmund,80-g-Packung,,ALDI 공식 OFFER_GET product 1036261; 2026-09-14..2026-09-19; 1.29 EUR; 80-g-Packung,verified,,225
2026-09-13 21:08 Europe/Berlin,ALDI Nord,"ALDI Nord Aspeystraße 75, 44369 Dortmund (전단 기준, 지점별 가격 미확인)",44369,식품,14.09.2026-19.09.2026,Kondensmilch XXL,500-g-Packung | 4 % Fett,0.79,,,1.58,https://www.aldi-nord.de/angebote.html,44369,Dortmund,500-g-Packung,,ALDI 공식 OFFER_GET product 1030540; 2026-09-14..2026-09-19; 0.79 EUR; 500-g-Packung,verified,,226
2026-09-13 21:08 Europe/Berlin,ALDI Nord,"ALDI Nord Aspeystraße 75, 44369 Dortmund (전단 기준, 지점별 가격 미확인)",44369,식품,17.09.2026-19.09.2026,Konfitüre / Gelee,370-g-Glas | Verschiedene Sorten | Sorten:   * Erdbeer-Konfitüre  * Kirsch-Konfitüre  * Aprikosen-Konfitüre  * Feigen-Konfitüre  * Schwarzes Johannisbeer-Gelee,1.99,,-44 %,3.59,https://www.aldi-nord.de/angebote.html,44369,Dortmund,370-g-Glas,,ALDI 공식 OFFER_GET product 1026533; 2026-09-17..2026-09-19; 1.99 EUR; 370-g-Glas,verified,3.59,227
2026-09-13 21:08 Europe/Berlin,ALDI Nord,"ALDI Nord Aspeystraße 75, 44369 Dortmund (전단 기준, 지점별 가격 미확인)",44369,식품,14.09.2026-19.09.2026,Körniger Frischkäse,200-g-Becher | Halbfettstufe,1.19,,,5.95,https://www.aldi-nord.de/angebote.html,44369,Dortmund,200-g-Becher,,ALDI 공식 OFFER_GET product 1012174; 2026-09-14..2026-09-19; 1.19 EUR; 200-g-Becher,verified,,228
2026-09-13 21:08 Europe/Berlin,ALDI Nord,"ALDI Nord Aspeystraße 75, 44369 Dortmund (전단 기준, 지점별 가격 미확인)",44369,식품,14.09.2026-19.09.2026,Köttbullar,500-g-Beutel | Original schwedisch; mit Rind- und Schweinefleisch,3.99,,,7.98,https://www.aldi-nord.de/angebote.html,44369,Dortmund,500-g-Beutel,,ALDI 공식 OFFER_GET product 3221; 2026-09-14..2026-09-19; 3.99 EUR; 500-g-Beutel,verified,,229
2026-09-13 21:08 Europe/Berlin,ALDI Nord,"ALDI Nord Aspeystraße 75, 44369 Dortmund (전단 기준, 지점별 가격 미확인)",44369,식품,17.09.2026-19.09.2026,Kräuterbitter,"0,7-L-Flasche | Würzig, mild, leichter Geschmack nach Lakritz; 38 % Vol.; hergestellt in Tschechien | * Becherovka ist ein Kräuterbitter, der ausschließlich im tschechischen Karlsbad aus Ölen und Kräutern hergestellt wird Nach der 2-monatigen Reifezeit in Eichenfässern entsteht der gelblich-grüne Likör, der gerne pur oder in verschiedenen Longdrinks genossen wird",9.99,,-28 %,13.99,https://www.aldi-nord.de/angebote.html,44369,Dortmund,"0,7-L-Flasche",,"ALDI 공식 OFFER_GET product 1002735; 2026-09-17..2026-09-19; 9.99 EUR; 0,7-L-Flasche",verified,13.99,230
2026-09-13 21:08 Europe/Berlin,ALDI Nord,"ALDI Nord Aspeystraße 75, 44369 Dortmund (전단 기준, 지점별 가격 미확인)",44369,식품,14.09.2026-19.09.2026,Kürbiskerne,200-g-Beutel | Geröstet und gesalzen,1.79,,,8.95,https://www.aldi-nord.de/angebote.html,44369,Dortmund,200-g-Beutel,,ALDI 공식 OFFER_GET product 1001374; 2026-09-14..2026-09-19; 1.79 EUR; 200-g-Beutel,verified,,231
2026-09-13 21:08 Europe/Berlin,ALDI Nord,"ALDI Nord Aspeystraße 75, 44369 Dortmund (전단 기준, 지점별 가격 미확인)",44369,식품,14.09.2026-19.09.2026,Lachsfiletportionen XXL,2x200-g-Packung | Frisch; mit Haut; zum Braten oder für den Grill,9.99,,,24.98,https://www.aldi-nord.de/angebote.html,44369,Dortmund,2x200-g-Packung,,ALDI 공식 OFFER_GET product 1032204; 2026-09-14..2026-09-19; 9.99 EUR; 2x200-g-Packung,verified,,232
2026-09-13 21:08 Europe/Berlin,ALDI Nord,"ALDI Nord Aspeystraße 75, 44369 Dortmund (전단 기준, 지점별 가격 미확인)",44369,식품,14.09.2026-19.09.2026,Lachsfilets,200-g-Packung | Mit Haut; praktisch grätenfrei; naturbelassen,4.99,,,24.95,https://www.aldi-nord.de/angebote.html,44369,Dortmund,200-g-Packung,냉동 연어: 해동과 조리상태 별도 검토,ALDI 공식 OFFER_GET product 1032566; 2026-09-14..2026-09-19; 4.99 EUR; 200-g-Packung,held-form,,233
2026-09-13 21:08 Europe/Berlin,ALDI Nord,"ALDI Nord Aspeystraße 75, 44369 Dortmund (전단 기준, 지점별 가격 미확인)",44369,식품,17.09.2026-19.09.2026,Lammfilets XXL,z. B. 500 g | Aus Neuseeland; in Kräutermarinade; zum Braten oder für den Grill; verschiedene Gewichte,13.99,,,27.98,https://www.aldi-nord.de/angebote.html,44369,Dortmund,z. B. 500 g,,ALDI 공식 OFFER_GET product 4499; 2026-09-17..2026-09-19; 13.99 EUR; z. B. 500 g,verified,,234
2026-09-13 21:08 Europe/Berlin,ALDI Nord,"ALDI Nord Aspeystraße 75, 44369 Dortmund (전단 기준, 지점별 가격 미확인)",44369,식품,14.09.2026-19.09.2026,Ländertee,"Packung | Verschiedene Sorten und Gewichte; 20 Teebeutel     Im Aufsteller | Sorten:   * Marokkanische Minze, 36 g  * Mediterrane Blutorange, 41 g  * Karibische Mango, 45 g  * Schwedische Blaubeere, 45 g  * Griechische Aprikose, 45 g  * Italienische Süßkirsche, 45 g  * Mediterraner Pfirsich, 50 g  * Italienische Limone, 50 g  * Spanische Orange, 50 g  * Türkischer Apfel, 55 g",1.49,,-40 %,2.49,https://www.aldi-nord.de/angebote.html,44369,Dortmund,Packung,,ALDI 공식 OFFER_GET product 10136930001; 2026-09-14..2026-09-19; 1.49 EUR; Packung,verified,2.49,235
2026-09-13 21:08 Europe/Berlin,ALDI Nord,"ALDI Nord Aspeystraße 75, 44369 Dortmund (전단 기준, 지점별 가격 미확인)",44369,식품,14.09.2026-19.09.2026,Lauchzwiebeln,Bund | Deutschland,0.49,,,,https://www.aldi-nord.de/angebote.html,44369,Dortmund,Bund,,ALDI 공식 OFFER_GET product 6109; 2026-09-14..2026-09-19; 0.49 EUR; Bund,verified,,236
2026-09-13 21:08 Europe/Berlin,ALDI Nord,"ALDI Nord Aspeystraße 75, 44369 Dortmund (전단 기준, 지점별 가격 미확인)",44369,음료,17.09.2026-19.09.2026,Limo,"0,75-L-Flasche | Verschiedene Sorten | Sorten:   * Limo Orange  * Leichte Limo Orange-Passionsfrucht (1)  * Limo Zitrone  (1) 40 % weniger Zucker als handelsübliche Marken-Limonade",0.99,,,075,https://www.aldi-nord.de/angebote.html,44369,Dortmund,"0,75-L-Flasche",,"ALDI 공식 OFFER_GET product 451; 2026-09-17..2026-09-19; 0.99 EUR; 0,75-L-Flasche",verified,,237
2026-09-13 21:08 Europe/Berlin,ALDI Nord,"ALDI Nord Aspeystraße 75, 44369 Dortmund (전단 기준, 지점별 가격 미확인)",44369,식품,14.09.2026-19.09.2026,m&m’s,"Beutel | Verschiedene Sorten und Gewichte     Im Aufsteller | Sorten:   * Cripsy, 128 g  * Peanut, 150 g  * Chocolate, 150 g",1.69,,-43 %,2.99,https://www.aldi-nord.de/angebote.html,44369,Dortmund,Beutel,,ALDI 공식 OFFER_GET product 10379850002; 2026-09-14..2026-09-19; 1.69 EUR; Beutel,verified,2.99,238
2026-09-13 21:08 Europe/Berlin,ALDI Nord,"ALDI Nord Aspeystraße 75, 44369 Dortmund (전단 기준, 지점별 가격 미확인)",44369,식품,14.09.2026-19.09.2026,Mandarinen,kg-Preis | Lose Ware; Sorten: Nadorcott/Tango; Klasse 1; Republik Südafrika,1.89,,,1.89,https://www.aldi-nord.de/angebote.html,44369,Dortmund,kg-Preis,,ALDI 공식 OFFER_GET product 1018281; 2026-09-14..2026-09-19; 1.89 EUR; kg-Preis,verified,,239
2026-09-13 21:08 Europe/Berlin,ALDI Nord,"ALDI Nord Aspeystraße 75, 44369 Dortmund (전단 기준, 지점별 가격 미확인)",44369,식품,14.09.2026-19.09.2026,Mandel- / Cashewmus,250-g-Glas | Verschiedene Sorten; 100 % Nuss | Sorten:   * Cashewmus fein  * Mandelmus braun  * Mandelmus weiß,4.25,,,17.00,https://www.aldi-nord.de/angebote.html,44369,Dortmund,250-g-Glas,,ALDI 공식 OFFER_GET product 1037285; 2026-09-14..2026-09-19; 4.25 EUR; 250-g-Glas,verified,,240
2026-09-13 21:08 Europe/Berlin,ALDI Nord,"ALDI Nord Aspeystraße 75, 44369 Dortmund (전단 기준, 지점별 가격 미확인)",44369,식품,14.09.2026-19.09.2026,Matjes XXL,Packung | Verschiedene Sorten und Gewichte | Sorten:   * Mit milder Rauchnote  * Mit Sauce Sylter-Art,3.79,,,13.54,https://www.aldi-nord.de/angebote.html,44369,Dortmund,Packung,,ALDI 공식 OFFER_GET product 1042951; 2026-09-14..2026-09-19; 3.79 EUR; Packung,verified,,241
2026-09-13 21:08 Europe/Berlin,ALDI Nord,"ALDI Nord Aspeystraße 75, 44369 Dortmund (전단 기준, 지점별 가격 미확인)",44369,식품,14.09.2026-19.09.2026,Medium Roast,1-kg-Packung | Ganze Bohne,9.99,,,9.99,https://www.aldi-nord.de/angebote.html,44369,Dortmund,1-kg-Packung,,ALDI 공식 OFFER_GET product 1035607; 2026-09-14..2026-09-19; 9.99 EUR; 1-kg-Packung,verified,,242
2026-09-13 21:08 Europe/Berlin,ALDI Nord,"ALDI Nord Aspeystraße 75, 44369 Dortmund (전단 기준, 지점별 가격 미확인)",44369,식품,14.09.2026-19.09.2026,Mehrkornbrötchen,300-g-Beutel | Fertig gebacken; 6 Stück,1.49,,-34 %,2.29,https://www.aldi-nord.de/angebote.html,44369,Dortmund,300-g-Beutel,,ALDI 공식 OFFER_GET product 1020066; 2026-09-14..2026-09-19; 1.49 EUR; 300-g-Beutel,verified,2.29,243
2026-09-13 21:08 Europe/Berlin,ALDI Nord,"ALDI Nord Aspeystraße 75, 44369 Dortmund (전단 기준, 지점별 가격 미확인)",44369,식품,14.09.2026-19.09.2026,merci lovelies,"185-g-Packung | Pralinenkugeln mit Füllung, verschiedene Sorten | Sorten:   * Classic  * White  * Creamy",2.79,,-20 %,3.49,https://www.aldi-nord.de/angebote.html,44369,Dortmund,185-g-Packung,,ALDI 공식 OFFER_GET product 10208230001; 2026-09-14..2026-09-19; 2.79 EUR; 185-g-Packung,verified,3.49,244
2026-09-13 21:08 Europe/Berlin,ALDI Nord,"ALDI Nord Aspeystraße 75, 44369 Dortmund (전단 기준, 지점별 가격 미확인)",44369,식품,17.09.2026-19.09.2026,Metzgersalat,200-g-Packung | Verschiedene Sorten | Sorten:   * Fleischsalat klassisch  * Fleischsalat Kräuter  * Budapester Salat,1.79,,,8.95,https://www.aldi-nord.de/angebote.html,44369,Dortmund,200-g-Packung,,ALDI 공식 OFFER_GET product 1032206; 2026-09-17..2026-09-19; 1.79 EUR; 200-g-Packung,verified,,245
2026-09-13 21:08 Europe/Berlin,ALDI Nord,"ALDI Nord Aspeystraße 75, 44369 Dortmund (전단 기준, 지점별 가격 미확인)",44369,식품,14.09.2026-19.09.2026,Milch-Schnitte,Milchcreme zwischen 2 lockeren Schnitten,1.99,,-16 %,2.39,https://www.aldi-nord.de/angebote.html,44369,Dortmund,판매 단위 확인,,ALDI 공식 OFFER_GET product 1013076; 2026-09-14..2026-09-19; 1.99 EUR; 판매 단위 확인,verified,2.39,246
2026-09-13 21:08 Europe/Berlin,ALDI Nord,"ALDI Nord Aspeystraße 75, 44369 Dortmund (전단 기준, 지점별 가격 미확인)",44369,식품,17.09.2026-19.09.2026,Milchmäuse-SchoKeksis,300-g-Packung | Schokoladenkekse mit Milchcremefüllung     Fairtrade-Kakao kann als Mengenausgleich mit nicht zertifiziertem Kakao vermischt werden. Mehr auf: fairtrade-deutschland.de/siegel [https://www.fairtrade.net/de-de/Was-ist-Fairtrade/der-fairtrade-ansatz/Fairtrade-Siegel.html],2.99,,,9.97,https://www.aldi-nord.de/angebote.html,44369,Dortmund,300-g-Packung,,ALDI 공식 OFFER_GET product 1032619; 2026-09-17..2026-09-19; 2.99 EUR; 300-g-Packung,verified,,247
2026-09-13 21:08 Europe/Berlin,ALDI Nord,"ALDI Nord Aspeystraße 75, 44369 Dortmund (전단 기준, 지점별 가격 미확인)",44369,식품,14.09.2026-19.09.2026,Mini-Kuchen,"Packung | Verschiedene Sorten und Gewichte; je 4 Stück | Sorten:   * Zitronenkuchen, 140 g  * Bananenkuchen, 140 g  * Marmorkuchen, 172 g",1.49,,,10.64,https://www.aldi-nord.de/angebote.html,44369,Dortmund,Packung,,ALDI 공식 OFFER_GET product 1037994; 2026-09-14..2026-09-19; 1.49 EUR; Packung,verified,,248
2026-09-13 21:08 Europe/Berlin,ALDI Nord,"ALDI Nord Aspeystraße 75, 44369 Dortmund (전단 기준, 지점별 가격 미확인)",44369,식품,17.09.2026-19.09.2026,Minutensteaks XXL,1-kg-Packung | Frisch; aus dem Schweinerücken; zum Braten oder für den Grill,5.99,,,5.99,https://www.aldi-nord.de/angebote.html,44369,Dortmund,1-kg-Packung,,ALDI 공식 OFFER_GET product 1036093; 2026-09-17..2026-09-19; 5.99 EUR; 1-kg-Packung,verified,,249
2026-09-13 21:08 Europe/Berlin,ALDI Nord,"ALDI Nord Aspeystraße 75, 44369 Dortmund (전단 기준, 지점별 가격 미확인)",44369,식품,17.09.2026-19.09.2026,Mit Skyr,1.99**3.49 150-g-Packung kg = 13.27,1.99,,-42 %,3.49,https://www.aldi-nord.de/angebote.html,44369,Dortmund,판매 단위 확인,공식 원문 재검증 대기,"원본 수집 행 보존. 재검증 대기, 자동 가격 제외.",held,,250
2026-09-13 21:08 Europe/Berlin,ALDI Nord,"ALDI Nord Aspeystraße 75, 44369 Dortmund (전단 기준, 지점별 가격 미확인)",44369,식품,17.09.2026-19.09.2026,Mixed Minis,400-g-Packung | Packung enthält verschiedene Sorten | * Packung enthält die Sorten: Bounty Snickers Milky Way Twix Mars,3.69,,-47 %,6.99,https://www.aldi-nord.de/angebote.html,44369,Dortmund,400-g-Packung,,ALDI 공식 OFFER_GET product 4677; 2026-09-17..2026-09-19; 3.69 EUR; 400-g-Packung,verified,6.99,251
2026-09-13 21:08 Europe/Berlin,ALDI Nord,"ALDI Nord Aspeystraße 75, 44369 Dortmund (전단 기준, 지점별 가격 미확인)",44369,식품,17.09.2026-19.09.2026,Mohnschnecke,Stück | Hefegebäck mit Mohnfüllung,0.89,,,,https://www.aldi-nord.de/angebote.html,44369,Dortmund,Stück,,ALDI 공식 OFFER_GET product 4535; 2026-09-17..2026-09-19; 0.89 EUR; Stück,verified,,252
2026-09-13 21:08 Europe/Berlin,ALDI Nord,"ALDI Nord Aspeystraße 75, 44369 Dortmund (전단 기준, 지점별 가격 미확인)",44369,식품,17.09.2026-19.09.2026,Nackensteaks XXL,1-kg-Packung | Vom Schwein; mariniert; zum Braten oder für den Grill; verschiedene Sorten | Sorten:   * ﻿﻿Paprika  * Kräuter,5.99,,,5.99,https://www.aldi-nord.de/angebote.html,44369,Dortmund,1-kg-Packung,,ALDI 공식 OFFER_GET product 1022580; 2026-09-17..2026-09-19; 5.99 EUR; 1-kg-Packung,verified,,253
2026-09-13 21:08 Europe/Berlin,ALDI Nord,"ALDI Nord Aspeystraße 75, 44369 Dortmund (전단 기준, 지점별 가격 미확인)",44369,식품,17.09.2026-19.09.2026,Near Water,"0,75-L-Flasche | Stilles Mineralwasser mit Geschmack; verschiedene Sorten      Im Aufsteller | Sorten:   * Erdbeere  * Kirsche  * Himbeere  * Pfirsich",0.59,,-33 %,0.89,https://www.aldi-nord.de/angebote.html,44369,Dortmund,"0,75-L-Flasche",,"ALDI 공식 OFFER_GET product 1004838; 2026-09-17..2026-09-19; 0.59 EUR; 0,75-L-Flasche",verified,0.89,254
2026-09-13 21:08 Europe/Berlin,ALDI Nord,"ALDI Nord Aspeystraße 75, 44369 Dortmund (전단 기준, 지점별 가격 미확인)",44369,식품,17.09.2026-19.09.2026,Nektarinen,"1-kg-Schale | Klasse 1; Italien, Spanien",1.69,,,1.69,https://www.aldi-nord.de/angebote.html,44369,Dortmund,1-kg-Schale,,ALDI 공식 OFFER_GET product 62280000002; 2026-09-17..2026-09-19; 1.69 EUR; 1-kg-Schale,verified,,255
2026-09-13 21:08 Europe/Berlin,ALDI Nord,"ALDI Nord Aspeystraße 75, 44369 Dortmund (전단 기준, 지점별 가격 미확인)",44369,음료,17.09.2026-19.09.2026,Not M*lk Drink,1.79*UVP 2.89 1-L-Packung Liter = 1.79,1.79,,-38 %,2.89,https://www.aldi-nord.de/angebote.html,44369,Dortmund,판매 단위 확인,공식 원문 재검증 대기,"원본 수집 행 보존. 재검증 대기, 자동 가격 제외.",held,,256
2026-09-13 21:08 Europe/Berlin,ALDI Nord,"ALDI Nord Aspeystraße 75, 44369 Dortmund (전단 기준, 지점별 가격 미확인)",44369,식품,17.09.2026-19.09.2026,Nuss-Mix,125-g-Beutel | Mediterrane Mischung; geröstet; mit Tomaten und Oliven,1.99,,,15.92,https://www.aldi-nord.de/angebote.html,44369,Dortmund,125-g-Beutel,,ALDI 공식 OFFER_GET product 1033731; 2026-09-17..2026-09-19; 1.99 EUR; 125-g-Beutel,verified,,257
2026-09-13 21:08 Europe/Berlin,ALDI Nord,"ALDI Nord Aspeystraße 75, 44369 Dortmund (전단 기준, 지점별 가격 미확인)",44369,식품,14.09.2026-19.09.2026,Oliven,314-ml-Glas | Verschiedene Sorten; entsteint | Sorten:   * Grün  * Kalamon,1.99,,,12.06,https://www.aldi-nord.de/angebote.html,44369,Dortmund,314-ml-Glas,,ALDI 공식 OFFER_GET product 1007535; 2026-09-14..2026-09-19; 1.99 EUR; 314-ml-Glas,verified,,258
2026-09-13 21:08 Europe/Berlin,ALDI Nord,"ALDI Nord Aspeystraße 75, 44369 Dortmund (전단 기준, 지점별 가격 미확인)",44369,식품,14.09.2026-19.09.2026,Orangen,"1,5-kg-Netz | Klasse 1; Republik Südafrika, Simbabwe",2.22,,,1.48,https://www.aldi-nord.de/angebote.html,44369,Dortmund,"1,5-kg-Netz",,"ALDI 공식 OFFER_GET product 6145; 2026-09-14..2026-09-19; 2.22 EUR; 1,5-kg-Netz",verified,,259
2026-09-13 21:08 Europe/Berlin,ALDI Nord,"ALDI Nord Aspeystraße 75, 44369 Dortmund (전단 기준, 지점별 가격 미확인)",44369,식품,14.09.2026-19.09.2026,Original / Zero Zucker,"1,25-L-Flasche | Koffeinhaltig; z. T. ohne Zucker; verschiedene Sorten     Im Aufsteller | Sorten:   * Original  * Zero Zucker",0.69,,-53 %,1.49,https://www.aldi-nord.de/angebote.html,44369,Dortmund,"1,25-L-Flasche",,"ALDI 공식 OFFER_GET product 10330310003; 2026-09-14..2026-09-19; 0.69 EUR; 1,25-L-Flasche",verified,1.49,260
2026-09-13 21:08 Europe/Berlin,ALDI Nord,"ALDI Nord Aspeystraße 75, 44369 Dortmund (전단 기준, 지점별 가격 미확인)",44369,식품,14.09.2026-19.09.2026,Paprika rot,500-g-Packung | Klasse 1; Niederlande,1.19,,-14 %,1.39,https://www.aldi-nord.de/angebote.html,44369,Dortmund,500-g-Packung,,ALDI 공식 OFFER_GET product 3911; 2026-09-14..2026-09-19; 1.19 EUR; 500-g-Packung,verified,1.39,261
2026-09-13 21:08 Europe/Berlin,ALDI Nord,"ALDI Nord Aspeystraße 75, 44369 Dortmund (전단 기준, 지점별 가격 미확인)",44369,식품,14.09.2026-19.09.2026,Paradiescreme,"Packung | Verschiedene Sorten und Gewichte | Sorten:   * Vanille-Geschmack, 60 g  * Stracciatella, 66 g  * Schokolade, 74 g",0.79,,-38 %,1.29,https://www.aldi-nord.de/angebote.html,44369,Dortmund,Packung,,ALDI 공식 OFFER_GET product 83080000002; 2026-09-14..2026-09-19; 0.79 EUR; Packung,verified,1.29,262
2026-09-13 21:08 Europe/Berlin,ALDI Nord,"ALDI Nord Aspeystraße 75, 44369 Dortmund (전단 기준, 지점별 가격 미확인)",44369,식품,14.09.2026-19.09.2026,Passata,700-g-Flasche | Aus italienischen Tomaten,1.05,,,1.50,https://www.aldi-nord.de/angebote.html,44369,Dortmund,700-g-Flasche,,ALDI 공식 OFFER_GET product 1040380; 2026-09-14..2026-09-19; 1.05 EUR; 700-g-Flasche,verified,,263
2026-09-13 21:08 Europe/Berlin,ALDI Nord,"ALDI Nord Aspeystraße 75, 44369 Dortmund (전단 기준, 지점별 가격 미확인)",44369,식품,14.09.2026-19.09.2026,Peanut-Pretzel-Sticks,150-g-Beutel | Salzstangen; mit Erdnussbutter gefüllt,0.99,,,6.60,https://www.aldi-nord.de/angebote.html,44369,Dortmund,150-g-Beutel,,ALDI 공식 OFFER_GET product 1042310; 2026-09-14..2026-09-19; 0.99 EUR; 150-g-Beutel,verified,,264
2026-09-13 21:08 Europe/Berlin,ALDI Nord,"ALDI Nord Aspeystraße 75, 44369 Dortmund (전단 기준, 지점별 가격 미확인)",44369,식품,14.09.2026-19.09.2026,Piccolinis Drei Käse,270-g-Packung | 9 Stück,1.66,,-55 %,3.69,https://www.aldi-nord.de/angebote.html,44369,Dortmund,270-g-Packung,,ALDI 공식 OFFER_GET product 1024; 2026-09-14..2026-09-19; 1.66 EUR; 270-g-Packung,verified,3.69,265
2026-09-13 21:08 Europe/Berlin,ALDI Nord,"ALDI Nord Aspeystraße 75, 44369 Dortmund (전단 기준, 지점별 가격 미확인)",44369,식품,14.09.2026-19.09.2026,Piccolinis Prosciutto,270-g-Packung | 9 Stück,1.66,,-55 %,3.69,https://www.aldi-nord.de/angebote.html,44369,Dortmund,270-g-Packung,,ALDI 공식 OFFER_GET product 1038062; 2026-09-14..2026-09-19; 1.66 EUR; 270-g-Packung,verified,3.69,266
2026-09-13 21:08 Europe/Berlin,ALDI Nord,"ALDI Nord Aspeystraße 75, 44369 Dortmund (전단 기준, 지점별 가격 미확인)",44369,식품,14.09.2026-19.09.2026,Piccolinis Salami,270-g-Packung | Knusprig & kross; 9 Stück,1.66,,-55 %,3.69,https://www.aldi-nord.de/angebote.html,44369,Dortmund,270-g-Packung,,ALDI 공식 OFFER_GET product 12850000002; 2026-09-14..2026-09-19; 1.66 EUR; 270-g-Packung,verified,3.69,267
2026-09-13 21:08 Europe/Berlin,ALDI Nord,"ALDI Nord Aspeystraße 75, 44369 Dortmund (전단 기준, 지점별 가격 미확인)",44369,식품,14.09.2026-19.09.2026,Piccolinis Tomate-Mozzarella,270-g-Packung | 9 Stück,1.66,,-55 %,3.69,https://www.aldi-nord.de/angebote.html,44369,Dortmund,270-g-Packung,,ALDI 공식 OFFER_GET product 1038063; 2026-09-14..2026-09-19; 1.66 EUR; 270-g-Packung,verified,3.69,268
2026-09-13 21:08 Europe/Berlin,ALDI Nord,"ALDI Nord Aspeystraße 75, 44369 Dortmund (전단 기준, 지점별 가격 미확인)",44369,주류,17.09.2026-19.09.2026,Pilsener,"4x0,5-L-Dose | Aus weichem Brauwasser, Hallertauer Hopfen und Sommergerstenmalz",2.79,,,1.40,https://www.aldi-nord.de/angebote.html,44369,Dortmund,"4x0,5-L-Dose",,"ALDI 공식 OFFER_GET product 1041419; 2026-09-17..2026-09-19; 2.79 EUR; 4x0,5-L-Dose",verified,,269
2026-09-13 21:08 Europe/Berlin,ALDI Nord,"ALDI Nord Aspeystraße 75, 44369 Dortmund (전단 기준, 지점별 가격 미확인)",44369,주류,17.09.2026-19.09.2026,Pilsener alkoholfrei,"4x0,5-L-Dose | 0,0 %",2.79,,,1.40,https://www.aldi-nord.de/angebote.html,44369,Dortmund,"4x0,5-L-Dose",,"ALDI 공식 OFFER_GET product 1041420; 2026-09-17..2026-09-19; 2.79 EUR; 4x0,5-L-Dose",verified,,270
2026-09-13 21:08 Europe/Berlin,ALDI Nord,"ALDI Nord Aspeystraße 75, 44369 Dortmund (전단 기준, 지점별 가격 미확인)",44369,식품,17.09.2026-19.09.2026,Pilze,"Schale | Deutschland, Niederlande, Polen; verschiedene Sorten und Gewichte | Sorten, z. B.:   * Kräuterseitlinge, 150 g  * Shiitake, 150 g  * Austernpilze, 200 g",2.22,,,14.80,https://www.aldi-nord.de/angebote.html,44369,Dortmund,150/200 g Schale · 품종별 중량 확인,,ALDI 공식 OFFER_GET product 1025645; 2026-09-17..2026-09-19; 2.22 EUR; 150/200 g Schale · 품종별 중량 확인,verified,,271
2026-09-13 21:08 Europe/Berlin,ALDI Nord,"ALDI Nord Aspeystraße 75, 44369 Dortmund (전단 기준, 지점별 가격 미확인)",44369,식품,14.09.2026-19.09.2026,Pizza-Donut Cheeseburger-Style,"Stück | Mit Nacho-Cheese-Füllung; Topping aus Rinderhack, Tomaten, Zwiebeln und Käse     Frisch gebacken",0.99,,,,https://www.aldi-nord.de/angebote.html,44369,Dortmund,Stück,,ALDI 공식 OFFER_GET product 1044173; 2026-09-14..2026-09-19; 0.99 EUR; Stück,verified,,272
2026-09-13 21:08 Europe/Berlin,ALDI Nord,"ALDI Nord Aspeystraße 75, 44369 Dortmund (전단 기준, 지점별 가격 미확인)",44369,식품,14.09.2026-19.09.2026,Primitivo Salento IGT,"0,75-L-Flasche | Halbtrockener italienischer Rotwein | * Herkunftsland: Italien  * Region: Salento  * Qualitätsstufe: IGT  * Rebsorte: Primitivo  * Geschmacksrichtung: halbtrocken  * Speisenempfehlung: ideal zu Käse, Rind, Raclette & Fondue oder Pasta & Reis  * Empfohlene Trinktemperatur: ca. 16–18 °C",4.49,,,075,https://www.aldi-nord.de/angebote.html,44369,Dortmund,"0,75-L-Flasche",,"ALDI 공식 OFFER_GET product 1003157; 2026-09-14..2026-09-19; 4.49 EUR; 0,75-L-Flasche",verified,,273
2026-09-13 21:08 Europe/Berlin,ALDI Nord,"ALDI Nord Aspeystraße 75, 44369 Dortmund (전단 기준, 지점별 가격 미확인)",44369,식품,14.09.2026-19.09.2026,Prinzenrolle,450-g-Packung | Doppelkekse mit Schokoladencremefüllung,1.59,,-38 %,2.59,https://www.aldi-nord.de/angebote.html,44369,Dortmund,450-g-Packung,,ALDI 공식 OFFER_GET product 10018280002; 2026-09-14..2026-09-19; 1.59 EUR; 450-g-Packung,verified,2.59,274
2026-09-13 21:08 Europe/Berlin,ALDI Nord,"ALDI Nord Aspeystraße 75, 44369 Dortmund (전단 기준, 지점별 가격 미확인)",44369,식품,17.09.2026-19.09.2026,Prodomo,500-g-Packung | Mahlkaffee; 100 % Arabica,6.99,,-33 %,10.49,https://www.aldi-nord.de/angebote.html,44369,Dortmund,500-g-Packung,,ALDI 공식 OFFER_GET product 1013317; 2026-09-17..2026-09-19; 6.99 EUR; 500-g-Packung,verified,10.49,275
2026-09-13 21:08 Europe/Berlin,ALDI Nord,"ALDI Nord Aspeystraße 75, 44369 Dortmund (전단 기준, 지점별 가격 미확인)",44369,식품,14.09.2026-19.09.2026,Pudding,"150-g-Becher | Verschiedene Sorten | Sorten:   * Schweizer Schokolade  * Schweizer Schokolade, mit Schokostückchen  * Bourbon-Vanille  * Bourbon-Vanille, mit Schokostückchen",0.69,,-42 %,1.19,https://www.aldi-nord.de/angebote.html,44369,Dortmund,150-g-Becher,,ALDI 공식 OFFER_GET product 1029471; 2026-09-14..2026-09-19; 0.69 EUR; 150-g-Becher,verified,1.19,276
2026-09-13 21:08 Europe/Berlin,ALDI Nord,"ALDI Nord Aspeystraße 75, 44369 Dortmund (전단 기준, 지점별 가격 미확인)",44369,식품,14.09.2026-19.09.2026,Rahm-Spinat,750-g-Packung | Aus deutscher Ernte; portionierbar,1.79,,-48 %,3.49,https://www.aldi-nord.de/angebote.html,44369,Dortmund,750-g-Packung,,ALDI 공식 OFFER_GET product 92750000002; 2026-09-14..2026-09-19; 1.79 EUR; 750-g-Packung,verified,3.49,277
2026-09-13 21:08 Europe/Berlin,ALDI Nord,"ALDI Nord Aspeystraße 75, 44369 Dortmund (전단 기준, 지점별 가격 미확인)",44369,식품,14.09.2026-19.09.2026,Rindergulasch XXL,800-g-Packung | Küchenfertig; vom Rind; aus der Keule; zum Braten,11.99,,,14.99,https://www.aldi-nord.de/angebote.html,44369,Dortmund,800-g-Packung,,ALDI 공식 OFFER_GET product 1036951; 2026-09-14..2026-09-19; 11.99 EUR; 800-g-Packung,verified,,278
2026-09-13 21:08 Europe/Berlin,ALDI Nord,"ALDI Nord Aspeystraße 75, 44369 Dortmund (전단 기준, 지점별 가격 미확인)",44369,식품,14.09.2026-19.09.2026,Rinderhackfleisch,400-g-Packung | Frisch; nur 5 % Fett; zum Braten,5.49,,-15 %,6.49,https://www.aldi-nord.de/angebote.html,44369,Dortmund,400-g-Packung,,ALDI 공식 OFFER_GET product 10372970001; 2026-09-14..2026-09-19; 5.49 EUR; 400-g-Packung,verified,6.49,279
2026-09-13 21:08 Europe/Berlin,ALDI Nord,"ALDI Nord Aspeystraße 75, 44369 Dortmund (전단 기준, 지점별 가격 미확인)",44369,식품,17.09.2026-19.09.2026,Sahne-Rolle Erdbeer-Sahne,"400-g-Packung | Erdbeer-Sahne mit Erdbeerfüllung, gerollt in Biskuitteig",2.79,,-30 %,3.99,https://www.aldi-nord.de/angebote.html,44369,Dortmund,400-g-Packung,,ALDI 공식 OFFER_GET product 9532; 2026-09-17..2026-09-19; 2.79 EUR; 400-g-Packung,verified,3.99,280
2026-09-13 21:08 Europe/Berlin,ALDI Nord,"ALDI Nord Aspeystraße 75, 44369 Dortmund (전단 기준, 지점별 가격 미확인)",44369,식품,17.09.2026-19.09.2026,Sahne-Rolle Zitronen-Sahne,400-g-Packung | Gerollt in Biskuitteig,2.79,,-30 %,3.99,https://www.aldi-nord.de/angebote.html,44369,Dortmund,400-g-Packung,,ALDI 공식 OFFER_GET product 9549; 2026-09-17..2026-09-19; 2.79 EUR; 400-g-Packung,verified,3.99,281
2026-09-13 21:08 Europe/Berlin,ALDI Nord,"ALDI Nord Aspeystraße 75, 44369 Dortmund (전단 기준, 지점별 가격 미확인)",44369,식품,19.09.2026-19.09.2026,Saltletts,"Packung | Laugengebäck; verschiedene Sorten und Gewichte | Sorten:   * Pausen-Cracker, 100 g  * Crunchy Bites Paprika-Style, 100 g  * Tasty-Rolls-Honey-Mustard-Style, 130 g  * Laugen-Cracker, 150 g",1.49,,-34 %,2.29,https://www.aldi-nord.de/angebote.html,44369,Dortmund,Packung,,ALDI 공식 OFFER_GET product 1008609; 2026-09-19..2026-09-19; 1.49 EUR; Packung,verified,2.29,282
2026-09-13 21:08 Europe/Berlin,ALDI Nord,"ALDI Nord Aspeystraße 75, 44369 Dortmund (전단 기준, 지점별 가격 미확인)",44369,식품,14.09.2026-19.09.2026,SchwipSchwap,"1,25-L-Flasche | Koffeinhaltig; verschiedene Sorten; z. T. ohne Zucker     Im Aufsteller | Sorten:   * Cola & Orange  * Cola & Orange ohne Zucker",0.69,,-53 %,1.49,https://www.aldi-nord.de/angebote.html,44369,Dortmund,"1,25-L-Flasche",,"ALDI 공식 OFFER_GET product 1033030; 2026-09-14..2026-09-19; 0.69 EUR; 1,25-L-Flasche",verified,1.49,283
2026-09-13 21:08 Europe/Berlin,ALDI Nord,"ALDI Nord Aspeystraße 75, 44369 Dortmund (전단 기준, 지점별 가격 미확인)",44369,식품,14.09.2026-19.09.2026,Sirup,250-ml-Flasche | Verschiedene Sorten | Sorten:   * Dattelsirup  * Reissirup,1.65,,,6.60,https://www.aldi-nord.de/angebote.html,44369,Dortmund,250-ml-Flasche,,ALDI 공식 OFFER_GET product 1017091; 2026-09-14..2026-09-19; 1.65 EUR; 250-ml-Flasche,verified,,284
2026-09-13 21:08 Europe/Berlin,ALDI Nord,"ALDI Nord Aspeystraße 75, 44369 Dortmund (전단 기준, 지점별 가격 미확인)",44369,식품,14.09.2026-19.09.2026,Sommermix,160-g-Beutel | Limited Edition; verschiedene Sorten     Im Aufsteller | Sorten:   * Fruchtbande  * Hula Loops,0.89,,,5.56,https://www.aldi-nord.de/angebote.html,44369,Dortmund,160-g-Beutel,,ALDI 공식 OFFER_GET product 1042721; 2026-09-14..2026-09-19; 0.89 EUR; 160-g-Beutel,verified,,285
2026-09-13 21:08 Europe/Berlin,ALDI Nord,"ALDI Nord Aspeystraße 75, 44369 Dortmund (전단 기준, 지점별 가격 미확인)",44369,식품,14.09.2026-19.09.2026,Speisekartoffeln,5-kg-Netz | Festkochend; Deutschland,2.99,,-14 %,3.49,https://www.aldi-nord.de/angebote.html,44369,Dortmund,5-kg-Netz,,ALDI 공식 OFFER_GET product 6104; 2026-09-14..2026-09-19; 2.99 EUR; 5-kg-Netz,verified,3.49,286
2026-09-13 21:08 Europe/Berlin,ALDI Nord,"ALDI Nord Aspeystraße 75, 44369 Dortmund (전단 기준, 지점별 가격 미확인)",44369,식품,14.09.2026-19.09.2026,Speisekartoffeln,"1.59**1.99 1,5-kg-Beutel kg = 1.06",1.59,,-20 %,1.99,https://www.aldi-nord.de/angebote.html,44369,Dortmund,판매 단위 확인,공식 원문 재검증 대기,"원본 수집 행 보존. 재검증 대기, 자동 가격 제외.",held,,287
2026-09-13 21:08 Europe/Berlin,ALDI Nord,"ALDI Nord Aspeystraße 75, 44369 Dortmund (전단 기준, 지점별 가격 미확인)",44369,식품,17.09.2026-19.09.2026,Streuselkuchen,400-g-Packung | Verschiedene Sorten | Sorten:   * Zupfstreuselkuchen  * Mohnstreuselkuchen,2.29,,,5.73,https://www.aldi-nord.de/angebote.html,44369,Dortmund,400-g-Packung,,ALDI 공식 OFFER_GET product 1034160; 2026-09-17..2026-09-19; 2.29 EUR; 400-g-Packung,verified,,288
2026-09-13 21:08 Europe/Berlin,ALDI Nord,"ALDI Nord Aspeystraße 75, 44369 Dortmund (전단 기준, 지점별 가격 미확인)",44369,식품,14.09.2026-19.09.2026,SunGold Kiwi,Stück | Große Früchte; Klasse 1; Neuseeland,0.59,,,,https://www.aldi-nord.de/angebote.html,44369,Dortmund,Stück,,ALDI 공식 OFFER_GET product 61600000002; 2026-09-14..2026-09-19; 0.59 EUR; Stück,verified,,289
2026-09-13 21:08 Europe/Berlin,ALDI Nord,"ALDI Nord Aspeystraße 75, 44369 Dortmund (전단 기준, 지점별 가격 미확인)",44369,식품,14.09.2026-19.09.2026,Superberliner,Stück | Siedegebäck mit Schokoladenfüllung; mit Zucker dekoriert,0.89,,,,https://www.aldi-nord.de/angebote.html,44369,Dortmund,Stück,,ALDI 공식 OFFER_GET product 1039073; 2026-09-14..2026-09-19; 0.89 EUR; Stück,verified,,290
2026-09-13 21:08 Europe/Berlin,ALDI Nord,"ALDI Nord Aspeystraße 75, 44369 Dortmund (전단 기준, 지점별 가격 미확인)",44369,식품,14.09.2026-19.09.2026,Superfood-Pulver,"Packung | Verschiedene Sorten und Gewichte | Sorten:   * Kokosmilchpulver, 150 g  * Spirulinapulver, 150 g  * Kurkumapulver, 200 g",3.49,,,23.27,https://www.aldi-nord.de/angebote.html,44369,Dortmund,Packung,,ALDI 공식 OFFER_GET product 1005083; 2026-09-14..2026-09-19; 3.49 EUR; Packung,verified,,291
2026-09-13 21:08 Europe/Berlin,ALDI Nord,"ALDI Nord Aspeystraße 75, 44369 Dortmund (전단 기준, 지점별 가격 미확인)",44369,식품,17.09.2026-19.09.2026,Sushi-Maki-Mix,"120-g-Packung | Verschiedene Sorten | Sorten:   * Lachs, ASC-zertifiziert  * Avocado  * Gurke",1.99,,,16.58,https://www.aldi-nord.de/angebote.html,44369,Dortmund,120-g-Packung,,ALDI 공식 OFFER_GET product 1036670; 2026-09-17..2026-09-19; 1.99 EUR; 120-g-Packung,verified,,292
2026-09-13 21:08 Europe/Berlin,ALDI Nord,"ALDI Nord Aspeystraße 75, 44369 Dortmund (전단 기준, 지점별 가격 미확인)",44369,식품,14.09.2026-19.09.2026,Tafelschokolade,"Packung | Verschiedene Sorten und Gewichte | Sorten:   * TUC, 87 g  * LU, 87 g  * Luflee, 90 g  * Noisette, 90 g  * Alpenmilch, 90 g  * Biscoff, 90 g  * Haselnuss, 90 g  * Kuhflecken, 90 g  * Oreo Sandwich, 92 g  * Ganze Nuss, 95 g  * Oreo, 100 g  * Oreo White, 100 g  * Joghurt-Creme, 100 g  * Caramel, 100 g  * Erdbeer, 100 g",0.95,,-52 %,1.99,https://www.aldi-nord.de/angebote.html,44369,Dortmund,Packung,,ALDI 공식 OFFER_GET product 10374390003; 2026-09-14..2026-09-19; 0.95 EUR; Packung,verified,1.99,293
2026-09-13 21:08 Europe/Berlin,ALDI Nord,"ALDI Nord Aspeystraße 75, 44369 Dortmund (전단 기준, 지점별 가격 미확인)",44369,식품,17.09.2026-19.09.2026,Tafelschokolade,"Tafel | Verschiedene Sorten und Gewichte | Sorten:   * Crunchy Biscoff Pieces, 160 g  * Milchschokolade, 170 g  * Daim, 170 g  * Nussschokolade, 170 g",2.99,,-40 %,4.99,https://www.aldi-nord.de/angebote.html,44369,Dortmund,Tafel,,ALDI 공식 OFFER_GET product 1040381; 2026-09-17..2026-09-19; 2.99 EUR; Tafel,verified,4.99,294
2026-09-13 21:08 Europe/Berlin,ALDI Nord,"ALDI Nord Aspeystraße 75, 44369 Dortmund (전단 기준, 지점별 가격 미확인)",44369,식품,14.09.2026-19.09.2026,Tafeltrauben,400-g-Schale | Kernlos; Sorte: Cotton Candy; Klasse 1; Italien,1.99,,-10 %,2.22,https://www.aldi-nord.de/angebote.html,44369,Dortmund,400-g-Schale,,ALDI 공식 OFFER_GET product 1045525; 2026-09-14..2026-09-19; 1.99 EUR; 400-g-Schale,verified,2.22,295
2026-09-13 21:08 Europe/Berlin,ALDI Nord,"ALDI Nord Aspeystraße 75, 44369 Dortmund (전단 기준, 지점별 가격 미확인)",44369,식품,14.09.2026-19.09.2026,Tafeltrauben-Mix,"500-g-Schale | Kernlos; Klasse 1; Italien, Spanien",1.59,,-11 %,1.79,https://www.aldi-nord.de/angebote.html,44369,Dortmund,500-g-Schale,,ALDI 공식 OFFER_GET product 9981; 2026-09-14..2026-09-19; 1.59 EUR; 500-g-Schale,verified,1.79,296
2026-09-13 21:08 Europe/Berlin,ALDI Nord,"ALDI Nord Aspeystraße 75, 44369 Dortmund (전단 기준, 지점별 가격 미확인)",44369,식품,14.09.2026-19.09.2026,Tee,"1,5-L-Flasche | Mit Tee-Extrakt; verschiedene Sorten     Im Aufsteller | Sorten:   * Minz-Geschmack  * Zitronen-Geschmack  * Pfirsich-Geschmack",0.99,,-47 %,1.89,https://www.aldi-nord.de/angebote.html,44369,Dortmund,"1,5-L-Flasche",,"ALDI 공식 OFFER_GET product 1002009; 2026-09-14..2026-09-19; 0.99 EUR; 1,5-L-Flasche",verified,1.89,297
2026-09-13 21:08 Europe/Berlin,ALDI Nord,"ALDI Nord Aspeystraße 75, 44369 Dortmund (전단 기준, 지점별 가격 미확인)",44369,식품,14.09.2026-19.09.2026,Tee- / Leberwurst XXL,"Becher | Verschiedene Sorten und Gewichte | Sorten:   * Teewurst fein, 120 g  * Leberwurst fein, 150 g",1.69,,,14.08,https://www.aldi-nord.de/angebote.html,44369,Dortmund,Becher,,ALDI 공식 OFFER_GET product 1043111; 2026-09-14..2026-09-19; 1.69 EUR; Becher,verified,,298
2026-09-13 21:08 Europe/Berlin,ALDI Nord,"ALDI Nord Aspeystraße 75, 44369 Dortmund (전단 기준, 지점별 가격 미확인)",44369,식품,17.09.2026-19.09.2026,Thunfisch-Filets,1.79**1.99 Dose Abtropfgewicht = 168 g; sonst 240 g kg (ATG) / kg = 10.65 / 7.46,1.79,,-10 %,1.99,https://www.aldi-nord.de/angebote.html,44369,Dortmund,판매 단위 확인,공식 원문 재검증 대기,"원본 수집 행 보존. 재검증 대기, 자동 가격 제외.",held,,299
2026-09-13 21:08 Europe/Berlin,ALDI Nord,"ALDI Nord Aspeystraße 75, 44369 Dortmund (전단 기준, 지점별 가격 미확인)",44369,식품,17.09.2026-19.09.2026,Thüringer Rostbratwurst XXL,1-kg-Packung | Herzhaft mittelfein gebrüht; zum Braten oder für den Grill,4.99,,,4.99,https://www.aldi-nord.de/angebote.html,44369,Dortmund,1-kg-Packung,,ALDI 공식 OFFER_GET product 1012200; 2026-09-17..2026-09-19; 4.99 EUR; 1-kg-Packung,verified,,300
2026-09-13 21:08 Europe/Berlin,ALDI Nord,"ALDI Nord Aspeystraße 75, 44369 Dortmund (전단 기준, 지점별 가격 미확인)",44369,식품,17.09.2026-19.09.2026,Tiroler Speck g. g. A.,80-g-Packung | Verschiedene Sorten     Im Aufsteller | Sorten:   * Vom Schinken  * Vom Karree,1.99,,,24.88,https://www.aldi-nord.de/angebote.html,44369,Dortmund,80-g-Packung,,ALDI 공식 OFFER_GET product 1044764; 2026-09-17..2026-09-19; 1.99 EUR; 80-g-Packung,verified,,301
2026-09-13 21:08 Europe/Berlin,ALDI Nord,"ALDI Nord Aspeystraße 75, 44369 Dortmund (전단 기준, 지점별 가격 미확인)",44369,식품,14.09.2026-19.09.2026,Toffee-Sortiment,"Beutel | Verschiedene Sorten und Gewichte | Sorten:   * Schoko-Toffees, 352 g  * Milch-Boller, 352 g  * Toffee-Melange, 522 g",1.59,,-20 %,1.99,https://www.aldi-nord.de/angebote.html,44369,Dortmund,Beutel,,ALDI 공식 OFFER_GET product 10397250001; 2026-09-14..2026-09-19; 1.59 EUR; Beutel,verified,1.99,302
2026-09-13 21:08 Europe/Berlin,ALDI Nord,"ALDI Nord Aspeystraße 75, 44369 Dortmund (전단 기준, 지점별 가격 미확인)",44369,식품,14.09.2026-19.09.2026,Tortillas,110-g-Beutel | Verschiedene Sorten     Im Aufsteller | Sorten:   * Nacho Cheese Style  * Wild Paprika  * Hot Chili  * Salted  * Mexican BBQ-Style  * Extra Hot Sauce Style,0.88,,-55 %,1.99,https://www.aldi-nord.de/angebote.html,44369,Dortmund,110-g-Beutel,,ALDI 공식 OFFER_GET product 10220910002; 2026-09-14..2026-09-19; 0.88 EUR; 110-g-Beutel,verified,1.99,303
2026-09-13 21:08 Europe/Berlin,ALDI Nord,"ALDI Nord Aspeystraße 75, 44369 Dortmund (전단 기준, 지점별 가격 미확인)",44369,식품,17.09.2026-19.09.2026,Triple,"150-g-Becher | Schoko-Mousse, -Pudding & Karamell-Sauce",0.99,,,6.60,https://www.aldi-nord.de/angebote.html,44369,Dortmund,150-g-Becher,,ALDI 공식 OFFER_GET product 1045269; 2026-09-17..2026-09-19; 0.99 EUR; 150-g-Becher,verified,,304
2026-09-13 21:08 Europe/Berlin,ALDI Nord,"ALDI Nord Aspeystraße 75, 44369 Dortmund (전단 기준, 지점별 가격 미확인)",44369,식품,17.09.2026-19.09.2026,Triple Dessert Nuss,"150-g-Becher | Nuss-Mousse, Schoko-Pudding & Nuss-Sauce",0.99,,,6.60,https://www.aldi-nord.de/angebote.html,44369,Dortmund,150-g-Becher,,ALDI 공식 OFFER_GET product 1045270; 2026-09-17..2026-09-19; 0.99 EUR; 150-g-Becher,verified,,305
2026-09-13 21:08 Europe/Berlin,ALDI Nord,"ALDI Nord Aspeystraße 75, 44369 Dortmund (전단 기준, 지점별 가격 미확인)",44369,식품,14.09.2026-19.09.2026,Vegetarische Vielfalt,"Packung | Verschiedene Sorten und Gewichte | Sorten:   * Crispy-Sticks, 5 Stück, 160 g  * Schnitzel, 2 Stück, 180 g  * Gouda-Schnitzel, 2 Stück, 180 g",1.99,,,12.44,https://www.aldi-nord.de/angebote.html,44369,Dortmund,Packung,,ALDI 공식 OFFER_GET product 1007772; 2026-09-14..2026-09-19; 1.99 EUR; Packung,verified,,306
2026-09-13 21:08 Europe/Berlin,ALDI Nord,"ALDI Nord Aspeystraße 75, 44369 Dortmund (전단 기준, 지점별 가격 미확인)",44369,식품,14.09.2026-19.09.2026,Vodka,"0,7-L-Flasche | Schwedischer Wodka; samtig und komplex im Geschmack; 40 % Vol. | * Wird aus natürlichen Zutaten hergestellt und enthält im Gegensatz zu anderen Wodkas keinen zusätzlichen Zucker  * Reich, vollmundig und komplex, aber dennoch geschmeidig und samtig mit dem ausgeprägten Charakter von Korn, gefolgt von einem Hauch getrockneter Früchte  * Ein idealer Wodka als Grundlage vieler Mixgetränke",10.99,,-26 %,14.99,https://www.aldi-nord.de/angebote.html,44369,Dortmund,"0,7-L-Flasche",,"ALDI 공식 OFFER_GET product 1002364; 2026-09-14..2026-09-19; 10.99 EUR; 0,7-L-Flasche",verified,14.99,307
2026-09-13 21:08 Europe/Berlin,ALDI Nord,"ALDI Nord Aspeystraße 75, 44369 Dortmund (전단 기준, 지점별 가격 미확인)",44369,식품,14.09.2026-19.09.2026,Walnusskerne,250-g-Packung | Ohne Schale; kontrolliert ökologische Erzeugung,2.29,,-16 %,2.75,https://www.aldi-nord.de/angebote.html,44369,Dortmund,250-g-Packung,,ALDI 공식 OFFER_GET product 10351060001; 2026-09-14..2026-09-19; 2.29 EUR; 250-g-Packung,verified,2.75,308
2026-09-13 21:08 Europe/Berlin,ALDI Nord,"ALDI Nord Aspeystraße 75, 44369 Dortmund (전단 기준, 지점별 가격 미확인)",44369,식품,17.09.2026-19.09.2026,Weichkäse,130-g-Packung | Original französisch; fein-würzig,1.99,,-42 %,3.49,https://www.aldi-nord.de/angebote.html,44369,Dortmund,130-g-Packung,,ALDI 공식 OFFER_GET product 1023023; 2026-09-17..2026-09-19; 1.99 EUR; 130-g-Packung,verified,3.49,309
2026-09-13 21:08 Europe/Berlin,ALDI Nord,"ALDI Nord Aspeystraße 75, 44369 Dortmund (전단 기준, 지점별 가격 미확인)",44369,식품,17.09.2026-19.09.2026,Weichkäse Duo,140-g-Packung | In Scheiben; 2 Sorten pro Packung; fein-würzig und sahnig-mild,1.99,,-42 %,3.49,https://www.aldi-nord.de/angebote.html,44369,Dortmund,140-g-Packung,,ALDI 공식 OFFER_GET product 1023025; 2026-09-17..2026-09-19; 1.99 EUR; 140-g-Packung,verified,3.49,310
2026-09-13 21:08 Europe/Berlin,ALDI Nord,"ALDI Nord Aspeystraße 75, 44369 Dortmund (전단 기준, 지점별 가격 미확인)",44369,식품,14.09.2026-19.09.2026,Weizen-Brötchen,450-g-Beutel | Goldbraun und knusprig gebacken; 9 Stück,1.49,,-34 %,2.29,https://www.aldi-nord.de/angebote.html,44369,Dortmund,450-g-Beutel,,ALDI 공식 OFFER_GET product 52270000002; 2026-09-14..2026-09-19; 1.49 EUR; 450-g-Beutel,verified,2.29,311
2026-09-13 21:08 Europe/Berlin,ALDI Nord,"ALDI Nord Aspeystraße 75, 44369 Dortmund (전단 기준, 지점별 가격 미확인)",44369,식품,17.09.2026-19.09.2026,Wiener Würstchen XXL,2x250-g-Packung | Geräuchert,2.99,,,5.98,https://www.aldi-nord.de/angebote.html,44369,Dortmund,2x250-g-Packung,,ALDI 공식 OFFER_GET product 1027775; 2026-09-17..2026-09-19; 2.99 EUR; 2x250-g-Packung,verified,,312
2026-09-13 21:08 Europe/Berlin,ALDI Nord,"ALDI Nord Aspeystraße 75, 44369 Dortmund (전단 기준, 지점별 가격 미확인)",44369,식품,14.09.2026-19.09.2026,Zaziki,500-g-Becher | Mit Knoblauch und Gurken,1.79,,-33 %,2.69,https://www.aldi-nord.de/angebote.html,44369,Dortmund,500-g-Becher,,ALDI 공식 OFFER_GET product 1020857; 2026-09-14..2026-09-19; 1.79 EUR; 500-g-Becher,verified,2.69,313
2026-09-13 21:08 Europe/Berlin,ALDI Nord,"ALDI Nord Aspeystraße 75, 44369 Dortmund (전단 기준, 지점별 가격 미확인)",44369,식품,14.09.2026-19.09.2026,Zitronen,"500-g-Netz | Klasse 1; Argentinien, Republik Südafrika, Simbabwe",0.99,,,1.98,https://www.aldi-nord.de/angebote.html,44369,Dortmund,500-g-Netz,,ALDI 공식 OFFER_GET product 6219; 2026-09-14..2026-09-19; 0.99 EUR; 500-g-Netz,verified,,314
2026-09-13 21:08 Europe/Berlin,ALDI Nord,"ALDI Nord Aspeystraße 75, 44369 Dortmund (전단 기준, 지점별 가격 미확인)",44369,식품,14.09.2026-19.09.2026,Zwiebeln rot,"500-g-Netz | Klasse 2; Belgien, Deutschland, Niederlande",0.89,,-40 %,1.49,https://www.aldi-nord.de/angebote.html,44369,Dortmund,500-g-Netz,,ALDI 공식 OFFER_GET product 1041180; 2026-09-14..2026-09-19; 0.89 EUR; 500-g-Netz,verified,1.49,315
2026-09-13 21:08 Europe/Berlin,Kaufland,"Kaufland Düsseldorf-Derendorf, Hilde-und-Joseph-Neyses-Platz 5, 40476 Düsseldorf (최근접 전단 지점, 지점별 가격 미확인)",40476,식품,14.09.2026-16.09.2026,AKTION HARDEGGER Gallus Grand Cru HARDEGGER Gallus Grand Cru,AKTION HARDEGGER Gallus Grand Cru HARDEGGER Gallus Grand Cru je 100 g nur 2.79 *,2.79,,,2.79,https://assets.leaflets.schwarz/leaflets/pdfs/01a07b07-adc6-76c0-8b49-38246d0e6357/Prospekt-14-09-2026-16-09-2026-00.pdf,40468;40474,Düsseldorf,판매 단위 확인,공식 원문 재검증 대기,"원본 수집 행 보존. 재검증 대기, 자동 가격 제외.",held,,316;436
2026-09-13 21:08 Europe/Berlin,Kaufland,"Kaufland Düsseldorf-Derendorf, Hilde-und-Joseph-Neyses-Platz 5, 40476 Düsseldorf (최근접 전단 지점, 지점별 가격 미확인)",40476,식품,14.09.2026-16.09.2026,AKTION K-BLUE BAY Crevettes Roses XXL K-BLUE BAY Crevettes Roses XXL,AKTION K-BLUE BAY Crevettes Roses XXL K-BLUE BAY Crevettes Roses XXL je 400-g-Großpackg.(1 kg = 9.98)nur 3.99 *,9.98,,,9.98,https://assets.leaflets.schwarz/leaflets/pdfs/01a07b07-adc6-76c0-8b49-38246d0e6357/Prospekt-14-09-2026-16-09-2026-00.pdf,40468;40474,Düsseldorf,판매 단위 확인,공식 원문 재검증 대기,"원본 수집 행 보존. 재검증 대기, 자동 가격 제외.",held,,317;437
2026-09-13 21:08 Europe/Berlin,Kaufland,"Kaufland Düsseldorf-Derendorf, Hilde-und-Joseph-Neyses-Platz 5, 40476 Düsseldorf (최근접 전단 지점, 지점별 가격 미확인)",40476,식품,14.09.2026-16.09.2026,AKTION K-PURLAND Bruschetta-Braten K-PURLAND Bruschetta-Braten,AKTION K-PURLAND Bruschetta-Braten K-PURLAND Bruschetta-Braten je kg nur 5.99 *,5.99,,,5.99,https://assets.leaflets.schwarz/leaflets/pdfs/01a07b07-adc6-76c0-8b49-38246d0e6357/Prospekt-14-09-2026-16-09-2026-00.pdf,40468;40474,Düsseldorf,판매 단위 확인,공식 원문 재검증 대기,"원본 수집 행 보존. 재검증 대기, 자동 가격 제외.",held,,318;438
2026-09-13 21:08 Europe/Berlin,Kaufland,"Kaufland Düsseldorf-Derendorf, Hilde-und-Joseph-Neyses-Platz 5, 40476 Düsseldorf (최근접 전단 지점, 지점별 가격 미확인)",40476,주류,14.09.2026-16.09.2026,AKTION K-PURLAND Schweineleber K-PURLAND Schweineleber,AKTION K-PURLAND Schweineleber K-PURLAND Schweineleber je kg nur 2.99 *,2.99,,,2.99,https://assets.leaflets.schwarz/leaflets/pdfs/01a07b07-adc6-76c0-8b49-38246d0e6357/Prospekt-14-09-2026-16-09-2026-00.pdf,40468;40474,Düsseldorf,판매 단위 확인,공식 원문 재검증 대기,"원본 수집 행 보존. 재검증 대기, 자동 가격 제외.",held,,319;439
2026-09-13 21:08 Europe/Berlin,Kaufland,"Kaufland Düsseldorf-Derendorf, Hilde-und-Joseph-Neyses-Platz 5, 40476 Düsseldorf (최근접 전단 지점, 지점별 가격 미확인)",40476,식품,14.09.2026-16.09.2026,AKTION Olivenstick Olivenstick,AKTION Olivenstick Olivenstick je Stück nur 0.59 *,0.59,,,0.59,https://assets.leaflets.schwarz/leaflets/pdfs/01a07b07-adc6-76c0-8b49-38246d0e6357/Prospekt-14-09-2026-16-09-2026-00.pdf,40468;40474,Düsseldorf,판매 단위 확인,공식 원문 재검증 대기,"원본 수집 행 보존. 재검증 대기, 자동 가격 제외.",held,,320;440
2026-09-13 21:08 Europe/Berlin,Kaufland,"Kaufland Düsseldorf-Derendorf, Hilde-und-Joseph-Neyses-Platz 5, 40476 Düsseldorf (최근접 전단 지점, 지점별 가격 미확인)",40476,식품,14.09.2026-16.09.2026,AKTION Pizzasnack Hüttenstyle Pizzasnack Hüttenstyle,AKTION Pizzasnack Hüttenstyle Pizzasnack Hüttenstyle je Stück nur 0.89 *,0.89,,,0.89,https://assets.leaflets.schwarz/leaflets/pdfs/01a07b07-adc6-76c0-8b49-38246d0e6357/Prospekt-14-09-2026-16-09-2026-00.pdf,40468;40474,Düsseldorf,판매 단위 확인,공식 원문 재검증 대기,"원본 수집 행 보존. 재검증 대기, 자동 가격 제외.",held,,321;441
2026-09-13 21:08 Europe/Berlin,Kaufland,"Kaufland Düsseldorf-Derendorf, Hilde-und-Joseph-Neyses-Platz 5, 40476 Düsseldorf (최근접 전단 지점, 지점별 가격 미확인)",40476,주류,14.09.2026-16.09.2026,AKTION Schweine-Nuggets XXL Schweine-Nuggets XXL,AKTION Schweine-Nuggets XXL Schweine-Nuggets XXL je 1-kg-Großpackg.nur 6.99 *,6.99,,,6.99,https://assets.leaflets.schwarz/leaflets/pdfs/01a07b07-adc6-76c0-8b49-38246d0e6357/Prospekt-14-09-2026-16-09-2026-00.pdf,40468;40474,Düsseldorf,판매 단위 확인,공식 원문 재검증 대기,"원본 수집 행 보존. 재검증 대기, 자동 가격 제외.",held,,322;442
2026-09-13 21:08 Europe/Berlin,Kaufland,"Kaufland Düsseldorf-Derendorf, Hilde-und-Joseph-Neyses-Platz 5, 40476 Düsseldorf (최근접 전단 지점, 지점별 가격 미확인)",40476,식품,14.09.2026-16.09.2026,AKTION XXL-Berliner XXL-Berliner,AKTION XXL-Berliner XXL-Berliner je Stück nur 0.89 *,0.89,,,0.89,https://assets.leaflets.schwarz/leaflets/pdfs/01a07b07-adc6-76c0-8b49-38246d0e6357/Prospekt-14-09-2026-16-09-2026-00.pdf,40468;40474,Düsseldorf,판매 단위 확인,공식 원문 재검증 대기,"원본 수집 행 보존. 재검증 대기, 자동 가격 제외.",held,,323;443
2026-09-13 21:08 Europe/Berlin,Kaufland,"Kaufland Düsseldorf-Derendorf, Hilde-und-Joseph-Neyses-Platz 5, 40476 Düsseldorf (최근접 전단 지점, 지점별 가격 미확인)",40476,식품,14.09.2026-16.09.2026,ALPRO Soja-Joghurtalternative ALPRO Soja-Joghurtalternative,ALPRO Soja-Joghurtalternative ALPRO Soja-Joghurtalternative je 400-g-Becher(1 kg = 3.73)-31%1.49 2.19,1.49,,-31 %,2.19,https://assets.leaflets.schwarz/leaflets/pdfs/01a07b07-adc6-76c0-8b49-38246d0e6357/Prospekt-14-09-2026-16-09-2026-00.pdf,40468;40474,Düsseldorf,판매 단위 확인,공식 원문 재검증 대기,"원본 수집 행 보존. 재검증 대기, 자동 가격 제외.",held,,324;444
2026-09-13 21:08 Europe/Berlin,Kaufland,"Kaufland Düsseldorf-Derendorf, Hilde-und-Joseph-Neyses-Platz 5, 40476 Düsseldorf (최근접 전단 지점, 지점별 가격 미확인)",40476,식품,14.09.2026-16.09.2026,AMMERLÄNDER Butterkäse AMMERLÄNDER Butterkäse,AMMERLÄNDER Butterkäse AMMERLÄNDER Butterkäse je 100 g-58%0.49 1.19,0.49,,-58 %,1.19,https://assets.leaflets.schwarz/leaflets/pdfs/01a07b07-adc6-76c0-8b49-38246d0e6357/Prospekt-14-09-2026-16-09-2026-00.pdf,40468;40474,Düsseldorf,판매 단위 확인,공식 원문 재검증 대기,"원본 수집 행 보존. 재검증 대기, 자동 가격 제외.",held,,325;445
2026-09-13 21:08 Europe/Berlin,Kaufland,"Kaufland Düsseldorf-Derendorf, Hilde-und-Joseph-Neyses-Platz 5, 40476 Düsseldorf (최근접 전단 지점, 지점별 가격 미확인)",40476,주류,14.09.2026-16.09.2026,ARDEY QUELLE Mineralwasser ARDEY QUELLE Mineralwasser,"ARDEY QUELLE Mineralwasser ARDEY QUELLE Mineralwasser je Ka. 12 x 0,75-l-Fl.(1 l = 0.45)-20%3.99 4.99 Weitere Angebote anzeigen",3.99,,-20 %,4.99,https://assets.leaflets.schwarz/leaflets/pdfs/01a07b07-adc6-76c0-8b49-38246d0e6357/Prospekt-14-09-2026-16-09-2026-00.pdf,40468;40474,Düsseldorf,판매 단위 확인,공식 원문 재검증 대기,"원본 수집 행 보존. 재검증 대기, 자동 가격 제외.",held,,326;446
2026-09-13 21:08 Europe/Berlin,Kaufland,"Kaufland Düsseldorf-Derendorf, Hilde-und-Joseph-Neyses-Platz 5, 40476 Düsseldorf (최근접 전단 지점, 지점별 가격 미확인)",40476,식품,14.09.2026-16.09.2026,Aus eigener Herstellung Delikatess-Leberwurst Aus eigener Herstellung Delikatess-Leberwurst,Aus eigener Herstellung Delikatess-Leberwurst Aus eigener Herstellung Delikatess-Leberwurst je 100 g-50%0.69 1.39,0.69,,-50 %,1.39,https://assets.leaflets.schwarz/leaflets/pdfs/01a07b07-adc6-76c0-8b49-38246d0e6357/Prospekt-14-09-2026-16-09-2026-00.pdf,40468;40474,Düsseldorf,판매 단위 확인,공식 원문 재검증 대기,"원본 수집 행 보존. 재검증 대기, 자동 가격 제외.",held,,327;447
2026-09-13 21:08 Europe/Berlin,Kaufland,"Kaufland Düsseldorf-Derendorf, Hilde-und-Joseph-Neyses-Platz 5, 40476 Düsseldorf (최근접 전단 지점, 지점별 가격 미확인)",40476,식품,14.09.2026-16.09.2026,BABYBEL Mini BABYBEL Mini,BABYBEL Mini BABYBEL Mini je 5 St. = 100-g-Netz(1 kg = 14.90)-44%1.49 2.69,1.49,,-44 %,2.69,https://assets.leaflets.schwarz/leaflets/pdfs/01a07b07-adc6-76c0-8b49-38246d0e6357/Prospekt-14-09-2026-16-09-2026-00.pdf,40468;40474,Düsseldorf,판매 단위 확인,공식 원문 재검증 대기,"원본 수집 행 보존. 재검증 대기, 자동 가격 제외.",held,,328;448
2026-09-13 21:08 Europe/Berlin,Kaufland,"Kaufland Düsseldorf-Derendorf, Hilde-und-Joseph-Neyses-Platz 5, 40476 Düsseldorf (최근접 전단 지점, 지점별 가격 미확인)",40476,식품,14.09.2026-16.09.2026,BARILLA Integrale Vollkornpasta BARILLA Integrale Vollkornpasta,BARILLA Integrale Vollkornpasta BARILLA Integrale Vollkornpasta je 500-g-Packg.(1 kg = 4.14)-20%2.07 2.59,2.07,,-20 %,2.59,https://assets.leaflets.schwarz/leaflets/pdfs/01a07b07-adc6-76c0-8b49-38246d0e6357/Prospekt-14-09-2026-16-09-2026-00.pdf,40468;40474,Düsseldorf,판매 단위 확인,공식 원문 재검증 대기,"원본 수집 행 보존. 재검증 대기, 자동 가격 제외.",held,,329;449
2026-09-13 21:08 Europe/Berlin,Kaufland,"Kaufland Düsseldorf-Derendorf, Hilde-und-Joseph-Neyses-Platz 5, 40476 Düsseldorf (최근접 전단 지점, 지점별 가격 미확인)",40476,식품,14.09.2026-16.09.2026,BARILLA Pasta glutenfrei BARILLA Pasta glutenfrei,BARILLA Pasta glutenfrei BARILLA Pasta glutenfrei je 400-g-Packg.(1 kg = 6.98)-20%2.79 3.49,2.79,,-20 %,3.49,https://assets.leaflets.schwarz/leaflets/pdfs/01a07b07-adc6-76c0-8b49-38246d0e6357/Prospekt-14-09-2026-16-09-2026-00.pdf,40468;40474,Düsseldorf,판매 단위 확인,공식 원문 재검증 대기,"원본 수집 행 보존. 재검증 대기, 자동 가격 제외.",held,,330;450
2026-09-13 21:08 Europe/Berlin,Kaufland,"Kaufland Düsseldorf-Derendorf, Hilde-und-Joseph-Neyses-Platz 5, 40476 Düsseldorf (최근접 전단 지점, 지점별 가격 미확인)",40476,식품,14.09.2026-16.09.2026,BARILLA Spaghetti oder Fusilli Protein+BARILLA Spaghetti oder Fusilli Protein+je 400-g-Packg.(1 kg = 5.98)-20%2.39,BARILLA Spaghetti oder Fusilli Protein+BARILLA Spaghetti oder Fusilli Protein+je 400-g-Packg.(1 kg = 5.98)-20%2.39 2.99,2.39,,-20 %,2.99,https://assets.leaflets.schwarz/leaflets/pdfs/01a07b07-adc6-76c0-8b49-38246d0e6357/Prospekt-14-09-2026-16-09-2026-00.pdf,40468;40474,Düsseldorf,판매 단위 확인,공식 원문 재검증 대기,"원본 수집 행 보존. 재검증 대기, 자동 가격 제외.",held,,331;451
2026-09-13 21:08 Europe/Berlin,Kaufland,"Kaufland Düsseldorf-Derendorf, Hilde-und-Joseph-Neyses-Platz 5, 40476 Düsseldorf (최근접 전단 지점, 지점별 가격 미확인)",40476,식품,14.09.2026-16.09.2026,BAUER »Der Große Bauer« Fruchtjoghurt BAUER»Der Große Bauer« Fruchtjoghurt je 225 - 250-g-Becher(1 kg = 1.56 - 1.74)-60%0.39,BAUER »Der Große Bauer« Fruchtjoghurt BAUER»Der Große Bauer« Fruchtjoghurt je 225 - 250-g-Becher(1 kg = 1.56 - 1.74)-60%0.39 0.99,0.39,,-60 %,0.99,https://assets.leaflets.schwarz/leaflets/pdfs/01a07b07-adc6-76c0-8b49-38246d0e6357/Prospekt-14-09-2026-16-09-2026-00.pdf,40468;40474,Düsseldorf,판매 단위 확인,공식 원문 재검증 대기,"원본 수집 행 보존. 재검증 대기, 자동 가격 제외.",held,,332;452
2026-09-13 21:08 Europe/Berlin,Kaufland,"Kaufland Düsseldorf-Derendorf, Hilde-und-Joseph-Neyses-Platz 5, 40476 Düsseldorf (최근접 전단 지점, 지점별 가격 미확인)",40476,식품,14.09.2026-16.09.2026,BERNBACHER Pastasauce BERNBACHER Pastasauce,BERNBACHER Pastasauce BERNBACHER Pastasauce je 400-g-Glas(1 kg = 5.98)-20%2.39 2.99,2.39,,-20 %,2.99,https://assets.leaflets.schwarz/leaflets/pdfs/01a07b07-adc6-76c0-8b49-38246d0e6357/Prospekt-14-09-2026-16-09-2026-00.pdf,40468;40474,Düsseldorf,판매 단위 확인,공식 원문 재검증 대기,"원본 수집 행 보존. 재검증 대기, 자동 가격 제외.",held,,333;453
2026-09-13 21:08 Europe/Berlin,Kaufland,"Kaufland Düsseldorf-Derendorf, Hilde-und-Joseph-Neyses-Platz 5, 40476 Düsseldorf (최근접 전단 지점, 지점별 가격 미확인)",40476,식품,14.09.2026-16.09.2026,BERTOLLI Pasta-Sauce BERTOLLI Pasta-Sauce,BERTOLLI Pasta-Sauce BERTOLLI Pasta-Sauce je 400-g-Glas(1 kg = 5.58)-20%2.23 2.79,2.23,,-20 %,2.79,https://assets.leaflets.schwarz/leaflets/pdfs/01a07b07-adc6-76c0-8b49-38246d0e6357/Prospekt-14-09-2026-16-09-2026-00.pdf,40468;40474,Düsseldorf,판매 단위 확인,공식 원문 재검증 대기,"원본 수집 행 보존. 재검증 대기, 자동 가격 제외.",held,,334;454
2026-09-13 21:08 Europe/Berlin,Kaufland,"Kaufland Düsseldorf-Derendorf, Hilde-und-Joseph-Neyses-Platz 5, 40476 Düsseldorf (최근접 전단 지점, 지점별 가격 미확인)",40476,식품,14.09.2026-16.09.2026,Dinkel-Bürli Dinkel-Bürli,Dinkel-Bürli Dinkel-Bürli je Stück-25%0.59 0.79,0.59,,-25 %,0.79,https://assets.leaflets.schwarz/leaflets/pdfs/01a07b07-adc6-76c0-8b49-38246d0e6357/Prospekt-14-09-2026-16-09-2026-00.pdf,40468;40474,Düsseldorf,판매 단위 확인,공식 원문 재검증 대기,"원본 수집 행 보존. 재검증 대기, 자동 가격 제외.",held,,335;455
2026-09-13 21:08 Europe/Berlin,Kaufland,"Kaufland Düsseldorf-Derendorf, Hilde-und-Joseph-Neyses-Platz 5, 40476 Düsseldorf (최근접 전단 지점, 지점별 가격 미확인)",40476,식품,14.09.2026-16.09.2026,DOVGAN Plombir Kefir DOVGAN Plombir Kefir,DOVGAN Plombir Kefir DOVGAN Plombir Kefir je 250-g-Fl.(1 kg = 2.36)-40%0.59 0.99,0.59,,-40 %,0.99,https://assets.leaflets.schwarz/leaflets/pdfs/01a07b07-adc6-76c0-8b49-38246d0e6357/Prospekt-14-09-2026-16-09-2026-00.pdf,40468;40474,Düsseldorf,판매 단위 확인,공식 원문 재검증 대기,"원본 수집 행 보존. 재검증 대기, 자동 가격 제외.",held,,336;456
2026-09-13 21:08 Europe/Berlin,Kaufland,"Kaufland Düsseldorf-Derendorf, Hilde-und-Joseph-Neyses-Platz 5, 40476 Düsseldorf (최근접 전단 지점, 지점별 가격 미확인)",40476,식품,14.09.2026-16.09.2026,DR. OETKER Ristorante Pizza DR. OETKER Ristorante Pizza,DR. OETKER Ristorante Pizza DR. OETKER Ristorante Pizza je 320 - 410-g-Packg.(1 kg = 4.37 - 5.60)-48%1.79 3.49,1.79,,-48 %,3.49,https://assets.leaflets.schwarz/leaflets/pdfs/01a07b07-adc6-76c0-8b49-38246d0e6357/Prospekt-14-09-2026-16-09-2026-00.pdf,40468;40474,Düsseldorf,판매 단위 확인,공식 원문 재검증 대기,"원본 수집 행 보존. 재검증 대기, 자동 가격 제외.",held,,337;457
2026-09-13 21:08 Europe/Berlin,Kaufland,"Kaufland Düsseldorf-Derendorf, Hilde-und-Joseph-Neyses-Platz 5, 40476 Düsseldorf (최근접 전단 지점, 지점별 가격 미확인)",40476,식품,14.09.2026-16.09.2026,Dtsch. Lauchzwiebeln oder Radieschen Dtsch. Lauchzwiebeln oder Radieschen,Dtsch. Lauchzwiebeln oder Radieschen Dtsch. Lauchzwiebeln oder Radieschen je Bund-63%0.29 0.79,0.29,,-63 %,0.79,https://assets.leaflets.schwarz/leaflets/pdfs/01a07b07-adc6-76c0-8b49-38246d0e6357/Prospekt-14-09-2026-16-09-2026-00.pdf,40468;40474,Düsseldorf,판매 단위 확인,공식 원문 재검증 대기,"원본 수집 행 보존. 재검증 대기, 자동 가격 제외.",held,,338;458
2026-09-13 21:08 Europe/Berlin,Kaufland,"Kaufland Düsseldorf-Derendorf, Hilde-und-Joseph-Neyses-Platz 5, 40476 Düsseldorf (최근접 전단 지점, 지점별 가격 미확인)",40476,식품,14.09.2026-16.09.2026,"Ecuador./kolumb. Bananen, lose Ecuador./kolumb. Bananen, lose","Ecuador./kolumb. Bananen, lose Ecuador./kolumb. Bananen, lose je kg-31%0.88 1.29",0.88,,-31 %,1.29,https://assets.leaflets.schwarz/leaflets/pdfs/01a07b07-adc6-76c0-8b49-38246d0e6357/Prospekt-14-09-2026-16-09-2026-00.pdf,40468;40474,Düsseldorf,판매 단위 확인,공식 원문 재검증 대기,"원본 수집 행 보존. 재검증 대기, 자동 가격 제외.",held,,339;459
2026-09-13 21:08 Europe/Berlin,Kaufland,"Kaufland Düsseldorf-Derendorf, Hilde-und-Joseph-Neyses-Platz 5, 40476 Düsseldorf (최근접 전단 지점, 지점별 가격 미확인)",40476,음료,14.09.2026-16.09.2026,"EHRMANN High Protein Pudding, Drink oder Joghurt EHRMANN High Protein Pudding, Drink oder Joghurt je 200-g-Becher oder 250-ml-Fl.(1 kg = 4.00)-19%4.00","EHRMANN High Protein Pudding, Drink oder Joghurt EHRMANN High Protein Pudding, Drink oder Joghurt je 200-g-Becher oder 250-ml-Fl.(1 kg = 4.00)-19%4.00 4.95",4.00,,-19 %,4.95,https://assets.leaflets.schwarz/leaflets/pdfs/01a07b07-adc6-76c0-8b49-38246d0e6357/Prospekt-14-09-2026-16-09-2026-00.pdf,40468;40474,Düsseldorf,판매 단위 확인,공식 원문 재검증 대기,"원본 수집 행 보존. 재검증 대기, 자동 가격 제외.",held,,340;460
2026-09-13 21:08 Europe/Berlin,Kaufland,"Kaufland Düsseldorf-Derendorf, Hilde-und-Joseph-Neyses-Platz 5, 40476 Düsseldorf (최근접 전단 지점, 지점별 가격 미확인)",40476,식품,14.09.2026-16.09.2026,ESCAL Elsässer Flammkuchen ESCAL Elsässer Flammkuchen,ESCAL Elsässer Flammkuchen ESCAL Elsässer Flammkuchen je 260-g-Packg.(1 kg = 7.66)-20%1.99 2.49,1.99,,-20 %,2.49,https://assets.leaflets.schwarz/leaflets/pdfs/01a07b07-adc6-76c0-8b49-38246d0e6357/Prospekt-14-09-2026-16-09-2026-00.pdf,40468;40474,Düsseldorf,판매 단위 확인,공식 원문 재검증 대기,"원본 수집 행 보존. 재검증 대기, 자동 가격 제외.",held,,341;461
2026-09-13 21:08 Europe/Berlin,Kaufland,"Kaufland Düsseldorf-Derendorf, Hilde-und-Joseph-Neyses-Platz 5, 40476 Düsseldorf (최근접 전단 지점, 지점별 가격 미확인)",40476,식품,14.09.2026-16.09.2026,ESCAL Regenbogen-Forellen ESCAL Regenbogen-Forellen,ESCAL Regenbogen-Forellen ESCAL Regenbogen-Forellen je 1-kg-Packg.-30%6.99 9.99,6.99,,-30 %,9.99,https://assets.leaflets.schwarz/leaflets/pdfs/01a07b07-adc6-76c0-8b49-38246d0e6357/Prospekt-14-09-2026-16-09-2026-00.pdf,40468;40474,Düsseldorf,판매 단위 확인,공식 원문 재검증 대기,"원본 수집 행 보존. 재검증 대기, 자동 가격 제외.",held,,342;462
2026-09-13 21:08 Europe/Berlin,Kaufland,"Kaufland Düsseldorf-Derendorf, Hilde-und-Joseph-Neyses-Platz 5, 40476 Düsseldorf (최근접 전단 지점, 지점별 가격 미확인)",40476,식품,14.09.2026-16.09.2026,EXQUISA Milder Skyr Natur EXQUISA Milder Skyr Natur,EXQUISA Milder Skyr Natur EXQUISA Milder Skyr Natur je 375 - 400-g-Becher(1 kg = 3.73 - 3.98)-21%1.49 1.89,1.49,,-21 %,1.89,https://assets.leaflets.schwarz/leaflets/pdfs/01a07b07-adc6-76c0-8b49-38246d0e6357/Prospekt-14-09-2026-16-09-2026-00.pdf,40468;40474,Düsseldorf,판매 단위 확인,공식 원문 재검증 대기,"원본 수집 행 보존. 재검증 대기, 자동 가격 제외.",held,,343;463
2026-09-13 21:08 Europe/Berlin,Kaufland,"Kaufland Düsseldorf-Derendorf, Hilde-und-Joseph-Neyses-Platz 5, 40476 Düsseldorf (최근접 전단 지점, 지점별 가격 미확인)",40476,식품,14.09.2026-16.09.2026,Flabatta Flabatta,Flabatta Flabatta je Stück-20%0.79 0.99,0.79,,-20 %,0.99,https://assets.leaflets.schwarz/leaflets/pdfs/01a07b07-adc6-76c0-8b49-38246d0e6357/Prospekt-14-09-2026-16-09-2026-00.pdf,40468;40474,Düsseldorf,판매 단위 확인,공식 원문 재검증 대기,"원본 수집 행 보존. 재검증 대기, 자동 가격 제외.",held,,344;464
2026-09-13 21:08 Europe/Berlin,Kaufland,"Kaufland Düsseldorf-Derendorf, Hilde-und-Joseph-Neyses-Platz 5, 40476 Düsseldorf (최근접 전단 지점, 지점별 가격 미확인)",40476,식품,14.09.2026-16.09.2026,GARDEN GOURMET Vegane Filet-Streifen oder Sensational Burger GARDEN GOURMET Vegane Filet-Streifen oder Sensational Burger je 175 - 226-g-Packg.(1 kg = 11.02 - 14.23) / (1 kg = 9.83 - 12.69)**-16%2.49,GARDEN GOURMET Vegane Filet-Streifen oder Sensational Burger GARDEN GOURMET Vegane Filet-Streifen oder Sensational Burger je 175 - 226-g-Packg.(1 kg = 11.02 - 14.23) / (1 kg = 9.83 - 12.69)**-16%2.49 2.99 Mit Kaufland Card XTRA **-25%2.22 2.99,2.22,,-16 %,2.99,https://assets.leaflets.schwarz/leaflets/pdfs/01a07b07-adc6-76c0-8b49-38246d0e6357/Prospekt-14-09-2026-16-09-2026-00.pdf,40468;40474,Düsseldorf,판매 단위 확인,공식 원문 재검증 대기,"원본 수집 행 보존. 재검증 대기, 자동 가격 제외.",held,,345;465
2026-09-13 21:08 Europe/Berlin,Kaufland,"Kaufland Düsseldorf-Derendorf, Hilde-und-Joseph-Neyses-Platz 5, 40476 Düsseldorf (최근접 전단 지점, 지점별 가격 미확인)",40476,식품,14.09.2026-16.09.2026,Getrocknete Tomaten Getrocknete Tomaten,Getrocknete Tomaten Getrocknete Tomaten je 100 g-16%0.99 1.19,0.99,,-16 %,1.19,https://assets.leaflets.schwarz/leaflets/pdfs/01a07b07-adc6-76c0-8b49-38246d0e6357/Prospekt-14-09-2026-16-09-2026-00.pdf,40468;40474,Düsseldorf,판매 단위 확인,공식 원문 재검증 대기,"원본 수집 행 보존. 재검증 대기, 자동 가격 제외.",held,,346;466
2026-09-13 21:08 Europe/Berlin,Kaufland,"Kaufland Düsseldorf-Derendorf, Hilde-und-Joseph-Neyses-Platz 5, 40476 Düsseldorf (최근접 전단 지점, 지점별 가격 미확인)",40476,식품,14.09.2026-16.09.2026,GIOVANNI RANA Frische Tagliatelle oder Lasagneblätter GIOVANNI RANA Frische Tagliatelle oder Lasagneblätter je 250-g-Packg.(1 kg = 8.92)-20%2.23,GIOVANNI RANA Frische Tagliatelle oder Lasagneblätter GIOVANNI RANA Frische Tagliatelle oder Lasagneblätter je 250-g-Packg.(1 kg = 8.92)-20%2.23 2.79,2.23,,-20 %,2.79,https://assets.leaflets.schwarz/leaflets/pdfs/01a07b07-adc6-76c0-8b49-38246d0e6357/Prospekt-14-09-2026-16-09-2026-00.pdf,40468;40474,Düsseldorf,판매 단위 확인,공식 원문 재검증 대기,"원본 수집 행 보존. 재검증 대기, 자동 가격 제외.",held,,347;467
2026-09-13 21:08 Europe/Berlin,Kaufland,"Kaufland Düsseldorf-Derendorf, Hilde-und-Joseph-Neyses-Platz 5, 40476 Düsseldorf (최근접 전단 지점, 지점별 가격 미확인)",40476,식품,14.09.2026-16.09.2026,GORBATSCHOW Wodka Original oder Citron GORBATSCHOW Wodka Original oder Citron,"GORBATSCHOW Wodka Original oder Citron GORBATSCHOW Wodka Original oder Citron je 0,7-l-Fl.(1 l = 7.93)-43%5.55 9.79",5.55,,-43 %,9.79,https://assets.leaflets.schwarz/leaflets/pdfs/01a07b07-adc6-76c0-8b49-38246d0e6357/Prospekt-14-09-2026-16-09-2026-00.pdf,40468;40474,Düsseldorf,판매 단위 확인,공식 원문 재검증 대기,"원본 수집 행 보존. 재검증 대기, 자동 가격 제외.",held,,348;468
2026-09-13 21:08 Europe/Berlin,Kaufland,"Kaufland Düsseldorf-Derendorf, Hilde-und-Joseph-Neyses-Platz 5, 40476 Düsseldorf (최근접 전단 지점, 지점별 가격 미확인)",40476,식품,14.09.2026-16.09.2026,HAK Rotkohl HAK Rotkohl,HAK Rotkohl HAK Rotkohl je 700-g-Glas(1 kg = 1.85)-41%1.29 2.19,1.29,,-41 %,2.19,https://assets.leaflets.schwarz/leaflets/pdfs/01a07b07-adc6-76c0-8b49-38246d0e6357/Prospekt-14-09-2026-16-09-2026-00.pdf,40468;40474,Düsseldorf,판매 단위 확인,공식 원문 재검증 대기,"원본 수집 행 보존. 재검증 대기, 자동 가격 제외.",held,,349;469
2026-09-13 21:08 Europe/Berlin,Kaufland,"Kaufland Düsseldorf-Derendorf, Hilde-und-Joseph-Neyses-Platz 5, 40476 Düsseldorf (최근접 전단 지점, 지점별 가격 미확인)",40476,식품,14.09.2026-16.09.2026,HARIBO Fruchtgummis oder Lakritze HARIBO Fruchtgummis oder Lakritze,HARIBO Fruchtgummis oder Lakritze HARIBO Fruchtgummis oder Lakritze je 150 - 175-g-Packg.(1 kg = 3.95 - 4.60)-42%0.69 1.19,0.69,,-42 %,1.19,https://assets.leaflets.schwarz/leaflets/pdfs/01a07b07-adc6-76c0-8b49-38246d0e6357/Prospekt-14-09-2026-16-09-2026-00.pdf,40468;40474,Düsseldorf,판매 단위 확인,공식 원문 재검증 대기,"원본 수집 행 보존. 재검증 대기, 자동 가격 제외.",held,,350;470
2026-09-13 21:08 Europe/Berlin,Kaufland,"Kaufland Düsseldorf-Derendorf, Hilde-und-Joseph-Neyses-Platz 5, 40476 Düsseldorf (최근접 전단 지점, 지점별 가격 미확인)",40476,식품,14.09.2026-16.09.2026,IMMERGUT Eiskaffee oder Eisschoko IMMERGUT Eiskaffee oder Eisschoko,IMMERGUT Eiskaffee oder Eisschoko IMMERGUT Eiskaffee oder Eisschoko je 1-l-Packg.Mit Kaufland Card XTRA **-20%1.11 1.39,1.11,,-20 %,1.39,https://assets.leaflets.schwarz/leaflets/pdfs/01a07b07-adc6-76c0-8b49-38246d0e6357/Prospekt-14-09-2026-16-09-2026-00.pdf,40468;40474,Düsseldorf,판매 단위 확인,공식 원문 재검증 대기,"원본 수집 행 보존. 재검증 대기, 자동 가격 제외.",held,,351;471
2026-09-13 21:08 Europe/Berlin,Kaufland,"Kaufland Düsseldorf-Derendorf, Hilde-und-Joseph-Neyses-Platz 5, 40476 Düsseldorf (최근접 전단 지점, 지점별 가격 미확인)",40476,식품,14.09.2026-16.09.2026,"Ital./span. Bio-Tafeltrauben, hell Ital./span. Bio-Tafeltrauben, hell","Ital./span. Bio-Tafeltrauben, hell Ital./span. Bio-Tafeltrauben, hell je 400-g-Packg.(1 kg = 4.98)-28%1.99 2.79",1.99,,-28 %,2.79,https://assets.leaflets.schwarz/leaflets/pdfs/01a07b07-adc6-76c0-8b49-38246d0e6357/Prospekt-14-09-2026-16-09-2026-00.pdf,40468;40474,Düsseldorf,판매 단위 확인,공식 원문 재검증 대기,"원본 수집 행 보존. 재검증 대기, 자동 가격 제외.",held,,352;472
2026-09-13 21:08 Europe/Berlin,Kaufland,"Kaufland Düsseldorf-Derendorf, Hilde-und-Joseph-Neyses-Platz 5, 40476 Düsseldorf (최근접 전단 지점, 지점별 가격 미확인)",40476,식품,14.09.2026-16.09.2026,K-BLUE BAY Schwarzer Heilbutt K-BLUE BAY Schwarzer Heilbutt,K-BLUE BAY Schwarzer Heilbutt K-BLUE BAY Schwarzer Heilbutt je kg(entspr. z. B. für eine 160-g-Packg. 3.29)-17%20.56 24.99,20.56,,-17 %,24.99,https://assets.leaflets.schwarz/leaflets/pdfs/01a07b07-adc6-76c0-8b49-38246d0e6357/Prospekt-14-09-2026-16-09-2026-00.pdf,40468;40474,Düsseldorf,판매 단위 확인,공식 원문 재검증 대기,"원본 수집 행 보존. 재검증 대기, 자동 가격 제외.",held,,353;473
2026-09-13 21:08 Europe/Berlin,Kaufland,"Kaufland Düsseldorf-Derendorf, Hilde-und-Joseph-Neyses-Platz 5, 40476 Düsseldorf (최근접 전단 지점, 지점별 가격 미확인)",40476,식품,14.09.2026-16.09.2026,K-CLASSIC Ayran K-CLASSIC Ayran,K-CLASSIC Ayran K-CLASSIC Ayran je 1-l-Packg.Mit Kaufland Card XTRA **-25%1.11 1.49,1.11,,-25 %,1.49,https://assets.leaflets.schwarz/leaflets/pdfs/01a07b07-adc6-76c0-8b49-38246d0e6357/Prospekt-14-09-2026-16-09-2026-00.pdf,40468;40474,Düsseldorf,판매 단위 확인,공식 원문 재검증 대기,"원본 수집 행 보존. 재검증 대기, 자동 가격 제외.",held,,354;474
2026-09-13 21:08 Europe/Berlin,Kaufland,"Kaufland Düsseldorf-Derendorf, Hilde-und-Joseph-Neyses-Platz 5, 40476 Düsseldorf (최근접 전단 지점, 지점별 가격 미확인)",40476,식품,14.09.2026-16.09.2026,K-CLASSIC Deutsche Markenbutter K-CLASSIC Deutsche Markenbutter,250 g | mildgesäuert,0.88,,-16 %,1.05,https://assets.leaflets.schwarz/leaflets/pdfs/01a07b07-adc6-76c0-8b49-38246d0e6357/Prospekt-14-09-2026-16-09-2026-00.pdf,40468;40474,Düsseldorf,250 g,,지점 공식 PDF 전단 6쪽: K-CLASSIC Deutsche Markenbutter; je 250-g-Stück; 0.88 EUR; 14.09.2026–16.09.2026.,verified,,355;475
2026-09-13 21:08 Europe/Berlin,Kaufland,"Kaufland Düsseldorf-Derendorf, Hilde-und-Joseph-Neyses-Platz 5, 40476 Düsseldorf (최근접 전단 지점, 지점별 가격 미확인)",40476,식품,14.09.2026-16.09.2026,K-CLASSIC Frischer Schmand 24 % Fett K-CLASSIC Frischer Schmand 24 % Fett je 200-g-Becher(1 kg = 3.95) / (1 kg = 2.95)**Mit Kaufland Card XTRA **-25%0.59 0.79,K-CLASSIC Frischer Schmand 24 % Fett K-CLASSIC Frischer Schmand 24 % Fett je 200-g-Becher(1 kg = 3.95) / (1 kg = 2.95)**Mit Kaufland Card XTRA **-25%0.59 0.79,0.59,,-25 %,0.79,https://assets.leaflets.schwarz/leaflets/pdfs/01a07b07-adc6-76c0-8b49-38246d0e6357/Prospekt-14-09-2026-16-09-2026-00.pdf,40468;40474,Düsseldorf,판매 단위 확인,공식 원문 재검증 대기,"원본 수집 행 보존. 재검증 대기, 자동 가격 제외.",held,,356;476
2026-09-13 21:08 Europe/Berlin,Kaufland,"Kaufland Düsseldorf-Derendorf, Hilde-und-Joseph-Neyses-Platz 5, 40476 Düsseldorf (최근접 전단 지점, 지점별 가격 미확인)",40476,식품,14.09.2026-16.09.2026,K-CLASSIC Frutti die Mare K-CLASSIC Frutti die Mare,K-CLASSIC Frutti die Mare K-CLASSIC Frutti die Mare je 270-g-Packg.(1 kg = 12.34)-16%3.33 3.99 Weitere Angebote anzeigen,3.33,,-16 %,3.99,https://assets.leaflets.schwarz/leaflets/pdfs/01a07b07-adc6-76c0-8b49-38246d0e6357/Prospekt-14-09-2026-16-09-2026-00.pdf,40468;40474,Düsseldorf,판매 단위 확인,공식 원문 재검증 대기,"원본 수집 행 보존. 재검증 대기, 자동 가격 제외.",held,,357;477
2026-09-13 21:08 Europe/Berlin,Kaufland,"Kaufland Düsseldorf-Derendorf, Hilde-und-Joseph-Neyses-Platz 5, 40476 Düsseldorf (최근접 전단 지점, 지점별 가격 미확인)",40476,식품,14.09.2026-16.09.2026,K-CLASSIC Grütze K-CLASSIC Grütze,K-CLASSIC Grütze K-CLASSIC Grütze je 500-g-Becher(1 kg = 4.58) / (1 kg = 3.78)**Mit Kaufland Card XTRA **-17%1.89 2.29,1.89,,-17 %,2.29,https://assets.leaflets.schwarz/leaflets/pdfs/01a07b07-adc6-76c0-8b49-38246d0e6357/Prospekt-14-09-2026-16-09-2026-00.pdf,40468;40474,Düsseldorf,판매 단위 확인,공식 원문 재검증 대기,"원본 수집 행 보존. 재검증 대기, 자동 가격 제외.",held,,358;478
2026-09-13 21:08 Europe/Berlin,Kaufland,"Kaufland Düsseldorf-Derendorf, Hilde-und-Joseph-Neyses-Platz 5, 40476 Düsseldorf (최근접 전단 지점, 지점별 가격 미확인)",40476,식품,14.09.2026-16.09.2026,K-CLASSIC High Protein Pudding K-CLASSIC High Protein Pudding,K-CLASSIC High Protein Pudding K-CLASSIC High Protein Pudding je 200-g-Becher(1 kg = 4.45) / (1 kg = 3.45)**Mit Kaufland Card XTRA **-22%0.69 0.89,0.69,,-22 %,0.89,https://assets.leaflets.schwarz/leaflets/pdfs/01a07b07-adc6-76c0-8b49-38246d0e6357/Prospekt-14-09-2026-16-09-2026-00.pdf,40468;40474,Düsseldorf,판매 단위 확인,공식 원문 재검증 대기,"원본 수집 행 보존. 재검증 대기, 자동 가격 제외.",held,,359;479
2026-09-13 21:08 Europe/Berlin,Kaufland,"Kaufland Düsseldorf-Derendorf, Hilde-und-Joseph-Neyses-Platz 5, 40476 Düsseldorf (최근접 전단 지점, 지점별 가격 미확인)",40476,식품,14.09.2026-16.09.2026,K-CLASSIC High-Protein-Quarkriegel K-CLASSIC High-Protein-Quarkriegel,K-CLASSIC High-Protein-Quarkriegel K-CLASSIC High-Protein-Quarkriegel je 40-g-Riegel(1 kg = 19.75) / (1 kg = 14.75)**Mit Kaufland Card XTRA **-25%0.59 0.79,0.59,,-25 %,0.79,https://assets.leaflets.schwarz/leaflets/pdfs/01a07b07-adc6-76c0-8b49-38246d0e6357/Prospekt-14-09-2026-16-09-2026-00.pdf,40468;40474,Düsseldorf,판매 단위 확인,공식 원문 재검증 대기,"원본 수집 행 보존. 재검증 대기, 자동 가격 제외.",held,,360;480
2026-09-13 21:08 Europe/Berlin,Kaufland,"Kaufland Düsseldorf-Derendorf, Hilde-und-Joseph-Neyses-Platz 5, 40476 Düsseldorf (최근접 전단 지점, 지점별 가격 미확인)",40476,식품,14.09.2026-16.09.2026,"K-CLASSIC Hirtenkäse, 45 % Fett i. Tr.K-CLASSIC Hirtenkäse, 45 % Fett i. Tr.je 250-g-Packg.(1 kg = 4.44)-25%1.11","K-CLASSIC Hirtenkäse, 45 % Fett i. Tr.K-CLASSIC Hirtenkäse, 45 % Fett i. Tr.je 250-g-Packg.(1 kg = 4.44)-25%1.11 1.49",1.11,,-25 %,1.49,https://assets.leaflets.schwarz/leaflets/pdfs/01a07b07-adc6-76c0-8b49-38246d0e6357/Prospekt-14-09-2026-16-09-2026-00.pdf,40468;40474,Düsseldorf,판매 단위 확인,공식 원문 재검증 대기,"원본 수집 행 보존. 재검증 대기, 자동 가격 제외.",held,,361;481
2026-09-13 21:08 Europe/Berlin,Kaufland,"Kaufland Düsseldorf-Derendorf, Hilde-und-Joseph-Neyses-Platz 5, 40476 Düsseldorf (최근접 전단 지점, 지점별 가격 미확인)",40476,식품,14.09.2026-16.09.2026,K-CLASSIC Kaliforn. Pistazien K-CLASSIC Kaliforn. Pistazien,K-CLASSIC Kaliforn. Pistazien K-CLASSIC Kaliforn. Pistazien je 250-g-Packg.(1 kg = 9.96)-28%2.49 3.49,2.49,,-28 %,3.49,https://assets.leaflets.schwarz/leaflets/pdfs/01a07b07-adc6-76c0-8b49-38246d0e6357/Prospekt-14-09-2026-16-09-2026-00.pdf,40468;40474,Düsseldorf,판매 단위 확인,공식 원문 재검증 대기,"원본 수집 행 보존. 재검증 대기, 자동 가격 제외.",held,,362;482
2026-09-13 21:08 Europe/Berlin,Kaufland,"Kaufland Düsseldorf-Derendorf, Hilde-und-Joseph-Neyses-Platz 5, 40476 Düsseldorf (최근접 전단 지점, 지점별 가격 미확인)",40476,식품,14.09.2026-16.09.2026,K-CLASSIC Kürbiskerne K-CLASSIC Kürbiskerne,K-CLASSIC Kürbiskerne K-CLASSIC Kürbiskerne je 200-g-Packg.(1 kg = 7.45)-21%1.49 1.89,1.49,,-21 %,1.89,https://assets.leaflets.schwarz/leaflets/pdfs/01a07b07-adc6-76c0-8b49-38246d0e6357/Prospekt-14-09-2026-16-09-2026-00.pdf,40468;40474,Düsseldorf,판매 단위 확인,공식 원문 재검증 대기,"원본 수집 행 보존. 재검증 대기, 자동 가격 제외.",held,,363;483
2026-09-13 21:08 Europe/Berlin,Kaufland,"Kaufland Düsseldorf-Derendorf, Hilde-und-Joseph-Neyses-Platz 5, 40476 Düsseldorf (최근접 전단 지점, 지점별 가격 미확인)",40476,식품,14.09.2026-16.09.2026,K-CLASSIC Limburger K-CLASSIC Limburger,K-CLASSIC Limburger K-CLASSIC Limburger je 200-g-Stück(1 kg = 9.95) / (1 kg = 8.95)**Mit Kaufland Card XTRA **-10%1.79 1.99 Weitere Angebote anzeigen,1.79,,-10 %,1.99,https://assets.leaflets.schwarz/leaflets/pdfs/01a07b07-adc6-76c0-8b49-38246d0e6357/Prospekt-14-09-2026-16-09-2026-00.pdf,40468;40474,Düsseldorf,판매 단위 확인,공식 원문 재검증 대기,"원본 수집 행 보존. 재검증 대기, 자동 가격 제외.",held,,364;484
2026-09-13 21:08 Europe/Berlin,Kaufland,"Kaufland Düsseldorf-Derendorf, Hilde-und-Joseph-Neyses-Platz 5, 40476 Düsseldorf (최근접 전단 지점, 지점별 가격 미확인)",40476,식품,14.09.2026-16.09.2026,K-CLASSIC Pistazienkerne K-CLASSIC Pistazienkerne,K-CLASSIC Pistazienkerne K-CLASSIC Pistazienkerne je 100-g-Packg.(1 kg = 31.90)-20%3.19 3.99,3.19,,-20 %,3.99,https://assets.leaflets.schwarz/leaflets/pdfs/01a07b07-adc6-76c0-8b49-38246d0e6357/Prospekt-14-09-2026-16-09-2026-00.pdf,40468;40474,Düsseldorf,판매 단위 확인,공식 원문 재검증 대기,"원본 수집 행 보존. 재검증 대기, 자동 가격 제외.",held,,365;485
2026-09-13 21:08 Europe/Berlin,Kaufland,"Kaufland Düsseldorf-Derendorf, Hilde-und-Joseph-Neyses-Platz 5, 40476 Düsseldorf (최근접 전단 지점, 지점별 가격 미확인)",40476,식품,14.09.2026-16.09.2026,K-CLASSIC Salatkerne-Mix K-CLASSIC Salatkerne-Mix,K-CLASSIC Salatkerne-Mix K-CLASSIC Salatkerne-Mix je 175-g-Packg.(1 kg = 9.66)-26%1.69 2.29,1.69,,-26 %,2.29,https://assets.leaflets.schwarz/leaflets/pdfs/01a07b07-adc6-76c0-8b49-38246d0e6357/Prospekt-14-09-2026-16-09-2026-00.pdf,40468;40474,Düsseldorf,판매 단위 확인,공식 원문 재검증 대기,"원본 수집 행 보존. 재검증 대기, 자동 가격 제외.",held,,366;486
2026-09-13 21:08 Europe/Berlin,Kaufland,"Kaufland Düsseldorf-Derendorf, Hilde-und-Joseph-Neyses-Platz 5, 40476 Düsseldorf (최근접 전단 지점, 지점별 가격 미확인)",40476,식품,14.09.2026-16.09.2026,K-CLASSIC Sandwichtoast K-CLASSIC Sandwichtoast,K-CLASSIC Sandwichtoast K-CLASSIC Sandwichtoast je 750-g-Packg.(1 kg = 1.32)-16%0.99 1.19,0.99,,-16 %,1.19,https://assets.leaflets.schwarz/leaflets/pdfs/01a07b07-adc6-76c0-8b49-38246d0e6357/Prospekt-14-09-2026-16-09-2026-00.pdf,40468;40474,Düsseldorf,판매 단위 확인,공식 원문 재검증 대기,"원본 수집 행 보존. 재검증 대기, 자동 가격 제외.",held,,367;487
2026-09-13 21:08 Europe/Berlin,Kaufland,"Kaufland Düsseldorf-Derendorf, Hilde-und-Joseph-Neyses-Platz 5, 40476 Düsseldorf (최근접 전단 지점, 지점별 가격 미확인)",40476,식품,14.09.2026-16.09.2026,K-CLASSIC Saure Sahne K-CLASSIC Saure Sahne,K-CLASSIC Saure Sahne K-CLASSIC Saure Sahne je 200-g-Becher(1 kg = 2.95) / (1 kg = 2.45)**Mit Kaufland Card XTRA **-16%0.49 0.59,0.49,,-16 %,0.59,https://assets.leaflets.schwarz/leaflets/pdfs/01a07b07-adc6-76c0-8b49-38246d0e6357/Prospekt-14-09-2026-16-09-2026-00.pdf,40468;40474,Düsseldorf,판매 단위 확인,공식 원문 재검증 대기,"원본 수집 행 보존. 재검증 대기, 자동 가격 제외.",held,,368;488
2026-09-13 21:08 Europe/Berlin,Kaufland,"Kaufland Düsseldorf-Derendorf, Hilde-und-Joseph-Neyses-Platz 5, 40476 Düsseldorf (최근접 전단 지점, 지점별 가격 미확인)",40476,식품,14.09.2026-16.09.2026,K-CLASSIC Schlagsahne K-CLASSIC Schlagsahne,K-CLASSIC Schlagsahne K-CLASSIC Schlagsahne je 200-g-Becher(1 kg = 4.45) / (1 kg = 3.75)**Mit Kaufland Card XTRA **-15%0.75 0.89,0.75,,-15 %,0.89,https://assets.leaflets.schwarz/leaflets/pdfs/01a07b07-adc6-76c0-8b49-38246d0e6357/Prospekt-14-09-2026-16-09-2026-00.pdf,40468;40474,Düsseldorf,판매 단위 확인,공식 원문 재검증 대기,"원본 수집 행 보존. 재검증 대기, 자동 가격 제외.",held,,369;489
2026-09-13 21:08 Europe/Berlin,Kaufland,"Kaufland Düsseldorf-Derendorf, Hilde-und-Joseph-Neyses-Platz 5, 40476 Düsseldorf (최근접 전단 지점, 지점별 가격 미확인)",40476,식품,14.09.2026-16.09.2026,K-CLASSIC Sonnenblumenkerne K-CLASSIC Sonnenblumenkerne,K-CLASSIC Sonnenblumenkerne K-CLASSIC Sonnenblumenkerne je 400-g-Packg.(1 kg = 2.48)-16%0.99 1.19,0.99,,-16 %,1.19,https://assets.leaflets.schwarz/leaflets/pdfs/01a07b07-adc6-76c0-8b49-38246d0e6357/Prospekt-14-09-2026-16-09-2026-00.pdf,40468;40474,Düsseldorf,판매 단위 확인,공식 원문 재검증 대기,"원본 수집 행 보존. 재검증 대기, 자동 가격 제외.",held,,370;490
2026-09-13 21:08 Europe/Berlin,Kaufland,"Kaufland Düsseldorf-Derendorf, Hilde-und-Joseph-Neyses-Platz 5, 40476 Düsseldorf (최근접 전단 지점, 지점별 가격 미확인)",40476,식품,14.09.2026-16.09.2026,K-CLASSIC Studentenfutter K-CLASSIC Studentenfutter,K-CLASSIC Studentenfutter K-CLASSIC Studentenfutter je 200-g-Packg.(1 kg = 9.45)-17%1.89 2.29,1.89,,-17 %,2.29,https://assets.leaflets.schwarz/leaflets/pdfs/01a07b07-adc6-76c0-8b49-38246d0e6357/Prospekt-14-09-2026-16-09-2026-00.pdf,40468;40474,Düsseldorf,판매 단위 확인,공식 원문 재검증 대기,"원본 수집 행 보존. 재검증 대기, 자동 가격 제외.",held,,371;491
2026-09-13 21:08 Europe/Berlin,Kaufland,"Kaufland Düsseldorf-Derendorf, Hilde-und-Joseph-Neyses-Platz 5, 40476 Düsseldorf (최근접 전단 지점, 지점별 가격 미확인)",40476,식품,14.09.2026-16.09.2026,K-CLASSIC Toastbrötchen K-CLASSIC Toastbrötchen,K-CLASSIC Toastbrötchen K-CLASSIC Toastbrötchen je 6 St. = 335-g-Packg.(1 kg = 2.36)-20%0.79 0.99 Weitere Angebote anzeigen,0.79,,-20 %,0.99,https://assets.leaflets.schwarz/leaflets/pdfs/01a07b07-adc6-76c0-8b49-38246d0e6357/Prospekt-14-09-2026-16-09-2026-00.pdf,40468;40474,Düsseldorf,판매 단위 확인,공식 원문 재검증 대기,"원본 수집 행 보존. 재검증 대기, 자동 가격 제외.",held,,372;492
2026-09-13 21:08 Europe/Berlin,Kaufland,"Kaufland Düsseldorf-Derendorf, Hilde-und-Joseph-Neyses-Platz 5, 40476 Düsseldorf (최근접 전단 지점, 지점별 가격 미확인)",40476,식품,14.09.2026-16.09.2026,K-FAVOURITES Ital. Haselnusskerne K-FAVOURITES Ital. Haselnusskerne,K-FAVOURITES Ital. Haselnusskerne K-FAVOURITES Ital. Haselnusskerne je 200-g-Packg.(1 kg = 14.95)-18%2.99 3.69,2.99,,-18 %,3.69,https://assets.leaflets.schwarz/leaflets/pdfs/01a07b07-adc6-76c0-8b49-38246d0e6357/Prospekt-14-09-2026-16-09-2026-00.pdf,40468;40474,Düsseldorf,판매 단위 확인,공식 원문 재검증 대기,"원본 수집 행 보존. 재검증 대기, 자동 가격 제외.",held,,373;493
2026-09-13 21:08 Europe/Berlin,Kaufland,"Kaufland Düsseldorf-Derendorf, Hilde-und-Joseph-Neyses-Platz 5, 40476 Düsseldorf (최근접 전단 지점, 지점별 가격 미확인)",40476,식품,14.09.2026-16.09.2026,K-GOLD EDITION Antipasti K-GOLD EDITION Antipasti,K-GOLD EDITION Antipasti K-GOLD EDITION Antipasti je 150-g-Packg.(1 kg = 10.60)-20%1.59 1.99,1.59,,-20 %,1.99,https://assets.leaflets.schwarz/leaflets/pdfs/01a07b07-adc6-76c0-8b49-38246d0e6357/Prospekt-14-09-2026-16-09-2026-00.pdf,40468;40474,Düsseldorf,판매 단위 확인,공식 원문 재검증 대기,"원본 수집 행 보존. 재검증 대기, 자동 가격 제외.",held,,374;494
2026-09-13 21:08 Europe/Berlin,Kaufland,"Kaufland Düsseldorf-Derendorf, Hilde-und-Joseph-Neyses-Platz 5, 40476 Düsseldorf (최근접 전단 지점, 지점별 가격 미확인)",40476,식품,14.09.2026-16.09.2026,K-GOLD EDITION Oliven K-GOLD EDITION Oliven,K-GOLD EDITION Oliven K-GOLD EDITION Oliven je 150-g-Packg.(1 kg = 10.60)-11%1.59 1.79,1.59,,-11 %,1.79,https://assets.leaflets.schwarz/leaflets/pdfs/01a07b07-adc6-76c0-8b49-38246d0e6357/Prospekt-14-09-2026-16-09-2026-00.pdf,40468;40474,Düsseldorf,판매 단위 확인,공식 원문 재검증 대기,"원본 수집 행 보존. 재검증 대기, 자동 가격 제외.",held,,375;495
2026-09-13 21:08 Europe/Berlin,Kaufland,"Kaufland Düsseldorf-Derendorf, Hilde-und-Joseph-Neyses-Platz 5, 40476 Düsseldorf (최근접 전단 지점, 지점별 가격 미확인)",40476,식품,14.09.2026-16.09.2026,K-GOLD EDITION Prosciutto italiano K-GOLD EDITION Prosciutto italiano,K-GOLD EDITION Prosciutto italiano K-GOLD EDITION Prosciutto italiano je 100-g-Packg.(1 kg = 17.90)-21%1.79 2.29,1.79,,-21 %,2.29,https://assets.leaflets.schwarz/leaflets/pdfs/01a07b07-adc6-76c0-8b49-38246d0e6357/Prospekt-14-09-2026-16-09-2026-00.pdf,40468;40474,Düsseldorf,판매 단위 확인,공식 원문 재검증 대기,"원본 수집 행 보존. 재검증 대기, 자동 가격 제외.",held,,376;496
2026-09-13 21:08 Europe/Berlin,Kaufland,"Kaufland Düsseldorf-Derendorf, Hilde-und-Joseph-Neyses-Platz 5, 40476 Düsseldorf (최근접 전단 지점, 지점별 가격 미확인)",40476,식품,14.09.2026-16.09.2026,K-GOLD EDITION Salsiccia K-GOLD EDITION Salsiccia,K-GOLD EDITION Salsiccia K-GOLD EDITION Salsiccia je 5 St. = 300-g-Packg.(1 kg = 9.64)-17%2.89 3.49,2.89,,-17 %,3.49,https://assets.leaflets.schwarz/leaflets/pdfs/01a07b07-adc6-76c0-8b49-38246d0e6357/Prospekt-14-09-2026-16-09-2026-00.pdf,40468;40474,Düsseldorf,판매 단위 확인,공식 원문 재검증 대기,"원본 수집 행 보존. 재검증 대기, 자동 가격 제외.",held,,377;497
2026-09-13 21:08 Europe/Berlin,Kaufland,"Kaufland Düsseldorf-Derendorf, Hilde-und-Joseph-Neyses-Platz 5, 40476 Düsseldorf (최근접 전단 지점, 지점별 가격 미확인)",40476,주류,14.09.2026-16.09.2026,K-PURLAND Kasseler Nacken mit Knochen vom Schwein K-PURLAND Kasseler Nacken mit Knochen vom Schwein je kg-25%5.99,K-PURLAND Kasseler Nacken mit Knochen vom Schwein K-PURLAND Kasseler Nacken mit Knochen vom Schwein je kg-25%5.99 7.99,5.99,,-25 %,7.99,https://assets.leaflets.schwarz/leaflets/pdfs/01a07b07-adc6-76c0-8b49-38246d0e6357/Prospekt-14-09-2026-16-09-2026-00.pdf,40468;40474,Düsseldorf,판매 단위 확인,공식 원문 재검증 대기,"원본 수집 행 보존. 재검증 대기, 자동 가격 제외.",held,,378;498
2026-09-13 21:08 Europe/Berlin,Kaufland,"Kaufland Düsseldorf-Derendorf, Hilde-und-Joseph-Neyses-Platz 5, 40476 Düsseldorf (최근접 전단 지점, 지점별 가격 미확인)",40476,주류,14.09.2026-16.09.2026,"K-PURLAND Pökelbraten vom Schwein, saftig und zart K-PURLAND Pökelbraten vom Schwein, saftig und zart je kg-31%5.49","K-PURLAND Pökelbraten vom Schwein, saftig und zart K-PURLAND Pökelbraten vom Schwein, saftig und zart je kg-31%5.49 7.99",5.49,,-31 %,7.99,https://assets.leaflets.schwarz/leaflets/pdfs/01a07b07-adc6-76c0-8b49-38246d0e6357/Prospekt-14-09-2026-16-09-2026-00.pdf,40468;40474,Düsseldorf,판매 단위 확인,공식 원문 재검증 대기,"원본 수집 행 보존. 재검증 대기, 자동 가격 제외.",held,,379;499
2026-09-13 21:08 Europe/Berlin,Kaufland,"Kaufland Düsseldorf-Derendorf, Hilde-und-Joseph-Neyses-Platz 5, 40476 Düsseldorf (최근접 전단 지점, 지점별 가격 미확인)",40476,식품,14.09.2026-16.09.2026,K-PURLAND Schinkenschnitzel K-PURLAND Schinkenschnitzel,K-PURLAND Schinkenschnitzel K-PURLAND Schinkenschnitzel je 600-g-Packg.(1 kg = 6.65)-27%3.99 5.49 Weitere Angebote anzeigen Diese Artikel findest du an unserer Frischetheke,3.99,,-27 %,5.49,https://assets.leaflets.schwarz/leaflets/pdfs/01a07b07-adc6-76c0-8b49-38246d0e6357/Prospekt-14-09-2026-16-09-2026-00.pdf,40468;40474,Düsseldorf,판매 단위 확인,공식 원문 재검증 대기,"원본 수집 행 보존. 재검증 대기, 자동 가격 제외.",held,,380;500
2026-09-13 21:08 Europe/Berlin,Kaufland,"Kaufland Düsseldorf-Derendorf, Hilde-und-Joseph-Neyses-Platz 5, 40476 Düsseldorf (최근접 전단 지점, 지점별 가격 미확인)",40476,식품,14.09.2026-16.09.2026,K-WERTSCHÄTZE Bockwurst mit Rindfleisch K-WERTSCHÄTZE Bockwurst mit Rindfleisch,K-WERTSCHÄTZE Bockwurst mit Rindfleisch K-WERTSCHÄTZE Bockwurst mit Rindfleisch je 100 g-40%0.89 1.49,0.89,,-40 %,1.49,https://assets.leaflets.schwarz/leaflets/pdfs/01a07b07-adc6-76c0-8b49-38246d0e6357/Prospekt-14-09-2026-16-09-2026-00.pdf,40468;40474,Düsseldorf,판매 단위 확인,공식 원문 재검증 대기,"원본 수집 행 보존. 재검증 대기, 자동 가격 제외.",held,,381;501
2026-09-13 21:08 Europe/Berlin,Kaufland,"Kaufland Düsseldorf-Derendorf, Hilde-und-Joseph-Neyses-Platz 5, 40476 Düsseldorf (최근접 전단 지점, 지점별 가격 미확인)",40476,식품,14.09.2026-16.09.2026,Käsebrötchen Käsebrötchen,Käsebrötchen Käsebrötchen je Stück-22%0.69 0.89,0.69,,-22 %,0.89,https://assets.leaflets.schwarz/leaflets/pdfs/01a07b07-adc6-76c0-8b49-38246d0e6357/Prospekt-14-09-2026-16-09-2026-00.pdf,40468;40474,Düsseldorf,판매 단위 확인,공식 원문 재검증 대기,"원본 수집 행 보존. 재검증 대기, 자동 가격 제외.",held,,382;502
2026-09-13 21:08 Europe/Berlin,Kaufland,"Kaufland Düsseldorf-Derendorf, Hilde-und-Joseph-Neyses-Platz 5, 40476 Düsseldorf (최근접 전단 지점, 지점별 가격 미확인)",40476,식품,14.09.2026-16.09.2026,KERRYGOLD Cheddar KERRYGOLD Cheddar,KERRYGOLD Cheddar KERRYGOLD Cheddar je 130-g-Packg.(1 kg = 11.47)-50%1.49 2.99,1.49,,-50 %,2.99,https://assets.leaflets.schwarz/leaflets/pdfs/01a07b07-adc6-76c0-8b49-38246d0e6357/Prospekt-14-09-2026-16-09-2026-00.pdf,40468;40474,Düsseldorf,판매 단위 확인,공식 원문 재검증 대기,"원본 수집 행 보존. 재검증 대기, 자동 가격 제외.",held,,383;503
2026-09-13 21:08 Europe/Berlin,Kaufland,"Kaufland Düsseldorf-Derendorf, Hilde-und-Joseph-Neyses-Platz 5, 40476 Düsseldorf (최근접 전단 지점, 지점별 가격 미확인)",40476,식품,14.09.2026-16.09.2026,KNÜLLER BARILLA Classic Pasta BARILLA Classic Pasta,KNÜLLER BARILLA Classic Pasta BARILLA Classic Pasta je 1-kg-Packg.nur 1.99,1.99,,,1.99,https://assets.leaflets.schwarz/leaflets/pdfs/01a07b07-adc6-76c0-8b49-38246d0e6357/Prospekt-14-09-2026-16-09-2026-00.pdf,40468;40474,Düsseldorf,판매 단위 확인,공식 원문 재검증 대기,"원본 수집 행 보존. 재검증 대기, 자동 가격 제외.",held,,384;504
2026-09-13 21:08 Europe/Berlin,Kaufland,"Kaufland Düsseldorf-Derendorf, Hilde-und-Joseph-Neyses-Platz 5, 40476 Düsseldorf (최근접 전단 지점, 지점별 가격 미확인)",40476,식품,14.09.2026-16.09.2026,KNÜLLER BARILLA Classic Pasta BARILLA Classic Pasta,KNÜLLER BARILLA Classic Pasta BARILLA Classic Pasta je 500-g-Packg.(1 kg = 3.18)nur 1.59,3.18,,,3.18,https://assets.leaflets.schwarz/leaflets/pdfs/01a07b07-adc6-76c0-8b49-38246d0e6357/Prospekt-14-09-2026-16-09-2026-00.pdf,40468;40474,Düsseldorf,판매 단위 확인,공식 원문 재검증 대기,"원본 수집 행 보존. 재검증 대기, 자동 가격 제외.",held,,385;505
2026-09-13 21:08 Europe/Berlin,Kaufland,"Kaufland Düsseldorf-Derendorf, Hilde-und-Joseph-Neyses-Platz 5, 40476 Düsseldorf (최근접 전단 지점, 지점별 가격 미확인)",40476,식품,14.09.2026-16.09.2026,KNÜLLER BAUER Diplomat Kümmel oder Jalapeño-Chili BAUER Diplomat Kümmel oder Jalapeño-Chili je 100 g nur 0.99,KNÜLLER BAUER Diplomat Kümmel oder Jalapeño-Chili BAUER Diplomat Kümmel oder Jalapeño-Chili je 100 g nur 0.99,0.99,,,0.99,https://assets.leaflets.schwarz/leaflets/pdfs/01a07b07-adc6-76c0-8b49-38246d0e6357/Prospekt-14-09-2026-16-09-2026-00.pdf,40468;40474,Düsseldorf,판매 단위 확인,공식 원문 재검증 대기,"원본 수집 행 보존. 재검증 대기, 자동 가격 제외.",held,,386;506
2026-09-13 21:08 Europe/Berlin,Kaufland,"Kaufland Düsseldorf-Derendorf, Hilde-und-Joseph-Neyses-Platz 5, 40476 Düsseldorf (최근접 전단 지점, 지점별 가격 미확인)",40476,식품,14.09.2026-16.09.2026,KNÜLLER BERTOLLI Pesto BERTOLLI Pesto,KNÜLLER BERTOLLI Pesto BERTOLLI Pesto je 185-g-Glas(1 kg = 14.22)nur 2.63 Weitere Angebote anzeigen,14.22,,,14.22,https://assets.leaflets.schwarz/leaflets/pdfs/01a07b07-adc6-76c0-8b49-38246d0e6357/Prospekt-14-09-2026-16-09-2026-00.pdf,40468;40474,Düsseldorf,판매 단위 확인,공식 원문 재검증 대기,"원본 수집 행 보존. 재검증 대기, 자동 가격 제외.",held,,387;507
2026-09-13 21:08 Europe/Berlin,Kaufland,"Kaufland Düsseldorf-Derendorf, Hilde-und-Joseph-Neyses-Platz 5, 40476 Düsseldorf (최근접 전단 지점, 지점별 가격 미확인)",40476,주류,14.09.2026-16.09.2026,KNÜLLER CRODO Limonade CRODO Limonade,"KNÜLLER CRODO Limonade CRODO Limonade je 0,33-l-Dose(1 l = 2.70)nur 0.89",0.33,,,033,https://assets.leaflets.schwarz/leaflets/pdfs/01a07b07-adc6-76c0-8b49-38246d0e6357/Prospekt-14-09-2026-16-09-2026-00.pdf,40468;40474,Düsseldorf,판매 단위 확인,공식 원문 재검증 대기,"원본 수집 행 보존. 재검증 대기, 자동 가격 제외.",held,,388;508
2026-09-13 21:08 Europe/Berlin,Kaufland,"Kaufland Düsseldorf-Derendorf, Hilde-und-Joseph-Neyses-Platz 5, 40476 Düsseldorf (최근접 전단 지점, 지점별 가격 미확인)",40476,식품,14.09.2026-16.09.2026,KNÜLLER DAHLHOFF FEINKOST Creme-Dip DAHLHOFF FEINKOST Creme-Dip,KNÜLLER DAHLHOFF FEINKOST Creme-Dip DAHLHOFF FEINKOST Creme-Dip je 250-g-Becher(1 kg = 7.96)nur 1.99 Weitere Angebote anzeigen Diese Artikel findest du an unserer Frischetheke,7.96,,,7.96,https://assets.leaflets.schwarz/leaflets/pdfs/01a07b07-adc6-76c0-8b49-38246d0e6357/Prospekt-14-09-2026-16-09-2026-00.pdf,40468;40474,Düsseldorf,판매 단위 확인,공식 원문 재검증 대기,"원본 수집 행 보존. 재검증 대기, 자동 가격 제외.",held,,389;509
2026-09-13 21:08 Europe/Berlin,Kaufland,"Kaufland Düsseldorf-Derendorf, Hilde-und-Joseph-Neyses-Platz 5, 40476 Düsseldorf (최근접 전단 지점, 지점별 가격 미확인)",40476,주류,14.09.2026-16.09.2026,KNÜLLER DEIT Zuckerfreie Limonade DEIT Zuckerfreie Limonade,"KNÜLLER DEIT Zuckerfreie Limonade DEIT Zuckerfreie Limonade je 0,75-l-PET-Fl.(1 l = 1.19)nur 0.89",0.75,,,075,https://assets.leaflets.schwarz/leaflets/pdfs/01a07b07-adc6-76c0-8b49-38246d0e6357/Prospekt-14-09-2026-16-09-2026-00.pdf,40468;40474,Düsseldorf,판매 단위 확인,공식 원문 재검증 대기,"원본 수집 행 보존. 재검증 대기, 자동 가격 제외.",held,,390;510
2026-09-13 21:08 Europe/Berlin,Kaufland,"Kaufland Düsseldorf-Derendorf, Hilde-und-Joseph-Neyses-Platz 5, 40476 Düsseldorf (최근접 전단 지점, 지점별 가격 미확인)",40476,식품,14.09.2026-16.09.2026,KNÜLLER Gegrillte Champignons mit Frischkäse Gegrillte Champignons mit Frischkäse,KNÜLLER Gegrillte Champignons mit Frischkäse Gegrillte Champignons mit Frischkäse je 100 g nur 1.49,1.49,,,1.49,https://assets.leaflets.schwarz/leaflets/pdfs/01a07b07-adc6-76c0-8b49-38246d0e6357/Prospekt-14-09-2026-16-09-2026-00.pdf,40468;40474,Düsseldorf,판매 단위 확인,공식 원문 재검증 대기,"원본 수집 행 보존. 재검증 대기, 자동 가격 제외.",held,,391;511
2026-09-13 21:08 Europe/Berlin,Kaufland,"Kaufland Düsseldorf-Derendorf, Hilde-und-Joseph-Neyses-Platz 5, 40476 Düsseldorf (최근접 전단 지점, 지점별 가격 미확인)",40476,주류,14.09.2026-16.09.2026,KNÜLLER INNOCENT Smoothie INNOCENT Smoothie,KNÜLLER INNOCENT Smoothie INNOCENT Smoothie je 250-ml-Fl.(1 l = 5.96)nur 1.49,5.96,,,5.96,https://assets.leaflets.schwarz/leaflets/pdfs/01a07b07-adc6-76c0-8b49-38246d0e6357/Prospekt-14-09-2026-16-09-2026-00.pdf,40468;40474,Düsseldorf,판매 단위 확인,공식 원문 재검증 대기,"원본 수집 행 보존. 재검증 대기, 자동 가격 제외.",held,,392;512
2026-09-13 21:08 Europe/Berlin,Kaufland,"Kaufland Düsseldorf-Derendorf, Hilde-und-Joseph-Neyses-Platz 5, 40476 Düsseldorf (최근접 전단 지점, 지점별 가격 미확인)",40476,식품,14.09.2026-16.09.2026,KNÜLLER K-CLASSIC Pekannusskerne K-CLASSIC Pekannusskerne,KNÜLLER K-CLASSIC Pekannusskerne K-CLASSIC Pekannusskerne je 200-g-Packg.(1 kg = 15.00)nur 9.00,15.00,,,15.00,https://assets.leaflets.schwarz/leaflets/pdfs/01a07b07-adc6-76c0-8b49-38246d0e6357/Prospekt-14-09-2026-16-09-2026-00.pdf,40468;40474,Düsseldorf,판매 단위 확인,공식 원문 재검증 대기,"원본 수집 행 보존. 재검증 대기, 자동 가격 제외.",held,,393;513
2026-09-13 21:08 Europe/Berlin,Kaufland,"Kaufland Düsseldorf-Derendorf, Hilde-und-Joseph-Neyses-Platz 5, 40476 Düsseldorf (최근접 전단 지점, 지점별 가격 미확인)",40476,식품,14.09.2026-16.09.2026,KNÜLLER K-FAVOURITES Kalifor. Mandeln K-FAVOURITES Kalifor. Mandeln,KNÜLLER K-FAVOURITES Kalifor. Mandeln K-FAVOURITES Kalifor. Mandeln je 200-g-Packg.(1 kg = 11.10)nur 2.22,11.10,,,11.10,https://assets.leaflets.schwarz/leaflets/pdfs/01a07b07-adc6-76c0-8b49-38246d0e6357/Prospekt-14-09-2026-16-09-2026-00.pdf,40468;40474,Düsseldorf,판매 단위 확인,공식 원문 재검증 대기,"원본 수집 행 보존. 재검증 대기, 자동 가격 제외.",held,,394;514
2026-09-13 21:08 Europe/Berlin,Kaufland,"Kaufland Düsseldorf-Derendorf, Hilde-und-Joseph-Neyses-Platz 5, 40476 Düsseldorf (최근접 전단 지점, 지점별 가격 미확인)",40476,주류,14.09.2026-16.09.2026,KNÜLLER K-PURLAND Schweinefilet am Stück K-PURLAND Schweinefilet am Stück,KNÜLLER K-PURLAND Schweinefilet am Stück K-PURLAND Schweinefilet am Stück je kg nur 8.49,8.49,,,8.49,https://assets.leaflets.schwarz/leaflets/pdfs/01a07b07-adc6-76c0-8b49-38246d0e6357/Prospekt-14-09-2026-16-09-2026-00.pdf,40468;40474,Düsseldorf,판매 단위 확인,공식 원문 재검증 대기,"원본 수집 행 보존. 재검증 대기, 자동 가격 제외.",held,,395;515
2026-09-13 21:08 Europe/Berlin,Kaufland,"Kaufland Düsseldorf-Derendorf, Hilde-und-Joseph-Neyses-Platz 5, 40476 Düsseldorf (최근접 전단 지점, 지점별 가격 미확인)",40476,주류,14.09.2026-16.09.2026,KNÜLLER K-PURLAND Schweinehackfleisch K-PURLAND Schweinehackfleisch,KNÜLLER K-PURLAND Schweinehackfleisch K-PURLAND Schweinehackfleisch je 500-g-Packg.(1 kg = 3.98)nur 1.99,3.98,,,3.98,https://assets.leaflets.schwarz/leaflets/pdfs/01a07b07-adc6-76c0-8b49-38246d0e6357/Prospekt-14-09-2026-16-09-2026-00.pdf,40468;40474,Düsseldorf,판매 단위 확인,공식 원문 재검증 대기,"원본 수집 행 보존. 재검증 대기, 자동 가격 제외.",held,,396;516
2026-09-13 21:08 Europe/Berlin,Kaufland,"Kaufland Düsseldorf-Derendorf, Hilde-und-Joseph-Neyses-Platz 5, 40476 Düsseldorf (최근접 전단 지점, 지점별 가격 미확인)",40476,식품,14.09.2026-16.09.2026,KNÜLLER K-WERTSCHÄTZE Fleischwurst aus eigener Herstellung K-WERTSCHÄTZE Fleischwurst aus eigener Herstellung je 100 g nur 0.88,KNÜLLER K-WERTSCHÄTZE Fleischwurst aus eigener Herstellung K-WERTSCHÄTZE Fleischwurst aus eigener Herstellung je 100 g nur 0.88,0.88,,,0.88,https://assets.leaflets.schwarz/leaflets/pdfs/01a07b07-adc6-76c0-8b49-38246d0e6357/Prospekt-14-09-2026-16-09-2026-00.pdf,40468;40474,Düsseldorf,판매 단위 확인,공식 원문 재검증 대기,"원본 수집 행 보존. 재검증 대기, 자동 가격 제외.",held,,397;517
2026-09-13 21:08 Europe/Berlin,Kaufland,"Kaufland Düsseldorf-Derendorf, Hilde-und-Joseph-Neyses-Platz 5, 40476 Düsseldorf (최근접 전단 지점, 지점별 가격 미확인)",40476,주류,14.09.2026-16.09.2026,KNÜLLER KROMBACHER Spezi KROMBACHER Spezi,"KNÜLLER KROMBACHER Spezi KROMBACHER Spezi je 0,5-l-Dose(1 l = 1.58)nur 0.79",1.58,,,1.58,https://assets.leaflets.schwarz/leaflets/pdfs/01a07b07-adc6-76c0-8b49-38246d0e6357/Prospekt-14-09-2026-16-09-2026-00.pdf,40468;40474,Düsseldorf,판매 단위 확인,공식 원문 재검증 대기,"원본 수집 행 보존. 재검증 대기, 자동 가격 제외.",held,,398;518
2026-09-13 21:08 Europe/Berlin,Kaufland,"Kaufland Düsseldorf-Derendorf, Hilde-und-Joseph-Neyses-Platz 5, 40476 Düsseldorf (최근접 전단 지점, 지점별 가격 미확인)",40476,식품,14.09.2026-16.09.2026,KNÜLLER LINDT Excellence Schokolade LINDT Excellence Schokolade,KNÜLLER LINDT Excellence Schokolade LINDT Excellence Schokolade je 50 - 100-g-Tafel(1 kg = 29.90 - 59.80)nur 2.99 Weitere Angebote anzeigen,29.90,,,29.90,https://assets.leaflets.schwarz/leaflets/pdfs/01a07b07-adc6-76c0-8b49-38246d0e6357/Prospekt-14-09-2026-16-09-2026-00.pdf,40468;40474,Düsseldorf,판매 단위 확인,공식 원문 재검증 대기,"원본 수집 행 보존. 재검증 대기, 자동 가격 제외.",held,,399;519
2026-09-13 21:08 Europe/Berlin,Kaufland,"Kaufland Düsseldorf-Derendorf, Hilde-und-Joseph-Neyses-Platz 5, 40476 Düsseldorf (최근접 전단 지점, 지점별 가격 미확인)",40476,식품,14.09.2026-16.09.2026,KNÜLLER MÜLLER Joghurt mit der Ecke MÜLLER Joghurt mit der Ecke,KNÜLLER MÜLLER Joghurt mit der Ecke MÜLLER Joghurt mit der Ecke je 113 - 150-g-Becher(1 kg = 2.20 - 2.92)nur 0.33,2.20,,,2.20,https://assets.leaflets.schwarz/leaflets/pdfs/01a07b07-adc6-76c0-8b49-38246d0e6357/Prospekt-14-09-2026-16-09-2026-00.pdf,40468;40474,Düsseldorf,판매 단위 확인,공식 원문 재검증 대기,"원본 수집 행 보존. 재검증 대기, 자동 가격 제외.",held,,400;520
2026-09-13 21:08 Europe/Berlin,Kaufland,"Kaufland Düsseldorf-Derendorf, Hilde-und-Joseph-Neyses-Platz 5, 40476 Düsseldorf (최근접 전단 지점, 지점별 가격 미확인)",40476,식품,14.09.2026-16.09.2026,KNÜLLER ORIGNAL WAGNER Rustipani Ofenbrot oder Air-Fryer-Snack ORIGNAL WAGNER Rustipani Ofenbrot oder Air-Fryer-Snack je 170 - 195-g-Packg.(1 kg = 9.18 - 10.53)nur 1.79,KNÜLLER ORIGNAL WAGNER Rustipani Ofenbrot oder Air-Fryer-Snack ORIGNAL WAGNER Rustipani Ofenbrot oder Air-Fryer-Snack je 170 - 195-g-Packg.(1 kg = 9.18 - 10.53)nur 1.79,9.18,,,9.18,https://assets.leaflets.schwarz/leaflets/pdfs/01a07b07-adc6-76c0-8b49-38246d0e6357/Prospekt-14-09-2026-16-09-2026-00.pdf,40468;40474,Düsseldorf,판매 단위 확인,공식 원문 재검증 대기,"원본 수집 행 보존. 재검증 대기, 자동 가격 제외.",held,,401;521
2026-09-13 21:08 Europe/Berlin,Kaufland,"Kaufland Düsseldorf-Derendorf, Hilde-und-Joseph-Neyses-Platz 5, 40476 Düsseldorf (최근접 전단 지점, 지점별 가격 미확인)",40476,식품,14.09.2026-16.09.2026,KNÜLLER REINERT Bärchen-Wurstspezialität REINERT Bärchen-Wurstspezialität,KNÜLLER REINERT Bärchen-Wurstspezialität REINERT Bärchen-Wurstspezialität je 90 - 180-g-Packg.(1 kg = 7.73 - 15.45)nur 1.39 Weitere Angebote anzeigen,7.73,,,7.73,https://assets.leaflets.schwarz/leaflets/pdfs/01a07b07-adc6-76c0-8b49-38246d0e6357/Prospekt-14-09-2026-16-09-2026-00.pdf,40468;40474,Düsseldorf,판매 단위 확인,공식 원문 재검증 대기,"원본 수집 행 보존. 재검증 대기, 자동 가격 제외.",held,,402;522
2026-09-13 21:08 Europe/Berlin,Kaufland,"Kaufland Düsseldorf-Derendorf, Hilde-und-Joseph-Neyses-Platz 5, 40476 Düsseldorf (최근접 전단 지점, 지점별 가격 미확인)",40476,주류,14.09.2026-16.09.2026,KNÜLLER SINALCO Erfrischungsgetränk SINALCO Erfrischungsgetränk,KNÜLLER SINALCO Erfrischungsgetränk SINALCO Erfrischungsgetränk je Ka. 12 x 1-l-PET-Fl.(1 l = 0.67)nur 7.99,0.67,,,0.67,https://assets.leaflets.schwarz/leaflets/pdfs/01a07b07-adc6-76c0-8b49-38246d0e6357/Prospekt-14-09-2026-16-09-2026-00.pdf,40468;40474,Düsseldorf,판매 단위 확인,공식 원문 재검증 대기,"원본 수집 행 보존. 재검증 대기, 자동 가격 제외.",held,,403;523
2026-09-13 21:08 Europe/Berlin,Kaufland,"Kaufland Düsseldorf-Derendorf, Hilde-und-Joseph-Neyses-Platz 5, 40476 Düsseldorf (최근접 전단 지점, 지점별 가격 미확인)",40476,식품,14.09.2026-16.09.2026,LANGEWIESCHE Putenbrust LANGEWIESCHE Putenbrust,LANGEWIESCHE Putenbrust LANGEWIESCHE Putenbrust je 100 g-28%1.79 2.49 Weitere Angebote anzeigen,1.79,,-28 %,2.49,https://assets.leaflets.schwarz/leaflets/pdfs/01a07b07-adc6-76c0-8b49-38246d0e6357/Prospekt-14-09-2026-16-09-2026-00.pdf,40468;40474,Düsseldorf,판매 단위 확인,공식 원문 재검증 대기,"원본 수집 행 보존. 재검증 대기, 자동 가격 제외.",held,,404;524
2026-09-13 21:08 Europe/Berlin,Kaufland,"Kaufland Düsseldorf-Derendorf, Hilde-und-Joseph-Neyses-Platz 5, 40476 Düsseldorf (최근접 전단 지점, 지점별 가격 미확인)",40476,식품,14.09.2026-16.09.2026,MAGLIC Cevapcici MAGLIC Cevapcici,MAGLIC Cevapcici MAGLIC Cevapcici je 600-g-Packg.(1 kg = 16.65)-23%9.99 12.99,9.99,,-23 %,12.99,https://assets.leaflets.schwarz/leaflets/pdfs/01a07b07-adc6-76c0-8b49-38246d0e6357/Prospekt-14-09-2026-16-09-2026-00.pdf,40468;40474,Düsseldorf,판매 단위 확인,공식 원문 재검증 대기,"원본 수집 행 보존. 재검증 대기, 자동 가격 제외.",held,,405;525
2026-09-13 21:08 Europe/Berlin,Kaufland,"Kaufland Düsseldorf-Derendorf, Hilde-und-Joseph-Neyses-Platz 5, 40476 Düsseldorf (최근접 전단 지점, 지점별 가격 미확인)",40476,식품,14.09.2026-16.09.2026,MCCAIN Kartoffelprodukt MCCAIN Kartoffelprodukt,MCCAIN Kartoffelprodukt MCCAIN Kartoffelprodukt je 500 - 600-g-Beutel(1 kg = 2.15 - 2.58)-56%1.29 2.99,1.29,,-56 %,2.99,https://assets.leaflets.schwarz/leaflets/pdfs/01a07b07-adc6-76c0-8b49-38246d0e6357/Prospekt-14-09-2026-16-09-2026-00.pdf,40468;40474,Düsseldorf,판매 단위 확인,공식 원문 재검증 대기,"원본 수집 행 보존. 재검증 대기, 자동 가격 제외.",held,,406;526
2026-09-13 21:08 Europe/Berlin,Kaufland,"Kaufland Düsseldorf-Derendorf, Hilde-und-Joseph-Neyses-Platz 5, 40476 Düsseldorf (최근접 전단 지점, 지점별 가격 미확인)",40476,식품,14.09.2026-16.09.2026,MEGGLE Baguette MEGGLE Baguette,MEGGLE Baguette MEGGLE Baguette je 160-g-Packg.(1 kg = 6.19)-47%0.99 1.89,0.99,,-47 %,1.89,https://assets.leaflets.schwarz/leaflets/pdfs/01a07b07-adc6-76c0-8b49-38246d0e6357/Prospekt-14-09-2026-16-09-2026-00.pdf,40468;40474,Düsseldorf,판매 단위 확인,공식 원문 재검증 대기,"원본 수집 행 보존. 재검증 대기, 자동 가격 제외.",held,,407;527
2026-09-13 21:08 Europe/Berlin,Kaufland,"Kaufland Düsseldorf-Derendorf, Hilde-und-Joseph-Neyses-Platz 5, 40476 Düsseldorf (최근접 전단 지점, 지점별 가격 미확인)",40476,식품,14.09.2026-16.09.2026,MELITTA Kaffee MELITTA Kaffee,MELITTA Kaffee MELITTA Kaffee je 500-g-Packg.(1 kg = 9.98)-41%4.99 8.49,4.99,,-41 %,8.49,https://assets.leaflets.schwarz/leaflets/pdfs/01a07b07-adc6-76c0-8b49-38246d0e6357/Prospekt-14-09-2026-16-09-2026-00.pdf,40468;40474,Düsseldorf,판매 단위 확인,공식 원문 재검증 대기,"원본 수집 행 보존. 재검증 대기, 자동 가격 제외.",held,,408;528
2026-09-13 21:08 Europe/Berlin,Kaufland,"Kaufland Düsseldorf-Derendorf, Hilde-und-Joseph-Neyses-Platz 5, 40476 Düsseldorf (최근접 전단 지점, 지점별 가격 미확인)",40476,식품,14.09.2026-16.09.2026,MERL Zarte Heringsfilets MERL Zarte Heringsfilets,MERL Zarte Heringsfilets MERL Zarte Heringsfilets je 500-g-Packg.(1 kg = 6.78)-27%3.39 4.69,3.39,,-27 %,4.69,https://assets.leaflets.schwarz/leaflets/pdfs/01a07b07-adc6-76c0-8b49-38246d0e6357/Prospekt-14-09-2026-16-09-2026-00.pdf,40468;40474,Düsseldorf,판매 단위 확인,공식 원문 재검증 대기,"원본 수집 행 보존. 재검증 대기, 자동 가격 제외.",held,,409;529
2026-09-13 21:08 Europe/Berlin,Kaufland,"Kaufland Düsseldorf-Derendorf, Hilde-und-Joseph-Neyses-Platz 5, 40476 Düsseldorf (최근접 전단 지점, 지점별 가격 미확인)",40476,식품,14.09.2026-16.09.2026,MILKA oder OREO Stieleis oder Sandwicheis MILKA oder OREO Stieleis oder Sandwicheis,MILKA oder OREO Stieleis oder Sandwicheis MILKA oder OREO Stieleis oder Sandwicheis je 3 - 4 St. = 270 - 440-ml-Packg.(1 l = 5.05 - 8.23) / (1 l = 4.53 - 7.37)**-44%2.22 3.99 Mit Kaufland Card XTRA **-50%1.99 3.99,1.99,,-44 %,3.99,https://assets.leaflets.schwarz/leaflets/pdfs/01a07b07-adc6-76c0-8b49-38246d0e6357/Prospekt-14-09-2026-16-09-2026-00.pdf,40468;40474,Düsseldorf,판매 단위 확인,공식 원문 재검증 대기,"원본 수집 행 보존. 재검증 대기, 자동 가격 제외.",held,,410;530
2026-09-13 21:08 Europe/Berlin,Kaufland,"Kaufland Düsseldorf-Derendorf, Hilde-und-Joseph-Neyses-Platz 5, 40476 Düsseldorf (최근접 전단 지점, 지점별 가격 미확인)",40476,식품,14.09.2026-16.09.2026,MONTORSI Pancetta Coppata MONTORSI Pancetta Coppata,MONTORSI Pancetta Coppata MONTORSI Pancetta Coppata je 100-g-Packg.(1 kg = 24.90) / (1 kg = 22.20)**-37%2.49 3.99 Mit Kaufland Card XTRA **-44%2.22 3.99,2.22,,-37 %,3.99,https://assets.leaflets.schwarz/leaflets/pdfs/01a07b07-adc6-76c0-8b49-38246d0e6357/Prospekt-14-09-2026-16-09-2026-00.pdf,40468;40474,Düsseldorf,판매 단위 확인,공식 원문 재검증 대기,"원본 수집 행 보존. 재검증 대기, 자동 가격 제외.",held,,411;531
2026-09-13 21:08 Europe/Berlin,Kaufland,"Kaufland Düsseldorf-Derendorf, Hilde-und-Joseph-Neyses-Platz 5, 40476 Düsseldorf (최근접 전단 지점, 지점별 가격 미확인)",40476,식품,14.09.2026-16.09.2026,"MÜLLER Milchreis, Kokosmilch-Reis oder Grießpudding MÜLLER Milchreis, Kokosmilch-Reis oder Grießpudding je 160 - 200-g-Becher(1 kg = 1.75 - 2.19)-64%0.35","MÜLLER Milchreis, Kokosmilch-Reis oder Grießpudding MÜLLER Milchreis, Kokosmilch-Reis oder Grießpudding je 160 - 200-g-Becher(1 kg = 1.75 - 2.19)-64%0.35 0.99",0.35,,-64 %,0.99,https://assets.leaflets.schwarz/leaflets/pdfs/01a07b07-adc6-76c0-8b49-38246d0e6357/Prospekt-14-09-2026-16-09-2026-00.pdf,40468;40474,Düsseldorf,판매 단위 확인,공식 원문 재검증 대기,"원본 수집 행 보존. 재검증 대기, 자동 가격 제외.",held,,412;532
2026-09-13 21:08 Europe/Berlin,Kaufland,"Kaufland Düsseldorf-Derendorf, Hilde-und-Joseph-Neyses-Platz 5, 40476 Düsseldorf (최근접 전단 지점, 지점별 가격 미확인)",40476,식품,14.09.2026-16.09.2026,NESCAFÉ Sticks NESCAFÉ Sticks,NESCAFÉ Sticks NESCAFÉ Sticks je 80 - 160-g-Packg.(1 kg = 124.38 - 24.88)-20%1.99 2.49,1.99,,-20 %,2.49,https://assets.leaflets.schwarz/leaflets/pdfs/01a07b07-adc6-76c0-8b49-38246d0e6357/Prospekt-14-09-2026-16-09-2026-00.pdf,40468;40474,Düsseldorf,판매 단위 확인,공식 원문 재검증 대기,"원본 수집 행 보존. 재검증 대기, 자동 가격 제외.",held,,413;533
2026-09-13 21:08 Europe/Berlin,Kaufland,"Kaufland Düsseldorf-Derendorf, Hilde-und-Joseph-Neyses-Platz 5, 40476 Düsseldorf (최근접 전단 지점, 지점별 가격 미확인)",40476,식품,14.09.2026-16.09.2026,NESQUIK Getränkepulver NESQUIK Getränkepulver,NESQUIK Getränkepulver NESQUIK Getränkepulver je 350-g-Beutel(1 kg = 5.69)-39%1.99 3.29,1.99,,-39 %,3.29,https://assets.leaflets.schwarz/leaflets/pdfs/01a07b07-adc6-76c0-8b49-38246d0e6357/Prospekt-14-09-2026-16-09-2026-00.pdf,40468;40474,Düsseldorf,판매 단위 확인,공식 원문 재검증 대기,"원본 수집 행 보존. 재검증 대기, 자동 가격 제외.",held,,414;534
2026-09-13 21:08 Europe/Berlin,Kaufland,"Kaufland Düsseldorf-Derendorf, Hilde-und-Joseph-Neyses-Platz 5, 40476 Düsseldorf (최근접 전단 지점, 지점별 가격 미확인)",40476,식품,14.09.2026-16.09.2026,NOA Veganer Brotaufstrich NOA Veganer Brotaufstrich,NOA Veganer Brotaufstrich NOA Veganer Brotaufstrich je 175-g-Becher(1 kg = 10.80)-20%1.89 2.39,1.89,,-20 %,2.39,https://assets.leaflets.schwarz/leaflets/pdfs/01a07b07-adc6-76c0-8b49-38246d0e6357/Prospekt-14-09-2026-16-09-2026-00.pdf,40468;40474,Düsseldorf,판매 단위 확인,공식 원문 재검증 대기,"원본 수집 행 보존. 재검증 대기, 자동 가격 제외.",held,,415;535
2026-09-13 21:08 Europe/Berlin,Kaufland,"Kaufland Düsseldorf-Derendorf, Hilde-und-Joseph-Neyses-Platz 5, 40476 Düsseldorf (최근접 전단 지점, 지점별 가격 미확인)",40476,식품,14.09.2026-16.09.2026,PAHMEYER Reibekuchen PAHMEYER Reibekuchen,PAHMEYER Reibekuchen PAHMEYER Reibekuchen je 3 St. = 300-g-Packg.(1 kg = 4.97)-25%1.49 1.99,1.49,,-25 %,1.99,https://assets.leaflets.schwarz/leaflets/pdfs/01a07b07-adc6-76c0-8b49-38246d0e6357/Prospekt-14-09-2026-16-09-2026-00.pdf,40468;40474,Düsseldorf,판매 단위 확인,공식 원문 재검증 대기,"원본 수집 행 보존. 재검증 대기, 자동 가격 제외.",held,,416;536
2026-09-13 21:08 Europe/Berlin,Kaufland,"Kaufland Düsseldorf-Derendorf, Hilde-und-Joseph-Neyses-Platz 5, 40476 Düsseldorf (최근접 전단 지점, 지점별 가격 미확인)",40476,주류,14.09.2026-16.09.2026,PEPSI Cola PEPSI Cola,"PEPSI Cola PEPSI Cola je 0,33-l-Dose(1 l = 2.10)-22%0.69 0.89",0.69,,-22 %,0.89,https://assets.leaflets.schwarz/leaflets/pdfs/01a07b07-adc6-76c0-8b49-38246d0e6357/Prospekt-14-09-2026-16-09-2026-00.pdf,40468;40474,Düsseldorf,판매 단위 확인,공식 원문 재검증 대기,"원본 수집 행 보존. 재검증 대기, 자동 가격 제외.",held,,417;537
2026-09-13 21:08 Europe/Berlin,Kaufland,"Kaufland Düsseldorf-Derendorf, Hilde-und-Joseph-Neyses-Platz 5, 40476 Düsseldorf (최근접 전단 지점, 지점별 가격 미확인)",40476,식품,14.09.2026-16.09.2026,PRINGLES Chips PRINGLES Chips,PRINGLES Chips PRINGLES Chips je 160 - 185-g-Dose(1 kg = 7.52 - 8.69)-50%1.39 2.79,1.39,,-50 %,2.79,https://assets.leaflets.schwarz/leaflets/pdfs/01a07b07-adc6-76c0-8b49-38246d0e6357/Prospekt-14-09-2026-16-09-2026-00.pdf,40468;40474,Düsseldorf,판매 단위 확인,공식 원문 재검증 대기,"원본 수집 행 보존. 재검증 대기, 자동 가격 제외.",held,,418;538
2026-09-13 21:08 Europe/Berlin,Kaufland,"Kaufland Düsseldorf-Derendorf, Hilde-und-Joseph-Neyses-Platz 5, 40476 Düsseldorf (최근접 전단 지점, 지점별 가격 미확인)",40476,식품,14.09.2026-16.09.2026,Quarkbällchen Quarkbällchen,Quarkbällchen Quarkbällchen je Stück-24%0.22 0.29,0.22,,-24 %,0.29,https://assets.leaflets.schwarz/leaflets/pdfs/01a07b07-adc6-76c0-8b49-38246d0e6357/Prospekt-14-09-2026-16-09-2026-00.pdf,40468;40474,Düsseldorf,판매 단위 확인,공식 원문 재검증 대기,"원본 수집 행 보존. 재검증 대기, 자동 가격 제외.",held,,419;539
2026-09-13 21:08 Europe/Berlin,Kaufland,"Kaufland Düsseldorf-Derendorf, Hilde-und-Joseph-Neyses-Platz 5, 40476 Düsseldorf (최근접 전단 지점, 지점별 가격 미확인)",40476,식품,14.09.2026-16.09.2026,REINERT Hähnchen in Aspik »Florida«REINERT Hähnchen in Aspik »Florida« je 100 g-30%1.39,REINERT Hähnchen in Aspik »Florida«REINERT Hähnchen in Aspik »Florida« je 100 g-30%1.39 1.99,1.39,,-30 %,1.99,https://assets.leaflets.schwarz/leaflets/pdfs/01a07b07-adc6-76c0-8b49-38246d0e6357/Prospekt-14-09-2026-16-09-2026-00.pdf,40468;40474,Düsseldorf,판매 단위 확인,공식 원문 재검증 대기,"원본 수집 행 보존. 재검증 대기, 자동 가격 제외.",held,,420;540
2026-09-13 21:08 Europe/Berlin,Kaufland,"Kaufland Düsseldorf-Derendorf, Hilde-und-Joseph-Neyses-Platz 5, 40476 Düsseldorf (최근접 전단 지점, 지점별 가격 미확인)",40476,주류,14.09.2026-16.09.2026,ROTKÄPPCHEN Piccolo-Sekt ROTKÄPPCHEN Piccolo-Sekt,"ROTKÄPPCHEN Piccolo-Sekt ROTKÄPPCHEN Piccolo-Sekt je 0,2-l-Fl.(1 l = 4.25)-49%0.85 1.69 Weitere Angebote anzeigen",0.85,,-49 %,1.69,https://assets.leaflets.schwarz/leaflets/pdfs/01a07b07-adc6-76c0-8b49-38246d0e6357/Prospekt-14-09-2026-16-09-2026-00.pdf,40468;40474,Düsseldorf,판매 단위 확인,공식 원문 재검증 대기,"원본 수집 행 보존. 재검증 대기, 자동 가격 제외.",held,,421;541
2026-09-13 21:08 Europe/Berlin,Kaufland,"Kaufland Düsseldorf-Derendorf, Hilde-und-Joseph-Neyses-Platz 5, 40476 Düsseldorf (최근접 전단 지점, 지점별 가격 미확인)",40476,식품,14.09.2026-16.09.2026,SARTORI BellaVitano Espresso SARTORI BellaVitano Espresso,SARTORI BellaVitano Espresso SARTORI BellaVitano Espresso je 100 g-25%2.99 3.99,2.99,,-25 %,3.99,https://assets.leaflets.schwarz/leaflets/pdfs/01a07b07-adc6-76c0-8b49-38246d0e6357/Prospekt-14-09-2026-16-09-2026-00.pdf,40468;40474,Düsseldorf,판매 단위 확인,공식 원문 재검증 대기,"원본 수집 행 보존. 재검증 대기, 자동 가격 제외.",held,,422;542
2026-09-13 21:08 Europe/Berlin,Kaufland,"Kaufland Düsseldorf-Derendorf, Hilde-und-Joseph-Neyses-Platz 5, 40476 Düsseldorf (최근접 전단 지점, 지점별 가격 미확인)",40476,식품,14.09.2026-16.09.2026,SEGAFREDO Intermezzo SEGAFREDO Intermezzo,SEGAFREDO Intermezzo SEGAFREDO Intermezzo je 1-kg-Packg.-35%12.99 19.99,12.99,,-35 %,19.99,https://assets.leaflets.schwarz/leaflets/pdfs/01a07b07-adc6-76c0-8b49-38246d0e6357/Prospekt-14-09-2026-16-09-2026-00.pdf,40468;40474,Düsseldorf,판매 단위 확인,공식 원문 재검증 대기,"원본 수집 행 보존. 재검증 대기, 자동 가격 제외.",held,,423;543
2026-09-13 21:08 Europe/Berlin,Kaufland,"Kaufland Düsseldorf-Derendorf, Hilde-und-Joseph-Neyses-Platz 5, 40476 Düsseldorf (최근접 전단 지점, 지점별 가격 미확인)",40476,식품,14.09.2026-16.09.2026,Span. Bio-Miniromatomaten Span. Bio-Miniromatomaten,Span. Bio-Miniromatomaten Span. Bio-Miniromatomaten je 250-g-Packg.(1 kg = 5.96)-25%1.49 1.99,1.49,,-25 %,1.99,https://assets.leaflets.schwarz/leaflets/pdfs/01a07b07-adc6-76c0-8b49-38246d0e6357/Prospekt-14-09-2026-16-09-2026-00.pdf,40468;40474,Düsseldorf,판매 단위 확인,공식 원문 재검증 대기,"원본 수집 행 보존. 재검증 대기, 자동 가격 제외.",held,,424;544
2026-09-13 21:08 Europe/Berlin,Kaufland,"Kaufland Düsseldorf-Derendorf, Hilde-und-Joseph-Neyses-Platz 5, 40476 Düsseldorf (최근접 전단 지점, 지점별 가격 미확인)",40476,식품,14.09.2026-16.09.2026,SWITZERLAND Appenzeller mild-würzig SWITZERLAND Appenzeller mild-würzig,SWITZERLAND Appenzeller mild-würzig SWITZERLAND Appenzeller mild-würzig je 100 g-28%1.99 2.79 Weitere Angebote anzeigen,1.99,,-28 %,2.79,https://assets.leaflets.schwarz/leaflets/pdfs/01a07b07-adc6-76c0-8b49-38246d0e6357/Prospekt-14-09-2026-16-09-2026-00.pdf,40468;40474,Düsseldorf,판매 단위 확인,공식 원문 재검증 대기,"원본 수집 행 보존. 재검증 대기, 자동 가격 제외.",held,,425;545
2026-09-13 21:08 Europe/Berlin,Kaufland,"Kaufland Düsseldorf-Derendorf, Hilde-und-Joseph-Neyses-Platz 5, 40476 Düsseldorf (최근접 전단 지점, 지점별 가격 미확인)",40476,식품,14.09.2026-16.09.2026,THIERS Schinkenbeißer THIERS Schinkenbeißer,THIERS Schinkenbeißer THIERS Schinkenbeißer je 6 St. = 300-g-Packg.(1 kg = 9.97)-16%2.99 3.59,2.99,,-16 %,3.59,https://assets.leaflets.schwarz/leaflets/pdfs/01a07b07-adc6-76c0-8b49-38246d0e6357/Prospekt-14-09-2026-16-09-2026-00.pdf,40468;40474,Düsseldorf,판매 단위 확인,공식 원문 재검증 대기,"원본 수집 행 보존. 재검증 대기, 자동 가격 제외.",held,,426;546
2026-09-13 21:08 Europe/Berlin,Kaufland,"Kaufland Düsseldorf-Derendorf, Hilde-und-Joseph-Neyses-Platz 5, 40476 Düsseldorf (최근접 전단 지점, 지점별 가격 미확인)",40476,식품,14.09.2026-16.09.2026,THIERS Stadionwurst THIERS Stadionwurst,THIERS Stadionwurst THIERS Stadionwurst je 10 St. = 1-kg-Packg.-15%7.49 8.89,7.49,,-15 %,8.89,https://assets.leaflets.schwarz/leaflets/pdfs/01a07b07-adc6-76c0-8b49-38246d0e6357/Prospekt-14-09-2026-16-09-2026-00.pdf,40468;40474,Düsseldorf,판매 단위 확인,공식 원문 재검증 대기,"원본 수집 행 보존. 재검증 대기, 자동 가격 제외.",held,,427;547
2026-09-13 21:08 Europe/Berlin,Kaufland,"Kaufland Düsseldorf-Derendorf, Hilde-und-Joseph-Neyses-Platz 5, 40476 Düsseldorf (최근접 전단 지점, 지점별 가격 미확인)",40476,식품,14.09.2026-16.09.2026,TUC Cracker TUC Cracker,TUC Cracker TUC Cracker je 100-g-Packg.(1 kg = 9.90)-33%0.99 1.49,0.99,,-33 %,1.49,https://assets.leaflets.schwarz/leaflets/pdfs/01a07b07-adc6-76c0-8b49-38246d0e6357/Prospekt-14-09-2026-16-09-2026-00.pdf,40468;40474,Düsseldorf,판매 단위 확인,공식 원문 재검증 대기,"원본 수집 행 보존. 재검증 대기, 자동 가격 제외.",held,,428;548
2026-09-13 21:08 Europe/Berlin,Kaufland,"Kaufland Düsseldorf-Derendorf, Hilde-und-Joseph-Neyses-Platz 5, 40476 Düsseldorf (최근접 전단 지점, 지점별 가격 미확인)",40476,주류,14.09.2026-16.09.2026,VITA Cola oder Limo VITA Cola oder Limo,"VITA Cola oder Limo VITA Cola oder Limo je 1,5-l-PET-Fl.(1 l = 0.53)-38%0.79 1.29",0.79,,-38 %,1.29,https://assets.leaflets.schwarz/leaflets/pdfs/01a07b07-adc6-76c0-8b49-38246d0e6357/Prospekt-14-09-2026-16-09-2026-00.pdf,40468;40474,Düsseldorf,판매 단위 확인,공식 원문 재검증 대기,"원본 수집 행 보존. 재검증 대기, 자동 가격 제외.",held,,429;549
2026-09-13 21:08 Europe/Berlin,Kaufland,"Kaufland Düsseldorf-Derendorf, Hilde-und-Joseph-Neyses-Platz 5, 40476 Düsseldorf (최근접 전단 지점, 지점별 가격 미확인)",40476,식품,14.09.2026-16.09.2026,VITAMALZ Das Original VITAMALZ Das Original,"VITAMALZ Das Original VITAMALZ Das Original je Packg. 6 x 0,33-l-Fl.(1 l = 1.51)-25%2.99 3.99",2.99,,-25 %,3.99,https://assets.leaflets.schwarz/leaflets/pdfs/01a07b07-adc6-76c0-8b49-38246d0e6357/Prospekt-14-09-2026-16-09-2026-00.pdf,40468;40474,Düsseldorf,판매 단위 확인,공식 원문 재검증 대기,"원본 수집 행 보존. 재검증 대기, 자동 가격 제외.",held,,430;550
2026-09-13 21:08 Europe/Berlin,Kaufland,"Kaufland Düsseldorf-Derendorf, Hilde-und-Joseph-Neyses-Platz 5, 40476 Düsseldorf (최근접 전단 지점, 지점별 가격 미확인)",40476,식품,14.09.2026-16.09.2026,WAGNER Pizzeria Style WAGNER Pizzeria Style,WAGNER Pizzeria Style WAGNER Pizzeria Style je 345 - 410-g-Packg.(1 kg = 7.30 - 8.67)-25%2.99 3.99,2.99,,-25 %,3.99,https://assets.leaflets.schwarz/leaflets/pdfs/01a07b07-adc6-76c0-8b49-38246d0e6357/Prospekt-14-09-2026-16-09-2026-00.pdf,40468;40474,Düsseldorf,판매 단위 확인,공식 원문 재검증 대기,"원본 수집 행 보존. 재검증 대기, 자동 가격 제외.",held,,431;551
2026-09-13 21:08 Europe/Berlin,Kaufland,"Kaufland Düsseldorf-Derendorf, Hilde-und-Joseph-Neyses-Platz 5, 40476 Düsseldorf (최근접 전단 지점, 지점별 가격 미확인)",40476,식품,14.09.2026-16.09.2026,"WEIHENSTEPHAN Haltbare Milch, 3,5 % Fett WEIHENSTEPHAN Haltbare Milch, 3,5 % Fett","WEIHENSTEPHAN Haltbare Milch, 3,5 % Fett WEIHENSTEPHAN Haltbare Milch, 3,5 % Fett je 1-l-Packg.-37%0.99 1.59 Mit Kaufland Card XTRA **-44%0.88 1.59 Weitere Angebote anzeigen",0.88,,-37 %,1.59,https://assets.leaflets.schwarz/leaflets/pdfs/01a07b07-adc6-76c0-8b49-38246d0e6357/Prospekt-14-09-2026-16-09-2026-00.pdf,40468;40474,Düsseldorf,판매 단위 확인,공식 원문 재검증 대기,"원본 수집 행 보존. 재검증 대기, 자동 가격 제외.",held,,432;552
2026-09-13 21:08 Europe/Berlin,Kaufland,"Kaufland Düsseldorf-Derendorf, Hilde-und-Joseph-Neyses-Platz 5, 40476 Düsseldorf (최근접 전단 지점, 지점별 가격 미확인)",40476,식품,14.09.2026-16.09.2026,Weißbrot mit Glanz Weißbrot mit Glanz,Weißbrot mit Glanz Weißbrot mit Glanz je 500-g-Stück(1 kg = 2.78)-30%1.39 1.99,1.39,,-30 %,1.99,https://assets.leaflets.schwarz/leaflets/pdfs/01a07b07-adc6-76c0-8b49-38246d0e6357/Prospekt-14-09-2026-16-09-2026-00.pdf,40468;40474,Düsseldorf,판매 단위 확인,공식 원문 재검증 대기,"원본 수집 행 보존. 재검증 대기, 자동 가격 제외.",held,,433;553
2026-09-13 21:08 Europe/Berlin,Kaufland,"Kaufland Düsseldorf-Derendorf, Hilde-und-Joseph-Neyses-Platz 5, 40476 Düsseldorf (최근접 전단 지점, 지점별 가격 미확인)",40476,식품,14.09.2026-16.09.2026,WURZENER x XBOX Knuspersnack WURZENER x XBOX Knuspersnack,WURZENER x XBOX Knuspersnack WURZENER x XBOX Knuspersnack je 90-g-Packg.(1 kg = 14.34)-35%1.29 1.99,1.29,,-35 %,1.99,https://assets.leaflets.schwarz/leaflets/pdfs/01a07b07-adc6-76c0-8b49-38246d0e6357/Prospekt-14-09-2026-16-09-2026-00.pdf,40468;40474,Düsseldorf,판매 단위 확인,공식 원문 재검증 대기,"원본 수집 행 보존. 재검증 대기, 자동 가격 제외.",held,,434;554
2026-09-13 21:08 Europe/Berlin,Kaufland,"Kaufland Düsseldorf-Derendorf, Hilde-und-Joseph-Neyses-Platz 5, 40476 Düsseldorf (최근접 전단 지점, 지점별 가격 미확인)",40476,식품,14.09.2026-16.09.2026,ZABLER Hochzeit Nudeln ZABLER Hochzeit Nudeln,ZABLER Hochzeit Nudeln ZABLER Hochzeit Nudeln je 500-g-Beutel(1 kg = 5.26)-20%2.63 3.29,2.63,,-20 %,3.29,https://assets.leaflets.schwarz/leaflets/pdfs/01a07b07-adc6-76c0-8b49-38246d0e6357/Prospekt-14-09-2026-16-09-2026-00.pdf,40468;40474,Düsseldorf,판매 단위 확인,공식 원문 재검증 대기,"원본 수집 행 보존. 재검증 대기, 자동 가격 제외.",held,,435;555
2026-09-13 21:08 Europe/Berlin,Kaufland,"Kaufland Dortmund-Innenstadt-Nord, Bornstraße 160 a, 44145 Dortmund (최근접 활성 전단 지점, 지점별 가격 미확인)",44145,식품,14.09.2026-16.09.2026,AKTION HARDEGGER Gallus Grand Cru HARDEGGER Gallus Grand Cru,AKTION HARDEGGER Gallus Grand Cru HARDEGGER Gallus Grand Cru je 100 g nur 2.79 *,2.79,,,2.79,https://assets.leaflets.schwarz/leaflets/pdfs/01a07b00-d190-7727-a471-2fec9cfef9bf/Prospekt-14-09-2026-16-09-2026-00.pdf,44369,Dortmund,판매 단위 확인,공식 원문 재검증 대기,"원본 수집 행 보존. 재검증 대기, 자동 가격 제외.",held,,556
2026-09-13 21:08 Europe/Berlin,Kaufland,"Kaufland Dortmund-Innenstadt-Nord, Bornstraße 160 a, 44145 Dortmund (최근접 활성 전단 지점, 지점별 가격 미확인)",44145,식품,14.09.2026-16.09.2026,AKTION K-BLUE BAY Crevettes Roses XXL K-BLUE BAY Crevettes Roses XXL,AKTION K-BLUE BAY Crevettes Roses XXL K-BLUE BAY Crevettes Roses XXL je 400-g-Großpackg.(1 kg = 9.98)nur 3.99 *,9.98,,,9.98,https://assets.leaflets.schwarz/leaflets/pdfs/01a07b00-d190-7727-a471-2fec9cfef9bf/Prospekt-14-09-2026-16-09-2026-00.pdf,44369,Dortmund,판매 단위 확인,공식 원문 재검증 대기,"원본 수집 행 보존. 재검증 대기, 자동 가격 제외.",held,,557
2026-09-13 21:08 Europe/Berlin,Kaufland,"Kaufland Dortmund-Innenstadt-Nord, Bornstraße 160 a, 44145 Dortmund (최근접 활성 전단 지점, 지점별 가격 미확인)",44145,식품,14.09.2026-16.09.2026,AKTION K-PURLAND Bruschetta-Braten K-PURLAND Bruschetta-Braten,AKTION K-PURLAND Bruschetta-Braten K-PURLAND Bruschetta-Braten je kg nur 5.99 *,5.99,,,5.99,https://assets.leaflets.schwarz/leaflets/pdfs/01a07b00-d190-7727-a471-2fec9cfef9bf/Prospekt-14-09-2026-16-09-2026-00.pdf,44369,Dortmund,판매 단위 확인,공식 원문 재검증 대기,"원본 수집 행 보존. 재검증 대기, 자동 가격 제외.",held,,558
2026-09-13 21:08 Europe/Berlin,Kaufland,"Kaufland Dortmund-Innenstadt-Nord, Bornstraße 160 a, 44145 Dortmund (최근접 활성 전단 지점, 지점별 가격 미확인)",44145,주류,14.09.2026-16.09.2026,AKTION K-PURLAND Schweineleber K-PURLAND Schweineleber,AKTION K-PURLAND Schweineleber K-PURLAND Schweineleber je kg nur 2.99 *,2.99,,,2.99,https://assets.leaflets.schwarz/leaflets/pdfs/01a07b00-d190-7727-a471-2fec9cfef9bf/Prospekt-14-09-2026-16-09-2026-00.pdf,44369,Dortmund,판매 단위 확인,공식 원문 재검증 대기,"원본 수집 행 보존. 재검증 대기, 자동 가격 제외.",held,,559
2026-09-13 21:08 Europe/Berlin,Kaufland,"Kaufland Dortmund-Innenstadt-Nord, Bornstraße 160 a, 44145 Dortmund (최근접 활성 전단 지점, 지점별 가격 미확인)",44145,식품,14.09.2026-16.09.2026,AKTION Olivenstick Olivenstick,AKTION Olivenstick Olivenstick je Stück nur 0.59 *,0.59,,,0.59,https://assets.leaflets.schwarz/leaflets/pdfs/01a07b00-d190-7727-a471-2fec9cfef9bf/Prospekt-14-09-2026-16-09-2026-00.pdf,44369,Dortmund,판매 단위 확인,공식 원문 재검증 대기,"원본 수집 행 보존. 재검증 대기, 자동 가격 제외.",held,,560
2026-09-13 21:08 Europe/Berlin,Kaufland,"Kaufland Dortmund-Innenstadt-Nord, Bornstraße 160 a, 44145 Dortmund (최근접 활성 전단 지점, 지점별 가격 미확인)",44145,식품,14.09.2026-16.09.2026,AKTION Pizzasnack Hüttenstyle Pizzasnack Hüttenstyle,AKTION Pizzasnack Hüttenstyle Pizzasnack Hüttenstyle je Stück nur 0.89 *,0.89,,,0.89,https://assets.leaflets.schwarz/leaflets/pdfs/01a07b00-d190-7727-a471-2fec9cfef9bf/Prospekt-14-09-2026-16-09-2026-00.pdf,44369,Dortmund,판매 단위 확인,공식 원문 재검증 대기,"원본 수집 행 보존. 재검증 대기, 자동 가격 제외.",held,,561
2026-09-13 21:08 Europe/Berlin,Kaufland,"Kaufland Dortmund-Innenstadt-Nord, Bornstraße 160 a, 44145 Dortmund (최근접 활성 전단 지점, 지점별 가격 미확인)",44145,주류,14.09.2026-16.09.2026,AKTION Schweine-Nuggets XXL Schweine-Nuggets XXL,AKTION Schweine-Nuggets XXL Schweine-Nuggets XXL je 1-kg-Großpackg.nur 6.99 *,6.99,,,6.99,https://assets.leaflets.schwarz/leaflets/pdfs/01a07b00-d190-7727-a471-2fec9cfef9bf/Prospekt-14-09-2026-16-09-2026-00.pdf,44369,Dortmund,판매 단위 확인,공식 원문 재검증 대기,"원본 수집 행 보존. 재검증 대기, 자동 가격 제외.",held,,562
2026-09-13 21:08 Europe/Berlin,Kaufland,"Kaufland Dortmund-Innenstadt-Nord, Bornstraße 160 a, 44145 Dortmund (최근접 활성 전단 지점, 지점별 가격 미확인)",44145,식품,14.09.2026-16.09.2026,AKTION XXL-Berliner XXL-Berliner,AKTION XXL-Berliner XXL-Berliner je Stück nur 0.89 *,0.89,,,0.89,https://assets.leaflets.schwarz/leaflets/pdfs/01a07b00-d190-7727-a471-2fec9cfef9bf/Prospekt-14-09-2026-16-09-2026-00.pdf,44369,Dortmund,판매 단위 확인,공식 원문 재검증 대기,"원본 수집 행 보존. 재검증 대기, 자동 가격 제외.",held,,563
2026-09-13 21:08 Europe/Berlin,Kaufland,"Kaufland Dortmund-Innenstadt-Nord, Bornstraße 160 a, 44145 Dortmund (최근접 활성 전단 지점, 지점별 가격 미확인)",44145,식품,14.09.2026-16.09.2026,ALPRO Soja-Joghurtalternative ALPRO Soja-Joghurtalternative,ALPRO Soja-Joghurtalternative ALPRO Soja-Joghurtalternative je 400-g-Becher(1 kg = 3.73)-31%1.49 2.19,1.49,,-31 %,2.19,https://assets.leaflets.schwarz/leaflets/pdfs/01a07b00-d190-7727-a471-2fec9cfef9bf/Prospekt-14-09-2026-16-09-2026-00.pdf,44369,Dortmund,판매 단위 확인,공식 원문 재검증 대기,"원본 수집 행 보존. 재검증 대기, 자동 가격 제외.",held,,564
2026-09-13 21:08 Europe/Berlin,Kaufland,"Kaufland Dortmund-Innenstadt-Nord, Bornstraße 160 a, 44145 Dortmund (최근접 활성 전단 지점, 지점별 가격 미확인)",44145,식품,14.09.2026-16.09.2026,AMMERLÄNDER Butterkäse AMMERLÄNDER Butterkäse,AMMERLÄNDER Butterkäse AMMERLÄNDER Butterkäse je 100 g-58%0.49 1.19,0.49,,-58 %,1.19,https://assets.leaflets.schwarz/leaflets/pdfs/01a07b00-d190-7727-a471-2fec9cfef9bf/Prospekt-14-09-2026-16-09-2026-00.pdf,44369,Dortmund,판매 단위 확인,공식 원문 재검증 대기,"원본 수집 행 보존. 재검증 대기, 자동 가격 제외.",held,,565
2026-09-13 21:08 Europe/Berlin,Kaufland,"Kaufland Dortmund-Innenstadt-Nord, Bornstraße 160 a, 44145 Dortmund (최근접 활성 전단 지점, 지점별 가격 미확인)",44145,주류,14.09.2026-16.09.2026,ARDEY QUELLE Mineralwasser ARDEY QUELLE Mineralwasser,"ARDEY QUELLE Mineralwasser ARDEY QUELLE Mineralwasser je Ka. 12 x 0,75-l-Fl.(1 l = 0.45)-20%3.99 4.99 Weitere Angebote anzeigen",3.99,,-20 %,4.99,https://assets.leaflets.schwarz/leaflets/pdfs/01a07b00-d190-7727-a471-2fec9cfef9bf/Prospekt-14-09-2026-16-09-2026-00.pdf,44369,Dortmund,판매 단위 확인,공식 원문 재검증 대기,"원본 수집 행 보존. 재검증 대기, 자동 가격 제외.",held,,566
2026-09-13 21:08 Europe/Berlin,Kaufland,"Kaufland Dortmund-Innenstadt-Nord, Bornstraße 160 a, 44145 Dortmund (최근접 활성 전단 지점, 지점별 가격 미확인)",44145,식품,14.09.2026-16.09.2026,Aus eigener Herstellung Delikatess-Leberwurst Aus eigener Herstellung Delikatess-Leberwurst,Aus eigener Herstellung Delikatess-Leberwurst Aus eigener Herstellung Delikatess-Leberwurst je 100 g-50%0.69 1.39,0.69,,-50 %,1.39,https://assets.leaflets.schwarz/leaflets/pdfs/01a07b00-d190-7727-a471-2fec9cfef9bf/Prospekt-14-09-2026-16-09-2026-00.pdf,44369,Dortmund,판매 단위 확인,공식 원문 재검증 대기,"원본 수집 행 보존. 재검증 대기, 자동 가격 제외.",held,,567
2026-09-13 21:08 Europe/Berlin,Kaufland,"Kaufland Dortmund-Innenstadt-Nord, Bornstraße 160 a, 44145 Dortmund (최근접 활성 전단 지점, 지점별 가격 미확인)",44145,식품,14.09.2026-16.09.2026,BABYBEL Mini BABYBEL Mini,BABYBEL Mini BABYBEL Mini je 5 St. = 100-g-Netz(1 kg = 14.90)-44%1.49 2.69,1.49,,-44 %,2.69,https://assets.leaflets.schwarz/leaflets/pdfs/01a07b00-d190-7727-a471-2fec9cfef9bf/Prospekt-14-09-2026-16-09-2026-00.pdf,44369,Dortmund,판매 단위 확인,공식 원문 재검증 대기,"원본 수집 행 보존. 재검증 대기, 자동 가격 제외.",held,,568
2026-09-13 21:08 Europe/Berlin,Kaufland,"Kaufland Dortmund-Innenstadt-Nord, Bornstraße 160 a, 44145 Dortmund (최근접 활성 전단 지점, 지점별 가격 미확인)",44145,식품,14.09.2026-16.09.2026,BARILLA Integrale Vollkornpasta BARILLA Integrale Vollkornpasta,BARILLA Integrale Vollkornpasta BARILLA Integrale Vollkornpasta je 500-g-Packg.(1 kg = 4.14)-20%2.07 2.59,2.07,,-20 %,2.59,https://assets.leaflets.schwarz/leaflets/pdfs/01a07b00-d190-7727-a471-2fec9cfef9bf/Prospekt-14-09-2026-16-09-2026-00.pdf,44369,Dortmund,판매 단위 확인,공식 원문 재검증 대기,"원본 수집 행 보존. 재검증 대기, 자동 가격 제외.",held,,569
2026-09-13 21:08 Europe/Berlin,Kaufland,"Kaufland Dortmund-Innenstadt-Nord, Bornstraße 160 a, 44145 Dortmund (최근접 활성 전단 지점, 지점별 가격 미확인)",44145,식품,14.09.2026-16.09.2026,BARILLA Pasta glutenfrei BARILLA Pasta glutenfrei,BARILLA Pasta glutenfrei BARILLA Pasta glutenfrei je 400-g-Packg.(1 kg = 6.98)-20%2.79 3.49,2.79,,-20 %,3.49,https://assets.leaflets.schwarz/leaflets/pdfs/01a07b00-d190-7727-a471-2fec9cfef9bf/Prospekt-14-09-2026-16-09-2026-00.pdf,44369,Dortmund,판매 단위 확인,공식 원문 재검증 대기,"원본 수집 행 보존. 재검증 대기, 자동 가격 제외.",held,,570
2026-09-13 21:08 Europe/Berlin,Kaufland,"Kaufland Dortmund-Innenstadt-Nord, Bornstraße 160 a, 44145 Dortmund (최근접 활성 전단 지점, 지점별 가격 미확인)",44145,식품,14.09.2026-16.09.2026,BARILLA Spaghetti oder Fusilli Protein+BARILLA Spaghetti oder Fusilli Protein+je 400-g-Packg.(1 kg = 5.98)-20%2.39,BARILLA Spaghetti oder Fusilli Protein+BARILLA Spaghetti oder Fusilli Protein+je 400-g-Packg.(1 kg = 5.98)-20%2.39 2.99,2.39,,-20 %,2.99,https://assets.leaflets.schwarz/leaflets/pdfs/01a07b00-d190-7727-a471-2fec9cfef9bf/Prospekt-14-09-2026-16-09-2026-00.pdf,44369,Dortmund,판매 단위 확인,공식 원문 재검증 대기,"원본 수집 행 보존. 재검증 대기, 자동 가격 제외.",held,,571
2026-09-13 21:08 Europe/Berlin,Kaufland,"Kaufland Dortmund-Innenstadt-Nord, Bornstraße 160 a, 44145 Dortmund (최근접 활성 전단 지점, 지점별 가격 미확인)",44145,식품,14.09.2026-16.09.2026,BAUER »Der Große Bauer« Fruchtjoghurt BAUER»Der Große Bauer« Fruchtjoghurt je 225 - 250-g-Becher(1 kg = 1.56 - 1.74)-60%0.39,BAUER »Der Große Bauer« Fruchtjoghurt BAUER»Der Große Bauer« Fruchtjoghurt je 225 - 250-g-Becher(1 kg = 1.56 - 1.74)-60%0.39 0.99,0.39,,-60 %,0.99,https://assets.leaflets.schwarz/leaflets/pdfs/01a07b00-d190-7727-a471-2fec9cfef9bf/Prospekt-14-09-2026-16-09-2026-00.pdf,44369,Dortmund,판매 단위 확인,공식 원문 재검증 대기,"원본 수집 행 보존. 재검증 대기, 자동 가격 제외.",held,,572
2026-09-13 21:08 Europe/Berlin,Kaufland,"Kaufland Dortmund-Innenstadt-Nord, Bornstraße 160 a, 44145 Dortmund (최근접 활성 전단 지점, 지점별 가격 미확인)",44145,식품,14.09.2026-16.09.2026,BERNBACHER Pastasauce BERNBACHER Pastasauce,BERNBACHER Pastasauce BERNBACHER Pastasauce je 400-g-Glas(1 kg = 5.98)-20%2.39 2.99,2.39,,-20 %,2.99,https://assets.leaflets.schwarz/leaflets/pdfs/01a07b00-d190-7727-a471-2fec9cfef9bf/Prospekt-14-09-2026-16-09-2026-00.pdf,44369,Dortmund,판매 단위 확인,공식 원문 재검증 대기,"원본 수집 행 보존. 재검증 대기, 자동 가격 제외.",held,,573
2026-09-13 21:08 Europe/Berlin,Kaufland,"Kaufland Dortmund-Innenstadt-Nord, Bornstraße 160 a, 44145 Dortmund (최근접 활성 전단 지점, 지점별 가격 미확인)",44145,식품,14.09.2026-16.09.2026,BERTOLLI Pasta-Sauce BERTOLLI Pasta-Sauce,BERTOLLI Pasta-Sauce BERTOLLI Pasta-Sauce je 400-g-Glas(1 kg = 5.58)-20%2.23 2.79,2.23,,-20 %,2.79,https://assets.leaflets.schwarz/leaflets/pdfs/01a07b00-d190-7727-a471-2fec9cfef9bf/Prospekt-14-09-2026-16-09-2026-00.pdf,44369,Dortmund,판매 단위 확인,공식 원문 재검증 대기,"원본 수집 행 보존. 재검증 대기, 자동 가격 제외.",held,,574
2026-09-13 21:08 Europe/Berlin,Kaufland,"Kaufland Dortmund-Innenstadt-Nord, Bornstraße 160 a, 44145 Dortmund (최근접 활성 전단 지점, 지점별 가격 미확인)",44145,식품,14.09.2026-16.09.2026,Dinkel-Bürli Dinkel-Bürli,Dinkel-Bürli Dinkel-Bürli je Stück-25%0.59 0.79,0.59,,-25 %,0.79,https://assets.leaflets.schwarz/leaflets/pdfs/01a07b00-d190-7727-a471-2fec9cfef9bf/Prospekt-14-09-2026-16-09-2026-00.pdf,44369,Dortmund,판매 단위 확인,공식 원문 재검증 대기,"원본 수집 행 보존. 재검증 대기, 자동 가격 제외.",held,,575
2026-09-13 21:08 Europe/Berlin,Kaufland,"Kaufland Dortmund-Innenstadt-Nord, Bornstraße 160 a, 44145 Dortmund (최근접 활성 전단 지점, 지점별 가격 미확인)",44145,식품,14.09.2026-16.09.2026,DOVGAN Plombir Kefir DOVGAN Plombir Kefir,DOVGAN Plombir Kefir DOVGAN Plombir Kefir je 250-g-Fl.(1 kg = 2.36)-40%0.59 0.99,0.59,,-40 %,0.99,https://assets.leaflets.schwarz/leaflets/pdfs/01a07b00-d190-7727-a471-2fec9cfef9bf/Prospekt-14-09-2026-16-09-2026-00.pdf,44369,Dortmund,판매 단위 확인,공식 원문 재검증 대기,"원본 수집 행 보존. 재검증 대기, 자동 가격 제외.",held,,576
2026-09-13 21:08 Europe/Berlin,Kaufland,"Kaufland Dortmund-Innenstadt-Nord, Bornstraße 160 a, 44145 Dortmund (최근접 활성 전단 지점, 지점별 가격 미확인)",44145,식품,14.09.2026-16.09.2026,DR. OETKER Ristorante Pizza DR. OETKER Ristorante Pizza,DR. OETKER Ristorante Pizza DR. OETKER Ristorante Pizza je 320 - 410-g-Packg.(1 kg = 4.37 - 5.60)-48%1.79 3.49,1.79,,-48 %,3.49,https://assets.leaflets.schwarz/leaflets/pdfs/01a07b00-d190-7727-a471-2fec9cfef9bf/Prospekt-14-09-2026-16-09-2026-00.pdf,44369,Dortmund,판매 단위 확인,공식 원문 재검증 대기,"원본 수집 행 보존. 재검증 대기, 자동 가격 제외.",held,,577
2026-09-13 21:08 Europe/Berlin,Kaufland,"Kaufland Dortmund-Innenstadt-Nord, Bornstraße 160 a, 44145 Dortmund (최근접 활성 전단 지점, 지점별 가격 미확인)",44145,식품,14.09.2026-16.09.2026,Dtsch. Lauchzwiebeln oder Radieschen Dtsch. Lauchzwiebeln oder Radieschen,Dtsch. Lauchzwiebeln oder Radieschen Dtsch. Lauchzwiebeln oder Radieschen je Bund-63%0.29 0.79,0.29,,-63 %,0.79,https://assets.leaflets.schwarz/leaflets/pdfs/01a07b00-d190-7727-a471-2fec9cfef9bf/Prospekt-14-09-2026-16-09-2026-00.pdf,44369,Dortmund,판매 단위 확인,공식 원문 재검증 대기,"원본 수집 행 보존. 재검증 대기, 자동 가격 제외.",held,,578
2026-09-13 21:08 Europe/Berlin,Kaufland,"Kaufland Dortmund-Innenstadt-Nord, Bornstraße 160 a, 44145 Dortmund (최근접 활성 전단 지점, 지점별 가격 미확인)",44145,식품,14.09.2026-16.09.2026,"Ecuador./kolumb. Bananen, lose Ecuador./kolumb. Bananen, lose","Ecuador./kolumb. Bananen, lose Ecuador./kolumb. Bananen, lose je kg-31%0.88 1.29",0.88,,-31 %,1.29,https://assets.leaflets.schwarz/leaflets/pdfs/01a07b00-d190-7727-a471-2fec9cfef9bf/Prospekt-14-09-2026-16-09-2026-00.pdf,44369,Dortmund,판매 단위 확인,공식 원문 재검증 대기,"원본 수집 행 보존. 재검증 대기, 자동 가격 제외.",held,,579
2026-09-13 21:08 Europe/Berlin,Kaufland,"Kaufland Dortmund-Innenstadt-Nord, Bornstraße 160 a, 44145 Dortmund (최근접 활성 전단 지점, 지점별 가격 미확인)",44145,음료,14.09.2026-16.09.2026,"EHRMANN High Protein Pudding, Drink oder Joghurt EHRMANN High Protein Pudding, Drink oder Joghurt je 200-g-Becher oder 250-ml-Fl.(1 kg = 4.00)-19%4.00","EHRMANN High Protein Pudding, Drink oder Joghurt EHRMANN High Protein Pudding, Drink oder Joghurt je 200-g-Becher oder 250-ml-Fl.(1 kg = 4.00)-19%4.00 4.95",4.00,,-19 %,4.95,https://assets.leaflets.schwarz/leaflets/pdfs/01a07b00-d190-7727-a471-2fec9cfef9bf/Prospekt-14-09-2026-16-09-2026-00.pdf,44369,Dortmund,판매 단위 확인,공식 원문 재검증 대기,"원본 수집 행 보존. 재검증 대기, 자동 가격 제외.",held,,580
2026-09-13 21:08 Europe/Berlin,Kaufland,"Kaufland Dortmund-Innenstadt-Nord, Bornstraße 160 a, 44145 Dortmund (최근접 활성 전단 지점, 지점별 가격 미확인)",44145,식품,14.09.2026-16.09.2026,ESCAL Elsässer Flammkuchen ESCAL Elsässer Flammkuchen,ESCAL Elsässer Flammkuchen ESCAL Elsässer Flammkuchen je 260-g-Packg.(1 kg = 7.66)-20%1.99 2.49,1.99,,-20 %,2.49,https://assets.leaflets.schwarz/leaflets/pdfs/01a07b00-d190-7727-a471-2fec9cfef9bf/Prospekt-14-09-2026-16-09-2026-00.pdf,44369,Dortmund,판매 단위 확인,공식 원문 재검증 대기,"원본 수집 행 보존. 재검증 대기, 자동 가격 제외.",held,,581
2026-09-13 21:08 Europe/Berlin,Kaufland,"Kaufland Dortmund-Innenstadt-Nord, Bornstraße 160 a, 44145 Dortmund (최근접 활성 전단 지점, 지점별 가격 미확인)",44145,식품,14.09.2026-16.09.2026,ESCAL Regenbogen-Forellen ESCAL Regenbogen-Forellen,ESCAL Regenbogen-Forellen ESCAL Regenbogen-Forellen je 1-kg-Packg.-30%6.99 9.99,6.99,,-30 %,9.99,https://assets.leaflets.schwarz/leaflets/pdfs/01a07b00-d190-7727-a471-2fec9cfef9bf/Prospekt-14-09-2026-16-09-2026-00.pdf,44369,Dortmund,판매 단위 확인,공식 원문 재검증 대기,"원본 수집 행 보존. 재검증 대기, 자동 가격 제외.",held,,582
2026-09-13 21:08 Europe/Berlin,Kaufland,"Kaufland Dortmund-Innenstadt-Nord, Bornstraße 160 a, 44145 Dortmund (최근접 활성 전단 지점, 지점별 가격 미확인)",44145,식품,14.09.2026-16.09.2026,EXQUISA Milder Skyr Natur EXQUISA Milder Skyr Natur,EXQUISA Milder Skyr Natur EXQUISA Milder Skyr Natur je 375 - 400-g-Becher(1 kg = 3.73 - 3.98)-21%1.49 1.89,1.49,,-21 %,1.89,https://assets.leaflets.schwarz/leaflets/pdfs/01a07b00-d190-7727-a471-2fec9cfef9bf/Prospekt-14-09-2026-16-09-2026-00.pdf,44369,Dortmund,판매 단위 확인,공식 원문 재검증 대기,"원본 수집 행 보존. 재검증 대기, 자동 가격 제외.",held,,583
2026-09-13 21:08 Europe/Berlin,Kaufland,"Kaufland Dortmund-Innenstadt-Nord, Bornstraße 160 a, 44145 Dortmund (최근접 활성 전단 지점, 지점별 가격 미확인)",44145,식품,14.09.2026-16.09.2026,Flabatta Flabatta,Flabatta Flabatta je Stück-20%0.79 0.99,0.79,,-20 %,0.99,https://assets.leaflets.schwarz/leaflets/pdfs/01a07b00-d190-7727-a471-2fec9cfef9bf/Prospekt-14-09-2026-16-09-2026-00.pdf,44369,Dortmund,판매 단위 확인,공식 원문 재검증 대기,"원본 수집 행 보존. 재검증 대기, 자동 가격 제외.",held,,584
2026-09-13 21:08 Europe/Berlin,Kaufland,"Kaufland Dortmund-Innenstadt-Nord, Bornstraße 160 a, 44145 Dortmund (최근접 활성 전단 지점, 지점별 가격 미확인)",44145,식품,14.09.2026-16.09.2026,GARDEN GOURMET Vegane Filet-Streifen oder Sensational Burger GARDEN GOURMET Vegane Filet-Streifen oder Sensational Burger je 175 - 226-g-Packg.(1 kg = 11.02 - 14.23) / (1 kg = 9.83 - 12.69)**-16%2.49,GARDEN GOURMET Vegane Filet-Streifen oder Sensational Burger GARDEN GOURMET Vegane Filet-Streifen oder Sensational Burger je 175 - 226-g-Packg.(1 kg = 11.02 - 14.23) / (1 kg = 9.83 - 12.69)**-16%2.49 2.99 Mit Kaufland Card XTRA **-25%2.22 2.99,2.22,,-16 %,2.99,https://assets.leaflets.schwarz/leaflets/pdfs/01a07b00-d190-7727-a471-2fec9cfef9bf/Prospekt-14-09-2026-16-09-2026-00.pdf,44369,Dortmund,판매 단위 확인,공식 원문 재검증 대기,"원본 수집 행 보존. 재검증 대기, 자동 가격 제외.",held,,585
2026-09-13 21:08 Europe/Berlin,Kaufland,"Kaufland Dortmund-Innenstadt-Nord, Bornstraße 160 a, 44145 Dortmund (최근접 활성 전단 지점, 지점별 가격 미확인)",44145,식품,14.09.2026-16.09.2026,Getrocknete Tomaten Getrocknete Tomaten,Getrocknete Tomaten Getrocknete Tomaten je 100 g-16%0.99 1.19,0.99,,-16 %,1.19,https://assets.leaflets.schwarz/leaflets/pdfs/01a07b00-d190-7727-a471-2fec9cfef9bf/Prospekt-14-09-2026-16-09-2026-00.pdf,44369,Dortmund,판매 단위 확인,공식 원문 재검증 대기,"원본 수집 행 보존. 재검증 대기, 자동 가격 제외.",held,,586
2026-09-13 21:08 Europe/Berlin,Kaufland,"Kaufland Dortmund-Innenstadt-Nord, Bornstraße 160 a, 44145 Dortmund (최근접 활성 전단 지점, 지점별 가격 미확인)",44145,식품,14.09.2026-16.09.2026,GIOVANNI RANA Frische Tagliatelle oder Lasagneblätter GIOVANNI RANA Frische Tagliatelle oder Lasagneblätter je 250-g-Packg.(1 kg = 8.92)-20%2.23,GIOVANNI RANA Frische Tagliatelle oder Lasagneblätter GIOVANNI RANA Frische Tagliatelle oder Lasagneblätter je 250-g-Packg.(1 kg = 8.92)-20%2.23 2.79,2.23,,-20 %,2.79,https://assets.leaflets.schwarz/leaflets/pdfs/01a07b00-d190-7727-a471-2fec9cfef9bf/Prospekt-14-09-2026-16-09-2026-00.pdf,44369,Dortmund,판매 단위 확인,공식 원문 재검증 대기,"원본 수집 행 보존. 재검증 대기, 자동 가격 제외.",held,,587
2026-09-13 21:08 Europe/Berlin,Kaufland,"Kaufland Dortmund-Innenstadt-Nord, Bornstraße 160 a, 44145 Dortmund (최근접 활성 전단 지점, 지점별 가격 미확인)",44145,식품,14.09.2026-16.09.2026,GORBATSCHOW Wodka Original oder Citron GORBATSCHOW Wodka Original oder Citron,"GORBATSCHOW Wodka Original oder Citron GORBATSCHOW Wodka Original oder Citron je 0,7-l-Fl.(1 l = 7.93)-43%5.55 9.79",5.55,,-43 %,9.79,https://assets.leaflets.schwarz/leaflets/pdfs/01a07b00-d190-7727-a471-2fec9cfef9bf/Prospekt-14-09-2026-16-09-2026-00.pdf,44369,Dortmund,판매 단위 확인,공식 원문 재검증 대기,"원본 수집 행 보존. 재검증 대기, 자동 가격 제외.",held,,588
2026-09-13 21:08 Europe/Berlin,Kaufland,"Kaufland Dortmund-Innenstadt-Nord, Bornstraße 160 a, 44145 Dortmund (최근접 활성 전단 지점, 지점별 가격 미확인)",44145,식품,14.09.2026-16.09.2026,HAK Rotkohl HAK Rotkohl,HAK Rotkohl HAK Rotkohl je 700-g-Glas(1 kg = 1.85)-41%1.29 2.19,1.29,,-41 %,2.19,https://assets.leaflets.schwarz/leaflets/pdfs/01a07b00-d190-7727-a471-2fec9cfef9bf/Prospekt-14-09-2026-16-09-2026-00.pdf,44369,Dortmund,판매 단위 확인,공식 원문 재검증 대기,"원본 수집 행 보존. 재검증 대기, 자동 가격 제외.",held,,589
2026-09-13 21:08 Europe/Berlin,Kaufland,"Kaufland Dortmund-Innenstadt-Nord, Bornstraße 160 a, 44145 Dortmund (최근접 활성 전단 지점, 지점별 가격 미확인)",44145,식품,14.09.2026-16.09.2026,HARIBO Fruchtgummis oder Lakritze HARIBO Fruchtgummis oder Lakritze,HARIBO Fruchtgummis oder Lakritze HARIBO Fruchtgummis oder Lakritze je 150 - 175-g-Packg.(1 kg = 3.95 - 4.60)-42%0.69 1.19,0.69,,-42 %,1.19,https://assets.leaflets.schwarz/leaflets/pdfs/01a07b00-d190-7727-a471-2fec9cfef9bf/Prospekt-14-09-2026-16-09-2026-00.pdf,44369,Dortmund,판매 단위 확인,공식 원문 재검증 대기,"원본 수집 행 보존. 재검증 대기, 자동 가격 제외.",held,,590
2026-09-13 21:08 Europe/Berlin,Kaufland,"Kaufland Dortmund-Innenstadt-Nord, Bornstraße 160 a, 44145 Dortmund (최근접 활성 전단 지점, 지점별 가격 미확인)",44145,식품,14.09.2026-16.09.2026,IMMERGUT Eiskaffee oder Eisschoko IMMERGUT Eiskaffee oder Eisschoko,IMMERGUT Eiskaffee oder Eisschoko IMMERGUT Eiskaffee oder Eisschoko je 1-l-Packg.Mit Kaufland Card XTRA **-20%1.11 1.39,1.11,,-20 %,1.39,https://assets.leaflets.schwarz/leaflets/pdfs/01a07b00-d190-7727-a471-2fec9cfef9bf/Prospekt-14-09-2026-16-09-2026-00.pdf,44369,Dortmund,판매 단위 확인,공식 원문 재검증 대기,"원본 수집 행 보존. 재검증 대기, 자동 가격 제외.",held,,591
2026-09-13 21:08 Europe/Berlin,Kaufland,"Kaufland Dortmund-Innenstadt-Nord, Bornstraße 160 a, 44145 Dortmund (최근접 활성 전단 지점, 지점별 가격 미확인)",44145,식품,14.09.2026-16.09.2026,"Ital./span. Bio-Tafeltrauben, hell Ital./span. Bio-Tafeltrauben, hell","Ital./span. Bio-Tafeltrauben, hell Ital./span. Bio-Tafeltrauben, hell je 400-g-Packg.(1 kg = 4.98)-28%1.99 2.79",1.99,,-28 %,2.79,https://assets.leaflets.schwarz/leaflets/pdfs/01a07b00-d190-7727-a471-2fec9cfef9bf/Prospekt-14-09-2026-16-09-2026-00.pdf,44369,Dortmund,판매 단위 확인,공식 원문 재검증 대기,"원본 수집 행 보존. 재검증 대기, 자동 가격 제외.",held,,592
2026-09-13 21:08 Europe/Berlin,Kaufland,"Kaufland Dortmund-Innenstadt-Nord, Bornstraße 160 a, 44145 Dortmund (최근접 활성 전단 지점, 지점별 가격 미확인)",44145,식품,14.09.2026-16.09.2026,K-BLUE BAY Schwarzer Heilbutt K-BLUE BAY Schwarzer Heilbutt,K-BLUE BAY Schwarzer Heilbutt K-BLUE BAY Schwarzer Heilbutt je kg(entspr. z. B. für eine 160-g-Packg. 3.29)-17%20.56 24.99,20.56,,-17 %,24.99,https://assets.leaflets.schwarz/leaflets/pdfs/01a07b00-d190-7727-a471-2fec9cfef9bf/Prospekt-14-09-2026-16-09-2026-00.pdf,44369,Dortmund,판매 단위 확인,공식 원문 재검증 대기,"원본 수집 행 보존. 재검증 대기, 자동 가격 제외.",held,,593
2026-09-13 21:08 Europe/Berlin,Kaufland,"Kaufland Dortmund-Innenstadt-Nord, Bornstraße 160 a, 44145 Dortmund (최근접 활성 전단 지점, 지점별 가격 미확인)",44145,식품,14.09.2026-16.09.2026,K-CLASSIC Ayran K-CLASSIC Ayran,K-CLASSIC Ayran K-CLASSIC Ayran je 1-l-Packg.Mit Kaufland Card XTRA **-25%1.11 1.49,1.11,,-25 %,1.49,https://assets.leaflets.schwarz/leaflets/pdfs/01a07b00-d190-7727-a471-2fec9cfef9bf/Prospekt-14-09-2026-16-09-2026-00.pdf,44369,Dortmund,판매 단위 확인,공식 원문 재검증 대기,"원본 수집 행 보존. 재검증 대기, 자동 가격 제외.",held,,594
2026-09-13 21:08 Europe/Berlin,Kaufland,"Kaufland Dortmund-Innenstadt-Nord, Bornstraße 160 a, 44145 Dortmund (최근접 활성 전단 지점, 지점별 가격 미확인)",44145,식품,14.09.2026-16.09.2026,K-CLASSIC Deutsche Markenbutter K-CLASSIC Deutsche Markenbutter,250 g | mildgesäuert,0.88,,-16 %,1.05,https://assets.leaflets.schwarz/leaflets/pdfs/01a07b00-d190-7727-a471-2fec9cfef9bf/Prospekt-14-09-2026-16-09-2026-00.pdf,44369,Dortmund,250 g,,지점 공식 PDF 전단 6쪽: K-CLASSIC Deutsche Markenbutter; je 250-g-Stück; 0.88 EUR; 14.09.2026–16.09.2026.,verified,,595
2026-09-13 21:08 Europe/Berlin,Kaufland,"Kaufland Dortmund-Innenstadt-Nord, Bornstraße 160 a, 44145 Dortmund (최근접 활성 전단 지점, 지점별 가격 미확인)",44145,식품,14.09.2026-16.09.2026,K-CLASSIC Frischer Schmand 24 % Fett K-CLASSIC Frischer Schmand 24 % Fett je 200-g-Becher(1 kg = 3.95) / (1 kg = 2.95)**Mit Kaufland Card XTRA **-25%0.59 0.79,K-CLASSIC Frischer Schmand 24 % Fett K-CLASSIC Frischer Schmand 24 % Fett je 200-g-Becher(1 kg = 3.95) / (1 kg = 2.95)**Mit Kaufland Card XTRA **-25%0.59 0.79,0.59,,-25 %,0.79,https://assets.leaflets.schwarz/leaflets/pdfs/01a07b00-d190-7727-a471-2fec9cfef9bf/Prospekt-14-09-2026-16-09-2026-00.pdf,44369,Dortmund,판매 단위 확인,공식 원문 재검증 대기,"원본 수집 행 보존. 재검증 대기, 자동 가격 제외.",held,,596
2026-09-13 21:08 Europe/Berlin,Kaufland,"Kaufland Dortmund-Innenstadt-Nord, Bornstraße 160 a, 44145 Dortmund (최근접 활성 전단 지점, 지점별 가격 미확인)",44145,식품,14.09.2026-16.09.2026,K-CLASSIC Frutti die Mare K-CLASSIC Frutti die Mare,K-CLASSIC Frutti die Mare K-CLASSIC Frutti die Mare je 270-g-Packg.(1 kg = 12.34)-16%3.33 3.99 Weitere Angebote anzeigen,3.33,,-16 %,3.99,https://assets.leaflets.schwarz/leaflets/pdfs/01a07b00-d190-7727-a471-2fec9cfef9bf/Prospekt-14-09-2026-16-09-2026-00.pdf,44369,Dortmund,판매 단위 확인,공식 원문 재검증 대기,"원본 수집 행 보존. 재검증 대기, 자동 가격 제외.",held,,597
2026-09-13 21:08 Europe/Berlin,Kaufland,"Kaufland Dortmund-Innenstadt-Nord, Bornstraße 160 a, 44145 Dortmund (최근접 활성 전단 지점, 지점별 가격 미확인)",44145,식품,14.09.2026-16.09.2026,K-CLASSIC Grütze K-CLASSIC Grütze,K-CLASSIC Grütze K-CLASSIC Grütze je 500-g-Becher(1 kg = 4.58) / (1 kg = 3.78)**Mit Kaufland Card XTRA **-17%1.89 2.29,1.89,,-17 %,2.29,https://assets.leaflets.schwarz/leaflets/pdfs/01a07b00-d190-7727-a471-2fec9cfef9bf/Prospekt-14-09-2026-16-09-2026-00.pdf,44369,Dortmund,판매 단위 확인,공식 원문 재검증 대기,"원본 수집 행 보존. 재검증 대기, 자동 가격 제외.",held,,598
2026-09-13 21:08 Europe/Berlin,Kaufland,"Kaufland Dortmund-Innenstadt-Nord, Bornstraße 160 a, 44145 Dortmund (최근접 활성 전단 지점, 지점별 가격 미확인)",44145,식품,14.09.2026-16.09.2026,K-CLASSIC High Protein Pudding K-CLASSIC High Protein Pudding,K-CLASSIC High Protein Pudding K-CLASSIC High Protein Pudding je 200-g-Becher(1 kg = 4.45) / (1 kg = 3.45)**Mit Kaufland Card XTRA **-22%0.69 0.89,0.69,,-22 %,0.89,https://assets.leaflets.schwarz/leaflets/pdfs/01a07b00-d190-7727-a471-2fec9cfef9bf/Prospekt-14-09-2026-16-09-2026-00.pdf,44369,Dortmund,판매 단위 확인,공식 원문 재검증 대기,"원본 수집 행 보존. 재검증 대기, 자동 가격 제외.",held,,599
2026-09-13 21:08 Europe/Berlin,Kaufland,"Kaufland Dortmund-Innenstadt-Nord, Bornstraße 160 a, 44145 Dortmund (최근접 활성 전단 지점, 지점별 가격 미확인)",44145,식품,14.09.2026-16.09.2026,K-CLASSIC High-Protein-Quarkriegel K-CLASSIC High-Protein-Quarkriegel,K-CLASSIC High-Protein-Quarkriegel K-CLASSIC High-Protein-Quarkriegel je 40-g-Riegel(1 kg = 19.75) / (1 kg = 14.75)**Mit Kaufland Card XTRA **-25%0.59 0.79,0.59,,-25 %,0.79,https://assets.leaflets.schwarz/leaflets/pdfs/01a07b00-d190-7727-a471-2fec9cfef9bf/Prospekt-14-09-2026-16-09-2026-00.pdf,44369,Dortmund,판매 단위 확인,공식 원문 재검증 대기,"원본 수집 행 보존. 재검증 대기, 자동 가격 제외.",held,,600
2026-09-13 21:08 Europe/Berlin,Kaufland,"Kaufland Dortmund-Innenstadt-Nord, Bornstraße 160 a, 44145 Dortmund (최근접 활성 전단 지점, 지점별 가격 미확인)",44145,식품,14.09.2026-16.09.2026,"K-CLASSIC Hirtenkäse, 45 % Fett i. Tr.K-CLASSIC Hirtenkäse, 45 % Fett i. Tr.je 250-g-Packg.(1 kg = 4.44)-25%1.11","K-CLASSIC Hirtenkäse, 45 % Fett i. Tr.K-CLASSIC Hirtenkäse, 45 % Fett i. Tr.je 250-g-Packg.(1 kg = 4.44)-25%1.11 1.49",1.11,,-25 %,1.49,https://assets.leaflets.schwarz/leaflets/pdfs/01a07b00-d190-7727-a471-2fec9cfef9bf/Prospekt-14-09-2026-16-09-2026-00.pdf,44369,Dortmund,판매 단위 확인,공식 원문 재검증 대기,"원본 수집 행 보존. 재검증 대기, 자동 가격 제외.",held,,601
2026-09-13 21:08 Europe/Berlin,Kaufland,"Kaufland Dortmund-Innenstadt-Nord, Bornstraße 160 a, 44145 Dortmund (최근접 활성 전단 지점, 지점별 가격 미확인)",44145,식품,14.09.2026-16.09.2026,K-CLASSIC Kaliforn. Pistazien K-CLASSIC Kaliforn. Pistazien,K-CLASSIC Kaliforn. Pistazien K-CLASSIC Kaliforn. Pistazien je 250-g-Packg.(1 kg = 9.96)-28%2.49 3.49,2.49,,-28 %,3.49,https://assets.leaflets.schwarz/leaflets/pdfs/01a07b00-d190-7727-a471-2fec9cfef9bf/Prospekt-14-09-2026-16-09-2026-00.pdf,44369,Dortmund,판매 단위 확인,공식 원문 재검증 대기,"원본 수집 행 보존. 재검증 대기, 자동 가격 제외.",held,,602
2026-09-13 21:08 Europe/Berlin,Kaufland,"Kaufland Dortmund-Innenstadt-Nord, Bornstraße 160 a, 44145 Dortmund (최근접 활성 전단 지점, 지점별 가격 미확인)",44145,식품,14.09.2026-16.09.2026,K-CLASSIC Kürbiskerne K-CLASSIC Kürbiskerne,K-CLASSIC Kürbiskerne K-CLASSIC Kürbiskerne je 200-g-Packg.(1 kg = 7.45)-21%1.49 1.89,1.49,,-21 %,1.89,https://assets.leaflets.schwarz/leaflets/pdfs/01a07b00-d190-7727-a471-2fec9cfef9bf/Prospekt-14-09-2026-16-09-2026-00.pdf,44369,Dortmund,판매 단위 확인,공식 원문 재검증 대기,"원본 수집 행 보존. 재검증 대기, 자동 가격 제외.",held,,603
2026-09-13 21:08 Europe/Berlin,Kaufland,"Kaufland Dortmund-Innenstadt-Nord, Bornstraße 160 a, 44145 Dortmund (최근접 활성 전단 지점, 지점별 가격 미확인)",44145,식품,14.09.2026-16.09.2026,K-CLASSIC Limburger K-CLASSIC Limburger,K-CLASSIC Limburger K-CLASSIC Limburger je 200-g-Stück(1 kg = 9.95) / (1 kg = 8.95)**Mit Kaufland Card XTRA **-10%1.79 1.99 Weitere Angebote anzeigen,1.79,,-10 %,1.99,https://assets.leaflets.schwarz/leaflets/pdfs/01a07b00-d190-7727-a471-2fec9cfef9bf/Prospekt-14-09-2026-16-09-2026-00.pdf,44369,Dortmund,판매 단위 확인,공식 원문 재검증 대기,"원본 수집 행 보존. 재검증 대기, 자동 가격 제외.",held,,604
2026-09-13 21:08 Europe/Berlin,Kaufland,"Kaufland Dortmund-Innenstadt-Nord, Bornstraße 160 a, 44145 Dortmund (최근접 활성 전단 지점, 지점별 가격 미확인)",44145,식품,14.09.2026-16.09.2026,K-CLASSIC Pistazienkerne K-CLASSIC Pistazienkerne,K-CLASSIC Pistazienkerne K-CLASSIC Pistazienkerne je 100-g-Packg.(1 kg = 31.90)-20%3.19 3.99,3.19,,-20 %,3.99,https://assets.leaflets.schwarz/leaflets/pdfs/01a07b00-d190-7727-a471-2fec9cfef9bf/Prospekt-14-09-2026-16-09-2026-00.pdf,44369,Dortmund,판매 단위 확인,공식 원문 재검증 대기,"원본 수집 행 보존. 재검증 대기, 자동 가격 제외.",held,,605
2026-09-13 21:08 Europe/Berlin,Kaufland,"Kaufland Dortmund-Innenstadt-Nord, Bornstraße 160 a, 44145 Dortmund (최근접 활성 전단 지점, 지점별 가격 미확인)",44145,식품,14.09.2026-16.09.2026,K-CLASSIC Salatkerne-Mix K-CLASSIC Salatkerne-Mix,K-CLASSIC Salatkerne-Mix K-CLASSIC Salatkerne-Mix je 175-g-Packg.(1 kg = 9.66)-26%1.69 2.29,1.69,,-26 %,2.29,https://assets.leaflets.schwarz/leaflets/pdfs/01a07b00-d190-7727-a471-2fec9cfef9bf/Prospekt-14-09-2026-16-09-2026-00.pdf,44369,Dortmund,판매 단위 확인,공식 원문 재검증 대기,"원본 수집 행 보존. 재검증 대기, 자동 가격 제외.",held,,606
2026-09-13 21:08 Europe/Berlin,Kaufland,"Kaufland Dortmund-Innenstadt-Nord, Bornstraße 160 a, 44145 Dortmund (최근접 활성 전단 지점, 지점별 가격 미확인)",44145,식품,14.09.2026-16.09.2026,K-CLASSIC Sandwichtoast K-CLASSIC Sandwichtoast,K-CLASSIC Sandwichtoast K-CLASSIC Sandwichtoast je 750-g-Packg.(1 kg = 1.32)-16%0.99 1.19,0.99,,-16 %,1.19,https://assets.leaflets.schwarz/leaflets/pdfs/01a07b00-d190-7727-a471-2fec9cfef9bf/Prospekt-14-09-2026-16-09-2026-00.pdf,44369,Dortmund,판매 단위 확인,공식 원문 재검증 대기,"원본 수집 행 보존. 재검증 대기, 자동 가격 제외.",held,,607
2026-09-13 21:08 Europe/Berlin,Kaufland,"Kaufland Dortmund-Innenstadt-Nord, Bornstraße 160 a, 44145 Dortmund (최근접 활성 전단 지점, 지점별 가격 미확인)",44145,식품,14.09.2026-16.09.2026,K-CLASSIC Saure Sahne K-CLASSIC Saure Sahne,K-CLASSIC Saure Sahne K-CLASSIC Saure Sahne je 200-g-Becher(1 kg = 2.95) / (1 kg = 2.45)**Mit Kaufland Card XTRA **-16%0.49 0.59,0.49,,-16 %,0.59,https://assets.leaflets.schwarz/leaflets/pdfs/01a07b00-d190-7727-a471-2fec9cfef9bf/Prospekt-14-09-2026-16-09-2026-00.pdf,44369,Dortmund,판매 단위 확인,공식 원문 재검증 대기,"원본 수집 행 보존. 재검증 대기, 자동 가격 제외.",held,,608
2026-09-13 21:08 Europe/Berlin,Kaufland,"Kaufland Dortmund-Innenstadt-Nord, Bornstraße 160 a, 44145 Dortmund (최근접 활성 전단 지점, 지점별 가격 미확인)",44145,식품,14.09.2026-16.09.2026,K-CLASSIC Schlagsahne K-CLASSIC Schlagsahne,K-CLASSIC Schlagsahne K-CLASSIC Schlagsahne je 200-g-Becher(1 kg = 4.45) / (1 kg = 3.75)**Mit Kaufland Card XTRA **-15%0.75 0.89,0.75,,-15 %,0.89,https://assets.leaflets.schwarz/leaflets/pdfs/01a07b00-d190-7727-a471-2fec9cfef9bf/Prospekt-14-09-2026-16-09-2026-00.pdf,44369,Dortmund,판매 단위 확인,공식 원문 재검증 대기,"원본 수집 행 보존. 재검증 대기, 자동 가격 제외.",held,,609
2026-09-13 21:08 Europe/Berlin,Kaufland,"Kaufland Dortmund-Innenstadt-Nord, Bornstraße 160 a, 44145 Dortmund (최근접 활성 전단 지점, 지점별 가격 미확인)",44145,식품,14.09.2026-16.09.2026,K-CLASSIC Sonnenblumenkerne K-CLASSIC Sonnenblumenkerne,K-CLASSIC Sonnenblumenkerne K-CLASSIC Sonnenblumenkerne je 400-g-Packg.(1 kg = 2.48)-16%0.99 1.19,0.99,,-16 %,1.19,https://assets.leaflets.schwarz/leaflets/pdfs/01a07b00-d190-7727-a471-2fec9cfef9bf/Prospekt-14-09-2026-16-09-2026-00.pdf,44369,Dortmund,판매 단위 확인,공식 원문 재검증 대기,"원본 수집 행 보존. 재검증 대기, 자동 가격 제외.",held,,610
2026-09-13 21:08 Europe/Berlin,Kaufland,"Kaufland Dortmund-Innenstadt-Nord, Bornstraße 160 a, 44145 Dortmund (최근접 활성 전단 지점, 지점별 가격 미확인)",44145,식품,14.09.2026-16.09.2026,K-CLASSIC Studentenfutter K-CLASSIC Studentenfutter,K-CLASSIC Studentenfutter K-CLASSIC Studentenfutter je 200-g-Packg.(1 kg = 9.45)-17%1.89 2.29,1.89,,-17 %,2.29,https://assets.leaflets.schwarz/leaflets/pdfs/01a07b00-d190-7727-a471-2fec9cfef9bf/Prospekt-14-09-2026-16-09-2026-00.pdf,44369,Dortmund,판매 단위 확인,공식 원문 재검증 대기,"원본 수집 행 보존. 재검증 대기, 자동 가격 제외.",held,,611
2026-09-13 21:08 Europe/Berlin,Kaufland,"Kaufland Dortmund-Innenstadt-Nord, Bornstraße 160 a, 44145 Dortmund (최근접 활성 전단 지점, 지점별 가격 미확인)",44145,식품,14.09.2026-16.09.2026,K-CLASSIC Toastbrötchen K-CLASSIC Toastbrötchen,K-CLASSIC Toastbrötchen K-CLASSIC Toastbrötchen je 6 St. = 335-g-Packg.(1 kg = 2.36)-20%0.79 0.99 Weitere Angebote anzeigen,0.79,,-20 %,0.99,https://assets.leaflets.schwarz/leaflets/pdfs/01a07b00-d190-7727-a471-2fec9cfef9bf/Prospekt-14-09-2026-16-09-2026-00.pdf,44369,Dortmund,판매 단위 확인,공식 원문 재검증 대기,"원본 수집 행 보존. 재검증 대기, 자동 가격 제외.",held,,612
2026-09-13 21:08 Europe/Berlin,Kaufland,"Kaufland Dortmund-Innenstadt-Nord, Bornstraße 160 a, 44145 Dortmund (최근접 활성 전단 지점, 지점별 가격 미확인)",44145,식품,14.09.2026-16.09.2026,K-FAVOURITES Ital. Haselnusskerne K-FAVOURITES Ital. Haselnusskerne,K-FAVOURITES Ital. Haselnusskerne K-FAVOURITES Ital. Haselnusskerne je 200-g-Packg.(1 kg = 14.95)-18%2.99 3.69,2.99,,-18 %,3.69,https://assets.leaflets.schwarz/leaflets/pdfs/01a07b00-d190-7727-a471-2fec9cfef9bf/Prospekt-14-09-2026-16-09-2026-00.pdf,44369,Dortmund,판매 단위 확인,공식 원문 재검증 대기,"원본 수집 행 보존. 재검증 대기, 자동 가격 제외.",held,,613
2026-09-13 21:08 Europe/Berlin,Kaufland,"Kaufland Dortmund-Innenstadt-Nord, Bornstraße 160 a, 44145 Dortmund (최근접 활성 전단 지점, 지점별 가격 미확인)",44145,식품,14.09.2026-16.09.2026,K-GOLD EDITION Antipasti K-GOLD EDITION Antipasti,K-GOLD EDITION Antipasti K-GOLD EDITION Antipasti je 150-g-Packg.(1 kg = 10.60)-20%1.59 1.99,1.59,,-20 %,1.99,https://assets.leaflets.schwarz/leaflets/pdfs/01a07b00-d190-7727-a471-2fec9cfef9bf/Prospekt-14-09-2026-16-09-2026-00.pdf,44369,Dortmund,판매 단위 확인,공식 원문 재검증 대기,"원본 수집 행 보존. 재검증 대기, 자동 가격 제외.",held,,614
2026-09-13 21:08 Europe/Berlin,Kaufland,"Kaufland Dortmund-Innenstadt-Nord, Bornstraße 160 a, 44145 Dortmund (최근접 활성 전단 지점, 지점별 가격 미확인)",44145,식품,14.09.2026-16.09.2026,K-GOLD EDITION Oliven K-GOLD EDITION Oliven,K-GOLD EDITION Oliven K-GOLD EDITION Oliven je 150-g-Packg.(1 kg = 10.60)-11%1.59 1.79,1.59,,-11 %,1.79,https://assets.leaflets.schwarz/leaflets/pdfs/01a07b00-d190-7727-a471-2fec9cfef9bf/Prospekt-14-09-2026-16-09-2026-00.pdf,44369,Dortmund,판매 단위 확인,공식 원문 재검증 대기,"원본 수집 행 보존. 재검증 대기, 자동 가격 제외.",held,,615
2026-09-13 21:08 Europe/Berlin,Kaufland,"Kaufland Dortmund-Innenstadt-Nord, Bornstraße 160 a, 44145 Dortmund (최근접 활성 전단 지점, 지점별 가격 미확인)",44145,식품,14.09.2026-16.09.2026,K-GOLD EDITION Prosciutto italiano K-GOLD EDITION Prosciutto italiano,K-GOLD EDITION Prosciutto italiano K-GOLD EDITION Prosciutto italiano je 100-g-Packg.(1 kg = 17.90)-21%1.79 2.29,1.79,,-21 %,2.29,https://assets.leaflets.schwarz/leaflets/pdfs/01a07b00-d190-7727-a471-2fec9cfef9bf/Prospekt-14-09-2026-16-09-2026-00.pdf,44369,Dortmund,판매 단위 확인,공식 원문 재검증 대기,"원본 수집 행 보존. 재검증 대기, 자동 가격 제외.",held,,616
2026-09-13 21:08 Europe/Berlin,Kaufland,"Kaufland Dortmund-Innenstadt-Nord, Bornstraße 160 a, 44145 Dortmund (최근접 활성 전단 지점, 지점별 가격 미확인)",44145,식품,14.09.2026-16.09.2026,K-GOLD EDITION Salsiccia K-GOLD EDITION Salsiccia,K-GOLD EDITION Salsiccia K-GOLD EDITION Salsiccia je 5 St. = 300-g-Packg.(1 kg = 9.64)-17%2.89 3.49,2.89,,-17 %,3.49,https://assets.leaflets.schwarz/leaflets/pdfs/01a07b00-d190-7727-a471-2fec9cfef9bf/Prospekt-14-09-2026-16-09-2026-00.pdf,44369,Dortmund,판매 단위 확인,공식 원문 재검증 대기,"원본 수집 행 보존. 재검증 대기, 자동 가격 제외.",held,,617
2026-09-13 21:08 Europe/Berlin,Kaufland,"Kaufland Dortmund-Innenstadt-Nord, Bornstraße 160 a, 44145 Dortmund (최근접 활성 전단 지점, 지점별 가격 미확인)",44145,주류,14.09.2026-16.09.2026,K-PURLAND Kasseler Nacken mit Knochen vom Schwein K-PURLAND Kasseler Nacken mit Knochen vom Schwein je kg-25%5.99,K-PURLAND Kasseler Nacken mit Knochen vom Schwein K-PURLAND Kasseler Nacken mit Knochen vom Schwein je kg-25%5.99 7.99,5.99,,-25 %,7.99,https://assets.leaflets.schwarz/leaflets/pdfs/01a07b00-d190-7727-a471-2fec9cfef9bf/Prospekt-14-09-2026-16-09-2026-00.pdf,44369,Dortmund,판매 단위 확인,공식 원문 재검증 대기,"원본 수집 행 보존. 재검증 대기, 자동 가격 제외.",held,,618
2026-09-13 21:08 Europe/Berlin,Kaufland,"Kaufland Dortmund-Innenstadt-Nord, Bornstraße 160 a, 44145 Dortmund (최근접 활성 전단 지점, 지점별 가격 미확인)",44145,주류,14.09.2026-16.09.2026,"K-PURLAND Pökelbraten vom Schwein, saftig und zart K-PURLAND Pökelbraten vom Schwein, saftig und zart je kg-31%5.49","K-PURLAND Pökelbraten vom Schwein, saftig und zart K-PURLAND Pökelbraten vom Schwein, saftig und zart je kg-31%5.49 7.99",5.49,,-31 %,7.99,https://assets.leaflets.schwarz/leaflets/pdfs/01a07b00-d190-7727-a471-2fec9cfef9bf/Prospekt-14-09-2026-16-09-2026-00.pdf,44369,Dortmund,판매 단위 확인,공식 원문 재검증 대기,"원본 수집 행 보존. 재검증 대기, 자동 가격 제외.",held,,619
2026-09-13 21:08 Europe/Berlin,Kaufland,"Kaufland Dortmund-Innenstadt-Nord, Bornstraße 160 a, 44145 Dortmund (최근접 활성 전단 지점, 지점별 가격 미확인)",44145,식품,14.09.2026-16.09.2026,K-PURLAND Schinkenschnitzel K-PURLAND Schinkenschnitzel,K-PURLAND Schinkenschnitzel K-PURLAND Schinkenschnitzel je 600-g-Packg.(1 kg = 6.65)-27%3.99 5.49 Weitere Angebote anzeigen Diese Artikel findest du an unserer Frischetheke,3.99,,-27 %,5.49,https://assets.leaflets.schwarz/leaflets/pdfs/01a07b00-d190-7727-a471-2fec9cfef9bf/Prospekt-14-09-2026-16-09-2026-00.pdf,44369,Dortmund,판매 단위 확인,공식 원문 재검증 대기,"원본 수집 행 보존. 재검증 대기, 자동 가격 제외.",held,,620
2026-09-13 21:08 Europe/Berlin,Kaufland,"Kaufland Dortmund-Innenstadt-Nord, Bornstraße 160 a, 44145 Dortmund (최근접 활성 전단 지점, 지점별 가격 미확인)",44145,식품,14.09.2026-16.09.2026,K-WERTSCHÄTZE Bockwurst mit Rindfleisch K-WERTSCHÄTZE Bockwurst mit Rindfleisch,K-WERTSCHÄTZE Bockwurst mit Rindfleisch K-WERTSCHÄTZE Bockwurst mit Rindfleisch je 100 g-40%0.89 1.49,0.89,,-40 %,1.49,https://assets.leaflets.schwarz/leaflets/pdfs/01a07b00-d190-7727-a471-2fec9cfef9bf/Prospekt-14-09-2026-16-09-2026-00.pdf,44369,Dortmund,판매 단위 확인,공식 원문 재검증 대기,"원본 수집 행 보존. 재검증 대기, 자동 가격 제외.",held,,621
2026-09-13 21:08 Europe/Berlin,Kaufland,"Kaufland Dortmund-Innenstadt-Nord, Bornstraße 160 a, 44145 Dortmund (최근접 활성 전단 지점, 지점별 가격 미확인)",44145,식품,14.09.2026-16.09.2026,Käsebrötchen Käsebrötchen,Käsebrötchen Käsebrötchen je Stück-22%0.69 0.89,0.69,,-22 %,0.89,https://assets.leaflets.schwarz/leaflets/pdfs/01a07b00-d190-7727-a471-2fec9cfef9bf/Prospekt-14-09-2026-16-09-2026-00.pdf,44369,Dortmund,판매 단위 확인,공식 원문 재검증 대기,"원본 수집 행 보존. 재검증 대기, 자동 가격 제외.",held,,622
2026-09-13 21:08 Europe/Berlin,Kaufland,"Kaufland Dortmund-Innenstadt-Nord, Bornstraße 160 a, 44145 Dortmund (최근접 활성 전단 지점, 지점별 가격 미확인)",44145,식품,14.09.2026-16.09.2026,KERRYGOLD Cheddar KERRYGOLD Cheddar,KERRYGOLD Cheddar KERRYGOLD Cheddar je 130-g-Packg.(1 kg = 11.47)-50%1.49 2.99,1.49,,-50 %,2.99,https://assets.leaflets.schwarz/leaflets/pdfs/01a07b00-d190-7727-a471-2fec9cfef9bf/Prospekt-14-09-2026-16-09-2026-00.pdf,44369,Dortmund,판매 단위 확인,공식 원문 재검증 대기,"원본 수집 행 보존. 재검증 대기, 자동 가격 제외.",held,,623
2026-09-13 21:08 Europe/Berlin,Kaufland,"Kaufland Dortmund-Innenstadt-Nord, Bornstraße 160 a, 44145 Dortmund (최근접 활성 전단 지점, 지점별 가격 미확인)",44145,식품,14.09.2026-16.09.2026,KNÜLLER BARILLA Classic Pasta BARILLA Classic Pasta,KNÜLLER BARILLA Classic Pasta BARILLA Classic Pasta je 1-kg-Packg.nur 1.99,1.99,,,1.99,https://assets.leaflets.schwarz/leaflets/pdfs/01a07b00-d190-7727-a471-2fec9cfef9bf/Prospekt-14-09-2026-16-09-2026-00.pdf,44369,Dortmund,판매 단위 확인,공식 원문 재검증 대기,"원본 수집 행 보존. 재검증 대기, 자동 가격 제외.",held,,624
2026-09-13 21:08 Europe/Berlin,Kaufland,"Kaufland Dortmund-Innenstadt-Nord, Bornstraße 160 a, 44145 Dortmund (최근접 활성 전단 지점, 지점별 가격 미확인)",44145,식품,14.09.2026-16.09.2026,KNÜLLER BARILLA Classic Pasta BARILLA Classic Pasta,KNÜLLER BARILLA Classic Pasta BARILLA Classic Pasta je 500-g-Packg.(1 kg = 3.18)nur 1.59,3.18,,,3.18,https://assets.leaflets.schwarz/leaflets/pdfs/01a07b00-d190-7727-a471-2fec9cfef9bf/Prospekt-14-09-2026-16-09-2026-00.pdf,44369,Dortmund,판매 단위 확인,공식 원문 재검증 대기,"원본 수집 행 보존. 재검증 대기, 자동 가격 제외.",held,,625
2026-09-13 21:08 Europe/Berlin,Kaufland,"Kaufland Dortmund-Innenstadt-Nord, Bornstraße 160 a, 44145 Dortmund (최근접 활성 전단 지점, 지점별 가격 미확인)",44145,식품,14.09.2026-16.09.2026,KNÜLLER BAUER Diplomat Kümmel oder Jalapeño-Chili BAUER Diplomat Kümmel oder Jalapeño-Chili je 100 g nur 0.99,KNÜLLER BAUER Diplomat Kümmel oder Jalapeño-Chili BAUER Diplomat Kümmel oder Jalapeño-Chili je 100 g nur 0.99,0.99,,,0.99,https://assets.leaflets.schwarz/leaflets/pdfs/01a07b00-d190-7727-a471-2fec9cfef9bf/Prospekt-14-09-2026-16-09-2026-00.pdf,44369,Dortmund,판매 단위 확인,공식 원문 재검증 대기,"원본 수집 행 보존. 재검증 대기, 자동 가격 제외.",held,,626
2026-09-13 21:08 Europe/Berlin,Kaufland,"Kaufland Dortmund-Innenstadt-Nord, Bornstraße 160 a, 44145 Dortmund (최근접 활성 전단 지점, 지점별 가격 미확인)",44145,식품,14.09.2026-16.09.2026,KNÜLLER BERTOLLI Pesto BERTOLLI Pesto,KNÜLLER BERTOLLI Pesto BERTOLLI Pesto je 185-g-Glas(1 kg = 14.22)nur 2.63 Weitere Angebote anzeigen,14.22,,,14.22,https://assets.leaflets.schwarz/leaflets/pdfs/01a07b00-d190-7727-a471-2fec9cfef9bf/Prospekt-14-09-2026-16-09-2026-00.pdf,44369,Dortmund,판매 단위 확인,공식 원문 재검증 대기,"원본 수집 행 보존. 재검증 대기, 자동 가격 제외.",held,,627
2026-09-13 21:08 Europe/Berlin,Kaufland,"Kaufland Dortmund-Innenstadt-Nord, Bornstraße 160 a, 44145 Dortmund (최근접 활성 전단 지점, 지점별 가격 미확인)",44145,주류,14.09.2026-16.09.2026,KNÜLLER CRODO Limonade CRODO Limonade,"KNÜLLER CRODO Limonade CRODO Limonade je 0,33-l-Dose(1 l = 2.70)nur 0.89",0.33,,,033,https://assets.leaflets.schwarz/leaflets/pdfs/01a07b00-d190-7727-a471-2fec9cfef9bf/Prospekt-14-09-2026-16-09-2026-00.pdf,44369,Dortmund,판매 단위 확인,공식 원문 재검증 대기,"원본 수집 행 보존. 재검증 대기, 자동 가격 제외.",held,,628
2026-09-13 21:08 Europe/Berlin,Kaufland,"Kaufland Dortmund-Innenstadt-Nord, Bornstraße 160 a, 44145 Dortmund (최근접 활성 전단 지점, 지점별 가격 미확인)",44145,식품,14.09.2026-16.09.2026,KNÜLLER DAHLHOFF FEINKOST Creme-Dip DAHLHOFF FEINKOST Creme-Dip,KNÜLLER DAHLHOFF FEINKOST Creme-Dip DAHLHOFF FEINKOST Creme-Dip je 250-g-Becher(1 kg = 7.96)nur 1.99 Weitere Angebote anzeigen Diese Artikel findest du an unserer Frischetheke,7.96,,,7.96,https://assets.leaflets.schwarz/leaflets/pdfs/01a07b00-d190-7727-a471-2fec9cfef9bf/Prospekt-14-09-2026-16-09-2026-00.pdf,44369,Dortmund,판매 단위 확인,공식 원문 재검증 대기,"원본 수집 행 보존. 재검증 대기, 자동 가격 제외.",held,,629
2026-09-13 21:08 Europe/Berlin,Kaufland,"Kaufland Dortmund-Innenstadt-Nord, Bornstraße 160 a, 44145 Dortmund (최근접 활성 전단 지점, 지점별 가격 미확인)",44145,주류,14.09.2026-16.09.2026,KNÜLLER DEIT Zuckerfreie Limonade DEIT Zuckerfreie Limonade,"KNÜLLER DEIT Zuckerfreie Limonade DEIT Zuckerfreie Limonade je 0,75-l-PET-Fl.(1 l = 1.19)nur 0.89",0.75,,,075,https://assets.leaflets.schwarz/leaflets/pdfs/01a07b00-d190-7727-a471-2fec9cfef9bf/Prospekt-14-09-2026-16-09-2026-00.pdf,44369,Dortmund,판매 단위 확인,공식 원문 재검증 대기,"원본 수집 행 보존. 재검증 대기, 자동 가격 제외.",held,,630
2026-09-13 21:08 Europe/Berlin,Kaufland,"Kaufland Dortmund-Innenstadt-Nord, Bornstraße 160 a, 44145 Dortmund (최근접 활성 전단 지점, 지점별 가격 미확인)",44145,식품,14.09.2026-16.09.2026,KNÜLLER Gegrillte Champignons mit Frischkäse Gegrillte Champignons mit Frischkäse,KNÜLLER Gegrillte Champignons mit Frischkäse Gegrillte Champignons mit Frischkäse je 100 g nur 1.49,1.49,,,1.49,https://assets.leaflets.schwarz/leaflets/pdfs/01a07b00-d190-7727-a471-2fec9cfef9bf/Prospekt-14-09-2026-16-09-2026-00.pdf,44369,Dortmund,판매 단위 확인,공식 원문 재검증 대기,"원본 수집 행 보존. 재검증 대기, 자동 가격 제외.",held,,631
2026-09-13 21:08 Europe/Berlin,Kaufland,"Kaufland Dortmund-Innenstadt-Nord, Bornstraße 160 a, 44145 Dortmund (최근접 활성 전단 지점, 지점별 가격 미확인)",44145,주류,14.09.2026-16.09.2026,KNÜLLER INNOCENT Smoothie INNOCENT Smoothie,KNÜLLER INNOCENT Smoothie INNOCENT Smoothie je 250-ml-Fl.(1 l = 5.96)nur 1.49,5.96,,,5.96,https://assets.leaflets.schwarz/leaflets/pdfs/01a07b00-d190-7727-a471-2fec9cfef9bf/Prospekt-14-09-2026-16-09-2026-00.pdf,44369,Dortmund,판매 단위 확인,공식 원문 재검증 대기,"원본 수집 행 보존. 재검증 대기, 자동 가격 제외.",held,,632
2026-09-13 21:08 Europe/Berlin,Kaufland,"Kaufland Dortmund-Innenstadt-Nord, Bornstraße 160 a, 44145 Dortmund (최근접 활성 전단 지점, 지점별 가격 미확인)",44145,식품,14.09.2026-16.09.2026,KNÜLLER K-CLASSIC Pekannusskerne K-CLASSIC Pekannusskerne,KNÜLLER K-CLASSIC Pekannusskerne K-CLASSIC Pekannusskerne je 200-g-Packg.(1 kg = 15.00)nur 9.00,15.00,,,15.00,https://assets.leaflets.schwarz/leaflets/pdfs/01a07b00-d190-7727-a471-2fec9cfef9bf/Prospekt-14-09-2026-16-09-2026-00.pdf,44369,Dortmund,판매 단위 확인,공식 원문 재검증 대기,"원본 수집 행 보존. 재검증 대기, 자동 가격 제외.",held,,633
2026-09-13 21:08 Europe/Berlin,Kaufland,"Kaufland Dortmund-Innenstadt-Nord, Bornstraße 160 a, 44145 Dortmund (최근접 활성 전단 지점, 지점별 가격 미확인)",44145,식품,14.09.2026-16.09.2026,KNÜLLER K-FAVOURITES Kalifor. Mandeln K-FAVOURITES Kalifor. Mandeln,KNÜLLER K-FAVOURITES Kalifor. Mandeln K-FAVOURITES Kalifor. Mandeln je 200-g-Packg.(1 kg = 11.10)nur 2.22,11.10,,,11.10,https://assets.leaflets.schwarz/leaflets/pdfs/01a07b00-d190-7727-a471-2fec9cfef9bf/Prospekt-14-09-2026-16-09-2026-00.pdf,44369,Dortmund,판매 단위 확인,공식 원문 재검증 대기,"원본 수집 행 보존. 재검증 대기, 자동 가격 제외.",held,,634
2026-09-13 21:08 Europe/Berlin,Kaufland,"Kaufland Dortmund-Innenstadt-Nord, Bornstraße 160 a, 44145 Dortmund (최근접 활성 전단 지점, 지점별 가격 미확인)",44145,주류,14.09.2026-16.09.2026,KNÜLLER K-PURLAND Schweinefilet am Stück K-PURLAND Schweinefilet am Stück,KNÜLLER K-PURLAND Schweinefilet am Stück K-PURLAND Schweinefilet am Stück je kg nur 8.49,8.49,,,8.49,https://assets.leaflets.schwarz/leaflets/pdfs/01a07b00-d190-7727-a471-2fec9cfef9bf/Prospekt-14-09-2026-16-09-2026-00.pdf,44369,Dortmund,판매 단위 확인,공식 원문 재검증 대기,"원본 수집 행 보존. 재검증 대기, 자동 가격 제외.",held,,635
2026-09-13 21:08 Europe/Berlin,Kaufland,"Kaufland Dortmund-Innenstadt-Nord, Bornstraße 160 a, 44145 Dortmund (최근접 활성 전단 지점, 지점별 가격 미확인)",44145,주류,14.09.2026-16.09.2026,KNÜLLER K-PURLAND Schweinehackfleisch K-PURLAND Schweinehackfleisch,KNÜLLER K-PURLAND Schweinehackfleisch K-PURLAND Schweinehackfleisch je 500-g-Packg.(1 kg = 3.98)nur 1.99,3.98,,,3.98,https://assets.leaflets.schwarz/leaflets/pdfs/01a07b00-d190-7727-a471-2fec9cfef9bf/Prospekt-14-09-2026-16-09-2026-00.pdf,44369,Dortmund,판매 단위 확인,공식 원문 재검증 대기,"원본 수집 행 보존. 재검증 대기, 자동 가격 제외.",held,,636
2026-09-13 21:08 Europe/Berlin,Kaufland,"Kaufland Dortmund-Innenstadt-Nord, Bornstraße 160 a, 44145 Dortmund (최근접 활성 전단 지점, 지점별 가격 미확인)",44145,식품,14.09.2026-16.09.2026,KNÜLLER K-WERTSCHÄTZE Fleischwurst aus eigener Herstellung K-WERTSCHÄTZE Fleischwurst aus eigener Herstellung je 100 g nur 0.88,KNÜLLER K-WERTSCHÄTZE Fleischwurst aus eigener Herstellung K-WERTSCHÄTZE Fleischwurst aus eigener Herstellung je 100 g nur 0.88,0.88,,,0.88,https://assets.leaflets.schwarz/leaflets/pdfs/01a07b00-d190-7727-a471-2fec9cfef9bf/Prospekt-14-09-2026-16-09-2026-00.pdf,44369,Dortmund,판매 단위 확인,공식 원문 재검증 대기,"원본 수집 행 보존. 재검증 대기, 자동 가격 제외.",held,,637
2026-09-13 21:08 Europe/Berlin,Kaufland,"Kaufland Dortmund-Innenstadt-Nord, Bornstraße 160 a, 44145 Dortmund (최근접 활성 전단 지점, 지점별 가격 미확인)",44145,주류,14.09.2026-16.09.2026,KNÜLLER KROMBACHER Spezi KROMBACHER Spezi,"KNÜLLER KROMBACHER Spezi KROMBACHER Spezi je 0,5-l-Dose(1 l = 1.58)nur 0.79",1.58,,,1.58,https://assets.leaflets.schwarz/leaflets/pdfs/01a07b00-d190-7727-a471-2fec9cfef9bf/Prospekt-14-09-2026-16-09-2026-00.pdf,44369,Dortmund,판매 단위 확인,공식 원문 재검증 대기,"원본 수집 행 보존. 재검증 대기, 자동 가격 제외.",held,,638
2026-09-13 21:08 Europe/Berlin,Kaufland,"Kaufland Dortmund-Innenstadt-Nord, Bornstraße 160 a, 44145 Dortmund (최근접 활성 전단 지점, 지점별 가격 미확인)",44145,식품,14.09.2026-16.09.2026,KNÜLLER LINDT Excellence Schokolade LINDT Excellence Schokolade,KNÜLLER LINDT Excellence Schokolade LINDT Excellence Schokolade je 50 - 100-g-Tafel(1 kg = 29.90 - 59.80)nur 2.99 Weitere Angebote anzeigen,29.90,,,29.90,https://assets.leaflets.schwarz/leaflets/pdfs/01a07b00-d190-7727-a471-2fec9cfef9bf/Prospekt-14-09-2026-16-09-2026-00.pdf,44369,Dortmund,판매 단위 확인,공식 원문 재검증 대기,"원본 수집 행 보존. 재검증 대기, 자동 가격 제외.",held,,639
2026-09-13 21:08 Europe/Berlin,Kaufland,"Kaufland Dortmund-Innenstadt-Nord, Bornstraße 160 a, 44145 Dortmund (최근접 활성 전단 지점, 지점별 가격 미확인)",44145,식품,14.09.2026-16.09.2026,KNÜLLER MÜLLER Joghurt mit der Ecke MÜLLER Joghurt mit der Ecke,KNÜLLER MÜLLER Joghurt mit der Ecke MÜLLER Joghurt mit der Ecke je 113 - 150-g-Becher(1 kg = 2.20 - 2.92)nur 0.33,2.20,,,2.20,https://assets.leaflets.schwarz/leaflets/pdfs/01a07b00-d190-7727-a471-2fec9cfef9bf/Prospekt-14-09-2026-16-09-2026-00.pdf,44369,Dortmund,판매 단위 확인,공식 원문 재검증 대기,"원본 수집 행 보존. 재검증 대기, 자동 가격 제외.",held,,640
2026-09-13 21:08 Europe/Berlin,Kaufland,"Kaufland Dortmund-Innenstadt-Nord, Bornstraße 160 a, 44145 Dortmund (최근접 활성 전단 지점, 지점별 가격 미확인)",44145,식품,14.09.2026-16.09.2026,KNÜLLER ORIGNAL WAGNER Rustipani Ofenbrot oder Air-Fryer-Snack ORIGNAL WAGNER Rustipani Ofenbrot oder Air-Fryer-Snack je 170 - 195-g-Packg.(1 kg = 9.18 - 10.53)nur 1.79,KNÜLLER ORIGNAL WAGNER Rustipani Ofenbrot oder Air-Fryer-Snack ORIGNAL WAGNER Rustipani Ofenbrot oder Air-Fryer-Snack je 170 - 195-g-Packg.(1 kg = 9.18 - 10.53)nur 1.79,9.18,,,9.18,https://assets.leaflets.schwarz/leaflets/pdfs/01a07b00-d190-7727-a471-2fec9cfef9bf/Prospekt-14-09-2026-16-09-2026-00.pdf,44369,Dortmund,판매 단위 확인,공식 원문 재검증 대기,"원본 수집 행 보존. 재검증 대기, 자동 가격 제외.",held,,641
2026-09-13 21:08 Europe/Berlin,Kaufland,"Kaufland Dortmund-Innenstadt-Nord, Bornstraße 160 a, 44145 Dortmund (최근접 활성 전단 지점, 지점별 가격 미확인)",44145,식품,14.09.2026-16.09.2026,KNÜLLER REINERT Bärchen-Wurstspezialität REINERT Bärchen-Wurstspezialität,KNÜLLER REINERT Bärchen-Wurstspezialität REINERT Bärchen-Wurstspezialität je 90 - 180-g-Packg.(1 kg = 7.73 - 15.45)nur 1.39 Weitere Angebote anzeigen,7.73,,,7.73,https://assets.leaflets.schwarz/leaflets/pdfs/01a07b00-d190-7727-a471-2fec9cfef9bf/Prospekt-14-09-2026-16-09-2026-00.pdf,44369,Dortmund,판매 단위 확인,공식 원문 재검증 대기,"원본 수집 행 보존. 재검증 대기, 자동 가격 제외.",held,,642
2026-09-13 21:08 Europe/Berlin,Kaufland,"Kaufland Dortmund-Innenstadt-Nord, Bornstraße 160 a, 44145 Dortmund (최근접 활성 전단 지점, 지점별 가격 미확인)",44145,주류,14.09.2026-16.09.2026,KNÜLLER SINALCO Erfrischungsgetränk SINALCO Erfrischungsgetränk,KNÜLLER SINALCO Erfrischungsgetränk SINALCO Erfrischungsgetränk je Ka. 12 x 1-l-PET-Fl.(1 l = 0.67)nur 7.99,0.67,,,0.67,https://assets.leaflets.schwarz/leaflets/pdfs/01a07b00-d190-7727-a471-2fec9cfef9bf/Prospekt-14-09-2026-16-09-2026-00.pdf,44369,Dortmund,판매 단위 확인,공식 원문 재검증 대기,"원본 수집 행 보존. 재검증 대기, 자동 가격 제외.",held,,643
2026-09-13 21:08 Europe/Berlin,Kaufland,"Kaufland Dortmund-Innenstadt-Nord, Bornstraße 160 a, 44145 Dortmund (최근접 활성 전단 지점, 지점별 가격 미확인)",44145,식품,14.09.2026-16.09.2026,LANGEWIESCHE Putenbrust LANGEWIESCHE Putenbrust,LANGEWIESCHE Putenbrust LANGEWIESCHE Putenbrust je 100 g-28%1.79 2.49 Weitere Angebote anzeigen,1.79,,-28 %,2.49,https://assets.leaflets.schwarz/leaflets/pdfs/01a07b00-d190-7727-a471-2fec9cfef9bf/Prospekt-14-09-2026-16-09-2026-00.pdf,44369,Dortmund,판매 단위 확인,공식 원문 재검증 대기,"원본 수집 행 보존. 재검증 대기, 자동 가격 제외.",held,,644
2026-09-13 21:08 Europe/Berlin,Kaufland,"Kaufland Dortmund-Innenstadt-Nord, Bornstraße 160 a, 44145 Dortmund (최근접 활성 전단 지점, 지점별 가격 미확인)",44145,식품,14.09.2026-16.09.2026,MAGLIC Cevapcici MAGLIC Cevapcici,MAGLIC Cevapcici MAGLIC Cevapcici je 600-g-Packg.(1 kg = 16.65)-23%9.99 12.99,9.99,,-23 %,12.99,https://assets.leaflets.schwarz/leaflets/pdfs/01a07b00-d190-7727-a471-2fec9cfef9bf/Prospekt-14-09-2026-16-09-2026-00.pdf,44369,Dortmund,판매 단위 확인,공식 원문 재검증 대기,"원본 수집 행 보존. 재검증 대기, 자동 가격 제외.",held,,645
2026-09-13 21:08 Europe/Berlin,Kaufland,"Kaufland Dortmund-Innenstadt-Nord, Bornstraße 160 a, 44145 Dortmund (최근접 활성 전단 지점, 지점별 가격 미확인)",44145,식품,14.09.2026-16.09.2026,MCCAIN Kartoffelprodukt MCCAIN Kartoffelprodukt,MCCAIN Kartoffelprodukt MCCAIN Kartoffelprodukt je 500 - 600-g-Beutel(1 kg = 2.15 - 2.58)-56%1.29 2.99,1.29,,-56 %,2.99,https://assets.leaflets.schwarz/leaflets/pdfs/01a07b00-d190-7727-a471-2fec9cfef9bf/Prospekt-14-09-2026-16-09-2026-00.pdf,44369,Dortmund,판매 단위 확인,공식 원문 재검증 대기,"원본 수집 행 보존. 재검증 대기, 자동 가격 제외.",held,,646
2026-09-13 21:08 Europe/Berlin,Kaufland,"Kaufland Dortmund-Innenstadt-Nord, Bornstraße 160 a, 44145 Dortmund (최근접 활성 전단 지점, 지점별 가격 미확인)",44145,식품,14.09.2026-16.09.2026,MEGGLE Baguette MEGGLE Baguette,MEGGLE Baguette MEGGLE Baguette je 160-g-Packg.(1 kg = 6.19)-47%0.99 1.89,0.99,,-47 %,1.89,https://assets.leaflets.schwarz/leaflets/pdfs/01a07b00-d190-7727-a471-2fec9cfef9bf/Prospekt-14-09-2026-16-09-2026-00.pdf,44369,Dortmund,판매 단위 확인,공식 원문 재검증 대기,"원본 수집 행 보존. 재검증 대기, 자동 가격 제외.",held,,647
2026-09-13 21:08 Europe/Berlin,Kaufland,"Kaufland Dortmund-Innenstadt-Nord, Bornstraße 160 a, 44145 Dortmund (최근접 활성 전단 지점, 지점별 가격 미확인)",44145,식품,14.09.2026-16.09.2026,MELITTA Kaffee MELITTA Kaffee,MELITTA Kaffee MELITTA Kaffee je 500-g-Packg.(1 kg = 9.98)-41%4.99 8.49,4.99,,-41 %,8.49,https://assets.leaflets.schwarz/leaflets/pdfs/01a07b00-d190-7727-a471-2fec9cfef9bf/Prospekt-14-09-2026-16-09-2026-00.pdf,44369,Dortmund,판매 단위 확인,공식 원문 재검증 대기,"원본 수집 행 보존. 재검증 대기, 자동 가격 제외.",held,,648
2026-09-13 21:08 Europe/Berlin,Kaufland,"Kaufland Dortmund-Innenstadt-Nord, Bornstraße 160 a, 44145 Dortmund (최근접 활성 전단 지점, 지점별 가격 미확인)",44145,식품,14.09.2026-16.09.2026,MERL Zarte Heringsfilets MERL Zarte Heringsfilets,MERL Zarte Heringsfilets MERL Zarte Heringsfilets je 500-g-Packg.(1 kg = 6.78)-27%3.39 4.69,3.39,,-27 %,4.69,https://assets.leaflets.schwarz/leaflets/pdfs/01a07b00-d190-7727-a471-2fec9cfef9bf/Prospekt-14-09-2026-16-09-2026-00.pdf,44369,Dortmund,판매 단위 확인,공식 원문 재검증 대기,"원본 수집 행 보존. 재검증 대기, 자동 가격 제외.",held,,649
2026-09-13 21:08 Europe/Berlin,Kaufland,"Kaufland Dortmund-Innenstadt-Nord, Bornstraße 160 a, 44145 Dortmund (최근접 활성 전단 지점, 지점별 가격 미확인)",44145,식품,14.09.2026-16.09.2026,MILKA oder OREO Stieleis oder Sandwicheis MILKA oder OREO Stieleis oder Sandwicheis,MILKA oder OREO Stieleis oder Sandwicheis MILKA oder OREO Stieleis oder Sandwicheis je 3 - 4 St. = 270 - 440-ml-Packg.(1 l = 5.05 - 8.23) / (1 l = 4.53 - 7.37)**-44%2.22 3.99 Mit Kaufland Card XTRA **-50%1.99 3.99,1.99,,-44 %,3.99,https://assets.leaflets.schwarz/leaflets/pdfs/01a07b00-d190-7727-a471-2fec9cfef9bf/Prospekt-14-09-2026-16-09-2026-00.pdf,44369,Dortmund,판매 단위 확인,공식 원문 재검증 대기,"원본 수집 행 보존. 재검증 대기, 자동 가격 제외.",held,,650
2026-09-13 21:08 Europe/Berlin,Kaufland,"Kaufland Dortmund-Innenstadt-Nord, Bornstraße 160 a, 44145 Dortmund (최근접 활성 전단 지점, 지점별 가격 미확인)",44145,식품,14.09.2026-16.09.2026,MONTORSI Pancetta Coppata MONTORSI Pancetta Coppata,MONTORSI Pancetta Coppata MONTORSI Pancetta Coppata je 100-g-Packg.(1 kg = 24.90) / (1 kg = 22.20)**-37%2.49 3.99 Mit Kaufland Card XTRA **-44%2.22 3.99,2.22,,-37 %,3.99,https://assets.leaflets.schwarz/leaflets/pdfs/01a07b00-d190-7727-a471-2fec9cfef9bf/Prospekt-14-09-2026-16-09-2026-00.pdf,44369,Dortmund,판매 단위 확인,공식 원문 재검증 대기,"원본 수집 행 보존. 재검증 대기, 자동 가격 제외.",held,,651
2026-09-13 21:08 Europe/Berlin,Kaufland,"Kaufland Dortmund-Innenstadt-Nord, Bornstraße 160 a, 44145 Dortmund (최근접 활성 전단 지점, 지점별 가격 미확인)",44145,식품,14.09.2026-16.09.2026,"MÜLLER Milchreis, Kokosmilch-Reis oder Grießpudding MÜLLER Milchreis, Kokosmilch-Reis oder Grießpudding je 160 - 200-g-Becher(1 kg = 1.75 - 2.19)-64%0.35","MÜLLER Milchreis, Kokosmilch-Reis oder Grießpudding MÜLLER Milchreis, Kokosmilch-Reis oder Grießpudding je 160 - 200-g-Becher(1 kg = 1.75 - 2.19)-64%0.35 0.99",0.35,,-64 %,0.99,https://assets.leaflets.schwarz/leaflets/pdfs/01a07b00-d190-7727-a471-2fec9cfef9bf/Prospekt-14-09-2026-16-09-2026-00.pdf,44369,Dortmund,판매 단위 확인,공식 원문 재검증 대기,"원본 수집 행 보존. 재검증 대기, 자동 가격 제외.",held,,652
2026-09-13 21:08 Europe/Berlin,Kaufland,"Kaufland Dortmund-Innenstadt-Nord, Bornstraße 160 a, 44145 Dortmund (최근접 활성 전단 지점, 지점별 가격 미확인)",44145,식품,14.09.2026-16.09.2026,NESCAFÉ Sticks NESCAFÉ Sticks,NESCAFÉ Sticks NESCAFÉ Sticks je 80 - 160-g-Packg.(1 kg = 124.38 - 24.88)-20%1.99 2.49,1.99,,-20 %,2.49,https://assets.leaflets.schwarz/leaflets/pdfs/01a07b00-d190-7727-a471-2fec9cfef9bf/Prospekt-14-09-2026-16-09-2026-00.pdf,44369,Dortmund,판매 단위 확인,공식 원문 재검증 대기,"원본 수집 행 보존. 재검증 대기, 자동 가격 제외.",held,,653
2026-09-13 21:08 Europe/Berlin,Kaufland,"Kaufland Dortmund-Innenstadt-Nord, Bornstraße 160 a, 44145 Dortmund (최근접 활성 전단 지점, 지점별 가격 미확인)",44145,식품,14.09.2026-16.09.2026,NESQUIK Getränkepulver NESQUIK Getränkepulver,NESQUIK Getränkepulver NESQUIK Getränkepulver je 350-g-Beutel(1 kg = 5.69)-39%1.99 3.29,1.99,,-39 %,3.29,https://assets.leaflets.schwarz/leaflets/pdfs/01a07b00-d190-7727-a471-2fec9cfef9bf/Prospekt-14-09-2026-16-09-2026-00.pdf,44369,Dortmund,판매 단위 확인,공식 원문 재검증 대기,"원본 수집 행 보존. 재검증 대기, 자동 가격 제외.",held,,654
2026-09-13 21:08 Europe/Berlin,Kaufland,"Kaufland Dortmund-Innenstadt-Nord, Bornstraße 160 a, 44145 Dortmund (최근접 활성 전단 지점, 지점별 가격 미확인)",44145,식품,14.09.2026-16.09.2026,NOA Veganer Brotaufstrich NOA Veganer Brotaufstrich,NOA Veganer Brotaufstrich NOA Veganer Brotaufstrich je 175-g-Becher(1 kg = 10.80)-20%1.89 2.39,1.89,,-20 %,2.39,https://assets.leaflets.schwarz/leaflets/pdfs/01a07b00-d190-7727-a471-2fec9cfef9bf/Prospekt-14-09-2026-16-09-2026-00.pdf,44369,Dortmund,판매 단위 확인,공식 원문 재검증 대기,"원본 수집 행 보존. 재검증 대기, 자동 가격 제외.",held,,655
2026-09-13 21:08 Europe/Berlin,Kaufland,"Kaufland Dortmund-Innenstadt-Nord, Bornstraße 160 a, 44145 Dortmund (최근접 활성 전단 지점, 지점별 가격 미확인)",44145,식품,14.09.2026-16.09.2026,PAHMEYER Reibekuchen PAHMEYER Reibekuchen,PAHMEYER Reibekuchen PAHMEYER Reibekuchen je 3 St. = 300-g-Packg.(1 kg = 4.97)-25%1.49 1.99,1.49,,-25 %,1.99,https://assets.leaflets.schwarz/leaflets/pdfs/01a07b00-d190-7727-a471-2fec9cfef9bf/Prospekt-14-09-2026-16-09-2026-00.pdf,44369,Dortmund,판매 단위 확인,공식 원문 재검증 대기,"원본 수집 행 보존. 재검증 대기, 자동 가격 제외.",held,,656
2026-09-13 21:08 Europe/Berlin,Kaufland,"Kaufland Dortmund-Innenstadt-Nord, Bornstraße 160 a, 44145 Dortmund (최근접 활성 전단 지점, 지점별 가격 미확인)",44145,주류,14.09.2026-16.09.2026,PEPSI Cola PEPSI Cola,"PEPSI Cola PEPSI Cola je 0,33-l-Dose(1 l = 2.10)-22%0.69 0.89",0.69,,-22 %,0.89,https://assets.leaflets.schwarz/leaflets/pdfs/01a07b00-d190-7727-a471-2fec9cfef9bf/Prospekt-14-09-2026-16-09-2026-00.pdf,44369,Dortmund,판매 단위 확인,공식 원문 재검증 대기,"원본 수집 행 보존. 재검증 대기, 자동 가격 제외.",held,,657
2026-09-13 21:08 Europe/Berlin,Kaufland,"Kaufland Dortmund-Innenstadt-Nord, Bornstraße 160 a, 44145 Dortmund (최근접 활성 전단 지점, 지점별 가격 미확인)",44145,식품,14.09.2026-16.09.2026,PRINGLES Chips PRINGLES Chips,PRINGLES Chips PRINGLES Chips je 160 - 185-g-Dose(1 kg = 7.52 - 8.69)-50%1.39 2.79,1.39,,-50 %,2.79,https://assets.leaflets.schwarz/leaflets/pdfs/01a07b00-d190-7727-a471-2fec9cfef9bf/Prospekt-14-09-2026-16-09-2026-00.pdf,44369,Dortmund,판매 단위 확인,공식 원문 재검증 대기,"원본 수집 행 보존. 재검증 대기, 자동 가격 제외.",held,,658
2026-09-13 21:08 Europe/Berlin,Kaufland,"Kaufland Dortmund-Innenstadt-Nord, Bornstraße 160 a, 44145 Dortmund (최근접 활성 전단 지점, 지점별 가격 미확인)",44145,식품,14.09.2026-16.09.2026,Quarkbällchen Quarkbällchen,Quarkbällchen Quarkbällchen je Stück-24%0.22 0.29,0.22,,-24 %,0.29,https://assets.leaflets.schwarz/leaflets/pdfs/01a07b00-d190-7727-a471-2fec9cfef9bf/Prospekt-14-09-2026-16-09-2026-00.pdf,44369,Dortmund,판매 단위 확인,공식 원문 재검증 대기,"원본 수집 행 보존. 재검증 대기, 자동 가격 제외.",held,,659
2026-09-13 21:08 Europe/Berlin,Kaufland,"Kaufland Dortmund-Innenstadt-Nord, Bornstraße 160 a, 44145 Dortmund (최근접 활성 전단 지점, 지점별 가격 미확인)",44145,식품,14.09.2026-16.09.2026,REINERT Hähnchen in Aspik »Florida«REINERT Hähnchen in Aspik »Florida« je 100 g-30%1.39,REINERT Hähnchen in Aspik »Florida«REINERT Hähnchen in Aspik »Florida« je 100 g-30%1.39 1.99,1.39,,-30 %,1.99,https://assets.leaflets.schwarz/leaflets/pdfs/01a07b00-d190-7727-a471-2fec9cfef9bf/Prospekt-14-09-2026-16-09-2026-00.pdf,44369,Dortmund,판매 단위 확인,공식 원문 재검증 대기,"원본 수집 행 보존. 재검증 대기, 자동 가격 제외.",held,,660
2026-09-13 21:08 Europe/Berlin,Kaufland,"Kaufland Dortmund-Innenstadt-Nord, Bornstraße 160 a, 44145 Dortmund (최근접 활성 전단 지점, 지점별 가격 미확인)",44145,주류,14.09.2026-16.09.2026,ROTKÄPPCHEN Piccolo-Sekt ROTKÄPPCHEN Piccolo-Sekt,"ROTKÄPPCHEN Piccolo-Sekt ROTKÄPPCHEN Piccolo-Sekt je 0,2-l-Fl.(1 l = 4.25)-49%0.85 1.69 Weitere Angebote anzeigen",0.85,,-49 %,1.69,https://assets.leaflets.schwarz/leaflets/pdfs/01a07b00-d190-7727-a471-2fec9cfef9bf/Prospekt-14-09-2026-16-09-2026-00.pdf,44369,Dortmund,판매 단위 확인,공식 원문 재검증 대기,"원본 수집 행 보존. 재검증 대기, 자동 가격 제외.",held,,661
2026-09-13 21:08 Europe/Berlin,Kaufland,"Kaufland Dortmund-Innenstadt-Nord, Bornstraße 160 a, 44145 Dortmund (최근접 활성 전단 지점, 지점별 가격 미확인)",44145,식품,14.09.2026-16.09.2026,SARTORI BellaVitano Espresso SARTORI BellaVitano Espresso,SARTORI BellaVitano Espresso SARTORI BellaVitano Espresso je 100 g-25%2.99 3.99,2.99,,-25 %,3.99,https://assets.leaflets.schwarz/leaflets/pdfs/01a07b00-d190-7727-a471-2fec9cfef9bf/Prospekt-14-09-2026-16-09-2026-00.pdf,44369,Dortmund,판매 단위 확인,공식 원문 재검증 대기,"원본 수집 행 보존. 재검증 대기, 자동 가격 제외.",held,,662
2026-09-13 21:08 Europe/Berlin,Kaufland,"Kaufland Dortmund-Innenstadt-Nord, Bornstraße 160 a, 44145 Dortmund (최근접 활성 전단 지점, 지점별 가격 미확인)",44145,식품,14.09.2026-16.09.2026,SEGAFREDO Intermezzo SEGAFREDO Intermezzo,SEGAFREDO Intermezzo SEGAFREDO Intermezzo je 1-kg-Packg.-35%12.99 19.99,12.99,,-35 %,19.99,https://assets.leaflets.schwarz/leaflets/pdfs/01a07b00-d190-7727-a471-2fec9cfef9bf/Prospekt-14-09-2026-16-09-2026-00.pdf,44369,Dortmund,판매 단위 확인,공식 원문 재검증 대기,"원본 수집 행 보존. 재검증 대기, 자동 가격 제외.",held,,663
2026-09-13 21:08 Europe/Berlin,Kaufland,"Kaufland Dortmund-Innenstadt-Nord, Bornstraße 160 a, 44145 Dortmund (최근접 활성 전단 지점, 지점별 가격 미확인)",44145,식품,14.09.2026-16.09.2026,Span. Bio-Miniromatomaten Span. Bio-Miniromatomaten,Span. Bio-Miniromatomaten Span. Bio-Miniromatomaten je 250-g-Packg.(1 kg = 5.96)-25%1.49 1.99,1.49,,-25 %,1.99,https://assets.leaflets.schwarz/leaflets/pdfs/01a07b00-d190-7727-a471-2fec9cfef9bf/Prospekt-14-09-2026-16-09-2026-00.pdf,44369,Dortmund,판매 단위 확인,공식 원문 재검증 대기,"원본 수집 행 보존. 재검증 대기, 자동 가격 제외.",held,,664
2026-09-13 21:08 Europe/Berlin,Kaufland,"Kaufland Dortmund-Innenstadt-Nord, Bornstraße 160 a, 44145 Dortmund (최근접 활성 전단 지점, 지점별 가격 미확인)",44145,식품,14.09.2026-16.09.2026,SWITZERLAND Appenzeller mild-würzig SWITZERLAND Appenzeller mild-würzig,SWITZERLAND Appenzeller mild-würzig SWITZERLAND Appenzeller mild-würzig je 100 g-28%1.99 2.79 Weitere Angebote anzeigen,1.99,,-28 %,2.79,https://assets.leaflets.schwarz/leaflets/pdfs/01a07b00-d190-7727-a471-2fec9cfef9bf/Prospekt-14-09-2026-16-09-2026-00.pdf,44369,Dortmund,판매 단위 확인,공식 원문 재검증 대기,"원본 수집 행 보존. 재검증 대기, 자동 가격 제외.",held,,665
2026-09-13 21:08 Europe/Berlin,Kaufland,"Kaufland Dortmund-Innenstadt-Nord, Bornstraße 160 a, 44145 Dortmund (최근접 활성 전단 지점, 지점별 가격 미확인)",44145,식품,14.09.2026-16.09.2026,THIERS Schinkenbeißer THIERS Schinkenbeißer,THIERS Schinkenbeißer THIERS Schinkenbeißer je 6 St. = 300-g-Packg.(1 kg = 9.97)-16%2.99 3.59,2.99,,-16 %,3.59,https://assets.leaflets.schwarz/leaflets/pdfs/01a07b00-d190-7727-a471-2fec9cfef9bf/Prospekt-14-09-2026-16-09-2026-00.pdf,44369,Dortmund,판매 단위 확인,공식 원문 재검증 대기,"원본 수집 행 보존. 재검증 대기, 자동 가격 제외.",held,,666
2026-09-13 21:08 Europe/Berlin,Kaufland,"Kaufland Dortmund-Innenstadt-Nord, Bornstraße 160 a, 44145 Dortmund (최근접 활성 전단 지점, 지점별 가격 미확인)",44145,식품,14.09.2026-16.09.2026,THIERS Stadionwurst THIERS Stadionwurst,THIERS Stadionwurst THIERS Stadionwurst je 10 St. = 1-kg-Packg.-15%7.49 8.89,7.49,,-15 %,8.89,https://assets.leaflets.schwarz/leaflets/pdfs/01a07b00-d190-7727-a471-2fec9cfef9bf/Prospekt-14-09-2026-16-09-2026-00.pdf,44369,Dortmund,판매 단위 확인,공식 원문 재검증 대기,"원본 수집 행 보존. 재검증 대기, 자동 가격 제외.",held,,667
2026-09-13 21:08 Europe/Berlin,Kaufland,"Kaufland Dortmund-Innenstadt-Nord, Bornstraße 160 a, 44145 Dortmund (최근접 활성 전단 지점, 지점별 가격 미확인)",44145,식품,14.09.2026-16.09.2026,TUC Cracker TUC Cracker,TUC Cracker TUC Cracker je 100-g-Packg.(1 kg = 9.90)-33%0.99 1.49,0.99,,-33 %,1.49,https://assets.leaflets.schwarz/leaflets/pdfs/01a07b00-d190-7727-a471-2fec9cfef9bf/Prospekt-14-09-2026-16-09-2026-00.pdf,44369,Dortmund,판매 단위 확인,공식 원문 재검증 대기,"원본 수집 행 보존. 재검증 대기, 자동 가격 제외.",held,,668
2026-09-13 21:08 Europe/Berlin,Kaufland,"Kaufland Dortmund-Innenstadt-Nord, Bornstraße 160 a, 44145 Dortmund (최근접 활성 전단 지점, 지점별 가격 미확인)",44145,주류,14.09.2026-16.09.2026,VITA Cola oder Limo VITA Cola oder Limo,"VITA Cola oder Limo VITA Cola oder Limo je 1,5-l-PET-Fl.(1 l = 0.53)-38%0.79 1.29",0.79,,-38 %,1.29,https://assets.leaflets.schwarz/leaflets/pdfs/01a07b00-d190-7727-a471-2fec9cfef9bf/Prospekt-14-09-2026-16-09-2026-00.pdf,44369,Dortmund,판매 단위 확인,공식 원문 재검증 대기,"원본 수집 행 보존. 재검증 대기, 자동 가격 제외.",held,,669
2026-09-13 21:08 Europe/Berlin,Kaufland,"Kaufland Dortmund-Innenstadt-Nord, Bornstraße 160 a, 44145 Dortmund (최근접 활성 전단 지점, 지점별 가격 미확인)",44145,식품,14.09.2026-16.09.2026,VITAMALZ Das Original VITAMALZ Das Original,"VITAMALZ Das Original VITAMALZ Das Original je Packg. 6 x 0,33-l-Fl.(1 l = 1.51)-25%2.99 3.99",2.99,,-25 %,3.99,https://assets.leaflets.schwarz/leaflets/pdfs/01a07b00-d190-7727-a471-2fec9cfef9bf/Prospekt-14-09-2026-16-09-2026-00.pdf,44369,Dortmund,판매 단위 확인,공식 원문 재검증 대기,"원본 수집 행 보존. 재검증 대기, 자동 가격 제외.",held,,670
2026-09-13 21:08 Europe/Berlin,Kaufland,"Kaufland Dortmund-Innenstadt-Nord, Bornstraße 160 a, 44145 Dortmund (최근접 활성 전단 지점, 지점별 가격 미확인)",44145,식품,14.09.2026-16.09.2026,WAGNER Pizzeria Style WAGNER Pizzeria Style,WAGNER Pizzeria Style WAGNER Pizzeria Style je 345 - 410-g-Packg.(1 kg = 7.30 - 8.67)-25%2.99 3.99,2.99,,-25 %,3.99,https://assets.leaflets.schwarz/leaflets/pdfs/01a07b00-d190-7727-a471-2fec9cfef9bf/Prospekt-14-09-2026-16-09-2026-00.pdf,44369,Dortmund,판매 단위 확인,공식 원문 재검증 대기,"원본 수집 행 보존. 재검증 대기, 자동 가격 제외.",held,,671
2026-09-13 21:08 Europe/Berlin,Kaufland,"Kaufland Dortmund-Innenstadt-Nord, Bornstraße 160 a, 44145 Dortmund (최근접 활성 전단 지점, 지점별 가격 미확인)",44145,식품,14.09.2026-16.09.2026,"WEIHENSTEPHAN Haltbare Milch, 3,5 % Fett WEIHENSTEPHAN Haltbare Milch, 3,5 % Fett","WEIHENSTEPHAN Haltbare Milch, 3,5 % Fett WEIHENSTEPHAN Haltbare Milch, 3,5 % Fett je 1-l-Packg.-37%0.99 1.59 Mit Kaufland Card XTRA **-44%0.88 1.59 Weitere Angebote anzeigen",0.88,,-37 %,1.59,https://assets.leaflets.schwarz/leaflets/pdfs/01a07b00-d190-7727-a471-2fec9cfef9bf/Prospekt-14-09-2026-16-09-2026-00.pdf,44369,Dortmund,판매 단위 확인,공식 원문 재검증 대기,"원본 수집 행 보존. 재검증 대기, 자동 가격 제외.",held,,672
2026-09-13 21:08 Europe/Berlin,Kaufland,"Kaufland Dortmund-Innenstadt-Nord, Bornstraße 160 a, 44145 Dortmund (최근접 활성 전단 지점, 지점별 가격 미확인)",44145,식품,14.09.2026-16.09.2026,Weißbrot mit Glanz Weißbrot mit Glanz,Weißbrot mit Glanz Weißbrot mit Glanz je 500-g-Stück(1 kg = 2.78)-30%1.39 1.99,1.39,,-30 %,1.99,https://assets.leaflets.schwarz/leaflets/pdfs/01a07b00-d190-7727-a471-2fec9cfef9bf/Prospekt-14-09-2026-16-09-2026-00.pdf,44369,Dortmund,판매 단위 확인,공식 원문 재검증 대기,"원본 수집 행 보존. 재검증 대기, 자동 가격 제외.",held,,673
2026-09-13 21:08 Europe/Berlin,Kaufland,"Kaufland Dortmund-Innenstadt-Nord, Bornstraße 160 a, 44145 Dortmund (최근접 활성 전단 지점, 지점별 가격 미확인)",44145,식품,14.09.2026-16.09.2026,WURZENER x XBOX Knuspersnack WURZENER x XBOX Knuspersnack,WURZENER x XBOX Knuspersnack WURZENER x XBOX Knuspersnack je 90-g-Packg.(1 kg = 14.34)-35%1.29 1.99,1.29,,-35 %,1.99,https://assets.leaflets.schwarz/leaflets/pdfs/01a07b00-d190-7727-a471-2fec9cfef9bf/Prospekt-14-09-2026-16-09-2026-00.pdf,44369,Dortmund,판매 단위 확인,공식 원문 재검증 대기,"원본 수집 행 보존. 재검증 대기, 자동 가격 제외.",held,,674
2026-09-13 21:08 Europe/Berlin,Kaufland,"Kaufland Dortmund-Innenstadt-Nord, Bornstraße 160 a, 44145 Dortmund (최근접 활성 전단 지점, 지점별 가격 미확인)",44145,식품,14.09.2026-16.09.2026,ZABLER Hochzeit Nudeln ZABLER Hochzeit Nudeln,ZABLER Hochzeit Nudeln ZABLER Hochzeit Nudeln je 500-g-Beutel(1 kg = 5.26)-20%2.63 3.29,2.63,,-20 %,3.29,https://assets.leaflets.schwarz/leaflets/pdfs/01a07b00-d190-7727-a471-2fec9cfef9bf/Prospekt-14-09-2026-16-09-2026-00.pdf,44369,Dortmund,판매 단위 확인,공식 원문 재검증 대기,"원본 수집 행 보존. 재검증 대기, 자동 가격 제외.",held,,675
2026-09-13 21:08 Europe/Berlin,Kaufland,"Kaufland Aachen, Breslauer Straße 35, 52068 Aachen (최근접 전단 지점, 지점별 가격 미확인)",52068,식품,14.09.2026-16.09.2026,AKTION HARDEGGER Gallus Grand Cru HARDEGGER Gallus Grand Cru,AKTION HARDEGGER Gallus Grand Cru HARDEGGER Gallus Grand Cru je 100 g nur 2.79 *,2.79,,,2.79,https://assets.leaflets.schwarz/leaflets/pdfs/01a07b01-1eec-7d3c-8054-53d4b48ce1b1/Prospekt-14-09-2026-16-09-2026-00.pdf,52062,Aachen,판매 단위 확인,공식 원문 재검증 대기,"원본 수집 행 보존. 재검증 대기, 자동 가격 제외.",held,,676
2026-09-13 21:08 Europe/Berlin,Kaufland,"Kaufland Aachen, Breslauer Straße 35, 52068 Aachen (최근접 전단 지점, 지점별 가격 미확인)",52068,식품,14.09.2026-16.09.2026,AKTION K-BLUE BAY Crevettes Roses XXL K-BLUE BAY Crevettes Roses XXL,AKTION K-BLUE BAY Crevettes Roses XXL K-BLUE BAY Crevettes Roses XXL je 400-g-Großpackg.(1 kg = 9.98)nur 3.99 *,9.98,,,9.98,https://assets.leaflets.schwarz/leaflets/pdfs/01a07b01-1eec-7d3c-8054-53d4b48ce1b1/Prospekt-14-09-2026-16-09-2026-00.pdf,52062,Aachen,판매 단위 확인,공식 원문 재검증 대기,"원본 수집 행 보존. 재검증 대기, 자동 가격 제외.",held,,677
2026-09-13 21:08 Europe/Berlin,Kaufland,"Kaufland Aachen, Breslauer Straße 35, 52068 Aachen (최근접 전단 지점, 지점별 가격 미확인)",52068,식품,14.09.2026-16.09.2026,AKTION K-PURLAND Bruschetta-Braten K-PURLAND Bruschetta-Braten,AKTION K-PURLAND Bruschetta-Braten K-PURLAND Bruschetta-Braten je kg nur 5.99 *,5.99,,,5.99,https://assets.leaflets.schwarz/leaflets/pdfs/01a07b01-1eec-7d3c-8054-53d4b48ce1b1/Prospekt-14-09-2026-16-09-2026-00.pdf,52062,Aachen,판매 단위 확인,공식 원문 재검증 대기,"원본 수집 행 보존. 재검증 대기, 자동 가격 제외.",held,,678
2026-09-13 21:08 Europe/Berlin,Kaufland,"Kaufland Aachen, Breslauer Straße 35, 52068 Aachen (최근접 전단 지점, 지점별 가격 미확인)",52068,주류,14.09.2026-16.09.2026,AKTION K-PURLAND Schweineleber K-PURLAND Schweineleber,AKTION K-PURLAND Schweineleber K-PURLAND Schweineleber je kg nur 2.99 *,2.99,,,2.99,https://assets.leaflets.schwarz/leaflets/pdfs/01a07b01-1eec-7d3c-8054-53d4b48ce1b1/Prospekt-14-09-2026-16-09-2026-00.pdf,52062,Aachen,판매 단위 확인,공식 원문 재검증 대기,"원본 수집 행 보존. 재검증 대기, 자동 가격 제외.",held,,679
2026-09-13 21:08 Europe/Berlin,Kaufland,"Kaufland Aachen, Breslauer Straße 35, 52068 Aachen (최근접 전단 지점, 지점별 가격 미확인)",52068,식품,14.09.2026-16.09.2026,AKTION Olivenstick Olivenstick,AKTION Olivenstick Olivenstick je Stück nur 0.59 *,0.59,,,0.59,https://assets.leaflets.schwarz/leaflets/pdfs/01a07b01-1eec-7d3c-8054-53d4b48ce1b1/Prospekt-14-09-2026-16-09-2026-00.pdf,52062,Aachen,판매 단위 확인,공식 원문 재검증 대기,"원본 수집 행 보존. 재검증 대기, 자동 가격 제외.",held,,680
2026-09-13 21:08 Europe/Berlin,Kaufland,"Kaufland Aachen, Breslauer Straße 35, 52068 Aachen (최근접 전단 지점, 지점별 가격 미확인)",52068,식품,14.09.2026-16.09.2026,AKTION Pizzasnack Hüttenstyle Pizzasnack Hüttenstyle,AKTION Pizzasnack Hüttenstyle Pizzasnack Hüttenstyle je Stück nur 0.89 *,0.89,,,0.89,https://assets.leaflets.schwarz/leaflets/pdfs/01a07b01-1eec-7d3c-8054-53d4b48ce1b1/Prospekt-14-09-2026-16-09-2026-00.pdf,52062,Aachen,판매 단위 확인,공식 원문 재검증 대기,"원본 수집 행 보존. 재검증 대기, 자동 가격 제외.",held,,681
2026-09-13 21:08 Europe/Berlin,Kaufland,"Kaufland Aachen, Breslauer Straße 35, 52068 Aachen (최근접 전단 지점, 지점별 가격 미확인)",52068,주류,14.09.2026-16.09.2026,AKTION Schweine-Nuggets XXL Schweine-Nuggets XXL,AKTION Schweine-Nuggets XXL Schweine-Nuggets XXL je 1-kg-Großpackg.nur 6.99 *,6.99,,,6.99,https://assets.leaflets.schwarz/leaflets/pdfs/01a07b01-1eec-7d3c-8054-53d4b48ce1b1/Prospekt-14-09-2026-16-09-2026-00.pdf,52062,Aachen,판매 단위 확인,공식 원문 재검증 대기,"원본 수집 행 보존. 재검증 대기, 자동 가격 제외.",held,,682
2026-09-13 21:08 Europe/Berlin,Kaufland,"Kaufland Aachen, Breslauer Straße 35, 52068 Aachen (최근접 전단 지점, 지점별 가격 미확인)",52068,식품,14.09.2026-16.09.2026,AKTION XXL-Berliner XXL-Berliner,AKTION XXL-Berliner XXL-Berliner je Stück nur 0.89 *,0.89,,,0.89,https://assets.leaflets.schwarz/leaflets/pdfs/01a07b01-1eec-7d3c-8054-53d4b48ce1b1/Prospekt-14-09-2026-16-09-2026-00.pdf,52062,Aachen,판매 단위 확인,공식 원문 재검증 대기,"원본 수집 행 보존. 재검증 대기, 자동 가격 제외.",held,,683
2026-09-13 21:08 Europe/Berlin,Kaufland,"Kaufland Aachen, Breslauer Straße 35, 52068 Aachen (최근접 전단 지점, 지점별 가격 미확인)",52068,식품,14.09.2026-16.09.2026,ALPRO Soja-Joghurtalternative ALPRO Soja-Joghurtalternative,ALPRO Soja-Joghurtalternative ALPRO Soja-Joghurtalternative je 400-g-Becher(1 kg = 3.73)-31%1.49 2.19,1.49,,-31 %,2.19,https://assets.leaflets.schwarz/leaflets/pdfs/01a07b01-1eec-7d3c-8054-53d4b48ce1b1/Prospekt-14-09-2026-16-09-2026-00.pdf,52062,Aachen,판매 단위 확인,공식 원문 재검증 대기,"원본 수집 행 보존. 재검증 대기, 자동 가격 제외.",held,,684
2026-09-13 21:08 Europe/Berlin,Kaufland,"Kaufland Aachen, Breslauer Straße 35, 52068 Aachen (최근접 전단 지점, 지점별 가격 미확인)",52068,식품,14.09.2026-16.09.2026,AMMERLÄNDER Butterkäse AMMERLÄNDER Butterkäse,AMMERLÄNDER Butterkäse AMMERLÄNDER Butterkäse je 100 g-58%0.49 1.19,0.49,,-58 %,1.19,https://assets.leaflets.schwarz/leaflets/pdfs/01a07b01-1eec-7d3c-8054-53d4b48ce1b1/Prospekt-14-09-2026-16-09-2026-00.pdf,52062,Aachen,판매 단위 확인,공식 원문 재검증 대기,"원본 수집 행 보존. 재검증 대기, 자동 가격 제외.",held,,685
2026-09-13 21:08 Europe/Berlin,Kaufland,"Kaufland Aachen, Breslauer Straße 35, 52068 Aachen (최근접 전단 지점, 지점별 가격 미확인)",52068,주류,14.09.2026-16.09.2026,ARDEY QUELLE Mineralwasser ARDEY QUELLE Mineralwasser,"ARDEY QUELLE Mineralwasser ARDEY QUELLE Mineralwasser je Ka. 12 x 0,75-l-Fl.(1 l = 0.45)-20%3.99 4.99 Weitere Angebote anzeigen",3.99,,-20 %,4.99,https://assets.leaflets.schwarz/leaflets/pdfs/01a07b01-1eec-7d3c-8054-53d4b48ce1b1/Prospekt-14-09-2026-16-09-2026-00.pdf,52062,Aachen,판매 단위 확인,공식 원문 재검증 대기,"원본 수집 행 보존. 재검증 대기, 자동 가격 제외.",held,,686
2026-09-13 21:08 Europe/Berlin,Kaufland,"Kaufland Aachen, Breslauer Straße 35, 52068 Aachen (최근접 전단 지점, 지점별 가격 미확인)",52068,식품,14.09.2026-16.09.2026,Aus eigener Herstellung Delikatess-Leberwurst Aus eigener Herstellung Delikatess-Leberwurst,Aus eigener Herstellung Delikatess-Leberwurst Aus eigener Herstellung Delikatess-Leberwurst je 100 g-50%0.69 1.39,0.69,,-50 %,1.39,https://assets.leaflets.schwarz/leaflets/pdfs/01a07b01-1eec-7d3c-8054-53d4b48ce1b1/Prospekt-14-09-2026-16-09-2026-00.pdf,52062,Aachen,판매 단위 확인,공식 원문 재검증 대기,"원본 수집 행 보존. 재검증 대기, 자동 가격 제외.",held,,687
2026-09-13 21:08 Europe/Berlin,Kaufland,"Kaufland Aachen, Breslauer Straße 35, 52068 Aachen (최근접 전단 지점, 지점별 가격 미확인)",52068,식품,14.09.2026-16.09.2026,BABYBEL Mini BABYBEL Mini,BABYBEL Mini BABYBEL Mini je 5 St. = 100-g-Netz(1 kg = 14.90)-44%1.49 2.69,1.49,,-44 %,2.69,https://assets.leaflets.schwarz/leaflets/pdfs/01a07b01-1eec-7d3c-8054-53d4b48ce1b1/Prospekt-14-09-2026-16-09-2026-00.pdf,52062,Aachen,판매 단위 확인,공식 원문 재검증 대기,"원본 수집 행 보존. 재검증 대기, 자동 가격 제외.",held,,688
2026-09-13 21:08 Europe/Berlin,Kaufland,"Kaufland Aachen, Breslauer Straße 35, 52068 Aachen (최근접 전단 지점, 지점별 가격 미확인)",52068,식품,14.09.2026-16.09.2026,BARILLA Integrale Vollkornpasta BARILLA Integrale Vollkornpasta,BARILLA Integrale Vollkornpasta BARILLA Integrale Vollkornpasta je 500-g-Packg.(1 kg = 4.14)-20%2.07 2.59,2.07,,-20 %,2.59,https://assets.leaflets.schwarz/leaflets/pdfs/01a07b01-1eec-7d3c-8054-53d4b48ce1b1/Prospekt-14-09-2026-16-09-2026-00.pdf,52062,Aachen,판매 단위 확인,공식 원문 재검증 대기,"원본 수집 행 보존. 재검증 대기, 자동 가격 제외.",held,,689
2026-09-13 21:08 Europe/Berlin,Kaufland,"Kaufland Aachen, Breslauer Straße 35, 52068 Aachen (최근접 전단 지점, 지점별 가격 미확인)",52068,식품,14.09.2026-16.09.2026,BARILLA Pasta glutenfrei BARILLA Pasta glutenfrei,BARILLA Pasta glutenfrei BARILLA Pasta glutenfrei je 400-g-Packg.(1 kg = 6.98)-20%2.79 3.49,2.79,,-20 %,3.49,https://assets.leaflets.schwarz/leaflets/pdfs/01a07b01-1eec-7d3c-8054-53d4b48ce1b1/Prospekt-14-09-2026-16-09-2026-00.pdf,52062,Aachen,판매 단위 확인,공식 원문 재검증 대기,"원본 수집 행 보존. 재검증 대기, 자동 가격 제외.",held,,690
2026-09-13 21:08 Europe/Berlin,Kaufland,"Kaufland Aachen, Breslauer Straße 35, 52068 Aachen (최근접 전단 지점, 지점별 가격 미확인)",52068,식품,14.09.2026-16.09.2026,BARILLA Spaghetti oder Fusilli Protein+BARILLA Spaghetti oder Fusilli Protein+je 400-g-Packg.(1 kg = 5.98)-20%2.39,BARILLA Spaghetti oder Fusilli Protein+BARILLA Spaghetti oder Fusilli Protein+je 400-g-Packg.(1 kg = 5.98)-20%2.39 2.99,2.39,,-20 %,2.99,https://assets.leaflets.schwarz/leaflets/pdfs/01a07b01-1eec-7d3c-8054-53d4b48ce1b1/Prospekt-14-09-2026-16-09-2026-00.pdf,52062,Aachen,판매 단위 확인,공식 원문 재검증 대기,"원본 수집 행 보존. 재검증 대기, 자동 가격 제외.",held,,691
2026-09-13 21:08 Europe/Berlin,Kaufland,"Kaufland Aachen, Breslauer Straße 35, 52068 Aachen (최근접 전단 지점, 지점별 가격 미확인)",52068,식품,14.09.2026-16.09.2026,BAUER »Der Große Bauer« Fruchtjoghurt BAUER»Der Große Bauer« Fruchtjoghurt je 225 - 250-g-Becher(1 kg = 1.56 - 1.74)-60%0.39,BAUER »Der Große Bauer« Fruchtjoghurt BAUER»Der Große Bauer« Fruchtjoghurt je 225 - 250-g-Becher(1 kg = 1.56 - 1.74)-60%0.39 0.99,0.39,,-60 %,0.99,https://assets.leaflets.schwarz/leaflets/pdfs/01a07b01-1eec-7d3c-8054-53d4b48ce1b1/Prospekt-14-09-2026-16-09-2026-00.pdf,52062,Aachen,판매 단위 확인,공식 원문 재검증 대기,"원본 수집 행 보존. 재검증 대기, 자동 가격 제외.",held,,692
2026-09-13 21:08 Europe/Berlin,Kaufland,"Kaufland Aachen, Breslauer Straße 35, 52068 Aachen (최근접 전단 지점, 지점별 가격 미확인)",52068,식품,14.09.2026-16.09.2026,BERNBACHER Pastasauce BERNBACHER Pastasauce,BERNBACHER Pastasauce BERNBACHER Pastasauce je 400-g-Glas(1 kg = 5.98)-20%2.39 2.99,2.39,,-20 %,2.99,https://assets.leaflets.schwarz/leaflets/pdfs/01a07b01-1eec-7d3c-8054-53d4b48ce1b1/Prospekt-14-09-2026-16-09-2026-00.pdf,52062,Aachen,판매 단위 확인,공식 원문 재검증 대기,"원본 수집 행 보존. 재검증 대기, 자동 가격 제외.",held,,693
2026-09-13 21:08 Europe/Berlin,Kaufland,"Kaufland Aachen, Breslauer Straße 35, 52068 Aachen (최근접 전단 지점, 지점별 가격 미확인)",52068,식품,14.09.2026-16.09.2026,BERTOLLI Pasta-Sauce BERTOLLI Pasta-Sauce,BERTOLLI Pasta-Sauce BERTOLLI Pasta-Sauce je 400-g-Glas(1 kg = 5.58)-20%2.23 2.79,2.23,,-20 %,2.79,https://assets.leaflets.schwarz/leaflets/pdfs/01a07b01-1eec-7d3c-8054-53d4b48ce1b1/Prospekt-14-09-2026-16-09-2026-00.pdf,52062,Aachen,판매 단위 확인,공식 원문 재검증 대기,"원본 수집 행 보존. 재검증 대기, 자동 가격 제외.",held,,694
2026-09-13 21:08 Europe/Berlin,Kaufland,"Kaufland Aachen, Breslauer Straße 35, 52068 Aachen (최근접 전단 지점, 지점별 가격 미확인)",52068,식품,14.09.2026-16.09.2026,Dinkel-Bürli Dinkel-Bürli,Dinkel-Bürli Dinkel-Bürli je Stück-25%0.59 0.79,0.59,,-25 %,0.79,https://assets.leaflets.schwarz/leaflets/pdfs/01a07b01-1eec-7d3c-8054-53d4b48ce1b1/Prospekt-14-09-2026-16-09-2026-00.pdf,52062,Aachen,판매 단위 확인,공식 원문 재검증 대기,"원본 수집 행 보존. 재검증 대기, 자동 가격 제외.",held,,695
2026-09-13 21:08 Europe/Berlin,Kaufland,"Kaufland Aachen, Breslauer Straße 35, 52068 Aachen (최근접 전단 지점, 지점별 가격 미확인)",52068,식품,14.09.2026-16.09.2026,DOVGAN Plombir Kefir DOVGAN Plombir Kefir,DOVGAN Plombir Kefir DOVGAN Plombir Kefir je 250-g-Fl.(1 kg = 2.36)-40%0.59 0.99,0.59,,-40 %,0.99,https://assets.leaflets.schwarz/leaflets/pdfs/01a07b01-1eec-7d3c-8054-53d4b48ce1b1/Prospekt-14-09-2026-16-09-2026-00.pdf,52062,Aachen,판매 단위 확인,공식 원문 재검증 대기,"원본 수집 행 보존. 재검증 대기, 자동 가격 제외.",held,,696
2026-09-13 21:08 Europe/Berlin,Kaufland,"Kaufland Aachen, Breslauer Straße 35, 52068 Aachen (최근접 전단 지점, 지점별 가격 미확인)",52068,식품,14.09.2026-16.09.2026,DR. OETKER Ristorante Pizza DR. OETKER Ristorante Pizza,DR. OETKER Ristorante Pizza DR. OETKER Ristorante Pizza je 320 - 410-g-Packg.(1 kg = 4.37 - 5.60)-48%1.79 3.49,1.79,,-48 %,3.49,https://assets.leaflets.schwarz/leaflets/pdfs/01a07b01-1eec-7d3c-8054-53d4b48ce1b1/Prospekt-14-09-2026-16-09-2026-00.pdf,52062,Aachen,판매 단위 확인,공식 원문 재검증 대기,"원본 수집 행 보존. 재검증 대기, 자동 가격 제외.",held,,697
2026-09-13 21:08 Europe/Berlin,Kaufland,"Kaufland Aachen, Breslauer Straße 35, 52068 Aachen (최근접 전단 지점, 지점별 가격 미확인)",52068,식품,14.09.2026-16.09.2026,Dtsch. Lauchzwiebeln oder Radieschen Dtsch. Lauchzwiebeln oder Radieschen,Dtsch. Lauchzwiebeln oder Radieschen Dtsch. Lauchzwiebeln oder Radieschen je Bund-63%0.29 0.79,0.29,,-63 %,0.79,https://assets.leaflets.schwarz/leaflets/pdfs/01a07b01-1eec-7d3c-8054-53d4b48ce1b1/Prospekt-14-09-2026-16-09-2026-00.pdf,52062,Aachen,판매 단위 확인,공식 원문 재검증 대기,"원본 수집 행 보존. 재검증 대기, 자동 가격 제외.",held,,698
2026-09-13 21:08 Europe/Berlin,Kaufland,"Kaufland Aachen, Breslauer Straße 35, 52068 Aachen (최근접 전단 지점, 지점별 가격 미확인)",52068,식품,14.09.2026-16.09.2026,"Ecuador./kolumb. Bananen, lose Ecuador./kolumb. Bananen, lose","Ecuador./kolumb. Bananen, lose Ecuador./kolumb. Bananen, lose je kg-31%0.88 1.29",0.88,,-31 %,1.29,https://assets.leaflets.schwarz/leaflets/pdfs/01a07b01-1eec-7d3c-8054-53d4b48ce1b1/Prospekt-14-09-2026-16-09-2026-00.pdf,52062,Aachen,판매 단위 확인,공식 원문 재검증 대기,"원본 수집 행 보존. 재검증 대기, 자동 가격 제외.",held,,699
2026-09-13 21:08 Europe/Berlin,Kaufland,"Kaufland Aachen, Breslauer Straße 35, 52068 Aachen (최근접 전단 지점, 지점별 가격 미확인)",52068,음료,14.09.2026-16.09.2026,"EHRMANN High Protein Pudding, Drink oder Joghurt EHRMANN High Protein Pudding, Drink oder Joghurt je 200-g-Becher oder 250-ml-Fl.(1 kg = 4.00)-19%4.00","EHRMANN High Protein Pudding, Drink oder Joghurt EHRMANN High Protein Pudding, Drink oder Joghurt je 200-g-Becher oder 250-ml-Fl.(1 kg = 4.00)-19%4.00 4.95",4.00,,-19 %,4.95,https://assets.leaflets.schwarz/leaflets/pdfs/01a07b01-1eec-7d3c-8054-53d4b48ce1b1/Prospekt-14-09-2026-16-09-2026-00.pdf,52062,Aachen,판매 단위 확인,공식 원문 재검증 대기,"원본 수집 행 보존. 재검증 대기, 자동 가격 제외.",held,,700
2026-09-13 21:08 Europe/Berlin,Kaufland,"Kaufland Aachen, Breslauer Straße 35, 52068 Aachen (최근접 전단 지점, 지점별 가격 미확인)",52068,식품,14.09.2026-16.09.2026,ESCAL Elsässer Flammkuchen ESCAL Elsässer Flammkuchen,ESCAL Elsässer Flammkuchen ESCAL Elsässer Flammkuchen je 260-g-Packg.(1 kg = 7.66)-20%1.99 2.49,1.99,,-20 %,2.49,https://assets.leaflets.schwarz/leaflets/pdfs/01a07b01-1eec-7d3c-8054-53d4b48ce1b1/Prospekt-14-09-2026-16-09-2026-00.pdf,52062,Aachen,판매 단위 확인,공식 원문 재검증 대기,"원본 수집 행 보존. 재검증 대기, 자동 가격 제외.",held,,701
2026-09-13 21:08 Europe/Berlin,Kaufland,"Kaufland Aachen, Breslauer Straße 35, 52068 Aachen (최근접 전단 지점, 지점별 가격 미확인)",52068,식품,14.09.2026-16.09.2026,ESCAL Regenbogen-Forellen ESCAL Regenbogen-Forellen,ESCAL Regenbogen-Forellen ESCAL Regenbogen-Forellen je 1-kg-Packg.-30%6.99 9.99,6.99,,-30 %,9.99,https://assets.leaflets.schwarz/leaflets/pdfs/01a07b01-1eec-7d3c-8054-53d4b48ce1b1/Prospekt-14-09-2026-16-09-2026-00.pdf,52062,Aachen,판매 단위 확인,공식 원문 재검증 대기,"원본 수집 행 보존. 재검증 대기, 자동 가격 제외.",held,,702
2026-09-13 21:08 Europe/Berlin,Kaufland,"Kaufland Aachen, Breslauer Straße 35, 52068 Aachen (최근접 전단 지점, 지점별 가격 미확인)",52068,식품,14.09.2026-16.09.2026,EXQUISA Milder Skyr Natur EXQUISA Milder Skyr Natur,EXQUISA Milder Skyr Natur EXQUISA Milder Skyr Natur je 375 - 400-g-Becher(1 kg = 3.73 - 3.98)-21%1.49 1.89,1.49,,-21 %,1.89,https://assets.leaflets.schwarz/leaflets/pdfs/01a07b01-1eec-7d3c-8054-53d4b48ce1b1/Prospekt-14-09-2026-16-09-2026-00.pdf,52062,Aachen,판매 단위 확인,공식 원문 재검증 대기,"원본 수집 행 보존. 재검증 대기, 자동 가격 제외.",held,,703
2026-09-13 21:08 Europe/Berlin,Kaufland,"Kaufland Aachen, Breslauer Straße 35, 52068 Aachen (최근접 전단 지점, 지점별 가격 미확인)",52068,식품,14.09.2026-16.09.2026,Flabatta Flabatta,Flabatta Flabatta je Stück-20%0.79 0.99,0.79,,-20 %,0.99,https://assets.leaflets.schwarz/leaflets/pdfs/01a07b01-1eec-7d3c-8054-53d4b48ce1b1/Prospekt-14-09-2026-16-09-2026-00.pdf,52062,Aachen,판매 단위 확인,공식 원문 재검증 대기,"원본 수집 행 보존. 재검증 대기, 자동 가격 제외.",held,,704
2026-09-13 21:08 Europe/Berlin,Kaufland,"Kaufland Aachen, Breslauer Straße 35, 52068 Aachen (최근접 전단 지점, 지점별 가격 미확인)",52068,식품,14.09.2026-16.09.2026,GARDEN GOURMET Vegane Filet-Streifen oder Sensational Burger GARDEN GOURMET Vegane Filet-Streifen oder Sensational Burger je 175 - 226-g-Packg.(1 kg = 11.02 - 14.23) / (1 kg = 9.83 - 12.69)**-16%2.49,GARDEN GOURMET Vegane Filet-Streifen oder Sensational Burger GARDEN GOURMET Vegane Filet-Streifen oder Sensational Burger je 175 - 226-g-Packg.(1 kg = 11.02 - 14.23) / (1 kg = 9.83 - 12.69)**-16%2.49 2.99 Mit Kaufland Card XTRA **-25%2.22 2.99,2.22,,-16 %,2.99,https://assets.leaflets.schwarz/leaflets/pdfs/01a07b01-1eec-7d3c-8054-53d4b48ce1b1/Prospekt-14-09-2026-16-09-2026-00.pdf,52062,Aachen,판매 단위 확인,공식 원문 재검증 대기,"원본 수집 행 보존. 재검증 대기, 자동 가격 제외.",held,,705
2026-09-13 21:08 Europe/Berlin,Kaufland,"Kaufland Aachen, Breslauer Straße 35, 52068 Aachen (최근접 전단 지점, 지점별 가격 미확인)",52068,식품,14.09.2026-16.09.2026,Getrocknete Tomaten Getrocknete Tomaten,Getrocknete Tomaten Getrocknete Tomaten je 100 g-16%0.99 1.19,0.99,,-16 %,1.19,https://assets.leaflets.schwarz/leaflets/pdfs/01a07b01-1eec-7d3c-8054-53d4b48ce1b1/Prospekt-14-09-2026-16-09-2026-00.pdf,52062,Aachen,판매 단위 확인,공식 원문 재검증 대기,"원본 수집 행 보존. 재검증 대기, 자동 가격 제외.",held,,706
2026-09-13 21:08 Europe/Berlin,Kaufland,"Kaufland Aachen, Breslauer Straße 35, 52068 Aachen (최근접 전단 지점, 지점별 가격 미확인)",52068,식품,14.09.2026-16.09.2026,GIOVANNI RANA Frische Tagliatelle oder Lasagneblätter GIOVANNI RANA Frische Tagliatelle oder Lasagneblätter je 250-g-Packg.(1 kg = 8.92)-20%2.23,GIOVANNI RANA Frische Tagliatelle oder Lasagneblätter GIOVANNI RANA Frische Tagliatelle oder Lasagneblätter je 250-g-Packg.(1 kg = 8.92)-20%2.23 2.79,2.23,,-20 %,2.79,https://assets.leaflets.schwarz/leaflets/pdfs/01a07b01-1eec-7d3c-8054-53d4b48ce1b1/Prospekt-14-09-2026-16-09-2026-00.pdf,52062,Aachen,판매 단위 확인,공식 원문 재검증 대기,"원본 수집 행 보존. 재검증 대기, 자동 가격 제외.",held,,707
2026-09-13 21:08 Europe/Berlin,Kaufland,"Kaufland Aachen, Breslauer Straße 35, 52068 Aachen (최근접 전단 지점, 지점별 가격 미확인)",52068,식품,14.09.2026-16.09.2026,GORBATSCHOW Wodka Original oder Citron GORBATSCHOW Wodka Original oder Citron,"GORBATSCHOW Wodka Original oder Citron GORBATSCHOW Wodka Original oder Citron je 0,7-l-Fl.(1 l = 7.93)-43%5.55 9.79",5.55,,-43 %,9.79,https://assets.leaflets.schwarz/leaflets/pdfs/01a07b01-1eec-7d3c-8054-53d4b48ce1b1/Prospekt-14-09-2026-16-09-2026-00.pdf,52062,Aachen,판매 단위 확인,공식 원문 재검증 대기,"원본 수집 행 보존. 재검증 대기, 자동 가격 제외.",held,,708
2026-09-13 21:08 Europe/Berlin,Kaufland,"Kaufland Aachen, Breslauer Straße 35, 52068 Aachen (최근접 전단 지점, 지점별 가격 미확인)",52068,식품,14.09.2026-16.09.2026,HAK Rotkohl HAK Rotkohl,HAK Rotkohl HAK Rotkohl je 700-g-Glas(1 kg = 1.85)-41%1.29 2.19,1.29,,-41 %,2.19,https://assets.leaflets.schwarz/leaflets/pdfs/01a07b01-1eec-7d3c-8054-53d4b48ce1b1/Prospekt-14-09-2026-16-09-2026-00.pdf,52062,Aachen,판매 단위 확인,공식 원문 재검증 대기,"원본 수집 행 보존. 재검증 대기, 자동 가격 제외.",held,,709
2026-09-13 21:08 Europe/Berlin,Kaufland,"Kaufland Aachen, Breslauer Straße 35, 52068 Aachen (최근접 전단 지점, 지점별 가격 미확인)",52068,식품,14.09.2026-16.09.2026,HARIBO Fruchtgummis oder Lakritze HARIBO Fruchtgummis oder Lakritze,HARIBO Fruchtgummis oder Lakritze HARIBO Fruchtgummis oder Lakritze je 150 - 175-g-Packg.(1 kg = 3.95 - 4.60)-42%0.69 1.19,0.69,,-42 %,1.19,https://assets.leaflets.schwarz/leaflets/pdfs/01a07b01-1eec-7d3c-8054-53d4b48ce1b1/Prospekt-14-09-2026-16-09-2026-00.pdf,52062,Aachen,판매 단위 확인,공식 원문 재검증 대기,"원본 수집 행 보존. 재검증 대기, 자동 가격 제외.",held,,710
2026-09-13 21:08 Europe/Berlin,Kaufland,"Kaufland Aachen, Breslauer Straße 35, 52068 Aachen (최근접 전단 지점, 지점별 가격 미확인)",52068,식품,14.09.2026-16.09.2026,IMMERGUT Eiskaffee oder Eisschoko IMMERGUT Eiskaffee oder Eisschoko,IMMERGUT Eiskaffee oder Eisschoko IMMERGUT Eiskaffee oder Eisschoko je 1-l-Packg.Mit Kaufland Card XTRA **-20%1.11 1.39,1.11,,-20 %,1.39,https://assets.leaflets.schwarz/leaflets/pdfs/01a07b01-1eec-7d3c-8054-53d4b48ce1b1/Prospekt-14-09-2026-16-09-2026-00.pdf,52062,Aachen,판매 단위 확인,공식 원문 재검증 대기,"원본 수집 행 보존. 재검증 대기, 자동 가격 제외.",held,,711
2026-09-13 21:08 Europe/Berlin,Kaufland,"Kaufland Aachen, Breslauer Straße 35, 52068 Aachen (최근접 전단 지점, 지점별 가격 미확인)",52068,식품,14.09.2026-16.09.2026,"Ital./span. Bio-Tafeltrauben, hell Ital./span. Bio-Tafeltrauben, hell","Ital./span. Bio-Tafeltrauben, hell Ital./span. Bio-Tafeltrauben, hell je 400-g-Packg.(1 kg = 4.98)-28%1.99 2.79",1.99,,-28 %,2.79,https://assets.leaflets.schwarz/leaflets/pdfs/01a07b01-1eec-7d3c-8054-53d4b48ce1b1/Prospekt-14-09-2026-16-09-2026-00.pdf,52062,Aachen,판매 단위 확인,공식 원문 재검증 대기,"원본 수집 행 보존. 재검증 대기, 자동 가격 제외.",held,,712
2026-09-13 21:08 Europe/Berlin,Kaufland,"Kaufland Aachen, Breslauer Straße 35, 52068 Aachen (최근접 전단 지점, 지점별 가격 미확인)",52068,식품,14.09.2026-16.09.2026,K-BLUE BAY Schwarzer Heilbutt K-BLUE BAY Schwarzer Heilbutt,K-BLUE BAY Schwarzer Heilbutt K-BLUE BAY Schwarzer Heilbutt je kg(entspr. z. B. für eine 160-g-Packg. 3.29)-17%20.56 24.99,20.56,,-17 %,24.99,https://assets.leaflets.schwarz/leaflets/pdfs/01a07b01-1eec-7d3c-8054-53d4b48ce1b1/Prospekt-14-09-2026-16-09-2026-00.pdf,52062,Aachen,판매 단위 확인,공식 원문 재검증 대기,"원본 수집 행 보존. 재검증 대기, 자동 가격 제외.",held,,713
2026-09-13 21:08 Europe/Berlin,Kaufland,"Kaufland Aachen, Breslauer Straße 35, 52068 Aachen (최근접 전단 지점, 지점별 가격 미확인)",52068,식품,14.09.2026-16.09.2026,K-CLASSIC Ayran K-CLASSIC Ayran,K-CLASSIC Ayran K-CLASSIC Ayran je 1-l-Packg.Mit Kaufland Card XTRA **-25%1.11 1.49,1.11,,-25 %,1.49,https://assets.leaflets.schwarz/leaflets/pdfs/01a07b01-1eec-7d3c-8054-53d4b48ce1b1/Prospekt-14-09-2026-16-09-2026-00.pdf,52062,Aachen,판매 단위 확인,공식 원문 재검증 대기,"원본 수집 행 보존. 재검증 대기, 자동 가격 제외.",held,,714
2026-09-13 21:08 Europe/Berlin,Kaufland,"Kaufland Aachen, Breslauer Straße 35, 52068 Aachen (최근접 전단 지점, 지점별 가격 미확인)",52068,식품,14.09.2026-16.09.2026,K-CLASSIC Deutsche Markenbutter K-CLASSIC Deutsche Markenbutter,250 g | mildgesäuert,0.88,,-16 %,1.05,https://assets.leaflets.schwarz/leaflets/pdfs/01a07b01-1eec-7d3c-8054-53d4b48ce1b1/Prospekt-14-09-2026-16-09-2026-00.pdf,52062,Aachen,250 g,,지점 공식 PDF 전단 6쪽: K-CLASSIC Deutsche Markenbutter; je 250-g-Stück; 0.88 EUR; 14.09.2026–16.09.2026.,verified,,715
2026-09-13 21:08 Europe/Berlin,Kaufland,"Kaufland Aachen, Breslauer Straße 35, 52068 Aachen (최근접 전단 지점, 지점별 가격 미확인)",52068,식품,14.09.2026-16.09.2026,K-CLASSIC Frischer Schmand 24 % Fett K-CLASSIC Frischer Schmand 24 % Fett je 200-g-Becher(1 kg = 3.95) / (1 kg = 2.95)**Mit Kaufland Card XTRA **-25%0.59 0.79,K-CLASSIC Frischer Schmand 24 % Fett K-CLASSIC Frischer Schmand 24 % Fett je 200-g-Becher(1 kg = 3.95) / (1 kg = 2.95)**Mit Kaufland Card XTRA **-25%0.59 0.79,0.59,,-25 %,0.79,https://assets.leaflets.schwarz/leaflets/pdfs/01a07b01-1eec-7d3c-8054-53d4b48ce1b1/Prospekt-14-09-2026-16-09-2026-00.pdf,52062,Aachen,판매 단위 확인,공식 원문 재검증 대기,"원본 수집 행 보존. 재검증 대기, 자동 가격 제외.",held,,716
2026-09-13 21:08 Europe/Berlin,Kaufland,"Kaufland Aachen, Breslauer Straße 35, 52068 Aachen (최근접 전단 지점, 지점별 가격 미확인)",52068,식품,14.09.2026-16.09.2026,K-CLASSIC Frutti die Mare K-CLASSIC Frutti die Mare,K-CLASSIC Frutti die Mare K-CLASSIC Frutti die Mare je 270-g-Packg.(1 kg = 12.34)-16%3.33 3.99 Weitere Angebote anzeigen,3.33,,-16 %,3.99,https://assets.leaflets.schwarz/leaflets/pdfs/01a07b01-1eec-7d3c-8054-53d4b48ce1b1/Prospekt-14-09-2026-16-09-2026-00.pdf,52062,Aachen,판매 단위 확인,공식 원문 재검증 대기,"원본 수집 행 보존. 재검증 대기, 자동 가격 제외.",held,,717
2026-09-13 21:08 Europe/Berlin,Kaufland,"Kaufland Aachen, Breslauer Straße 35, 52068 Aachen (최근접 전단 지점, 지점별 가격 미확인)",52068,식품,14.09.2026-16.09.2026,K-CLASSIC Grütze K-CLASSIC Grütze,K-CLASSIC Grütze K-CLASSIC Grütze je 500-g-Becher(1 kg = 4.58) / (1 kg = 3.78)**Mit Kaufland Card XTRA **-17%1.89 2.29,1.89,,-17 %,2.29,https://assets.leaflets.schwarz/leaflets/pdfs/01a07b01-1eec-7d3c-8054-53d4b48ce1b1/Prospekt-14-09-2026-16-09-2026-00.pdf,52062,Aachen,판매 단위 확인,공식 원문 재검증 대기,"원본 수집 행 보존. 재검증 대기, 자동 가격 제외.",held,,718
2026-09-13 21:08 Europe/Berlin,Kaufland,"Kaufland Aachen, Breslauer Straße 35, 52068 Aachen (최근접 전단 지점, 지점별 가격 미확인)",52068,식품,14.09.2026-16.09.2026,K-CLASSIC High Protein Pudding K-CLASSIC High Protein Pudding,K-CLASSIC High Protein Pudding K-CLASSIC High Protein Pudding je 200-g-Becher(1 kg = 4.45) / (1 kg = 3.45)**Mit Kaufland Card XTRA **-22%0.69 0.89,0.69,,-22 %,0.89,https://assets.leaflets.schwarz/leaflets/pdfs/01a07b01-1eec-7d3c-8054-53d4b48ce1b1/Prospekt-14-09-2026-16-09-2026-00.pdf,52062,Aachen,판매 단위 확인,공식 원문 재검증 대기,"원본 수집 행 보존. 재검증 대기, 자동 가격 제외.",held,,719
2026-09-13 21:08 Europe/Berlin,Kaufland,"Kaufland Aachen, Breslauer Straße 35, 52068 Aachen (최근접 전단 지점, 지점별 가격 미확인)",52068,식품,14.09.2026-16.09.2026,K-CLASSIC High-Protein-Quarkriegel K-CLASSIC High-Protein-Quarkriegel,K-CLASSIC High-Protein-Quarkriegel K-CLASSIC High-Protein-Quarkriegel je 40-g-Riegel(1 kg = 19.75) / (1 kg = 14.75)**Mit Kaufland Card XTRA **-25%0.59 0.79,0.59,,-25 %,0.79,https://assets.leaflets.schwarz/leaflets/pdfs/01a07b01-1eec-7d3c-8054-53d4b48ce1b1/Prospekt-14-09-2026-16-09-2026-00.pdf,52062,Aachen,판매 단위 확인,공식 원문 재검증 대기,"원본 수집 행 보존. 재검증 대기, 자동 가격 제외.",held,,720
2026-09-13 21:08 Europe/Berlin,Kaufland,"Kaufland Aachen, Breslauer Straße 35, 52068 Aachen (최근접 전단 지점, 지점별 가격 미확인)",52068,식품,14.09.2026-16.09.2026,"K-CLASSIC Hirtenkäse, 45 % Fett i. Tr.K-CLASSIC Hirtenkäse, 45 % Fett i. Tr.je 250-g-Packg.(1 kg = 4.44)-25%1.11","K-CLASSIC Hirtenkäse, 45 % Fett i. Tr.K-CLASSIC Hirtenkäse, 45 % Fett i. Tr.je 250-g-Packg.(1 kg = 4.44)-25%1.11 1.49",1.11,,-25 %,1.49,https://assets.leaflets.schwarz/leaflets/pdfs/01a07b01-1eec-7d3c-8054-53d4b48ce1b1/Prospekt-14-09-2026-16-09-2026-00.pdf,52062,Aachen,판매 단위 확인,공식 원문 재검증 대기,"원본 수집 행 보존. 재검증 대기, 자동 가격 제외.",held,,721
2026-09-13 21:08 Europe/Berlin,Kaufland,"Kaufland Aachen, Breslauer Straße 35, 52068 Aachen (최근접 전단 지점, 지점별 가격 미확인)",52068,식품,14.09.2026-16.09.2026,K-CLASSIC Kaliforn. Pistazien K-CLASSIC Kaliforn. Pistazien,K-CLASSIC Kaliforn. Pistazien K-CLASSIC Kaliforn. Pistazien je 250-g-Packg.(1 kg = 9.96)-28%2.49 3.49,2.49,,-28 %,3.49,https://assets.leaflets.schwarz/leaflets/pdfs/01a07b01-1eec-7d3c-8054-53d4b48ce1b1/Prospekt-14-09-2026-16-09-2026-00.pdf,52062,Aachen,판매 단위 확인,공식 원문 재검증 대기,"원본 수집 행 보존. 재검증 대기, 자동 가격 제외.",held,,722
2026-09-13 21:08 Europe/Berlin,Kaufland,"Kaufland Aachen, Breslauer Straße 35, 52068 Aachen (최근접 전단 지점, 지점별 가격 미확인)",52068,식품,14.09.2026-16.09.2026,K-CLASSIC Kürbiskerne K-CLASSIC Kürbiskerne,K-CLASSIC Kürbiskerne K-CLASSIC Kürbiskerne je 200-g-Packg.(1 kg = 7.45)-21%1.49 1.89,1.49,,-21 %,1.89,https://assets.leaflets.schwarz/leaflets/pdfs/01a07b01-1eec-7d3c-8054-53d4b48ce1b1/Prospekt-14-09-2026-16-09-2026-00.pdf,52062,Aachen,판매 단위 확인,공식 원문 재검증 대기,"원본 수집 행 보존. 재검증 대기, 자동 가격 제외.",held,,723
2026-09-13 21:08 Europe/Berlin,Kaufland,"Kaufland Aachen, Breslauer Straße 35, 52068 Aachen (최근접 전단 지점, 지점별 가격 미확인)",52068,식품,14.09.2026-16.09.2026,K-CLASSIC Limburger K-CLASSIC Limburger,K-CLASSIC Limburger K-CLASSIC Limburger je 200-g-Stück(1 kg = 9.95) / (1 kg = 8.95)**Mit Kaufland Card XTRA **-10%1.79 1.99 Weitere Angebote anzeigen,1.79,,-10 %,1.99,https://assets.leaflets.schwarz/leaflets/pdfs/01a07b01-1eec-7d3c-8054-53d4b48ce1b1/Prospekt-14-09-2026-16-09-2026-00.pdf,52062,Aachen,판매 단위 확인,공식 원문 재검증 대기,"원본 수집 행 보존. 재검증 대기, 자동 가격 제외.",held,,724
2026-09-13 21:08 Europe/Berlin,Kaufland,"Kaufland Aachen, Breslauer Straße 35, 52068 Aachen (최근접 전단 지점, 지점별 가격 미확인)",52068,식품,14.09.2026-16.09.2026,K-CLASSIC Pistazienkerne K-CLASSIC Pistazienkerne,K-CLASSIC Pistazienkerne K-CLASSIC Pistazienkerne je 100-g-Packg.(1 kg = 31.90)-20%3.19 3.99,3.19,,-20 %,3.99,https://assets.leaflets.schwarz/leaflets/pdfs/01a07b01-1eec-7d3c-8054-53d4b48ce1b1/Prospekt-14-09-2026-16-09-2026-00.pdf,52062,Aachen,판매 단위 확인,공식 원문 재검증 대기,"원본 수집 행 보존. 재검증 대기, 자동 가격 제외.",held,,725
2026-09-13 21:08 Europe/Berlin,Kaufland,"Kaufland Aachen, Breslauer Straße 35, 52068 Aachen (최근접 전단 지점, 지점별 가격 미확인)",52068,식품,14.09.2026-16.09.2026,K-CLASSIC Salatkerne-Mix K-CLASSIC Salatkerne-Mix,K-CLASSIC Salatkerne-Mix K-CLASSIC Salatkerne-Mix je 175-g-Packg.(1 kg = 9.66)-26%1.69 2.29,1.69,,-26 %,2.29,https://assets.leaflets.schwarz/leaflets/pdfs/01a07b01-1eec-7d3c-8054-53d4b48ce1b1/Prospekt-14-09-2026-16-09-2026-00.pdf,52062,Aachen,판매 단위 확인,공식 원문 재검증 대기,"원본 수집 행 보존. 재검증 대기, 자동 가격 제외.",held,,726
2026-09-13 21:08 Europe/Berlin,Kaufland,"Kaufland Aachen, Breslauer Straße 35, 52068 Aachen (최근접 전단 지점, 지점별 가격 미확인)",52068,식품,14.09.2026-16.09.2026,K-CLASSIC Sandwichtoast K-CLASSIC Sandwichtoast,K-CLASSIC Sandwichtoast K-CLASSIC Sandwichtoast je 750-g-Packg.(1 kg = 1.32)-16%0.99 1.19,0.99,,-16 %,1.19,https://assets.leaflets.schwarz/leaflets/pdfs/01a07b01-1eec-7d3c-8054-53d4b48ce1b1/Prospekt-14-09-2026-16-09-2026-00.pdf,52062,Aachen,판매 단위 확인,공식 원문 재검증 대기,"원본 수집 행 보존. 재검증 대기, 자동 가격 제외.",held,,727
2026-09-13 21:08 Europe/Berlin,Kaufland,"Kaufland Aachen, Breslauer Straße 35, 52068 Aachen (최근접 전단 지점, 지점별 가격 미확인)",52068,식품,14.09.2026-16.09.2026,K-CLASSIC Saure Sahne K-CLASSIC Saure Sahne,K-CLASSIC Saure Sahne K-CLASSIC Saure Sahne je 200-g-Becher(1 kg = 2.95) / (1 kg = 2.45)**Mit Kaufland Card XTRA **-16%0.49 0.59,0.49,,-16 %,0.59,https://assets.leaflets.schwarz/leaflets/pdfs/01a07b01-1eec-7d3c-8054-53d4b48ce1b1/Prospekt-14-09-2026-16-09-2026-00.pdf,52062,Aachen,판매 단위 확인,공식 원문 재검증 대기,"원본 수집 행 보존. 재검증 대기, 자동 가격 제외.",held,,728
2026-09-13 21:08 Europe/Berlin,Kaufland,"Kaufland Aachen, Breslauer Straße 35, 52068 Aachen (최근접 전단 지점, 지점별 가격 미확인)",52068,식품,14.09.2026-16.09.2026,K-CLASSIC Schlagsahne K-CLASSIC Schlagsahne,K-CLASSIC Schlagsahne K-CLASSIC Schlagsahne je 200-g-Becher(1 kg = 4.45) / (1 kg = 3.75)**Mit Kaufland Card XTRA **-15%0.75 0.89,0.75,,-15 %,0.89,https://assets.leaflets.schwarz/leaflets/pdfs/01a07b01-1eec-7d3c-8054-53d4b48ce1b1/Prospekt-14-09-2026-16-09-2026-00.pdf,52062,Aachen,판매 단위 확인,공식 원문 재검증 대기,"원본 수집 행 보존. 재검증 대기, 자동 가격 제외.",held,,729
2026-09-13 21:08 Europe/Berlin,Kaufland,"Kaufland Aachen, Breslauer Straße 35, 52068 Aachen (최근접 전단 지점, 지점별 가격 미확인)",52068,식품,14.09.2026-16.09.2026,K-CLASSIC Sonnenblumenkerne K-CLASSIC Sonnenblumenkerne,K-CLASSIC Sonnenblumenkerne K-CLASSIC Sonnenblumenkerne je 400-g-Packg.(1 kg = 2.48)-16%0.99 1.19,0.99,,-16 %,1.19,https://assets.leaflets.schwarz/leaflets/pdfs/01a07b01-1eec-7d3c-8054-53d4b48ce1b1/Prospekt-14-09-2026-16-09-2026-00.pdf,52062,Aachen,판매 단위 확인,공식 원문 재검증 대기,"원본 수집 행 보존. 재검증 대기, 자동 가격 제외.",held,,730
2026-09-13 21:08 Europe/Berlin,Kaufland,"Kaufland Aachen, Breslauer Straße 35, 52068 Aachen (최근접 전단 지점, 지점별 가격 미확인)",52068,식품,14.09.2026-16.09.2026,K-CLASSIC Studentenfutter K-CLASSIC Studentenfutter,K-CLASSIC Studentenfutter K-CLASSIC Studentenfutter je 200-g-Packg.(1 kg = 9.45)-17%1.89 2.29,1.89,,-17 %,2.29,https://assets.leaflets.schwarz/leaflets/pdfs/01a07b01-1eec-7d3c-8054-53d4b48ce1b1/Prospekt-14-09-2026-16-09-2026-00.pdf,52062,Aachen,판매 단위 확인,공식 원문 재검증 대기,"원본 수집 행 보존. 재검증 대기, 자동 가격 제외.",held,,731
2026-09-13 21:08 Europe/Berlin,Kaufland,"Kaufland Aachen, Breslauer Straße 35, 52068 Aachen (최근접 전단 지점, 지점별 가격 미확인)",52068,식품,14.09.2026-16.09.2026,K-CLASSIC Toastbrötchen K-CLASSIC Toastbrötchen,K-CLASSIC Toastbrötchen K-CLASSIC Toastbrötchen je 6 St. = 335-g-Packg.(1 kg = 2.36)-20%0.79 0.99 Weitere Angebote anzeigen,0.79,,-20 %,0.99,https://assets.leaflets.schwarz/leaflets/pdfs/01a07b01-1eec-7d3c-8054-53d4b48ce1b1/Prospekt-14-09-2026-16-09-2026-00.pdf,52062,Aachen,판매 단위 확인,공식 원문 재검증 대기,"원본 수집 행 보존. 재검증 대기, 자동 가격 제외.",held,,732
2026-09-13 21:08 Europe/Berlin,Kaufland,"Kaufland Aachen, Breslauer Straße 35, 52068 Aachen (최근접 전단 지점, 지점별 가격 미확인)",52068,식품,14.09.2026-16.09.2026,K-FAVOURITES Ital. Haselnusskerne K-FAVOURITES Ital. Haselnusskerne,K-FAVOURITES Ital. Haselnusskerne K-FAVOURITES Ital. Haselnusskerne je 200-g-Packg.(1 kg = 14.95)-18%2.99 3.69,2.99,,-18 %,3.69,https://assets.leaflets.schwarz/leaflets/pdfs/01a07b01-1eec-7d3c-8054-53d4b48ce1b1/Prospekt-14-09-2026-16-09-2026-00.pdf,52062,Aachen,판매 단위 확인,공식 원문 재검증 대기,"원본 수집 행 보존. 재검증 대기, 자동 가격 제외.",held,,733
2026-09-13 21:08 Europe/Berlin,Kaufland,"Kaufland Aachen, Breslauer Straße 35, 52068 Aachen (최근접 전단 지점, 지점별 가격 미확인)",52068,식품,14.09.2026-16.09.2026,K-GOLD EDITION Antipasti K-GOLD EDITION Antipasti,K-GOLD EDITION Antipasti K-GOLD EDITION Antipasti je 150-g-Packg.(1 kg = 10.60)-20%1.59 1.99,1.59,,-20 %,1.99,https://assets.leaflets.schwarz/leaflets/pdfs/01a07b01-1eec-7d3c-8054-53d4b48ce1b1/Prospekt-14-09-2026-16-09-2026-00.pdf,52062,Aachen,판매 단위 확인,공식 원문 재검증 대기,"원본 수집 행 보존. 재검증 대기, 자동 가격 제외.",held,,734
2026-09-13 21:08 Europe/Berlin,Kaufland,"Kaufland Aachen, Breslauer Straße 35, 52068 Aachen (최근접 전단 지점, 지점별 가격 미확인)",52068,식품,14.09.2026-16.09.2026,K-GOLD EDITION Oliven K-GOLD EDITION Oliven,K-GOLD EDITION Oliven K-GOLD EDITION Oliven je 150-g-Packg.(1 kg = 10.60)-11%1.59 1.79,1.59,,-11 %,1.79,https://assets.leaflets.schwarz/leaflets/pdfs/01a07b01-1eec-7d3c-8054-53d4b48ce1b1/Prospekt-14-09-2026-16-09-2026-00.pdf,52062,Aachen,판매 단위 확인,공식 원문 재검증 대기,"원본 수집 행 보존. 재검증 대기, 자동 가격 제외.",held,,735
2026-09-13 21:08 Europe/Berlin,Kaufland,"Kaufland Aachen, Breslauer Straße 35, 52068 Aachen (최근접 전단 지점, 지점별 가격 미확인)",52068,식품,14.09.2026-16.09.2026,K-GOLD EDITION Prosciutto italiano K-GOLD EDITION Prosciutto italiano,K-GOLD EDITION Prosciutto italiano K-GOLD EDITION Prosciutto italiano je 100-g-Packg.(1 kg = 17.90)-21%1.79 2.29,1.79,,-21 %,2.29,https://assets.leaflets.schwarz/leaflets/pdfs/01a07b01-1eec-7d3c-8054-53d4b48ce1b1/Prospekt-14-09-2026-16-09-2026-00.pdf,52062,Aachen,판매 단위 확인,공식 원문 재검증 대기,"원본 수집 행 보존. 재검증 대기, 자동 가격 제외.",held,,736
2026-09-13 21:08 Europe/Berlin,Kaufland,"Kaufland Aachen, Breslauer Straße 35, 52068 Aachen (최근접 전단 지점, 지점별 가격 미확인)",52068,식품,14.09.2026-16.09.2026,K-GOLD EDITION Salsiccia K-GOLD EDITION Salsiccia,K-GOLD EDITION Salsiccia K-GOLD EDITION Salsiccia je 5 St. = 300-g-Packg.(1 kg = 9.64)-17%2.89 3.49,2.89,,-17 %,3.49,https://assets.leaflets.schwarz/leaflets/pdfs/01a07b01-1eec-7d3c-8054-53d4b48ce1b1/Prospekt-14-09-2026-16-09-2026-00.pdf,52062,Aachen,판매 단위 확인,공식 원문 재검증 대기,"원본 수집 행 보존. 재검증 대기, 자동 가격 제외.",held,,737
2026-09-13 21:08 Europe/Berlin,Kaufland,"Kaufland Aachen, Breslauer Straße 35, 52068 Aachen (최근접 전단 지점, 지점별 가격 미확인)",52068,주류,14.09.2026-16.09.2026,K-PURLAND Kasseler Nacken mit Knochen vom Schwein K-PURLAND Kasseler Nacken mit Knochen vom Schwein je kg-25%5.99,K-PURLAND Kasseler Nacken mit Knochen vom Schwein K-PURLAND Kasseler Nacken mit Knochen vom Schwein je kg-25%5.99 7.99,5.99,,-25 %,7.99,https://assets.leaflets.schwarz/leaflets/pdfs/01a07b01-1eec-7d3c-8054-53d4b48ce1b1/Prospekt-14-09-2026-16-09-2026-00.pdf,52062,Aachen,판매 단위 확인,공식 원문 재검증 대기,"원본 수집 행 보존. 재검증 대기, 자동 가격 제외.",held,,738
2026-09-13 21:08 Europe/Berlin,Kaufland,"Kaufland Aachen, Breslauer Straße 35, 52068 Aachen (최근접 전단 지점, 지점별 가격 미확인)",52068,주류,14.09.2026-16.09.2026,"K-PURLAND Pökelbraten vom Schwein, saftig und zart K-PURLAND Pökelbraten vom Schwein, saftig und zart je kg-31%5.49","K-PURLAND Pökelbraten vom Schwein, saftig und zart K-PURLAND Pökelbraten vom Schwein, saftig und zart je kg-31%5.49 7.99",5.49,,-31 %,7.99,https://assets.leaflets.schwarz/leaflets/pdfs/01a07b01-1eec-7d3c-8054-53d4b48ce1b1/Prospekt-14-09-2026-16-09-2026-00.pdf,52062,Aachen,판매 단위 확인,공식 원문 재검증 대기,"원본 수집 행 보존. 재검증 대기, 자동 가격 제외.",held,,739
2026-09-13 21:08 Europe/Berlin,Kaufland,"Kaufland Aachen, Breslauer Straße 35, 52068 Aachen (최근접 전단 지점, 지점별 가격 미확인)",52068,식품,14.09.2026-16.09.2026,K-PURLAND Schinkenschnitzel K-PURLAND Schinkenschnitzel,K-PURLAND Schinkenschnitzel K-PURLAND Schinkenschnitzel je 600-g-Packg.(1 kg = 6.65)-27%3.99 5.49 Weitere Angebote anzeigen Diese Artikel findest du an unserer Frischetheke,3.99,,-27 %,5.49,https://assets.leaflets.schwarz/leaflets/pdfs/01a07b01-1eec-7d3c-8054-53d4b48ce1b1/Prospekt-14-09-2026-16-09-2026-00.pdf,52062,Aachen,판매 단위 확인,공식 원문 재검증 대기,"원본 수집 행 보존. 재검증 대기, 자동 가격 제외.",held,,740
2026-09-13 21:08 Europe/Berlin,Kaufland,"Kaufland Aachen, Breslauer Straße 35, 52068 Aachen (최근접 전단 지점, 지점별 가격 미확인)",52068,식품,14.09.2026-16.09.2026,K-WERTSCHÄTZE Bockwurst mit Rindfleisch K-WERTSCHÄTZE Bockwurst mit Rindfleisch,K-WERTSCHÄTZE Bockwurst mit Rindfleisch K-WERTSCHÄTZE Bockwurst mit Rindfleisch je 100 g-40%0.89 1.49,0.89,,-40 %,1.49,https://assets.leaflets.schwarz/leaflets/pdfs/01a07b01-1eec-7d3c-8054-53d4b48ce1b1/Prospekt-14-09-2026-16-09-2026-00.pdf,52062,Aachen,판매 단위 확인,공식 원문 재검증 대기,"원본 수집 행 보존. 재검증 대기, 자동 가격 제외.",held,,741
2026-09-13 21:08 Europe/Berlin,Kaufland,"Kaufland Aachen, Breslauer Straße 35, 52068 Aachen (최근접 전단 지점, 지점별 가격 미확인)",52068,식품,14.09.2026-16.09.2026,Käsebrötchen Käsebrötchen,Käsebrötchen Käsebrötchen je Stück-22%0.69 0.89,0.69,,-22 %,0.89,https://assets.leaflets.schwarz/leaflets/pdfs/01a07b01-1eec-7d3c-8054-53d4b48ce1b1/Prospekt-14-09-2026-16-09-2026-00.pdf,52062,Aachen,판매 단위 확인,공식 원문 재검증 대기,"원본 수집 행 보존. 재검증 대기, 자동 가격 제외.",held,,742
2026-09-13 21:08 Europe/Berlin,Kaufland,"Kaufland Aachen, Breslauer Straße 35, 52068 Aachen (최근접 전단 지점, 지점별 가격 미확인)",52068,식품,14.09.2026-16.09.2026,KERRYGOLD Cheddar KERRYGOLD Cheddar,KERRYGOLD Cheddar KERRYGOLD Cheddar je 130-g-Packg.(1 kg = 11.47)-50%1.49 2.99,1.49,,-50 %,2.99,https://assets.leaflets.schwarz/leaflets/pdfs/01a07b01-1eec-7d3c-8054-53d4b48ce1b1/Prospekt-14-09-2026-16-09-2026-00.pdf,52062,Aachen,판매 단위 확인,공식 원문 재검증 대기,"원본 수집 행 보존. 재검증 대기, 자동 가격 제외.",held,,743
2026-09-13 21:08 Europe/Berlin,Kaufland,"Kaufland Aachen, Breslauer Straße 35, 52068 Aachen (최근접 전단 지점, 지점별 가격 미확인)",52068,식품,14.09.2026-16.09.2026,KNÜLLER BARILLA Classic Pasta BARILLA Classic Pasta,KNÜLLER BARILLA Classic Pasta BARILLA Classic Pasta je 1-kg-Packg.nur 1.99,1.99,,,1.99,https://assets.leaflets.schwarz/leaflets/pdfs/01a07b01-1eec-7d3c-8054-53d4b48ce1b1/Prospekt-14-09-2026-16-09-2026-00.pdf,52062,Aachen,판매 단위 확인,공식 원문 재검증 대기,"원본 수집 행 보존. 재검증 대기, 자동 가격 제외.",held,,744
2026-09-13 21:08 Europe/Berlin,Kaufland,"Kaufland Aachen, Breslauer Straße 35, 52068 Aachen (최근접 전단 지점, 지점별 가격 미확인)",52068,식품,14.09.2026-16.09.2026,KNÜLLER BARILLA Classic Pasta BARILLA Classic Pasta,KNÜLLER BARILLA Classic Pasta BARILLA Classic Pasta je 500-g-Packg.(1 kg = 3.18)nur 1.59,3.18,,,3.18,https://assets.leaflets.schwarz/leaflets/pdfs/01a07b01-1eec-7d3c-8054-53d4b48ce1b1/Prospekt-14-09-2026-16-09-2026-00.pdf,52062,Aachen,판매 단위 확인,공식 원문 재검증 대기,"원본 수집 행 보존. 재검증 대기, 자동 가격 제외.",held,,745
2026-09-13 21:08 Europe/Berlin,Kaufland,"Kaufland Aachen, Breslauer Straße 35, 52068 Aachen (최근접 전단 지점, 지점별 가격 미확인)",52068,식품,14.09.2026-16.09.2026,KNÜLLER BAUER Diplomat Kümmel oder Jalapeño-Chili BAUER Diplomat Kümmel oder Jalapeño-Chili je 100 g nur 0.99,KNÜLLER BAUER Diplomat Kümmel oder Jalapeño-Chili BAUER Diplomat Kümmel oder Jalapeño-Chili je 100 g nur 0.99,0.99,,,0.99,https://assets.leaflets.schwarz/leaflets/pdfs/01a07b01-1eec-7d3c-8054-53d4b48ce1b1/Prospekt-14-09-2026-16-09-2026-00.pdf,52062,Aachen,판매 단위 확인,공식 원문 재검증 대기,"원본 수집 행 보존. 재검증 대기, 자동 가격 제외.",held,,746
2026-09-13 21:08 Europe/Berlin,Kaufland,"Kaufland Aachen, Breslauer Straße 35, 52068 Aachen (최근접 전단 지점, 지점별 가격 미확인)",52068,식품,14.09.2026-16.09.2026,KNÜLLER BERTOLLI Pesto BERTOLLI Pesto,KNÜLLER BERTOLLI Pesto BERTOLLI Pesto je 185-g-Glas(1 kg = 14.22)nur 2.63 Weitere Angebote anzeigen,14.22,,,14.22,https://assets.leaflets.schwarz/leaflets/pdfs/01a07b01-1eec-7d3c-8054-53d4b48ce1b1/Prospekt-14-09-2026-16-09-2026-00.pdf,52062,Aachen,판매 단위 확인,공식 원문 재검증 대기,"원본 수집 행 보존. 재검증 대기, 자동 가격 제외.",held,,747
2026-09-13 21:08 Europe/Berlin,Kaufland,"Kaufland Aachen, Breslauer Straße 35, 52068 Aachen (최근접 전단 지점, 지점별 가격 미확인)",52068,주류,14.09.2026-16.09.2026,KNÜLLER CRODO Limonade CRODO Limonade,"KNÜLLER CRODO Limonade CRODO Limonade je 0,33-l-Dose(1 l = 2.70)nur 0.89",0.33,,,033,https://assets.leaflets.schwarz/leaflets/pdfs/01a07b01-1eec-7d3c-8054-53d4b48ce1b1/Prospekt-14-09-2026-16-09-2026-00.pdf,52062,Aachen,판매 단위 확인,공식 원문 재검증 대기,"원본 수집 행 보존. 재검증 대기, 자동 가격 제외.",held,,748
2026-09-13 21:08 Europe/Berlin,Kaufland,"Kaufland Aachen, Breslauer Straße 35, 52068 Aachen (최근접 전단 지점, 지점별 가격 미확인)",52068,식품,14.09.2026-16.09.2026,KNÜLLER DAHLHOFF FEINKOST Creme-Dip DAHLHOFF FEINKOST Creme-Dip,KNÜLLER DAHLHOFF FEINKOST Creme-Dip DAHLHOFF FEINKOST Creme-Dip je 250-g-Becher(1 kg = 7.96)nur 1.99 Weitere Angebote anzeigen Diese Artikel findest du an unserer Frischetheke,7.96,,,7.96,https://assets.leaflets.schwarz/leaflets/pdfs/01a07b01-1eec-7d3c-8054-53d4b48ce1b1/Prospekt-14-09-2026-16-09-2026-00.pdf,52062,Aachen,판매 단위 확인,공식 원문 재검증 대기,"원본 수집 행 보존. 재검증 대기, 자동 가격 제외.",held,,749
2026-09-13 21:08 Europe/Berlin,Kaufland,"Kaufland Aachen, Breslauer Straße 35, 52068 Aachen (최근접 전단 지점, 지점별 가격 미확인)",52068,주류,14.09.2026-16.09.2026,KNÜLLER DEIT Zuckerfreie Limonade DEIT Zuckerfreie Limonade,"KNÜLLER DEIT Zuckerfreie Limonade DEIT Zuckerfreie Limonade je 0,75-l-PET-Fl.(1 l = 1.19)nur 0.89",0.75,,,075,https://assets.leaflets.schwarz/leaflets/pdfs/01a07b01-1eec-7d3c-8054-53d4b48ce1b1/Prospekt-14-09-2026-16-09-2026-00.pdf,52062,Aachen,판매 단위 확인,공식 원문 재검증 대기,"원본 수집 행 보존. 재검증 대기, 자동 가격 제외.",held,,750
2026-09-13 21:08 Europe/Berlin,Kaufland,"Kaufland Aachen, Breslauer Straße 35, 52068 Aachen (최근접 전단 지점, 지점별 가격 미확인)",52068,식품,14.09.2026-16.09.2026,KNÜLLER Gegrillte Champignons mit Frischkäse Gegrillte Champignons mit Frischkäse,KNÜLLER Gegrillte Champignons mit Frischkäse Gegrillte Champignons mit Frischkäse je 100 g nur 1.49,1.49,,,1.49,https://assets.leaflets.schwarz/leaflets/pdfs/01a07b01-1eec-7d3c-8054-53d4b48ce1b1/Prospekt-14-09-2026-16-09-2026-00.pdf,52062,Aachen,판매 단위 확인,공식 원문 재검증 대기,"원본 수집 행 보존. 재검증 대기, 자동 가격 제외.",held,,751
2026-09-13 21:08 Europe/Berlin,Kaufland,"Kaufland Aachen, Breslauer Straße 35, 52068 Aachen (최근접 전단 지점, 지점별 가격 미확인)",52068,주류,14.09.2026-16.09.2026,KNÜLLER INNOCENT Smoothie INNOCENT Smoothie,KNÜLLER INNOCENT Smoothie INNOCENT Smoothie je 250-ml-Fl.(1 l = 5.96)nur 1.49,5.96,,,5.96,https://assets.leaflets.schwarz/leaflets/pdfs/01a07b01-1eec-7d3c-8054-53d4b48ce1b1/Prospekt-14-09-2026-16-09-2026-00.pdf,52062,Aachen,판매 단위 확인,공식 원문 재검증 대기,"원본 수집 행 보존. 재검증 대기, 자동 가격 제외.",held,,752
2026-09-13 21:08 Europe/Berlin,Kaufland,"Kaufland Aachen, Breslauer Straße 35, 52068 Aachen (최근접 전단 지점, 지점별 가격 미확인)",52068,식품,14.09.2026-16.09.2026,KNÜLLER K-CLASSIC Pekannusskerne K-CLASSIC Pekannusskerne,KNÜLLER K-CLASSIC Pekannusskerne K-CLASSIC Pekannusskerne je 200-g-Packg.(1 kg = 15.00)nur 9.00,15.00,,,15.00,https://assets.leaflets.schwarz/leaflets/pdfs/01a07b01-1eec-7d3c-8054-53d4b48ce1b1/Prospekt-14-09-2026-16-09-2026-00.pdf,52062,Aachen,판매 단위 확인,공식 원문 재검증 대기,"원본 수집 행 보존. 재검증 대기, 자동 가격 제외.",held,,753
2026-09-13 21:08 Europe/Berlin,Kaufland,"Kaufland Aachen, Breslauer Straße 35, 52068 Aachen (최근접 전단 지점, 지점별 가격 미확인)",52068,식품,14.09.2026-16.09.2026,KNÜLLER K-FAVOURITES Kalifor. Mandeln K-FAVOURITES Kalifor. Mandeln,KNÜLLER K-FAVOURITES Kalifor. Mandeln K-FAVOURITES Kalifor. Mandeln je 200-g-Packg.(1 kg = 11.10)nur 2.22,11.10,,,11.10,https://assets.leaflets.schwarz/leaflets/pdfs/01a07b01-1eec-7d3c-8054-53d4b48ce1b1/Prospekt-14-09-2026-16-09-2026-00.pdf,52062,Aachen,판매 단위 확인,공식 원문 재검증 대기,"원본 수집 행 보존. 재검증 대기, 자동 가격 제외.",held,,754
2026-09-13 21:08 Europe/Berlin,Kaufland,"Kaufland Aachen, Breslauer Straße 35, 52068 Aachen (최근접 전단 지점, 지점별 가격 미확인)",52068,주류,14.09.2026-16.09.2026,KNÜLLER K-PURLAND Schweinefilet am Stück K-PURLAND Schweinefilet am Stück,KNÜLLER K-PURLAND Schweinefilet am Stück K-PURLAND Schweinefilet am Stück je kg nur 8.49,8.49,,,8.49,https://assets.leaflets.schwarz/leaflets/pdfs/01a07b01-1eec-7d3c-8054-53d4b48ce1b1/Prospekt-14-09-2026-16-09-2026-00.pdf,52062,Aachen,판매 단위 확인,공식 원문 재검증 대기,"원본 수집 행 보존. 재검증 대기, 자동 가격 제외.",held,,755
2026-09-13 21:08 Europe/Berlin,Kaufland,"Kaufland Aachen, Breslauer Straße 35, 52068 Aachen (최근접 전단 지점, 지점별 가격 미확인)",52068,주류,14.09.2026-16.09.2026,KNÜLLER K-PURLAND Schweinehackfleisch K-PURLAND Schweinehackfleisch,KNÜLLER K-PURLAND Schweinehackfleisch K-PURLAND Schweinehackfleisch je 500-g-Packg.(1 kg = 3.98)nur 1.99,3.98,,,3.98,https://assets.leaflets.schwarz/leaflets/pdfs/01a07b01-1eec-7d3c-8054-53d4b48ce1b1/Prospekt-14-09-2026-16-09-2026-00.pdf,52062,Aachen,판매 단위 확인,공식 원문 재검증 대기,"원본 수집 행 보존. 재검증 대기, 자동 가격 제외.",held,,756
2026-09-13 21:08 Europe/Berlin,Kaufland,"Kaufland Aachen, Breslauer Straße 35, 52068 Aachen (최근접 전단 지점, 지점별 가격 미확인)",52068,식품,14.09.2026-16.09.2026,KNÜLLER K-WERTSCHÄTZE Fleischwurst aus eigener Herstellung K-WERTSCHÄTZE Fleischwurst aus eigener Herstellung je 100 g nur 0.88,KNÜLLER K-WERTSCHÄTZE Fleischwurst aus eigener Herstellung K-WERTSCHÄTZE Fleischwurst aus eigener Herstellung je 100 g nur 0.88,0.88,,,0.88,https://assets.leaflets.schwarz/leaflets/pdfs/01a07b01-1eec-7d3c-8054-53d4b48ce1b1/Prospekt-14-09-2026-16-09-2026-00.pdf,52062,Aachen,판매 단위 확인,공식 원문 재검증 대기,"원본 수집 행 보존. 재검증 대기, 자동 가격 제외.",held,,757
2026-09-13 21:08 Europe/Berlin,Kaufland,"Kaufland Aachen, Breslauer Straße 35, 52068 Aachen (최근접 전단 지점, 지점별 가격 미확인)",52068,주류,14.09.2026-16.09.2026,KNÜLLER KROMBACHER Spezi KROMBACHER Spezi,"KNÜLLER KROMBACHER Spezi KROMBACHER Spezi je 0,5-l-Dose(1 l = 1.58)nur 0.79",1.58,,,1.58,https://assets.leaflets.schwarz/leaflets/pdfs/01a07b01-1eec-7d3c-8054-53d4b48ce1b1/Prospekt-14-09-2026-16-09-2026-00.pdf,52062,Aachen,판매 단위 확인,공식 원문 재검증 대기,"원본 수집 행 보존. 재검증 대기, 자동 가격 제외.",held,,758
2026-09-13 21:08 Europe/Berlin,Kaufland,"Kaufland Aachen, Breslauer Straße 35, 52068 Aachen (최근접 전단 지점, 지점별 가격 미확인)",52068,식품,14.09.2026-16.09.2026,KNÜLLER LINDT Excellence Schokolade LINDT Excellence Schokolade,KNÜLLER LINDT Excellence Schokolade LINDT Excellence Schokolade je 50 - 100-g-Tafel(1 kg = 29.90 - 59.80)nur 2.99 Weitere Angebote anzeigen,29.90,,,29.90,https://assets.leaflets.schwarz/leaflets/pdfs/01a07b01-1eec-7d3c-8054-53d4b48ce1b1/Prospekt-14-09-2026-16-09-2026-00.pdf,52062,Aachen,판매 단위 확인,공식 원문 재검증 대기,"원본 수집 행 보존. 재검증 대기, 자동 가격 제외.",held,,759
2026-09-13 21:08 Europe/Berlin,Kaufland,"Kaufland Aachen, Breslauer Straße 35, 52068 Aachen (최근접 전단 지점, 지점별 가격 미확인)",52068,식품,14.09.2026-16.09.2026,KNÜLLER MÜLLER Joghurt mit der Ecke MÜLLER Joghurt mit der Ecke,KNÜLLER MÜLLER Joghurt mit der Ecke MÜLLER Joghurt mit der Ecke je 113 - 150-g-Becher(1 kg = 2.20 - 2.92)nur 0.33,2.20,,,2.20,https://assets.leaflets.schwarz/leaflets/pdfs/01a07b01-1eec-7d3c-8054-53d4b48ce1b1/Prospekt-14-09-2026-16-09-2026-00.pdf,52062,Aachen,판매 단위 확인,공식 원문 재검증 대기,"원본 수집 행 보존. 재검증 대기, 자동 가격 제외.",held,,760
2026-09-13 21:08 Europe/Berlin,Kaufland,"Kaufland Aachen, Breslauer Straße 35, 52068 Aachen (최근접 전단 지점, 지점별 가격 미확인)",52068,식품,14.09.2026-16.09.2026,KNÜLLER ORIGNAL WAGNER Rustipani Ofenbrot oder Air-Fryer-Snack ORIGNAL WAGNER Rustipani Ofenbrot oder Air-Fryer-Snack je 170 - 195-g-Packg.(1 kg = 9.18 - 10.53)nur 1.79,KNÜLLER ORIGNAL WAGNER Rustipani Ofenbrot oder Air-Fryer-Snack ORIGNAL WAGNER Rustipani Ofenbrot oder Air-Fryer-Snack je 170 - 195-g-Packg.(1 kg = 9.18 - 10.53)nur 1.79,9.18,,,9.18,https://assets.leaflets.schwarz/leaflets/pdfs/01a07b01-1eec-7d3c-8054-53d4b48ce1b1/Prospekt-14-09-2026-16-09-2026-00.pdf,52062,Aachen,판매 단위 확인,공식 원문 재검증 대기,"원본 수집 행 보존. 재검증 대기, 자동 가격 제외.",held,,761
2026-09-13 21:08 Europe/Berlin,Kaufland,"Kaufland Aachen, Breslauer Straße 35, 52068 Aachen (최근접 전단 지점, 지점별 가격 미확인)",52068,식품,14.09.2026-16.09.2026,KNÜLLER REINERT Bärchen-Wurstspezialität REINERT Bärchen-Wurstspezialität,KNÜLLER REINERT Bärchen-Wurstspezialität REINERT Bärchen-Wurstspezialität je 90 - 180-g-Packg.(1 kg = 7.73 - 15.45)nur 1.39 Weitere Angebote anzeigen,7.73,,,7.73,https://assets.leaflets.schwarz/leaflets/pdfs/01a07b01-1eec-7d3c-8054-53d4b48ce1b1/Prospekt-14-09-2026-16-09-2026-00.pdf,52062,Aachen,판매 단위 확인,공식 원문 재검증 대기,"원본 수집 행 보존. 재검증 대기, 자동 가격 제외.",held,,762
2026-09-13 21:08 Europe/Berlin,Kaufland,"Kaufland Aachen, Breslauer Straße 35, 52068 Aachen (최근접 전단 지점, 지점별 가격 미확인)",52068,주류,14.09.2026-16.09.2026,KNÜLLER SINALCO Erfrischungsgetränk SINALCO Erfrischungsgetränk,KNÜLLER SINALCO Erfrischungsgetränk SINALCO Erfrischungsgetränk je Ka. 12 x 1-l-PET-Fl.(1 l = 0.67)nur 7.99,0.67,,,0.67,https://assets.leaflets.schwarz/leaflets/pdfs/01a07b01-1eec-7d3c-8054-53d4b48ce1b1/Prospekt-14-09-2026-16-09-2026-00.pdf,52062,Aachen,판매 단위 확인,공식 원문 재검증 대기,"원본 수집 행 보존. 재검증 대기, 자동 가격 제외.",held,,763
2026-09-13 21:08 Europe/Berlin,Kaufland,"Kaufland Aachen, Breslauer Straße 35, 52068 Aachen (최근접 전단 지점, 지점별 가격 미확인)",52068,식품,14.09.2026-16.09.2026,LANGEWIESCHE Putenbrust LANGEWIESCHE Putenbrust,LANGEWIESCHE Putenbrust LANGEWIESCHE Putenbrust je 100 g-28%1.79 2.49 Weitere Angebote anzeigen,1.79,,-28 %,2.49,https://assets.leaflets.schwarz/leaflets/pdfs/01a07b01-1eec-7d3c-8054-53d4b48ce1b1/Prospekt-14-09-2026-16-09-2026-00.pdf,52062,Aachen,판매 단위 확인,공식 원문 재검증 대기,"원본 수집 행 보존. 재검증 대기, 자동 가격 제외.",held,,764
2026-09-13 21:08 Europe/Berlin,Kaufland,"Kaufland Aachen, Breslauer Straße 35, 52068 Aachen (최근접 전단 지점, 지점별 가격 미확인)",52068,식품,14.09.2026-16.09.2026,MAGLIC Cevapcici MAGLIC Cevapcici,MAGLIC Cevapcici MAGLIC Cevapcici je 600-g-Packg.(1 kg = 16.65)-23%9.99 12.99,9.99,,-23 %,12.99,https://assets.leaflets.schwarz/leaflets/pdfs/01a07b01-1eec-7d3c-8054-53d4b48ce1b1/Prospekt-14-09-2026-16-09-2026-00.pdf,52062,Aachen,판매 단위 확인,공식 원문 재검증 대기,"원본 수집 행 보존. 재검증 대기, 자동 가격 제외.",held,,765
2026-09-13 21:08 Europe/Berlin,Kaufland,"Kaufland Aachen, Breslauer Straße 35, 52068 Aachen (최근접 전단 지점, 지점별 가격 미확인)",52068,식품,14.09.2026-16.09.2026,MCCAIN Kartoffelprodukt MCCAIN Kartoffelprodukt,MCCAIN Kartoffelprodukt MCCAIN Kartoffelprodukt je 500 - 600-g-Beutel(1 kg = 2.15 - 2.58)-56%1.29 2.99,1.29,,-56 %,2.99,https://assets.leaflets.schwarz/leaflets/pdfs/01a07b01-1eec-7d3c-8054-53d4b48ce1b1/Prospekt-14-09-2026-16-09-2026-00.pdf,52062,Aachen,판매 단위 확인,공식 원문 재검증 대기,"원본 수집 행 보존. 재검증 대기, 자동 가격 제외.",held,,766
2026-09-13 21:08 Europe/Berlin,Kaufland,"Kaufland Aachen, Breslauer Straße 35, 52068 Aachen (최근접 전단 지점, 지점별 가격 미확인)",52068,식품,14.09.2026-16.09.2026,MEGGLE Baguette MEGGLE Baguette,MEGGLE Baguette MEGGLE Baguette je 160-g-Packg.(1 kg = 6.19)-47%0.99 1.89,0.99,,-47 %,1.89,https://assets.leaflets.schwarz/leaflets/pdfs/01a07b01-1eec-7d3c-8054-53d4b48ce1b1/Prospekt-14-09-2026-16-09-2026-00.pdf,52062,Aachen,판매 단위 확인,공식 원문 재검증 대기,"원본 수집 행 보존. 재검증 대기, 자동 가격 제외.",held,,767
2026-09-13 21:08 Europe/Berlin,Kaufland,"Kaufland Aachen, Breslauer Straße 35, 52068 Aachen (최근접 전단 지점, 지점별 가격 미확인)",52068,식품,14.09.2026-16.09.2026,MELITTA Kaffee MELITTA Kaffee,MELITTA Kaffee MELITTA Kaffee je 500-g-Packg.(1 kg = 9.98)-41%4.99 8.49,4.99,,-41 %,8.49,https://assets.leaflets.schwarz/leaflets/pdfs/01a07b01-1eec-7d3c-8054-53d4b48ce1b1/Prospekt-14-09-2026-16-09-2026-00.pdf,52062,Aachen,판매 단위 확인,공식 원문 재검증 대기,"원본 수집 행 보존. 재검증 대기, 자동 가격 제외.",held,,768
2026-09-13 21:08 Europe/Berlin,Kaufland,"Kaufland Aachen, Breslauer Straße 35, 52068 Aachen (최근접 전단 지점, 지점별 가격 미확인)",52068,식품,14.09.2026-16.09.2026,MERL Zarte Heringsfilets MERL Zarte Heringsfilets,MERL Zarte Heringsfilets MERL Zarte Heringsfilets je 500-g-Packg.(1 kg = 6.78)-27%3.39 4.69,3.39,,-27 %,4.69,https://assets.leaflets.schwarz/leaflets/pdfs/01a07b01-1eec-7d3c-8054-53d4b48ce1b1/Prospekt-14-09-2026-16-09-2026-00.pdf,52062,Aachen,판매 단위 확인,공식 원문 재검증 대기,"원본 수집 행 보존. 재검증 대기, 자동 가격 제외.",held,,769
2026-09-13 21:08 Europe/Berlin,Kaufland,"Kaufland Aachen, Breslauer Straße 35, 52068 Aachen (최근접 전단 지점, 지점별 가격 미확인)",52068,식품,14.09.2026-16.09.2026,MILKA oder OREO Stieleis oder Sandwicheis MILKA oder OREO Stieleis oder Sandwicheis,MILKA oder OREO Stieleis oder Sandwicheis MILKA oder OREO Stieleis oder Sandwicheis je 3 - 4 St. = 270 - 440-ml-Packg.(1 l = 5.05 - 8.23) / (1 l = 4.53 - 7.37)**-44%2.22 3.99 Mit Kaufland Card XTRA **-50%1.99 3.99,1.99,,-44 %,3.99,https://assets.leaflets.schwarz/leaflets/pdfs/01a07b01-1eec-7d3c-8054-53d4b48ce1b1/Prospekt-14-09-2026-16-09-2026-00.pdf,52062,Aachen,판매 단위 확인,공식 원문 재검증 대기,"원본 수집 행 보존. 재검증 대기, 자동 가격 제외.",held,,770
2026-09-13 21:08 Europe/Berlin,Kaufland,"Kaufland Aachen, Breslauer Straße 35, 52068 Aachen (최근접 전단 지점, 지점별 가격 미확인)",52068,식품,14.09.2026-16.09.2026,MONTORSI Pancetta Coppata MONTORSI Pancetta Coppata,MONTORSI Pancetta Coppata MONTORSI Pancetta Coppata je 100-g-Packg.(1 kg = 24.90) / (1 kg = 22.20)**-37%2.49 3.99 Mit Kaufland Card XTRA **-44%2.22 3.99,2.22,,-37 %,3.99,https://assets.leaflets.schwarz/leaflets/pdfs/01a07b01-1eec-7d3c-8054-53d4b48ce1b1/Prospekt-14-09-2026-16-09-2026-00.pdf,52062,Aachen,판매 단위 확인,공식 원문 재검증 대기,"원본 수집 행 보존. 재검증 대기, 자동 가격 제외.",held,,771
2026-09-13 21:08 Europe/Berlin,Kaufland,"Kaufland Aachen, Breslauer Straße 35, 52068 Aachen (최근접 전단 지점, 지점별 가격 미확인)",52068,식품,14.09.2026-16.09.2026,"MÜLLER Milchreis, Kokosmilch-Reis oder Grießpudding MÜLLER Milchreis, Kokosmilch-Reis oder Grießpudding je 160 - 200-g-Becher(1 kg = 1.75 - 2.19)-64%0.35","MÜLLER Milchreis, Kokosmilch-Reis oder Grießpudding MÜLLER Milchreis, Kokosmilch-Reis oder Grießpudding je 160 - 200-g-Becher(1 kg = 1.75 - 2.19)-64%0.35 0.99",0.35,,-64 %,0.99,https://assets.leaflets.schwarz/leaflets/pdfs/01a07b01-1eec-7d3c-8054-53d4b48ce1b1/Prospekt-14-09-2026-16-09-2026-00.pdf,52062,Aachen,판매 단위 확인,공식 원문 재검증 대기,"원본 수집 행 보존. 재검증 대기, 자동 가격 제외.",held,,772
2026-09-13 21:08 Europe/Berlin,Kaufland,"Kaufland Aachen, Breslauer Straße 35, 52068 Aachen (최근접 전단 지점, 지점별 가격 미확인)",52068,식품,14.09.2026-16.09.2026,NESCAFÉ Sticks NESCAFÉ Sticks,NESCAFÉ Sticks NESCAFÉ Sticks je 80 - 160-g-Packg.(1 kg = 124.38 - 24.88)-20%1.99 2.49,1.99,,-20 %,2.49,https://assets.leaflets.schwarz/leaflets/pdfs/01a07b01-1eec-7d3c-8054-53d4b48ce1b1/Prospekt-14-09-2026-16-09-2026-00.pdf,52062,Aachen,판매 단위 확인,공식 원문 재검증 대기,"원본 수집 행 보존. 재검증 대기, 자동 가격 제외.",held,,773
2026-09-13 21:08 Europe/Berlin,Kaufland,"Kaufland Aachen, Breslauer Straße 35, 52068 Aachen (최근접 전단 지점, 지점별 가격 미확인)",52068,식품,14.09.2026-16.09.2026,NESQUIK Getränkepulver NESQUIK Getränkepulver,NESQUIK Getränkepulver NESQUIK Getränkepulver je 350-g-Beutel(1 kg = 5.69)-39%1.99 3.29,1.99,,-39 %,3.29,https://assets.leaflets.schwarz/leaflets/pdfs/01a07b01-1eec-7d3c-8054-53d4b48ce1b1/Prospekt-14-09-2026-16-09-2026-00.pdf,52062,Aachen,판매 단위 확인,공식 원문 재검증 대기,"원본 수집 행 보존. 재검증 대기, 자동 가격 제외.",held,,774
2026-09-13 21:08 Europe/Berlin,Kaufland,"Kaufland Aachen, Breslauer Straße 35, 52068 Aachen (최근접 전단 지점, 지점별 가격 미확인)",52068,식품,14.09.2026-16.09.2026,NOA Veganer Brotaufstrich NOA Veganer Brotaufstrich,NOA Veganer Brotaufstrich NOA Veganer Brotaufstrich je 175-g-Becher(1 kg = 10.80)-20%1.89 2.39,1.89,,-20 %,2.39,https://assets.leaflets.schwarz/leaflets/pdfs/01a07b01-1eec-7d3c-8054-53d4b48ce1b1/Prospekt-14-09-2026-16-09-2026-00.pdf,52062,Aachen,판매 단위 확인,공식 원문 재검증 대기,"원본 수집 행 보존. 재검증 대기, 자동 가격 제외.",held,,775
2026-09-13 21:08 Europe/Berlin,Kaufland,"Kaufland Aachen, Breslauer Straße 35, 52068 Aachen (최근접 전단 지점, 지점별 가격 미확인)",52068,식품,14.09.2026-16.09.2026,PAHMEYER Reibekuchen PAHMEYER Reibekuchen,PAHMEYER Reibekuchen PAHMEYER Reibekuchen je 3 St. = 300-g-Packg.(1 kg = 4.97)-25%1.49 1.99,1.49,,-25 %,1.99,https://assets.leaflets.schwarz/leaflets/pdfs/01a07b01-1eec-7d3c-8054-53d4b48ce1b1/Prospekt-14-09-2026-16-09-2026-00.pdf,52062,Aachen,판매 단위 확인,공식 원문 재검증 대기,"원본 수집 행 보존. 재검증 대기, 자동 가격 제외.",held,,776
2026-09-13 21:08 Europe/Berlin,Kaufland,"Kaufland Aachen, Breslauer Straße 35, 52068 Aachen (최근접 전단 지점, 지점별 가격 미확인)",52068,주류,14.09.2026-16.09.2026,PEPSI Cola PEPSI Cola,"PEPSI Cola PEPSI Cola je 0,33-l-Dose(1 l = 2.10)-22%0.69 0.89",0.69,,-22 %,0.89,https://assets.leaflets.schwarz/leaflets/pdfs/01a07b01-1eec-7d3c-8054-53d4b48ce1b1/Prospekt-14-09-2026-16-09-2026-00.pdf,52062,Aachen,판매 단위 확인,공식 원문 재검증 대기,"원본 수집 행 보존. 재검증 대기, 자동 가격 제외.",held,,777
2026-09-13 21:08 Europe/Berlin,Kaufland,"Kaufland Aachen, Breslauer Straße 35, 52068 Aachen (최근접 전단 지점, 지점별 가격 미확인)",52068,식품,14.09.2026-16.09.2026,PRINGLES Chips PRINGLES Chips,PRINGLES Chips PRINGLES Chips je 160 - 185-g-Dose(1 kg = 7.52 - 8.69)-50%1.39 2.79,1.39,,-50 %,2.79,https://assets.leaflets.schwarz/leaflets/pdfs/01a07b01-1eec-7d3c-8054-53d4b48ce1b1/Prospekt-14-09-2026-16-09-2026-00.pdf,52062,Aachen,판매 단위 확인,공식 원문 재검증 대기,"원본 수집 행 보존. 재검증 대기, 자동 가격 제외.",held,,778
2026-09-13 21:08 Europe/Berlin,Kaufland,"Kaufland Aachen, Breslauer Straße 35, 52068 Aachen (최근접 전단 지점, 지점별 가격 미확인)",52068,식품,14.09.2026-16.09.2026,Quarkbällchen Quarkbällchen,Quarkbällchen Quarkbällchen je Stück-24%0.22 0.29,0.22,,-24 %,0.29,https://assets.leaflets.schwarz/leaflets/pdfs/01a07b01-1eec-7d3c-8054-53d4b48ce1b1/Prospekt-14-09-2026-16-09-2026-00.pdf,52062,Aachen,판매 단위 확인,공식 원문 재검증 대기,"원본 수집 행 보존. 재검증 대기, 자동 가격 제외.",held,,779
2026-09-13 21:08 Europe/Berlin,Kaufland,"Kaufland Aachen, Breslauer Straße 35, 52068 Aachen (최근접 전단 지점, 지점별 가격 미확인)",52068,식품,14.09.2026-16.09.2026,REINERT Hähnchen in Aspik »Florida«REINERT Hähnchen in Aspik »Florida« je 100 g-30%1.39,REINERT Hähnchen in Aspik »Florida«REINERT Hähnchen in Aspik »Florida« je 100 g-30%1.39 1.99,1.39,,-30 %,1.99,https://assets.leaflets.schwarz/leaflets/pdfs/01a07b01-1eec-7d3c-8054-53d4b48ce1b1/Prospekt-14-09-2026-16-09-2026-00.pdf,52062,Aachen,판매 단위 확인,공식 원문 재검증 대기,"원본 수집 행 보존. 재검증 대기, 자동 가격 제외.",held,,780
2026-09-13 21:08 Europe/Berlin,Kaufland,"Kaufland Aachen, Breslauer Straße 35, 52068 Aachen (최근접 전단 지점, 지점별 가격 미확인)",52068,주류,14.09.2026-16.09.2026,ROTKÄPPCHEN Piccolo-Sekt ROTKÄPPCHEN Piccolo-Sekt,"ROTKÄPPCHEN Piccolo-Sekt ROTKÄPPCHEN Piccolo-Sekt je 0,2-l-Fl.(1 l = 4.25)-49%0.85 1.69 Weitere Angebote anzeigen",0.85,,-49 %,1.69,https://assets.leaflets.schwarz/leaflets/pdfs/01a07b01-1eec-7d3c-8054-53d4b48ce1b1/Prospekt-14-09-2026-16-09-2026-00.pdf,52062,Aachen,판매 단위 확인,공식 원문 재검증 대기,"원본 수집 행 보존. 재검증 대기, 자동 가격 제외.",held,,781
2026-09-13 21:08 Europe/Berlin,Kaufland,"Kaufland Aachen, Breslauer Straße 35, 52068 Aachen (최근접 전단 지점, 지점별 가격 미확인)",52068,식품,14.09.2026-16.09.2026,SARTORI BellaVitano Espresso SARTORI BellaVitano Espresso,SARTORI BellaVitano Espresso SARTORI BellaVitano Espresso je 100 g-25%2.99 3.99,2.99,,-25 %,3.99,https://assets.leaflets.schwarz/leaflets/pdfs/01a07b01-1eec-7d3c-8054-53d4b48ce1b1/Prospekt-14-09-2026-16-09-2026-00.pdf,52062,Aachen,판매 단위 확인,공식 원문 재검증 대기,"원본 수집 행 보존. 재검증 대기, 자동 가격 제외.",held,,782
2026-09-13 21:08 Europe/Berlin,Kaufland,"Kaufland Aachen, Breslauer Straße 35, 52068 Aachen (최근접 전단 지점, 지점별 가격 미확인)",52068,식품,14.09.2026-16.09.2026,SEGAFREDO Intermezzo SEGAFREDO Intermezzo,SEGAFREDO Intermezzo SEGAFREDO Intermezzo je 1-kg-Packg.-35%12.99 19.99,12.99,,-35 %,19.99,https://assets.leaflets.schwarz/leaflets/pdfs/01a07b01-1eec-7d3c-8054-53d4b48ce1b1/Prospekt-14-09-2026-16-09-2026-00.pdf,52062,Aachen,판매 단위 확인,공식 원문 재검증 대기,"원본 수집 행 보존. 재검증 대기, 자동 가격 제외.",held,,783
2026-09-13 21:08 Europe/Berlin,Kaufland,"Kaufland Aachen, Breslauer Straße 35, 52068 Aachen (최근접 전단 지점, 지점별 가격 미확인)",52068,식품,14.09.2026-16.09.2026,Span. Bio-Miniromatomaten Span. Bio-Miniromatomaten,Span. Bio-Miniromatomaten Span. Bio-Miniromatomaten je 250-g-Packg.(1 kg = 5.96)-25%1.49 1.99,1.49,,-25 %,1.99,https://assets.leaflets.schwarz/leaflets/pdfs/01a07b01-1eec-7d3c-8054-53d4b48ce1b1/Prospekt-14-09-2026-16-09-2026-00.pdf,52062,Aachen,판매 단위 확인,공식 원문 재검증 대기,"원본 수집 행 보존. 재검증 대기, 자동 가격 제외.",held,,784
2026-09-13 21:08 Europe/Berlin,Kaufland,"Kaufland Aachen, Breslauer Straße 35, 52068 Aachen (최근접 전단 지점, 지점별 가격 미확인)",52068,식품,14.09.2026-16.09.2026,SWITZERLAND Appenzeller mild-würzig SWITZERLAND Appenzeller mild-würzig,SWITZERLAND Appenzeller mild-würzig SWITZERLAND Appenzeller mild-würzig je 100 g-28%1.99 2.79 Weitere Angebote anzeigen,1.99,,-28 %,2.79,https://assets.leaflets.schwarz/leaflets/pdfs/01a07b01-1eec-7d3c-8054-53d4b48ce1b1/Prospekt-14-09-2026-16-09-2026-00.pdf,52062,Aachen,판매 단위 확인,공식 원문 재검증 대기,"원본 수집 행 보존. 재검증 대기, 자동 가격 제외.",held,,785
2026-09-13 21:08 Europe/Berlin,Kaufland,"Kaufland Aachen, Breslauer Straße 35, 52068 Aachen (최근접 전단 지점, 지점별 가격 미확인)",52068,식품,14.09.2026-16.09.2026,THIERS Schinkenbeißer THIERS Schinkenbeißer,THIERS Schinkenbeißer THIERS Schinkenbeißer je 6 St. = 300-g-Packg.(1 kg = 9.97)-16%2.99 3.59,2.99,,-16 %,3.59,https://assets.leaflets.schwarz/leaflets/pdfs/01a07b01-1eec-7d3c-8054-53d4b48ce1b1/Prospekt-14-09-2026-16-09-2026-00.pdf,52062,Aachen,판매 단위 확인,공식 원문 재검증 대기,"원본 수집 행 보존. 재검증 대기, 자동 가격 제외.",held,,786
2026-09-13 21:08 Europe/Berlin,Kaufland,"Kaufland Aachen, Breslauer Straße 35, 52068 Aachen (최근접 전단 지점, 지점별 가격 미확인)",52068,식품,14.09.2026-16.09.2026,THIERS Stadionwurst THIERS Stadionwurst,THIERS Stadionwurst THIERS Stadionwurst je 10 St. = 1-kg-Packg.-15%7.49 8.89,7.49,,-15 %,8.89,https://assets.leaflets.schwarz/leaflets/pdfs/01a07b01-1eec-7d3c-8054-53d4b48ce1b1/Prospekt-14-09-2026-16-09-2026-00.pdf,52062,Aachen,판매 단위 확인,공식 원문 재검증 대기,"원본 수집 행 보존. 재검증 대기, 자동 가격 제외.",held,,787
2026-09-13 21:08 Europe/Berlin,Kaufland,"Kaufland Aachen, Breslauer Straße 35, 52068 Aachen (최근접 전단 지점, 지점별 가격 미확인)",52068,식품,14.09.2026-16.09.2026,TUC Cracker TUC Cracker,TUC Cracker TUC Cracker je 100-g-Packg.(1 kg = 9.90)-33%0.99 1.49,0.99,,-33 %,1.49,https://assets.leaflets.schwarz/leaflets/pdfs/01a07b01-1eec-7d3c-8054-53d4b48ce1b1/Prospekt-14-09-2026-16-09-2026-00.pdf,52062,Aachen,판매 단위 확인,공식 원문 재검증 대기,"원본 수집 행 보존. 재검증 대기, 자동 가격 제외.",held,,788
2026-09-13 21:08 Europe/Berlin,Kaufland,"Kaufland Aachen, Breslauer Straße 35, 52068 Aachen (최근접 전단 지점, 지점별 가격 미확인)",52068,주류,14.09.2026-16.09.2026,VITA Cola oder Limo VITA Cola oder Limo,"VITA Cola oder Limo VITA Cola oder Limo je 1,5-l-PET-Fl.(1 l = 0.53)-38%0.79 1.29",0.79,,-38 %,1.29,https://assets.leaflets.schwarz/leaflets/pdfs/01a07b01-1eec-7d3c-8054-53d4b48ce1b1/Prospekt-14-09-2026-16-09-2026-00.pdf,52062,Aachen,판매 단위 확인,공식 원문 재검증 대기,"원본 수집 행 보존. 재검증 대기, 자동 가격 제외.",held,,789
2026-09-13 21:08 Europe/Berlin,Kaufland,"Kaufland Aachen, Breslauer Straße 35, 52068 Aachen (최근접 전단 지점, 지점별 가격 미확인)",52068,식품,14.09.2026-16.09.2026,VITAMALZ Das Original VITAMALZ Das Original,"VITAMALZ Das Original VITAMALZ Das Original je Packg. 6 x 0,33-l-Fl.(1 l = 1.51)-25%2.99 3.99",2.99,,-25 %,3.99,https://assets.leaflets.schwarz/leaflets/pdfs/01a07b01-1eec-7d3c-8054-53d4b48ce1b1/Prospekt-14-09-2026-16-09-2026-00.pdf,52062,Aachen,판매 단위 확인,공식 원문 재검증 대기,"원본 수집 행 보존. 재검증 대기, 자동 가격 제외.",held,,790
2026-09-13 21:08 Europe/Berlin,Kaufland,"Kaufland Aachen, Breslauer Straße 35, 52068 Aachen (최근접 전단 지점, 지점별 가격 미확인)",52068,식품,14.09.2026-16.09.2026,WAGNER Pizzeria Style WAGNER Pizzeria Style,WAGNER Pizzeria Style WAGNER Pizzeria Style je 345 - 410-g-Packg.(1 kg = 7.30 - 8.67)-25%2.99 3.99,2.99,,-25 %,3.99,https://assets.leaflets.schwarz/leaflets/pdfs/01a07b01-1eec-7d3c-8054-53d4b48ce1b1/Prospekt-14-09-2026-16-09-2026-00.pdf,52062,Aachen,판매 단위 확인,공식 원문 재검증 대기,"원본 수집 행 보존. 재검증 대기, 자동 가격 제외.",held,,791
2026-09-13 21:08 Europe/Berlin,Kaufland,"Kaufland Aachen, Breslauer Straße 35, 52068 Aachen (최근접 전단 지점, 지점별 가격 미확인)",52068,식품,14.09.2026-16.09.2026,"WEIHENSTEPHAN Haltbare Milch, 3,5 % Fett WEIHENSTEPHAN Haltbare Milch, 3,5 % Fett","WEIHENSTEPHAN Haltbare Milch, 3,5 % Fett WEIHENSTEPHAN Haltbare Milch, 3,5 % Fett je 1-l-Packg.-37%0.99 1.59 Mit Kaufland Card XTRA **-44%0.88 1.59 Weitere Angebote anzeigen",0.88,,-37 %,1.59,https://assets.leaflets.schwarz/leaflets/pdfs/01a07b01-1eec-7d3c-8054-53d4b48ce1b1/Prospekt-14-09-2026-16-09-2026-00.pdf,52062,Aachen,판매 단위 확인,공식 원문 재검증 대기,"원본 수집 행 보존. 재검증 대기, 자동 가격 제외.",held,,792
2026-09-13 21:08 Europe/Berlin,Kaufland,"Kaufland Aachen, Breslauer Straße 35, 52068 Aachen (최근접 전단 지점, 지점별 가격 미확인)",52068,식품,14.09.2026-16.09.2026,Weißbrot mit Glanz Weißbrot mit Glanz,Weißbrot mit Glanz Weißbrot mit Glanz je 500-g-Stück(1 kg = 2.78)-30%1.39 1.99,1.39,,-30 %,1.99,https://assets.leaflets.schwarz/leaflets/pdfs/01a07b01-1eec-7d3c-8054-53d4b48ce1b1/Prospekt-14-09-2026-16-09-2026-00.pdf,52062,Aachen,판매 단위 확인,공식 원문 재검증 대기,"원본 수집 행 보존. 재검증 대기, 자동 가격 제외.",held,,793
2026-09-13 21:08 Europe/Berlin,Kaufland,"Kaufland Aachen, Breslauer Straße 35, 52068 Aachen (최근접 전단 지점, 지점별 가격 미확인)",52068,식품,14.09.2026-16.09.2026,WURZENER x XBOX Knuspersnack WURZENER x XBOX Knuspersnack,WURZENER x XBOX Knuspersnack WURZENER x XBOX Knuspersnack je 90-g-Packg.(1 kg = 14.34)-35%1.29 1.99,1.29,,-35 %,1.99,https://assets.leaflets.schwarz/leaflets/pdfs/01a07b01-1eec-7d3c-8054-53d4b48ce1b1/Prospekt-14-09-2026-16-09-2026-00.pdf,52062,Aachen,판매 단위 확인,공식 원문 재검증 대기,"원본 수집 행 보존. 재검증 대기, 자동 가격 제외.",held,,794
2026-09-13 21:08 Europe/Berlin,Kaufland,"Kaufland Aachen, Breslauer Straße 35, 52068 Aachen (최근접 전단 지점, 지점별 가격 미확인)",52068,식품,14.09.2026-16.09.2026,ZABLER Hochzeit Nudeln ZABLER Hochzeit Nudeln,ZABLER Hochzeit Nudeln ZABLER Hochzeit Nudeln je 500-g-Beutel(1 kg = 5.26)-20%2.63 3.29,2.63,,-20 %,3.29,https://assets.leaflets.schwarz/leaflets/pdfs/01a07b01-1eec-7d3c-8054-53d4b48ce1b1/Prospekt-14-09-2026-16-09-2026-00.pdf,52062,Aachen,판매 단위 확인,공식 원문 재검증 대기,"원본 수집 행 보존. 재검증 대기, 자동 가격 제외.",held,,795
2026-09-13 21:08 Europe/Berlin,METRO,"METRO Düsseldorf, Schlüterstraße 3, 40235 Düsseldorf (최근접 공개 전단 지점, 지점별 가격 미확인)",40235,식품,14.09.2026-19.09.2026,Argentinische Rinder-Steakhüfte,"vorgereift, vakuumverpackt, ca. 2,2-kg-Stücke, je kg ab ca. 2,2 kg; Netto-Abholpreis zzgl. MwSt.",15.49,,,"15,49 €/kg netto",https://prospekte.metro.de/3985/3358171/pdfs/baab6bde-6878-4c62-ac20-a0e1ef09d3b9.pdf,40468;40474,Düsseldorf,판매 단위 확인,METRO 고객 자격·세금 포함 가격·실제 지점 확인 필요,"원본 수집 행 보존. 재검증 대기, 자동 가격 제외.",held,,796;800
2026-09-13 21:08 Europe/Berlin,METRO,"METRO Düsseldorf, Schlüterstraße 3, 40235 Düsseldorf (최근접 공개 전단 지점, 지점별 가격 미확인)",40235,식품,14.09.2026-19.09.2026,Lachsfilet,"Trim D, Aquakultur Norwegen, je kg ab 1 kg; Netto-Abholpreis zzgl. MwSt.",16.49,,,"16,49 €/kg netto",https://prospekte.metro.de/3985/3358171/pdfs/baab6bde-6878-4c62-ac20-a0e1ef09d3b9.pdf,40468;40474,Düsseldorf,판매 단위 확인,METRO 고객 자격·세금 포함 가격·실제 지점 확인 필요,"원본 수집 행 보존. 재검증 대기, 자동 가격 제외.",held,,797;801
2026-09-13 21:08 Europe/Berlin,METRO,"METRO Düsseldorf, Schlüterstraße 3, 40235 Düsseldorf (최근접 공개 전단 지점, 지점별 가격 미확인)",40235,식품,14.09.2026-19.09.2026,Nürnberger Rostbratwürste,"gebrüht, 60 x 20 g, 1,2-kg-Packung, je kg ab 1 Packung; Netto-Abholpreis zzgl. MwSt.",12.99,,,"12,99 €/kg netto",https://prospekte.metro.de/3985/3358171/pdfs/baab6bde-6878-4c62-ac20-a0e1ef09d3b9.pdf,40468;40474,Düsseldorf,판매 단위 확인,METRO 고객 자격·세금 포함 가격·실제 지점 확인 필요,"원본 수집 행 보존. 재검증 대기, 자동 가격 제외.",held,,798;802
2026-09-13 21:08 Europe/Berlin,METRO,"METRO Düsseldorf, Schlüterstraße 3, 40235 Düsseldorf (최근접 공개 전단 지점, 지점별 가격 미확인)",40235,음료,14.09.2026-19.09.2026,Saftorangen Valencia,"Südafrika, Klasse I, 15-kg-Kiste; Netto-Abholpreis zzgl. MwSt.",18.99,,,"1,27 €/kg netto (1,36 €/kg brutto)",https://prospekte.metro.de/3985/3358171/pdfs/baab6bde-6878-4c62-ac20-a0e1ef09d3b9.pdf,40468;40474,Düsseldorf,판매 단위 확인,METRO 고객 자격·세금 포함 가격·실제 지점 확인 필요,"원본 수집 행 보존. 재검증 대기, 자동 가격 제외.",held,,799;803
2026-09-13 21:08 Europe/Berlin,METRO,"METRO Dortmund-Oespel, Borussiastraße 101, 44149 Dortmund (최근접 공개 전단 지점, 지점별 가격 미확인)",44149,식품,14.09.2026-19.09.2026,Argentinische Rinder-Steakhüfte,"vorgereift, vakuumverpackt, ca. 2,2-kg-Stücke, je kg ab ca. 2,2 kg; Netto-Abholpreis zzgl. MwSt.",15.49,,,"15,49 €/kg netto",https://prospekte.metro.de/3985/3358171/pdfs/baab6bde-6878-4c62-ac20-a0e1ef09d3b9.pdf,44369,Dortmund,판매 단위 확인,METRO 고객 자격·세금 포함 가격·실제 지점 확인 필요,"원본 수집 행 보존. 재검증 대기, 자동 가격 제외.",held,,804
2026-09-13 21:08 Europe/Berlin,METRO,"METRO Dortmund-Oespel, Borussiastraße 101, 44149 Dortmund (최근접 공개 전단 지점, 지점별 가격 미확인)",44149,식품,14.09.2026-19.09.2026,Lachsfilet,"Trim D, Aquakultur Norwegen, je kg ab 1 kg; Netto-Abholpreis zzgl. MwSt.",16.49,,,"16,49 €/kg netto",https://prospekte.metro.de/3985/3358171/pdfs/baab6bde-6878-4c62-ac20-a0e1ef09d3b9.pdf,44369,Dortmund,판매 단위 확인,METRO 고객 자격·세금 포함 가격·실제 지점 확인 필요,"원본 수집 행 보존. 재검증 대기, 자동 가격 제외.",held,,805
2026-09-13 21:08 Europe/Berlin,METRO,"METRO Dortmund-Oespel, Borussiastraße 101, 44149 Dortmund (최근접 공개 전단 지점, 지점별 가격 미확인)",44149,식품,14.09.2026-19.09.2026,Nürnberger Rostbratwürste,"gebrüht, 60 x 20 g, 1,2-kg-Packung, je kg ab 1 Packung; Netto-Abholpreis zzgl. MwSt.",12.99,,,"12,99 €/kg netto",https://prospekte.metro.de/3985/3358171/pdfs/baab6bde-6878-4c62-ac20-a0e1ef09d3b9.pdf,44369,Dortmund,판매 단위 확인,METRO 고객 자격·세금 포함 가격·실제 지점 확인 필요,"원본 수집 행 보존. 재검증 대기, 자동 가격 제외.",held,,806
2026-09-13 21:08 Europe/Berlin,METRO,"METRO Dortmund-Oespel, Borussiastraße 101, 44149 Dortmund (최근접 공개 전단 지점, 지점별 가격 미확인)",44149,음료,14.09.2026-19.09.2026,Saftorangen Valencia,"Südafrika, Klasse I, 15-kg-Kiste; Netto-Abholpreis zzgl. MwSt.",18.99,,,"1,27 €/kg netto (1,36 €/kg brutto)",https://prospekte.metro.de/3985/3358171/pdfs/baab6bde-6878-4c62-ac20-a0e1ef09d3b9.pdf,44369,Dortmund,판매 단위 확인,METRO 고객 자격·세금 포함 가격·실제 지점 확인 필요,"원본 수집 행 보존. 재검증 대기, 자동 가격 제외.",held,,807
2026-09-13 21:08 Europe/Berlin,METRO,"METRO Würselen, Schumanstraße 6, 52146 Würselen (최근접 공개 전단 지점, 지점별 가격 미확인)",52146,식품,14.09.2026-19.09.2026,Argentinische Rinder-Steakhüfte,"vorgereift, vakuumverpackt, ca. 2,2-kg-Stücke, je kg ab ca. 2,2 kg; Netto-Abholpreis zzgl. MwSt.",15.49,,,"15,49 €/kg netto",https://prospekte.metro.de/3985/3358171/pdfs/baab6bde-6878-4c62-ac20-a0e1ef09d3b9.pdf,52062,Würselen,판매 단위 확인,METRO 고객 자격·세금 포함 가격·실제 지점 확인 필요,"원본 수집 행 보존. 재검증 대기, 자동 가격 제외.",held,,808
2026-09-13 21:08 Europe/Berlin,METRO,"METRO Würselen, Schumanstraße 6, 52146 Würselen (최근접 공개 전단 지점, 지점별 가격 미확인)",52146,식품,14.09.2026-19.09.2026,Lachsfilet,"Trim D, Aquakultur Norwegen, je kg ab 1 kg; Netto-Abholpreis zzgl. MwSt.",16.49,,,"16,49 €/kg netto",https://prospekte.metro.de/3985/3358171/pdfs/baab6bde-6878-4c62-ac20-a0e1ef09d3b9.pdf,52062,Würselen,판매 단위 확인,METRO 고객 자격·세금 포함 가격·실제 지점 확인 필요,"원본 수집 행 보존. 재검증 대기, 자동 가격 제외.",held,,809
2026-09-13 21:08 Europe/Berlin,METRO,"METRO Würselen, Schumanstraße 6, 52146 Würselen (최근접 공개 전단 지점, 지점별 가격 미확인)",52146,식품,14.09.2026-19.09.2026,Nürnberger Rostbratwürste,"gebrüht, 60 x 20 g, 1,2-kg-Packung, je kg ab 1 Packung; Netto-Abholpreis zzgl. MwSt.",12.99,,,"12,99 €/kg netto",https://prospekte.metro.de/3985/3358171/pdfs/baab6bde-6878-4c62-ac20-a0e1ef09d3b9.pdf,52062,Würselen,판매 단위 확인,METRO 고객 자격·세금 포함 가격·실제 지점 확인 필요,"원본 수집 행 보존. 재검증 대기, 자동 가격 제외.",held,,810
2026-09-13 21:08 Europe/Berlin,METRO,"METRO Würselen, Schumanstraße 6, 52146 Würselen (최근접 공개 전단 지점, 지점별 가격 미확인)",52146,음료,14.09.2026-19.09.2026,Saftorangen Valencia,"Südafrika, Klasse I, 15-kg-Kiste; Netto-Abholpreis zzgl. MwSt.",18.99,,,"1,27 €/kg netto (1,36 €/kg brutto)",https://prospekte.metro.de/3985/3358171/pdfs/baab6bde-6878-4c62-ac20-a0e1ef09d3b9.pdf,52062,Würselen,판매 단위 확인,METRO 고객 자격·세금 포함 가격·실제 지점 확인 필요,"원본 수집 행 보존. 재검증 대기, 자동 가격 제외.",held,,811
2026-09-13 21:08 Europe/Berlin,Netto Marken-Discount,"Netto Marken-Discount, Rahmer Str. 8, 44369 Dortmund (공식 전단 기준, 지점별 가격 미확인)",44369,식품,14.09.2026-19.09.2026,Zwiebeln,"Deutschland, Kl. II, 1,5 kg Netz",1.39,,,"0,93 €/kg",https://wochenprospekt.netto-online.de/100989/3357087/pdfs/56b6be76-4fb6-47dd-86d1-af56179c18e6.pdf,44369,Dortmund,"1,5 kg",없음,"Netto 공식 72면 KW38 전단 신선식품 면: Zwiebeln; 1.5 kg; 1.39 EUR; 2026-09-14~19.",verified,,manual-netto-vegetable-1
2026-09-13 21:08 Europe/Berlin,Netto Marken-Discount,"Netto Marken-Discount, Rahmer Str. 8, 44369 Dortmund (공식 전단 기준, 지점별 가격 미확인)",44369,식품,14.09.2026-19.09.2026,Speisekartoffeln,"Deutschland, Lüneburger Heide, 2 kg Netz",1.99,,,"1,00 €/kg",https://wochenprospekt.netto-online.de/100989/3357087/pdfs/56b6be76-4fb6-47dd-86d1-af56179c18e6.pdf,44369,Dortmund,2 kg,없음,"Netto 공식 72면 KW38 전단 신선식품 면: Speisekartoffeln; 2 kg; 1.99 EUR; 2026-09-14~19.",verified,,manual-netto-vegetable-2
2026-09-13 21:08 Europe/Berlin,Netto Marken-Discount,"Netto Marken-Discount, Rahmer Str. 8, 44369 Dortmund (공식 전단 기준, 지점별 가격 미확인)",44369,식품,14.09.2026-19.09.2026,Champignons weiß,"Polen, Kl. I, 400 g Schale",1.69,,,"4,23 €/kg",https://wochenprospekt.netto-online.de/100989/3357087/pdfs/56b6be76-4fb6-47dd-86d1-af56179c18e6.pdf,44369,Dortmund,400 g,없음,"Netto 공식 72면 KW38 전단 신선식품 면: Champignons weiß; 400 g; 1.69 EUR; 2026-09-14~19.",verified,,manual-netto-vegetable-3
2026-09-13 21:08 Europe/Berlin,Netto Marken-Discount,"Netto Marken-Discount, Rahmer Str. 8, 44369 Dortmund (공식 전단 기준, 지점별 가격 미확인)",44369,식품,14.09.2026-19.09.2026,Rispentomaten,"Niederlande, Kl. I, 1 kg",2.29,,,,https://wochenprospekt.netto-online.de/100989/3357087/pdfs/56b6be76-4fb6-47dd-86d1-af56179c18e6.pdf,44369,Dortmund,1 kg,없음,"Netto 공식 72면 KW38 전단 신선식품 면: Rispentomaten; 1 kg; 2.29 EUR; 2026-09-14~19.",verified,,manual-netto-vegetable-4
2026-09-13 21:08 Europe/Berlin,Lidl,"Lidl, Pfarrer-Holl-Weg 21, 40489 Düsseldorf (최근접 전단 지점, 지점별 가격 미확인)",40489,식품,14.09.2026-19.09.2026,Deutsche Speisekartoffeln,"2 kg Netz",2.19,,-12 %,2.49,https://www.lidl.de/l/prospekte/aktionsprospekt-14-09-2026-19-09-2026-6e9cc6/view/flyer/page/2?_ab=1&lf=HHZ,40474,Düsseldorf,2 kg,없음,"Lidl 공식 Aktionsprospekt 2면: Deutsche Speisekartoffeln; 2 kg; 2.19 EUR; 2026-09-14~19.",verified,2.49,manual-lidl-page-2-1
2026-09-13 21:08 Europe/Berlin,Lidl,"Lidl, Pfarrer-Holl-Weg 21, 40489 Düsseldorf (최근접 전단 지점, 지점별 가격 미확인)",40489,식품,14.09.2026-19.09.2026,METZGERFRISCH Frische Hähnchenflügel,"1,1 kg",4.49,,-18 %,5.49,https://www.lidl.de/l/prospekte/aktionsprospekt-14-09-2026-19-09-2026-6e9cc6/view/flyer/page/2?_ab=1&lf=HHZ,40474,Düsseldorf,"1,1 kg",없음,"Lidl 공식 Aktionsprospekt 2면: Frische Hähnchenflügel; 1.1 kg; 4.49 EUR; 2026-09-14~19.",verified,5.49,manual-lidl-page-2-2
2026-09-13 21:08 Europe/Berlin,Lidl,"Lidl, Pfarrer-Holl-Weg 21, 40489 Düsseldorf (최근접 전단 지점, 지점별 가격 미확인)",40489,식품,14.09.2026-19.09.2026,Deutsche gelbe Zwiebeln,"Klasse I, 2 kg Netz",1.69,,,,https://www.lidl.de/l/prospekte/aktionsprospekt-14-09-2026-19-09-2026-6e9cc6/view/flyer/page/7?_ab=1&lf=HHZ,40474,Düsseldorf,2 kg,없음,"Lidl 공식 Aktionsprospekt 7면: Deutsche gelbe Zwiebeln; 2 kg; 1.69 EUR; 2026-09-14~19.",verified,,manual-lidl-page-7-1
2026-09-13 21:08 Europe/Berlin,Lidl,"Lidl, Pfarrer-Holl-Weg 21, 40489 Düsseldorf (최근접 전단 지점, 지점별 가격 미확인)",40489,식품,14.09.2026-19.09.2026,Bio Gurken,"Spanien, Klasse I, Stück",0.99,,,,https://www.lidl.de/l/prospekte/aktionsprospekt-14-09-2026-19-09-2026-6e9cc6/view/flyer/page/7?_ab=1&lf=HHZ,40474,Düsseldorf,Stück,없음,"Lidl 공식 Aktionsprospekt 7면: Bio Gurken; Stück; 0.99 EUR; 2026-09-14~19.",verified,,manual-lidl-page-7-2
2026-09-13 21:08 Europe/Berlin,Lidl,"Lidl, Pfarrer-Holl-Weg 21, 40489 Düsseldorf (최근접 전단 지점, 지점별 가격 미확인)",40489,식품,14.09.2026-19.09.2026,Süßkartoffeln,"Ursprung Ägypten/Spanien/Portugal, 1 kg",1.69,,-15 %,1.99,https://www.lidl.de/l/prospekte/aktionsprospekt-14-09-2026-19-09-2026-6e9cc6/view/flyer/page/7?_ab=1&lf=HHZ,40474,Düsseldorf,1 kg,없음,"Lidl 공식 Aktionsprospekt 7면: Süßkartoffeln; kg-Preis 1.69 EUR; 2026-09-14~19.",verified,1.99,manual-lidl-page-7-3
2026-09-13 21:08 Europe/Berlin,Lidl,"Lidl, Marler Str. 4, 40472 Düsseldorf (최근접 전단 지점, 지점별 가격 미확인)",40472,식품,14.09.2026-19.09.2026,Deutsche Speisekartoffeln,"2 kg Netz",2.19,,-12 %,2.49,https://www.lidl.de/l/prospekte/aktionsprospekt-14-09-2026-19-09-2026-6e9cc6/view/flyer/page/2?_ab=1&lf=HHZ,40468,Düsseldorf,2 kg,없음,"Lidl 공식 Aktionsprospekt 2면: Deutsche Speisekartoffeln; 2 kg; 2.19 EUR; 2026-09-14~19.",verified,2.49,manual-lidl-40472-page-2-1
2026-09-13 21:08 Europe/Berlin,Lidl,"Lidl, Marler Str. 4, 40472 Düsseldorf (최근접 전단 지점, 지점별 가격 미확인)",40472,식품,14.09.2026-19.09.2026,METZGERFRISCH Frische Hähnchenflügel,"1,1 kg",4.49,,-18 %,5.49,https://www.lidl.de/l/prospekte/aktionsprospekt-14-09-2026-19-09-2026-6e9cc6/view/flyer/page/2?_ab=1&lf=HHZ,40468,Düsseldorf,"1,1 kg",없음,"Lidl 공식 Aktionsprospekt 2면: Frische Hähnchenflügel; 1.1 kg; 4.49 EUR; 2026-09-14~19.",verified,5.49,manual-lidl-40472-page-2-2
2026-09-13 21:08 Europe/Berlin,Lidl,"Lidl, Marler Str. 4, 40472 Düsseldorf (최근접 전단 지점, 지점별 가격 미확인)",40472,식품,14.09.2026-19.09.2026,Deutsche gelbe Zwiebeln,"Klasse I, 2 kg Netz",1.69,,,,https://www.lidl.de/l/prospekte/aktionsprospekt-14-09-2026-19-09-2026-6e9cc6/view/flyer/page/7?_ab=1&lf=HHZ,40468,Düsseldorf,2 kg,없음,"Lidl 공식 Aktionsprospekt 7면: Deutsche gelbe Zwiebeln; 2 kg; 1.69 EUR; 2026-09-14~19.",verified,,manual-lidl-40472-page-7-1
2026-09-13 21:08 Europe/Berlin,Lidl,"Lidl, Marler Str. 4, 40472 Düsseldorf (최근접 전단 지점, 지점별 가격 미확인)",40472,식품,14.09.2026-19.09.2026,Bio Gurken,"Spanien, Klasse I, Stück",0.99,,,,https://www.lidl.de/l/prospekte/aktionsprospekt-14-09-2026-19-09-2026-6e9cc6/view/flyer/page/7?_ab=1&lf=HHZ,40468,Düsseldorf,Stück,없음,"Lidl 공식 Aktionsprospekt 7면: Bio Gurken; Stück; 0.99 EUR; 2026-09-14~19.",verified,,manual-lidl-40472-page-7-2
2026-09-13 21:08 Europe/Berlin,Lidl,"Lidl, Marler Str. 4, 40472 Düsseldorf (최근접 전단 지점, 지점별 가격 미확인)",40472,식품,14.09.2026-19.09.2026,Süßkartoffeln,"Ursprung Ägypten/Spanien/Portugal, 1 kg",1.69,,-15 %,1.99,https://www.lidl.de/l/prospekte/aktionsprospekt-14-09-2026-19-09-2026-6e9cc6/view/flyer/page/7?_ab=1&lf=HHZ,40468,Düsseldorf,1 kg,없음,"Lidl 공식 Aktionsprospekt 7면: Süßkartoffeln; kg-Preis 1.69 EUR; 2026-09-14~19.",verified,1.99,manual-lidl-40472-page-7-3
2026-09-13 21:08 Europe/Berlin,Lidl,"Lidl, Huckarder Allee 27, 44369 Dortmund (공식 전단 기준, 지점별 가격 미확인)",44369,식품,14.09.2026-19.09.2026,Deutsche Speisekartoffeln,"2 kg Netz",2.19,,-12 %,2.49,https://www.lidl.de/l/prospekte/aktionsprospekt-14-09-2026-19-09-2026-6e9cc6/view/flyer/page/2?_ab=1&lf=HHZ,44369,Dortmund,2 kg,없음,"Lidl 공식 Aktionsprospekt 2면: Deutsche Speisekartoffeln; 2 kg; 2.19 EUR; 2026-09-14~19.",verified,2.49,manual-lidl-44369-page-2-1
2026-09-13 21:08 Europe/Berlin,Lidl,"Lidl, Huckarder Allee 27, 44369 Dortmund (공식 전단 기준, 지점별 가격 미확인)",44369,식품,14.09.2026-19.09.2026,METZGERFRISCH Frische Hähnchenflügel,"1,1 kg",4.49,,-18 %,5.49,https://www.lidl.de/l/prospekte/aktionsprospekt-14-09-2026-19-09-2026-6e9cc6/view/flyer/page/2?_ab=1&lf=HHZ,44369,Dortmund,"1,1 kg",없음,"Lidl 공식 Aktionsprospekt 2면: Frische Hähnchenflügel; 1.1 kg; 4.49 EUR; 2026-09-14~19.",verified,5.49,manual-lidl-44369-page-2-2
2026-09-13 21:08 Europe/Berlin,Lidl,"Lidl, Huckarder Allee 27, 44369 Dortmund (공식 전단 기준, 지점별 가격 미확인)",44369,식품,14.09.2026-19.09.2026,Deutsche gelbe Zwiebeln,"Klasse I, 2 kg Netz",1.69,,,,https://www.lidl.de/l/prospekte/aktionsprospekt-14-09-2026-19-09-2026-6e9cc6/view/flyer/page/7?_ab=1&lf=HHZ,44369,Dortmund,2 kg,없음,"Lidl 공식 Aktionsprospekt 7면: Deutsche gelbe Zwiebeln; 2 kg; 1.69 EUR; 2026-09-14~19.",verified,,manual-lidl-44369-page-7-1
2026-09-13 21:08 Europe/Berlin,Lidl,"Lidl, Huckarder Allee 27, 44369 Dortmund (공식 전단 기준, 지점별 가격 미확인)",44369,식품,14.09.2026-19.09.2026,Bio Gurken,"Spanien, Klasse I, Stück",0.99,,,,https://www.lidl.de/l/prospekte/aktionsprospekt-14-09-2026-19-09-2026-6e9cc6/view/flyer/page/7?_ab=1&lf=HHZ,44369,Dortmund,Stück,없음,"Lidl 공식 Aktionsprospekt 7면: Bio Gurken; Stück; 0.99 EUR; 2026-09-14~19.",verified,,manual-lidl-44369-page-7-2
2026-09-13 21:08 Europe/Berlin,Lidl,"Lidl, Huckarder Allee 27, 44369 Dortmund (공식 전단 기준, 지점별 가격 미확인)",44369,식품,14.09.2026-19.09.2026,Süßkartoffeln,"Ursprung Ägypten/Spanien/Portugal, 1 kg",1.69,,-15 %,1.99,https://www.lidl.de/l/prospekte/aktionsprospekt-14-09-2026-19-09-2026-6e9cc6/view/flyer/page/7?_ab=1&lf=HHZ,44369,Dortmund,1 kg,없음,"Lidl 공식 Aktionsprospekt 7면: Süßkartoffeln; kg-Preis 1.69 EUR; 2026-09-14~19.",verified,1.99,manual-lidl-44369-page-7-3
2026-09-13 21:08 Europe/Berlin,Lidl,"Lidl, Eynattener Str. 26, 52064 Aachen (최근접 전단 지점, 지점별 가격 미확인)",52064,식품,14.09.2026-19.09.2026,Deutsche Speisekartoffeln,"2 kg Netz",2.19,,-12 %,2.49,https://www.lidl.de/l/prospekte/aktionsprospekt-14-09-2026-19-09-2026-6e9cc6/view/flyer/page/2?_ab=1&lf=HHZ,52062,Aachen,2 kg,없음,"Lidl 공식 Aktionsprospekt 2면: Deutsche Speisekartoffeln; 2 kg; 2.19 EUR; 2026-09-14~19.",verified,2.49,manual-lidl-52064-page-2-1
2026-09-13 21:08 Europe/Berlin,Lidl,"Lidl, Eynattener Str. 26, 52064 Aachen (최근접 전단 지점, 지점별 가격 미확인)",52064,식품,14.09.2026-19.09.2026,METZGERFRISCH Frische Hähnchenflügel,"1,1 kg",4.49,,-18 %,5.49,https://www.lidl.de/l/prospekte/aktionsprospekt-14-09-2026-19-09-2026-6e9cc6/view/flyer/page/2?_ab=1&lf=HHZ,52062,Aachen,"1,1 kg",없음,"Lidl 공식 Aktionsprospekt 2면: Frische Hähnchenflügel; 1.1 kg; 4.49 EUR; 2026-09-14~19.",verified,5.49,manual-lidl-52064-page-2-2
2026-09-13 21:08 Europe/Berlin,Lidl,"Lidl, Eynattener Str. 26, 52064 Aachen (최근접 전단 지점, 지점별 가격 미확인)",52064,식품,14.09.2026-19.09.2026,Deutsche gelbe Zwiebeln,"Klasse I, 2 kg Netz",1.69,,,,https://www.lidl.de/l/prospekte/aktionsprospekt-14-09-2026-19-09-2026-6e9cc6/view/flyer/page/7?_ab=1&lf=HHZ,52062,Aachen,2 kg,없음,"Lidl 공식 Aktionsprospekt 7면: Deutsche gelbe Zwiebeln; 2 kg; 1.69 EUR; 2026-09-14~19.",verified,,manual-lidl-52064-page-7-1
2026-09-13 21:08 Europe/Berlin,Lidl,"Lidl, Eynattener Str. 26, 52064 Aachen (최근접 전단 지점, 지점별 가격 미확인)",52064,식품,14.09.2026-19.09.2026,Bio Gurken,"Spanien, Klasse I, Stück",0.99,,,,https://www.lidl.de/l/prospekte/aktionsprospekt-14-09-2026-19-09-2026-6e9cc6/view/flyer/page/7?_ab=1&lf=HHZ,52062,Aachen,Stück,없음,"Lidl 공식 Aktionsprospekt 7면: Bio Gurken; Stück; 0.99 EUR; 2026-09-14~19.",verified,,manual-lidl-52064-page-7-2
2026-09-13 21:08 Europe/Berlin,Lidl,"Lidl, Eynattener Str. 26, 52064 Aachen (최근접 전단 지점, 지점별 가격 미확인)",52064,식품,14.09.2026-19.09.2026,Süßkartoffeln,"Ursprung Ägypten/Spanien/Portugal, 1 kg",1.69,,-15 %,1.99,https://www.lidl.de/l/prospekte/aktionsprospekt-14-09-2026-19-09-2026-6e9cc6/view/flyer/page/7?_ab=1&lf=HHZ,52062,Aachen,1 kg,없음,"Lidl 공식 Aktionsprospekt 7면: Süßkartoffeln; kg-Preis 1.69 EUR; 2026-09-14~19.",verified,1.99,manual-lidl-52064-page-7-3
