"수집시각","체인","지점","우편번호","카테고리","행사기간","상품명","상품정보","행사가격","앱가격","할인율","기준가격","출처"
"2026-09-07 18:27 Europe/Berlin","Netto","Rahmer Str. 8, 44369 Dortmund","44369","Knüller der Woche","07.09.2026-12.09.2026","Weihenstephan Butter oder Streichzart","250 g | 3.96 / kg | gekühlt, versch. Sorten","0.99","","-64 %","UVP 2.79","https://www.netto-online.de/filialangebote"
"2026-09-07 18:27 Europe/Berlin","Netto","Rahmer Str. 8, 44369 Dortmund","44369","Knüller der Woche","07.09.2026-12.09.2026","Tassimo Kaffee-Kapseln","128 g - 268 g | 16.01 - 33.52 / kg | versch. Sorten","4.29","","-38 %","UVP 6.99","https://www.netto-online.de/filialangebote"
"2026-09-07 18:27 Europe/Berlin","Netto","Rahmer Str. 8, 44369 Dortmund","44369","Knüller der Woche","07.09.2026-12.09.2026","Wiener Würstchen","2 x 200 g | 6.23 / kg | über Buchenholz geräuchert Regionale Verpackungsabweichungen möglich","2.49","2.29","-23% / -16 %","statt 2.99","https://www.netto-online.de/filialangebote"
"2026-09-07 18:27 Europe/Berlin","Netto","Rahmer Str. 8, 44369 Dortmund","44369","Knüller der Woche","07.09.2026-12.09.2026","Bio Möhren","1 kg Beutel | Deutschland, Kl. II","1.11","","-34 %","UVP 1.69","https://www.netto-online.de/filialangebote"
"2026-09-07 18:27 Europe/Berlin","Netto","Rahmer Str. 8, 44369 Dortmund","44369","Knüller der Woche","07.09.2026-12.09.2026","YouCook Fertiggericht","350 g - 440 g | 8.61 - 10.83 / kg | gekühlt, versch. Sorten","3.79","","-24 %","UVP 4.99","https://www.netto-online.de/filialangebote"
"2026-09-07 18:27 Europe/Berlin","Netto","Rahmer Str. 8, 44369 Dortmund","44369","Knüller der Woche","07.09.2026-12.09.2026","Berliner","Stück | Heidelbeere oder Pflaume Gilt nur in Filialen mit Backautomat!","0.99","","","Aktion","https://www.netto-online.de/filialangebote"
"2026-09-07 18:27 Europe/Berlin","Netto","Rahmer Str. 8, 44369 Dortmund","44369","Knüller der Woche","07.09.2026-12.09.2026","Mon Cheri","157 g | 17.77 / kg","2.79","","-30 %","UVP 3.99","https://www.netto-online.de/filialangebote"
"2026-09-07 18:27 Europe/Berlin","Netto","Rahmer Str. 8, 44369 Dortmund","44369","Knüller der Woche","07.09.2026-12.09.2026","Sprite, Fanta oder Mezzo Mix","6 x 1,25 l | 0.80 / l | teilweise koffeinhaltig, versch. Sorten Einzelpreis: 1.59 zzgl. Pfand 0.25 (1.27 / l)","5.99","","-37 %","statt 9.54","https://www.netto-online.de/filialangebote"
"2026-09-07 18:27 Europe/Berlin","Netto","Rahmer Str. 8, 44369 Dortmund","44369","Knüller der Woche","07.09.2026-12.09.2026","Hackfleisch gemischt","800 g | 6.86 / kg | aus 50% Schwein und 50% Rind","5.49","","-15 %","UVP 6.49","https://www.netto-online.de/filialangebote"
"2026-09-07 18:27 Europe/Berlin","Netto","Rahmer Str. 8, 44369 Dortmund","44369","Knüller der Woche","07.09.2026-12.09.2026","Danone Actimel","12 x 100 g | 2.49 / kg | gekühlt, versch. Sorten","2.99","2.79","-53% / -50 %","UVP 5.98","https://www.netto-online.de/filialangebote"
"2026-09-07 18:27 Europe/Berlin","Netto","Rahmer Str. 8, 44369 Dortmund","44369","Knüller der Woche","07.09.2026-12.09.2026","Knoppers Waffel oder Riegel","200 - 225 g | 7.51 - 8.45 / kg | versch. Sorten","1.69","","-32 %","statt 2.49","https://www.netto-online.de/filialangebote"
"2026-09-07 18:27 Europe/Berlin","Netto","Rahmer Str. 8, 44369 Dortmund","44369","Knüller der Woche","07.09.2026-12.09.2026","Ramazzotti Kräuterlikör oder Arancia","0,7 l | 14.27 / l | 0.0 – 30 % Vol.","9.99","","-28 %","UVP 13.99","https://www.netto-online.de/filialangebote"
"2026-09-07 18:27 Europe/Berlin","Netto","Rahmer Str. 8, 44369 Dortmund","44369","Knüller der Woche","07.09.2026-12.09.2026","3 Glocken Genuss Pur Teigwaren","5 x 500 g | 1.60 / kg | versch. Ausformungen Einzelpreis: 1.89 (3.78 / kg)","4.00","","-57 %","statt 9.45","https://www.netto-online.de/filialangebote"
"2026-09-07 18:27 Europe/Berlin","Netto","Rahmer Str. 8, 44369 Dortmund","44369","Spar-Angebote","07.09.2026-12.09.2026","Müller Joghurt mit der Ecke","113 g – 150 g | 2.20 - 2.92 / kg | gekühlt, versch. Sorten","0.33","","-62 %","statt 0.89","https://www.netto-online.de/filialangebote"
"2026-09-07 18:27 Europe/Berlin","Netto","Rahmer Str. 8, 44369 Dortmund","44369","Spar-Angebote","07.09.2026-12.09.2026","Leerdammer","100 g – 140 g | 9.93 – 13.90 / kg | gekühlt, versch. Sorten","1.39","1.29","-52% / -48 %","statt 2.69","https://www.netto-online.de/filialangebote"
"2026-09-07 18:27 Europe/Berlin","Netto","Rahmer Str. 8, 44369 Dortmund","44369","Spar-Angebote","07.09.2026-12.09.2026","Dallmayr Prodomo","500 g | 13.98 / kg | Kaffee gemahlen oder ganze Bohnen, versch. Sorten","6.99","","-30 %","UVP 9.99","https://www.netto-online.de/filialangebote"
"2026-09-07 18:27 Europe/Berlin","Netto","Rahmer Str. 8, 44369 Dortmund","44369","Spar-Angebote","07.09.2026-12.09.2026","Pfanni Speisekartoffeln","2,5 kg Netz | 1.- / kg | Deutschland, Unsere Besten versch. Kocheigenschaften","2.49","","-24 %","UVP 3.29","https://www.netto-online.de/filialangebote"
"2026-09-07 18:27 Europe/Berlin","Netto","Rahmer Str. 8, 44369 Dortmund","44369","Spar-Angebote","07.09.2026-12.09.2026","Bio Bananen","1 kg | Costa Rica / Panama","1.49","","-25 %","UVP 1.99","https://www.netto-online.de/filialangebote"
"2026-09-07 18:27 Europe/Berlin","Netto","Rahmer Str. 8, 44369 Dortmund","44369","Spar-Angebote","07.09.2026-12.09.2026","Laugenbreze","4 Stück | Einzelpreis: 0.39 Gilt nur in Filialen mit Backautomat!","1.00","","-35 %","statt 1.56","https://www.netto-online.de/filialangebote"
"2026-09-07 18:27 Europe/Berlin","Netto","Rahmer Str. 8, 44369 Dortmund","44369","Spar-Angebote","07.09.2026-12.09.2026","Hähnchen-Innenfilet","400 g | 9.48 / kg | zart und mager","3.79","","-24 %","UVP 4.99","https://www.netto-online.de/filialangebote"
"2026-09-07 18:27 Europe/Berlin","Netto","Rahmer Str. 8, 44369 Dortmund","44369","Spar-Angebote","07.09.2026-12.09.2026","Frosta Fertiggerichte","450 g - 500 g | 5.58 - 6.20 / kg | tiefgekühlt, versch. Sorten","2.79","2.49","-48% / -41 %","statt 4.79","https://www.netto-online.de/filialangebote"
"2026-09-07 18:27 Europe/Berlin","Netto","Rahmer Str. 8, 44369 Dortmund","44369","Spar-Angebote","07.09.2026-12.09.2026","Hasseröder Premium Pils","2 x 20 x 0,5 l | 0.80 / l | Einzelkiste: 17.99 (1.80 / l)","15.98","","-55 %","statt 35.98","https://www.netto-online.de/filialangebote"
"2026-09-07 18:27 Europe/Berlin","Netto","Rahmer Str. 8, 44369 Dortmund","44369","Spar-Angebote","07.09.2026-12.09.2026","Haribo Fruchtgummi","160 g - 175 g | 4.51 - 4.94 / kg | versch. Sorten","0.79","","-33 %","UVP 1.19","https://www.netto-online.de/filialangebote"
"2026-09-07 18:27 Europe/Berlin","Netto","Rahmer Str. 8, 44369 Dortmund","44369","Spar-Angebote","07.09.2026-12.09.2026","Knorr Fix","28 g – 100 g | 4.40 – 15.71 / kg | versch. Sorten","0.44","","-63 %","UVP 1.19","https://www.netto-online.de/filialangebote"
"2026-09-07 18:27 Europe/Berlin","Netto","Rahmer Str. 8, 44369 Dortmund","44369","Spar-Angebote","07.09.2026-12.09.2026","Melitta Auslese oder Harmonie","500 g | 11.98 / kg | Kaffee gemahlen, versch. Sorten","5.99","","-29 %","UVP 8.49","https://www.netto-online.de/filialangebote"
"2026-09-07 18:27 Europe/Berlin","Netto","Rahmer Str. 8, 44369 Dortmund","44369","Spar-Angebote","07.09.2026-12.09.2026","Melitta Barista","1 kg | ganze Kaffeebohnen, versch. Sorten","11.99","","-44 %","UVP 21.49","https://www.netto-online.de/filialangebote"
"2026-09-07 18:27 Europe/Berlin","Netto","Rahmer Str. 8, 44369 Dortmund","44369","Spar-Angebote","07.09.2026-12.09.2026","Melitta Barista Crema Gold","200 g | 34.95 / kg | löslicher Bohnenkaffee","6.99","","-30 %","UVP 9.99","https://www.netto-online.de/filialangebote"
"2026-09-07 18:27 Europe/Berlin","Netto","Rahmer Str. 8, 44369 Dortmund","44369","Spar-Angebote","07.09.2026-12.09.2026","Jacobs Cappuccino","290 g – 500 g | 6.98 – 12.03 / kg | versch. Sorten","3.49","","-22 %","UVP 4.49","https://www.netto-online.de/filialangebote"
"2026-09-07 18:27 Europe/Berlin","Netto","Rahmer Str. 8, 44369 Dortmund","44369","Spar-Angebote","07.09.2026-12.09.2026","Melitta Kaffeepads","201 g | 19.85 / kg | versch. Sorten","3.99","","","Aktion","https://www.netto-online.de/filialangebote"
"2026-09-07 18:27 Europe/Berlin","Netto","Rahmer Str. 8, 44369 Dortmund","44369","Spar-Angebote","07.09.2026-12.09.2026","Schwartau Dessertsauce","125 ml | 13.52 / l | versch. Sorten","1.69","","-15 %","UVP 1.99","https://www.netto-online.de/filialangebote"
"2026-09-07 18:27 Europe/Berlin","Netto","Rahmer Str. 8, 44369 Dortmund","44369","Spar-Angebote","07.09.2026-12.09.2026","Zentis Nusspli","300 g - 400 g | 6.23 - 8.30 / kg | versch. Sorten","2.49","","-28 %","statt 3.49","https://www.netto-online.de/filialangebote"
"2026-09-07 18:27 Europe/Berlin","Netto","Rahmer Str. 8, 44369 Dortmund","44369","Spar-Angebote","07.09.2026-12.09.2026","Yes Törtchen","96 g | 17.60 / kg | versch. Sorten","1.69","","-15 %","UVP 1.99","https://www.netto-online.de/filialangebote"
"2026-09-07 18:27 Europe/Berlin","Netto","Rahmer Str. 8, 44369 Dortmund","44369","Spar-Angebote","07.09.2026-12.09.2026","Bahlsen Comtess Kuchen","350 g | 5.11 / kg | versch. Sorten","1.79","","-43 %","UVP 3.19","https://www.netto-online.de/filialangebote"
"2026-09-07 18:27 Europe/Berlin","Netto","Rahmer Str. 8, 44369 Dortmund","44369","Spar-Angebote","07.09.2026-12.09.2026","Landliebe frische Weidemilch","1,5 l | 0.99 / l | gekühlt, 1,5% oder 3,8% Fett","1.49","","-42 %","UVP 2.59","https://www.netto-online.de/filialangebote"
"2026-09-07 18:27 Europe/Berlin","Netto","Rahmer Str. 8, 44369 Dortmund","44369","Spar-Angebote","07.09.2026-12.09.2026","Ritter Sport Nuss- / Kakaoklasse","75 g – 100 g | 16.90 – 22.53 / kg | versch. Sorten","1.69","","-26 %","statt 2.29","https://www.netto-online.de/filialangebote"
"2026-09-07 18:27 Europe/Berlin","Netto","Rahmer Str. 8, 44369 Dortmund","44369","Spar-Angebote","07.09.2026-12.09.2026","Ferrero Giotto","154 g – 154,8 g | 19.32 – 19.42 / kg","2.99","","-18 %","UVP 3.69","https://www.netto-online.de/filialangebote"
"2026-09-07 18:27 Europe/Berlin","Netto","Rahmer Str. 8, 44369 Dortmund","44369","Spar-Angebote","07.09.2026-12.09.2026","Manner Crunchies","130 g | 15.31 / kg | versch. Sorten","1.99","","-20 %","UVP 2.49","https://www.netto-online.de/filialangebote"
"2026-09-07 18:27 Europe/Berlin","Netto","Rahmer Str. 8, 44369 Dortmund","44369","Payback-Angebote","07.09.2026-12.09.2026","GAZI Grill- und Pfannenkäse","200 g | 9.95 / kg | gekühlt, versch. Sorten","1.99","","-33 %","UVP 2.99","https://www.netto-online.de/filialangebote"
"2026-09-07 18:27 Europe/Berlin","Netto","Rahmer Str. 8, 44369 Dortmund","44369","Payback-Angebote","07.09.2026-12.09.2026","Heinz Curry Gewürz Ketchup","400 ml | 4.98 / l | versch. Sorten","1.99","","-33 %","UVP 2.99","https://www.netto-online.de/filialangebote"
"2026-09-07 18:27 Europe/Berlin","Netto","Rahmer Str. 8, 44369 Dortmund","44369","Payback-Angebote","07.09.2026-12.09.2026","Zetti Knusperflocken","130 g | 13.77 / kg | versch. Sorten","1.79","","-25 %","UVP 2.39","https://www.netto-online.de/filialangebote"
"2026-09-07 18:27 Europe/Berlin","Netto","Rahmer Str. 8, 44369 Dortmund","44369","Payback-Angebote","07.09.2026-12.09.2026","Bud Spencer Schoko-Bohnen","150 g | 16.60 / kg | versch. Sorten","2.49","","-28 %","UVP 3.49","https://www.netto-online.de/filialangebote"
"2026-09-07 18:27 Europe/Berlin","Netto","Rahmer Str. 8, 44369 Dortmund","44369","Payback-Angebote","07.09.2026-12.09.2026","Henglein Hefe- oder Strudelteig","300 g - 450 g | 3.98 - 5.97 / kg | gekühlt","1.79","","-28 %","UVP 2.49","https://www.netto-online.de/filialangebote"
"2026-09-07 18:27 Europe/Berlin","Netto","Rahmer Str. 8, 44369 Dortmund","44369","Payback-Angebote","07.09.2026-12.09.2026","Mr. Wang Instantnudeln 5er-Pack","5 x 65 g | 4.58 / kg | versch. Sorten","1.49","","-25 %","statt 1.99","https://www.netto-online.de/filialangebote"
"2026-09-07 18:27 Europe/Berlin","Netto","Rahmer Str. 8, 44369 Dortmund","44369","Payback-Angebote","07.09.2026-12.09.2026","Maggi Guten Appetit Suppen","0,75 l - 1 l | 0.69 - 0.92 / l | versch. Sorten","0.69","","-30 %","statt 0.99","https://www.netto-online.de/filialangebote"
"2026-09-07 18:27 Europe/Berlin","Netto","Rahmer Str. 8, 44369 Dortmund","44369","Payback-Angebote","07.09.2026-12.09.2026","Müller‘s Mühle Linsen","500 g | 2.58 / kg | versch. Sorten","1.29","","-48 %","UVP 2.49","https://www.netto-online.de/filialangebote"
"2026-09-07 18:27 Europe/Berlin","Netto","Rahmer Str. 8, 44369 Dortmund","44369","Payback-Angebote","07.09.2026-12.09.2026","Fruchtkaramellen","250 g | 5.96 / kg","1.49","","-21 %","statt 1.89","https://www.netto-online.de/filialangebote"
"2026-09-07 18:27 Europe/Berlin","Netto","Rahmer Str. 8, 44369 Dortmund","44369","Payback-Angebote","07.09.2026-12.09.2026","Langnese Cremissimo Eis","825 ml - 900 ml | 2.47 - 2.69 / l | tiefgekühlt, versch. Sorten","2.22","","-44 %","UVP 3.99","https://www.netto-online.de/filialangebote"
"2026-09-07 18:27 Europe/Berlin","Netto","Rahmer Str. 8, 44369 Dortmund","44369","Payback-Angebote","07.09.2026-12.09.2026","Kellogg’s Cerealien","400 g - 420 g | 10.69 - 11.23 / kg | versch. Sorten","4.49","","","Dauertiefpreis","https://www.netto-online.de/filialangebote"
"2026-09-07 18:27 Europe/Berlin","Netto","Rahmer Str. 8, 44369 Dortmund","44369","Payback-Angebote","07.09.2026-12.09.2026","Effect Energy Drink","0,33 l | 2.39 / l | taurin- & koffeinhaltig, versch. Sorten","0.79","","-27 %","statt 1.09","https://www.netto-online.de/filialangebote"
"2026-09-07 18:27 Europe/Berlin","Netto","Rahmer Str. 8, 44369 Dortmund","44369","Payback-Angebote","07.09.2026-12.09.2026","Volvic Juicy","1 l | versch. Sorten","1.29","","-31 %","UVP 1.89","https://www.netto-online.de/filialangebote"
"2026-09-07 18:27 Europe/Berlin","Netto","Rahmer Str. 8, 44369 Dortmund","44369","Payback-Angebote","07.09.2026-12.09.2026","Le Rustique Weichkäse","200 g - 250 g | 11.16 - 13.95 / kg | gekühlt, versch. Sorten","2.79","","-30 %","UVP 3.99","https://www.netto-online.de/filialangebote"
"2026-09-07 18:27 Europe/Berlin","Netto","Rahmer Str. 8, 44369 Dortmund","44369","Payback-Angebote","07.09.2026-12.09.2026","funny-frisch Linsen- oder popchips","80 g - 90 g | 16.56 - 18.63 / kg | versch. Sorten","1.49","","-25 %","statt 1.99","https://www.netto-online.de/filialangebote"
"2026-09-07 18:27 Europe/Berlin","Netto","Rahmer Str. 8, 44369 Dortmund","44369","Payback-Angebote","07.09.2026-12.09.2026","Sheridan‘s Original Coffee Layered Liqueur","0,5 l | 19.98 / l | 15,5 % Vol.","9.99","","-28 %","UVP 13.99","https://www.netto-online.de/filialangebote"
"2026-09-07 18:27 Europe/Berlin","Netto","Rahmer Str. 8, 44369 Dortmund","44369","Obst & Gemüse","07.09.2026-12.09.2026","HEIMAT Äpfel rot","2 kg Beutel | 0.75 / kg | Italien, Kl. II","1.49","","-40 %","UVP 2.49","https://www.netto-online.de/filialangebote"
"2026-09-07 18:27 Europe/Berlin","Netto","Rahmer Str. 8, 44369 Dortmund","44369","Obst & Gemüse","07.09.2026-12.09.2026","Rispentomaten","1 kg | Niederlande, Kl. I","2.29","","-23 %","UVP 2.99","https://www.netto-online.de/filialangebote"
"2026-09-07 18:27 Europe/Berlin","Netto","Rahmer Str. 8, 44369 Dortmund","44369","Obst & Gemüse","07.09.2026-12.09.2026","Mango","Stück | Brasilien, Kl. I","0.99","","-33 %","UVP 1.49","https://www.netto-online.de/filialangebote"
"2026-09-07 18:27 Europe/Berlin","Netto","Rahmer Str. 8, 44369 Dortmund","44369","Obst & Gemüse","07.09.2026-12.09.2026","Himbeeren","125 g | 15.92 / kg | Marokko / Portugal, Kl. I","1.99","","-16 %","UVP 2.39","https://www.netto-online.de/filialangebote"
"2026-09-07 18:27 Europe/Berlin","Netto","Rahmer Str. 8, 44369 Dortmund","44369","Obst & Gemüse","07.09.2026-12.09.2026","Champignons weiß","400 g Schale | 4.23 / kg | Polen, Kl. I","1.69","","-15 %","UVP 1.99","https://www.netto-online.de/filialangebote"
"2026-09-07 18:27 Europe/Berlin","Netto","Rahmer Str. 8, 44369 Dortmund","44369","Obst & Gemüse","07.09.2026-12.09.2026","Mini Cherryrispentomaten","200 g Schale | 8.95 / kg | Niederlande, Kl. I","1.79","","-21 %","statt 2.29","https://www.netto-online.de/filialangebote"
"2026-09-07 18:27 Europe/Berlin","Netto","Rahmer Str. 8, 44369 Dortmund","44369","Obst & Gemüse","07.09.2026-12.09.2026","Zwetschgen","500 g Schale | 4.98 / kg | Deutschland, Kl. I","2.49","","-16 %","UVP 2.99","https://www.netto-online.de/filialangebote"
"2026-09-07 18:27 Europe/Berlin","Netto","Rahmer Str. 8, 44369 Dortmund","44369","Obst & Gemüse","07.09.2026-12.09.2026","Kopfsalat","Stück | Deutschland, Kl. I","1.11","","-25 %","UVP 1.49","https://www.netto-online.de/filialangebote"
"2026-09-07 18:27 Europe/Berlin","Netto","Rahmer Str. 8, 44369 Dortmund","44369","Obst & Gemüse","07.09.2026-12.09.2026","Zespri Kiwi grün","Stück | Neuseeland, Kl. I","0.39","","-20 %","UVP 0.49","https://www.netto-online.de/filialangebote"
"2026-09-07 18:27 Europe/Berlin","Netto","Rahmer Str. 8, 44369 Dortmund","44369","Obst & Gemüse","07.09.2026-12.09.2026","Kohlrabi","Stück | Deutschland, Kl. I","0.44","","-36 %","UVP 0.69","https://www.netto-online.de/filialangebote"
"2026-09-07 18:27 Europe/Berlin","Netto","Rahmer Str. 8, 44369 Dortmund","44369","Obst & Gemüse","07.09.2026-12.09.2026","Orangen","1,5 kg Netz | 1.66 / kg | Südafrika, Kl. I","2.49","","-16 %","statt 2.99","https://www.netto-online.de/filialangebote"
"2026-09-07 18:27 Europe/Berlin","Netto","Rahmer Str. 8, 44369 Dortmund","44369","Obst & Gemüse","07.09.2026-12.09.2026","Trauben dunkel kernlos","400 g Schale | 5.55 / kg | Spanien, Kl. I; Sorte: Sable Seedless, Kernlos","2.22","","-25 %","UVP 2.99","https://www.netto-online.de/filialangebote"
"2026-09-07 18:27 Europe/Berlin","Netto","Rahmer Str. 8, 44369 Dortmund","44369","Obst & Gemüse","07.09.2026-12.09.2026","Bio Äpfel","1 kg Beutel | Deutschland, Kl. II","2.29","","-23 %","UVP 2.99","https://www.netto-online.de/filialangebote"
"2026-09-07 18:27 Europe/Berlin","Netto","Rahmer Str. 8, 44369 Dortmund","44369","Obst & Gemüse","07.09.2026-12.09.2026","Bio Zitronen","500 g Netz | 3.58 / kg | Spanien, Kl. II","1.79","","-18 %","UVP 2.19","https://www.netto-online.de/filialangebote"
"2026-09-07 18:27 Europe/Berlin","Netto","Rahmer Str. 8, 44369 Dortmund","44369","Obst & Gemüse","07.09.2026-12.09.2026","Bio Ingwer","100 g | 3.90 / kg | China","0.39","","-20 %","UVP 0.49","https://www.netto-online.de/filialangebote"
"2026-09-07 18:27 Europe/Berlin","Netto","Rahmer Str. 8, 44369 Dortmund","44369","Obst & Gemüse","07.09.2026-12.09.2026","Bio Knoblauch","150 g Netz | 8.60 / kg | Argentinien / Spanien, Kl. II","1.29","","-13 %","UVP 1.49","https://www.netto-online.de/filialangebote"
"2026-09-07 18:27 Europe/Berlin","Netto","Rahmer Str. 8, 44369 Dortmund","44369","Obst & Gemüse","07.09.2026-12.09.2026","Bio-Rote Bete","500 g | 2.58 / kg | Frankreich, gekocht","1.29","","-13 %","UVP 1.49","https://www.netto-online.de/filialangebote"
"2026-09-07 18:27 Europe/Berlin","Netto","Rahmer Str. 8, 44369 Dortmund","44369","Obst & Gemüse","07.09.2026-12.09.2026","Bio Zucchini","500 g Bund | 2.98 / kg | Deutschland, Kl. II","1.49","","","Aktion","https://www.netto-online.de/filialangebote"
"2026-09-07 18:27 Europe/Berlin","Netto","Rahmer Str. 8, 44369 Dortmund","44369","Fleisch & Wurst","07.09.2026-12.09.2026","Hähnchen-Oberkeulensteaks","400 g | 7.48 / kg | ohne Haut, Knoblauchbutter-Marinade","2.99","2.69","-32% / -25 %","UVP 3.99","https://www.netto-online.de/filialangebote"
"2026-09-07 18:27 Europe/Berlin","Netto","Rahmer Str. 8, 44369 Dortmund","44369","Fleisch & Wurst","07.09.2026-12.09.2026","Gulasch vom Rind","500 g | 12.98 / kg | zart und saftig","6.49","","-16 %","statt 7.79","https://www.netto-online.de/filialangebote"
"2026-09-07 18:27 Europe/Berlin","Netto","Rahmer Str. 8, 44369 Dortmund","44369","Fleisch & Wurst","07.09.2026-12.09.2026","Schweine-Schnitzel","500 g | 6.98 / kg | aus der Oberschale","3.49","","-23 %","UVP 4.59","https://www.netto-online.de/filialangebote"
"2026-09-07 18:27 Europe/Berlin","Netto","Rahmer Str. 8, 44369 Dortmund","44369","Fleisch & Wurst","07.09.2026-12.09.2026","Hähnchen-Schnitte","720 g | 6.93 / kg | paniert, vorgegart","4.99","","-28 %","UVP 6.99","https://www.netto-online.de/filialangebote"
"2026-09-07 18:27 Europe/Berlin","Netto","Rahmer Str. 8, 44369 Dortmund","44369","Fleisch & Wurst","07.09.2026-12.09.2026","Schweine-Rücken","pro kg | ohne Knochen, vakuumverpackt, ca. 2 kg","3.99","","-50 %","UVP 7.99","https://www.netto-online.de/filialangebote"
"2026-09-07 18:27 Europe/Berlin","Netto","Rahmer Str. 8, 44369 Dortmund","44369","Fleisch & Wurst","07.09.2026-12.09.2026","Mais-Hähnchenschenkel","1,1 kg | 3.63 / kg | natur, Hkl. A","3.99","","-20 %","UVP 4.99","https://www.netto-online.de/filialangebote"
"2026-09-07 18:27 Europe/Berlin","Netto","Rahmer Str. 8, 44369 Dortmund","44369","Fleisch & Wurst","07.09.2026-12.09.2026","Original US Beef Burger","260 g | 15.35 / kg | gewürzt","3.99","","-20 %","UVP 4.99","https://www.netto-online.de/filialangebote"
"2026-09-07 18:27 Europe/Berlin","Netto","Rahmer Str. 8, 44369 Dortmund","44369","Fleisch & Wurst","07.09.2026-12.09.2026","Suppenfleisch vom Rind","500 g | 11.98 / kg | ohne Knochen","5.99","","-23 %","statt 7.79","https://www.netto-online.de/filialangebote"
"2026-09-07 18:27 Europe/Berlin","Netto","Rahmer Str. 8, 44369 Dortmund","44369","Fleisch & Wurst","07.09.2026-12.09.2026","Salami-Aufschnitt","200 g | 7.45 / kg | versch. Sorten Regionale Verpackungsabweichungen möglich","1.49","","-11 %","statt 1.69","https://www.netto-online.de/filialangebote"
"2026-09-07 18:27 Europe/Berlin","Netto","Rahmer Str. 8, 44369 Dortmund","44369","Fleisch & Wurst","07.09.2026-12.09.2026","Lachsschinken","150 g | 13.27 / kg | versch. Sorten","1.99","","-16 %","UVP 2.39","https://www.netto-online.de/filialangebote"
"2026-09-07 18:27 Europe/Berlin","Netto","Rahmer Str. 8, 44369 Dortmund","44369","Fleisch & Wurst","07.09.2026-12.09.2026","Mettenden","300 g | 7.63 / kg | herzhaft","2.29","","-14 %","UVP 2.69","https://www.netto-online.de/filialangebote"
"2026-09-07 18:27 Europe/Berlin","Netto","Rahmer Str. 8, 44369 Dortmund","44369","Fleisch & Wurst","07.09.2026-12.09.2026","Wurst-Aufschnitt","100 g - 125 g | 9.52 - 11.90 / kg | versch. Sorten","1.19","","-20 %","UVP 1.49","https://www.netto-online.de/filialangebote"
"2026-09-07 18:27 Europe/Berlin","Netto","Rahmer Str. 8, 44369 Dortmund","44369","Fleisch & Wurst","07.09.2026-12.09.2026","Bifi","6 x 20 g; 3 x 45 g; 3 x 40 g; 5 x 20 g | 14.74 - 19.90 / kg | versch. Sorten","1.99","","-33 %","statt 2.99","https://www.netto-online.de/filialangebote"
"2026-09-07 18:27 Europe/Berlin","Netto","Rahmer Str. 8, 44369 Dortmund","44369","Fleisch & Wurst","07.09.2026-12.09.2026","Leberwurst oder Teewurst","125 g - 175 g | 6.34 - 8.88 / kg | versch. Sorten","1.11","","-13 %","UVP 1.29","https://www.netto-online.de/filialangebote"
"2026-09-07 18:27 Europe/Berlin","Netto","Rahmer Str. 8, 44369 Dortmund","44369","Fleisch & Wurst","07.09.2026-12.09.2026","Rinder-Burger, Chicken-Burger oder Hot-Dog","2 x 100 g - 150 g | 8.30 - 12.45 / kg","2.49","","-10 %","UVP 2.79","https://www.netto-online.de/filialangebote"
"2026-09-07 18:27 Europe/Berlin","Netto","Rahmer Str. 8, 44369 Dortmund","44369","Fleisch & Wurst","07.09.2026-12.09.2026","Schweinebraten","100 g | 11.10 / kg","1.11","0.99","-28% / -20 %","statt 1.39","https://www.netto-online.de/filialangebote"
"2026-09-07 18:27 Europe/Berlin","Netto","Rahmer Str. 8, 44369 Dortmund","44369","Kühlregal & Tiefkühlung","07.09.2026-12.09.2026","Miree Frischkäsezubereitung","150 g | 7.40 / kg | gekühlt, versch. Sorten","1.11","0.99","-47% / -41 %","statt 1.89","https://www.netto-online.de/filialangebote"
"2026-09-07 18:27 Europe/Berlin","Netto","Rahmer Str. 8, 44369 Dortmund","44369","Kühlregal & Tiefkühlung","07.09.2026-12.09.2026","Zott Protein Pudding oder Mousse","200 g | 5.- / kg | gekühlt, versch. Sorten","1.00","0.89","-50% / -44 %","UVP 1.79","https://www.netto-online.de/filialangebote"
"2026-09-07 18:27 Europe/Berlin","Netto","Rahmer Str. 8, 44369 Dortmund","44369","Kühlregal & Tiefkühlung","07.09.2026-12.09.2026","Popp Brotaufstrich","250 g | 7.96 / kg | gekühlt, versch. Sorten","1.99","","-20 %","UVP 2.49","https://www.netto-online.de/filialangebote"
"2026-09-07 18:27 Europe/Berlin","Netto","Rahmer Str. 8, 44369 Dortmund","44369","Kühlregal & Tiefkühlung","07.09.2026-12.09.2026","Speisequark Magerstufe","500 g | 1.98 / kg | gekühlt, 0,2% Fett","0.99","","-16 %","statt 1.19","https://www.netto-online.de/filialangebote"
"2026-09-07 18:27 Europe/Berlin","Netto","Rahmer Str. 8, 44369 Dortmund","44369","Kühlregal & Tiefkühlung","07.09.2026-12.09.2026","Alpro Drink","8 x 1 l | 1.88 / l | versch. Sorten Einzelpreis: 2.99 (2.99 / l)","15.00","14.00","-41% / -37 %","statt 23.92","https://www.netto-online.de/filialangebote"
"2026-09-07 18:27 Europe/Berlin","Netto","Rahmer Str. 8, 44369 Dortmund","44369","Kühlregal & Tiefkühlung","07.09.2026-12.09.2026","Exquisa Quark-Genuss","250 g - 500 g | 2.98 – 5.96 / kg | gekühlt, versch. Sorten","1.49","","-21 %","UVP 1.89","https://www.netto-online.de/filialangebote"
"2026-09-07 18:27 Europe/Berlin","Netto","Rahmer Str. 8, 44369 Dortmund","44369","Kühlregal & Tiefkühlung","07.09.2026-12.09.2026","Cheestrings","4 x 20 g | 24.88 / kg | gekühlt, versch. Sorten","1.99","","-13 %","statt 2.29","https://www.netto-online.de/filialangebote"
"2026-09-07 18:27 Europe/Berlin","Netto","Rahmer Str. 8, 44369 Dortmund","44369","Kühlregal & Tiefkühlung","07.09.2026-12.09.2026","Ehrmann Milk Twist","400 ml | 2.23 / l | gekühlt, versch. Sorten","0.89","","-40 %","UVP 1.49","https://www.netto-online.de/filialangebote"
"2026-09-07 18:27 Europe/Berlin","Netto","Rahmer Str. 8, 44369 Dortmund","44369","Kühlregal & Tiefkühlung","07.09.2026-12.09.2026","True Fruits Smoothie","250 ml | 9.16 / l | gekühlt, versch. Sorten","2.29","","-20 %","UVP 2.89","https://www.netto-online.de/filialangebote"
"2026-09-07 18:27 Europe/Berlin","Netto","Rahmer Str. 8, 44369 Dortmund","44369","Kühlregal & Tiefkühlung","07.09.2026-12.09.2026","Genusswelt Kartoffel- oder Weißkrautsalat XXL","1,2 kg | 2.08 / kg | gekühlt","2.49","","","Aktion","https://www.netto-online.de/filialangebote"
"2026-09-07 18:27 Europe/Berlin","Netto","Rahmer Str. 8, 44369 Dortmund","44369","Kühlregal & Tiefkühlung","07.09.2026-12.09.2026","Kinder Choco fresh oder Paradiso","5 x 20,5 g; 4 x 29 g | 15.43 - 17.46 / kg | gekühlt","1.79","","-25 %","UVP 2.39","https://www.netto-online.de/filialangebote"
"2026-09-07 18:27 Europe/Berlin","Netto","Rahmer Str. 8, 44369 Dortmund","44369","Kühlregal & Tiefkühlung","07.09.2026-12.09.2026","Vici Surimi Sticks","100 g | 10.- / kg | gekühlt","1.00","0.90","-39% / -32 %","UVP 1.49","https://www.netto-online.de/filialangebote"
"2026-09-07 18:27 Europe/Berlin","Netto","Rahmer Str. 8, 44369 Dortmund","44369","Kühlregal & Tiefkühlung","07.09.2026-12.09.2026","Kärntnermilch Bio Käsestücke","350 g | 14.26 / kg | gekühlt, versch. Sorten","4.99","","-16 %","UVP 5.99","https://www.netto-online.de/filialangebote"
"2026-09-07 18:27 Europe/Berlin","Netto","Rahmer Str. 8, 44369 Dortmund","44369","Kühlregal & Tiefkühlung","07.09.2026-12.09.2026","Ice Fantasy Skyr Stieleis","270 ml | 11.07 / l | tiefgekühlt, versch. Sorten","2.99","2.69","-10% (App)","Dauertiefpreis","https://www.netto-online.de/filialangebote"
"2026-09-07 18:27 Europe/Berlin","Netto","Rahmer Str. 8, 44369 Dortmund","44369","Kühlregal & Tiefkühlung","07.09.2026-12.09.2026","Ben&Jerry‘s Eisbecher","465 ml | 9.55 / l | tiefgekühlt, versch. Sorten","4.44","","-36 %","statt 6.99","https://www.netto-online.de/filialangebote"
"2026-09-07 18:27 Europe/Berlin","Netto","Rahmer Str. 8, 44369 Dortmund","44369","Kühlregal & Tiefkühlung","07.09.2026-12.09.2026","Costa Ofenfisch","3 x 400 g | 6.65 / kg | tiefgekühlt, versch. Sorten Einzelpreis: 3.99 (9.98 / kg)","7.98","","-33 %","statt 11.97","https://www.netto-online.de/filialangebote"
"2026-09-07 18:27 Europe/Berlin","Netto","Rahmer Str. 8, 44369 Dortmund","44369","Kühlregal & Tiefkühlung","07.09.2026-12.09.2026","Coppenrath & Wiese Sahnerolle","400 g | 7.48 / kg | tiefgekühlt, versch. Sorten","2.99","","-25 %","UVP 3.99","https://www.netto-online.de/filialangebote"
"2026-09-07 18:27 Europe/Berlin","Netto","Rahmer Str. 8, 44369 Dortmund","44369","Kühlregal & Tiefkühlung","07.09.2026-12.09.2026","Fingerfood","250 g | 7.56 / kg | tiefgekühlt, versch. Sorten","1.89","","-13 %","statt 2.19","https://www.netto-online.de/filialangebote"
"2026-09-07 18:27 Europe/Berlin","Netto","Rahmer Str. 8, 44369 Dortmund","44369","Kühlregal & Tiefkühlung","07.09.2026-12.09.2026","Dr. Oetker Pizza – Die Ofenfrische","385 g - 410 g | 5.41 - 5.77 / kg | tiefgekühlt, versch. Sorten","2.22","","-39 %","UVP 3.69","https://www.netto-online.de/filialangebote"
"2026-09-07 18:27 Europe/Berlin","Netto","Rahmer Str. 8, 44369 Dortmund","44369","Kühlregal & Tiefkühlung","07.09.2026-12.09.2026","Obst","300 g | 5.97 / kg | tiefgekühlt, versch. Sorten","1.79","","","Aktion","https://www.netto-online.de/filialangebote"
"2026-09-07 18:27 Europe/Berlin","Netto","Rahmer Str. 8, 44369 Dortmund","44369","Backstube","07.09.2026-12.09.2026","Würstchen Dog","Stück | Gilt nur in Filialen mit Backautomat!","0.89","","-10 %","UVP 0.99","https://www.netto-online.de/filialangebote"
"2026-09-07 18:27 Europe/Berlin","Netto","Rahmer Str. 8, 44369 Dortmund","44369","Backstube","07.09.2026-12.09.2026","Buttercroissant","Stück | Gilt nur in Filialen mit Backautomat!","0.39","","-20 %","UVP 0.49","https://www.netto-online.de/filialangebote"
"2026-09-07 18:27 Europe/Berlin","Netto","Rahmer Str. 8, 44369 Dortmund","44369","Backstube","07.09.2026-12.09.2026","Laugenstange","Stück | Gilt nur in Filialen mit Backautomat!","0.35","","-10 %","statt 0.39","https://www.netto-online.de/filialangebote"
"2026-09-07 18:27 Europe/Berlin","Netto","Rahmer Str. 8, 44369 Dortmund","44369","Backstube","07.09.2026-12.09.2026","Donut","Stück | Mango Maracuja oder Erdbeere","0.55","","","Aktion","https://www.netto-online.de/filialangebote"
"2026-09-07 18:27 Europe/Berlin","Netto","Rahmer Str. 8, 44369 Dortmund","44369","Backstube","07.09.2026-12.09.2026","Kürbiskernbrot","750 g | 3.32 / kg | Gilt nur in Filialen mit Backautomat!","2.49","","","Aktion","https://www.netto-online.de/filialangebote"
"2026-09-07 18:27 Europe/Berlin","Netto","Rahmer Str. 8, 44369 Dortmund","44369","Backstube","07.09.2026-12.09.2026","Kirschtasche","Stück | Gilt nur in Filialen mit Backautomat!","0.99","0.79","-20% (App)","Aktion","https://www.netto-online.de/filialangebote"
"2026-09-07 18:27 Europe/Berlin","Netto","Rahmer Str. 8, 44369 Dortmund","44369","Backstube","07.09.2026-12.09.2026","Kaiser-, Mohn- oder Sesambrötchen","8 Stück | Einzelpreis 0.19 – 0.25 Gilt nur in Filialen mit Backautomat!","1.00","","-bis zu 50 %","1.52 - 2.-","https://www.netto-online.de/filialangebote"
"2026-09-07 18:27 Europe/Berlin","Netto","Rahmer Str. 8, 44369 Dortmund","44369","Preis-Kracher","07.09.2026-12.09.2026","Ital Pizza La Bomba","465 g | 7.16 / kg | tiefgekühlt, versch. Sorten","3.33","2.99","-33% / -25 %","statt 4.44","https://www.netto-online.de/filialangebote"
"2026-09-07 18:27 Europe/Berlin","Netto","Rahmer Str. 8, 44369 Dortmund","44369","Preis-Kracher","07.09.2026-12.09.2026","Green Mountain Chicken Chunks","180 g - 220 g | 11.32 - 13.83 / kg | gekühlt, versch. Sorten","2.49","","-16 %","statt 2.99","https://www.netto-online.de/filialangebote"
"2026-09-07 18:27 Europe/Berlin","Netto","Rahmer Str. 8, 44369 Dortmund","44369","Preis-Kracher","07.09.2026-12.09.2026","Pfanni Bratkartoffeln","400 g | 3.73 / kg","1.49","","-46 %","statt 2.79","https://www.netto-online.de/filialangebote"
"2026-09-07 18:27 Europe/Berlin","Netto","Rahmer Str. 8, 44369 Dortmund","44369","Preis-Kracher","07.09.2026-12.09.2026","Leerdammer Knusperminis","150 g | 14.80 / kg | gekühlt, versch. Sorten","2.22","","-25 %","UVP 2.99","https://www.netto-online.de/filialangebote"
"2026-09-07 18:27 Europe/Berlin","Netto","Rahmer Str. 8, 44369 Dortmund","44369","Preis-Kracher","07.09.2026-12.09.2026","Mutti Pastasauce oder Pesto","180 g - 400 g | 5.73 - 12.72 / kg | versch. Sorten","2.29","","-30 %","UVP 3.29","https://www.netto-online.de/filialangebote"
"2026-09-07 18:27 Europe/Berlin","Netto","Rahmer Str. 8, 44369 Dortmund","44369","Preis-Kracher","07.09.2026-12.09.2026","Steinhaus Pasta Rustica","400 g | 7.48 / kg | gekühlt, versch. Sorten","2.99","","-33 %","UVP 4.49","https://www.netto-online.de/filialangebote"
"2026-09-07 18:27 Europe/Berlin","Netto","Rahmer Str. 8, 44369 Dortmund","44369","Preis-Kracher","07.09.2026-12.09.2026","Oryza Himalaya Basmatireis","500 g | 3.98 / kg","1.99","","-20 %","UVP 2.49","https://www.netto-online.de/filialangebote"
"2026-09-07 18:27 Europe/Berlin","Netto","Rahmer Str. 8, 44369 Dortmund","44369","Preis-Kracher","07.09.2026-12.09.2026","XOX Erdnüsse","1 kg | versch. Sorten","4.99","","-28 %","UVP 6.99","https://www.netto-online.de/filialangebote"
"2026-09-07 18:27 Europe/Berlin","Netto","Rahmer Str. 8, 44369 Dortmund","44369","Preis-Kracher","07.09.2026-12.09.2026","Jaus Premium Protein Buns","360 g | 4.97 / kg","1.79","","-10 %","UVP 1.99","https://www.netto-online.de/filialangebote"
"2026-09-07 18:27 Europe/Berlin","Netto","Rahmer Str. 8, 44369 Dortmund","44369","Preis-Kracher","07.09.2026-12.09.2026","Bonduelle Goldmais","285 g | 4.53 / kg","1.29","0.99","-44% / -27 %","statt 1.79","https://www.netto-online.de/filialangebote"
"2026-09-07 18:27 Europe/Berlin","Netto","Rahmer Str. 8, 44369 Dortmund","44369","Preis-Kracher","07.09.2026-12.09.2026","Mondamin Soßenbinder","250 g | 5.16 / kg | hell oder dunkel","1.29","","-27 %","statt 1.79","https://www.netto-online.de/filialangebote"
"2026-09-07 18:27 Europe/Berlin","Netto","Rahmer Str. 8, 44369 Dortmund","44369","Preis-Kracher","07.09.2026-12.09.2026","Thüringer Rostbratwurst","500 g | 5.98 / kg | gebrüht","2.99","","-21 %","statt 3.79","https://www.netto-online.de/filialangebote"
"2026-09-07 18:27 Europe/Berlin","Netto","Rahmer Str. 8, 44369 Dortmund","44369","Preis-Kracher","07.09.2026-12.09.2026","Dr. Oetker Paradiescreme","300 ml | 2.63 / l | versch. Sorten","0.79","","-38 %","statt 1.29","https://www.netto-online.de/filialangebote"
"2026-09-07 18:27 Europe/Berlin","Netto","Rahmer Str. 8, 44369 Dortmund","44369","Preis-Kracher","07.09.2026-12.09.2026","Sias Choi‘s Bibimmyeon Instant Nudeln","123 g - 131 g | 11.37 - 12.11 / kg | versch. Sorten","1.49","1.29","-35% / -25 %","UVP 1.99","https://www.netto-online.de/filialangebote"
"2026-09-07 18:27 Europe/Berlin","Netto","Rahmer Str. 8, 44369 Dortmund","44369","Preis-Kracher","07.09.2026-12.09.2026","Lay‘s Chips","110 g - 150 g | 7.93 - 10.82 / kg | versch. Sorten","1.19","","-40 %","statt 1.99","https://www.netto-online.de/filialangebote"
"2026-09-07 18:27 Europe/Berlin","Netto","Rahmer Str. 8, 44369 Dortmund","44369","Preis-Kracher","07.09.2026-12.09.2026","Lukull Sauce Hollandaise","250 ml | 5.96 / l | versch. Sorten","1.49","","-44 %","UVP 2.69","https://www.netto-online.de/filialangebote"
"2026-09-07 18:27 Europe/Berlin","Netto","Rahmer Str. 8, 44369 Dortmund","44369","Preis-Kracher","07.09.2026-12.09.2026","Knorr Salat Krönung","ergibt 5 x 90 ml | 1.46 - 1.76 / l | versch. Sorten","0.79","","-50 %","UVP 1.59","https://www.netto-online.de/filialangebote"
"2026-09-07 18:27 Europe/Berlin","Netto","Rahmer Str. 8, 44369 Dortmund","44369","Preis-Kracher","07.09.2026-12.09.2026","Kölln Müsli","1,15 kg - 1,2 kg | 4.99 - 5.21 / kg | versch. Sorten","5.99","","-25 %","UVP 7.99","https://www.netto-online.de/filialangebote"
"2026-09-07 18:27 Europe/Berlin","Netto","Rahmer Str. 8, 44369 Dortmund","44369","Preis-Kracher","07.09.2026-12.09.2026","Schwip Schwap oder Pepsi","0,33 l | 2.09 / l | teilw. koffeinhaltig, versch. Sorten","0.69","","-22 %","UVP 0.89","https://www.netto-online.de/filialangebote"
"2026-09-07 18:27 Europe/Berlin","Netto","Rahmer Str. 8, 44369 Dortmund","44369","Preis-Kracher","07.09.2026-12.09.2026","Granini Die Limo","1 l | teilw. koffeinhaltig, versch. Sorten","1.29","","-27 %","UVP 1.79","https://www.netto-online.de/filialangebote"
"2026-09-07 18:27 Europe/Berlin","Netto","Rahmer Str. 8, 44369 Dortmund","44369","Preis-Kracher","07.09.2026-12.09.2026","St. Hubertus-Tropfen Kräuter-Likör","24 x 20 ml | 12.48 / l | 30% Vol.","5.99","","-20 %","UVP 7.49","https://www.netto-online.de/filialangebote"
"2026-09-07 18:27 Europe/Berlin","Netto","Rahmer Str. 8, 44369 Dortmund","44369","Preis-Kracher","07.09.2026-12.09.2026","Rauch Eistee","0,33 l | 2.09 / l | versch. Sorten","0.69","","-22 %","UVP 0.89","https://www.netto-online.de/filialangebote"
"2026-09-07 18:27 Europe/Berlin","Netto","Rahmer Str. 8, 44369 Dortmund","44369","Preis-Kracher","07.09.2026-12.09.2026","Bravo","0,5 l | 1.58 / l | versch. Sorten","0.79","","-20 %","UVP 0.99","https://www.netto-online.de/filialangebote"
"2026-09-07 18:27 Europe/Berlin","Netto","Rahmer Str. 8, 44369 Dortmund","44369","Preis-Kracher","07.09.2026-12.09.2026","Vitrex","6 x 1,5 l | 0,66 / l | versch. Sorten Einzelpreis: 0.99, zzgl. Pfand 0.25","3.99","","-32 %","statt 5.94","https://www.netto-online.de/filialangebote"
"2026-09-07 18:27 Europe/Berlin","Netto","Rahmer Str. 8, 44369 Dortmund","44369","Preis-Kracher","07.09.2026-12.09.2026","Desperados Original oder Tropical","4 x 0,33 l | 3.78 / l","4.99","","-28 %","UVP 6.99","https://www.netto-online.de/filialangebote"
"2026-09-07 18:27 Europe/Berlin","Netto","Rahmer Str. 8, 44369 Dortmund","44369","Preis-Kracher","07.09.2026-12.09.2026","Erdinger Brauhaus","20 x 0,5 l | 1.50 / l | Helles oder Helles Alkoholfrei","14.99","","-28 %","UVP 20.99","https://www.netto-online.de/filialangebote"
"2026-09-07 18:27 Europe/Berlin","Netto","Rahmer Str. 8, 44369 Dortmund","44369","Preis-Kracher","07.09.2026-12.09.2026","Paulaner Hefe-Weißbier Naturtrüb","20 x 0,5 l | 1.40 / l","13.99","","-33 %","statt 20.99","https://www.netto-online.de/filialangebote"
"2026-09-07 18:27 Europe/Berlin","Netto","Rahmer Str. 8, 44369 Dortmund","44369","Getränke","07.09.2026-12.09.2026","Diebels Premium Altbier","20 x 0,5 l | 1.30 / l","12.99","","-25 %","statt 17.49","https://www.netto-online.de/filialangebote"
"2026-09-07 18:27 Europe/Berlin","Netto","Rahmer Str. 8, 44369 Dortmund","44369","Getränke","07.09.2026-12.09.2026","Beck's Pils","2 x 20 x 0,5 l | 1.10 / l | Einzelkiste: 19.99 (2.– / l)","21.98","","-45 %","statt 39.98","https://www.netto-online.de/filialangebote"
"2026-09-07 18:27 Europe/Berlin","Netto","Rahmer Str. 8, 44369 Dortmund","44369","Getränke","07.09.2026-12.09.2026","Paulaner Oktoberfest Bier","20 x 0,5 l | 1.60 / l","15.99","","-23 %","UVP 20.99","https://www.netto-online.de/filialangebote"
"2026-09-07 18:27 Europe/Berlin","Netto","Rahmer Str. 8, 44369 Dortmund","44369","Getränke","07.09.2026-12.09.2026","Krombacher Pils","6 x 0,33 l | 1.91 / l","3.79","","-19 %","statt 4.69","https://www.netto-online.de/filialangebote"
"2026-09-07 18:27 Europe/Berlin","Netto","Rahmer Str. 8, 44369 Dortmund","44369","Getränke","07.09.2026-12.09.2026","Veltins Helles Pülleken","24 x 0,33 l | 1.89 / l","14.99","","-16 %","UVP 17.99","https://www.netto-online.de/filialangebote"
"2026-09-07 18:27 Europe/Berlin","Netto","Rahmer Str. 8, 44369 Dortmund","44369","Getränke","07.09.2026-12.09.2026","Paulaner Spezi","20 x 0,5 l | 1.10 / l | koffeinhaltig","10.99","","-33 %","UVP 16.49","https://www.netto-online.de/filialangebote"
"2026-09-07 18:27 Europe/Berlin","Netto","Rahmer Str. 8, 44369 Dortmund","44369","Getränke","07.09.2026-12.09.2026","Corona Extra","0,33 l | 2.70 / l","0.89","","-25 %","UVP 1.19","https://www.netto-online.de/filialangebote"
"2026-09-07 18:27 Europe/Berlin","Netto","Rahmer Str. 8, 44369 Dortmund","44369","Getränke","07.09.2026-12.09.2026","Sinalco Cola oder Limonaden","1,25 l | 0.63 / l | teilweise koffeinhaltig, versch. Sorten","0.79","","-27 %","UVP 1.09","https://www.netto-online.de/filialangebote"
"2026-09-07 18:27 Europe/Berlin","Netto","Rahmer Str. 8, 44369 Dortmund","44369","Getränke","07.09.2026-12.09.2026","Gönrgy Energy Drink","0,5 l | 2.- / l | taurin- & koffeinhaltig, versch. Sorten","1.00","0.90","-39% / -32 %","UVP 1.49","https://www.netto-online.de/filialangebote"
"2026-09-07 18:27 Europe/Berlin","Netto","Rahmer Str. 8, 44369 Dortmund","44369","Getränke","07.09.2026-12.09.2026","Eistee","2 l | 0.65 / l | versch. Sorten","1.29","1.19","","Aktion","https://www.netto-online.de/filialangebote"
"2026-09-07 18:27 Europe/Berlin","Netto","Rahmer Str. 8, 44369 Dortmund","44369","Getränke","07.09.2026-12.09.2026","Bittergetränke","1 l | versch. Sorten","0.49","0.39","-20% (App)","Aktion","https://www.netto-online.de/filialangebote"
"2026-09-07 18:27 Europe/Berlin","Netto","Rahmer Str. 8, 44369 Dortmund","44369","Getränke","07.09.2026-12.09.2026","Schorle oder Frucht G‘ Spritzer","9 x 0,5 l | 0.66 / l | versch. Sorten","2.99","","-14 %","statt 3.49","https://www.netto-online.de/filialangebote"
"2026-09-07 18:27 Europe/Berlin","Netto","Rahmer Str. 8, 44369 Dortmund","44369","Getränke","07.09.2026-12.09.2026","Salvus Mineralwasser","12 x 0,75 l | 0.39 / l | Classic oder Medium","3.49","","-30 %","UVP 4.99","https://www.netto-online.de/filialangebote"
"2026-09-07 18:27 Europe/Berlin","Netto","Rahmer Str. 8, 44369 Dortmund","44369","Getränke","07.09.2026-12.09.2026","Ouzo 12 Anis- Spirituose","0,7 l | 14.27 / l | 38% Vol.","9.99","","-16 %","statt 11.99","https://www.netto-online.de/filialangebote"
"2026-09-07 18:27 Europe/Berlin","Netto","Rahmer Str. 8, 44369 Dortmund","44369","Getränke","07.09.2026-12.09.2026","Licor 43","0,7 l | 18.56 / l | spanischer Traditionslikör, 31% Vol. Milchshake Glas GRATIS!","12.99","","-18 %","UVP 15.99","https://www.netto-online.de/filialangebote"
"2026-09-07 18:27 Europe/Berlin","Netto","Rahmer Str. 8, 44369 Dortmund","44369","Knabbereien","07.09.2026-12.09.2026","Die Besten","155 g - 166 g | 30.06 - 32.19 / kg","4.99","4.49","-10% (App)","Dauertiefpreis","https://www.netto-online.de/filialangebote"
"2026-09-07 18:27 Europe/Berlin","Netto","Rahmer Str. 8, 44369 Dortmund","44369","Knabbereien","07.09.2026-12.09.2026","Ferrero Küsschen","172 g - 190 g | 21.- - 23.20 / kg | feine Nuss-Spezialitäten, versch. Sorten","3.99","3.59","-10% (App)","Dauertiefpreis","https://www.netto-online.de/filialangebote"
"2026-09-07 18:27 Europe/Berlin","Netto","Rahmer Str. 8, 44369 Dortmund","44369","Knabbereien","07.09.2026-12.09.2026","Ferrero Rocher","200 g | 23.95 / kg","4.79","4.29","-10% (App)","Dauertiefpreis","https://www.netto-online.de/filialangebote"
"2026-09-07 18:27 Europe/Berlin","Netto","Rahmer Str. 8, 44369 Dortmund","44369","Knabbereien","07.09.2026-12.09.2026","Katjes Family Milchkater","250 g - 300 g | 4.97 - 5.96 / kg","1.49","1.29","","Dauertiefpreis","https://www.netto-online.de/filialangebote"
"2026-09-07 18:27 Europe/Berlin","Netto","Rahmer Str. 8, 44369 Dortmund","44369","Knabbereien","07.09.2026-12.09.2026","Oreo Donut und Milka Donut","2er Pack 2 Stück; 130 g | 19.15 / kg","2.49","2.39","","Dauertiefpreis","https://www.netto-online.de/filialangebote"
"2026-09-07 18:27 Europe/Berlin","Netto","Rahmer Str. 8, 44369 Dortmund","44369","Knabbereien","07.09.2026-12.09.2026","Wiebold Trüffelpralinen","200 g | 19.95 / kg | versch. Sorten","3.99","3.59","-10% (App)","Dauertiefpreis","https://www.netto-online.de/filialangebote"
"2026-09-07 18:27 Europe/Berlin","Netto","Rahmer Str. 8, 44369 Dortmund","44369","Knabbereien","07.09.2026-12.09.2026","Lieblings Schokolade","150 g | 19.93 / kg | versch. Sorten","2.99","2.49","-16% (App)","Dauertiefpreis","https://www.netto-online.de/filialangebote"
"2026-09-07 18:27 Europe/Berlin","Netto","Rahmer Str. 8, 44369 Dortmund","44369","Knabbereien","07.09.2026-12.09.2026","Schokoliebe Weinbrandbohnen","200 g | 11.45 / kg","2.29","1.99","-13% (App)","Dauertiefpreis","https://www.netto-online.de/filialangebote"
"2026-09-07 18:27 Europe/Berlin","Netto","Rahmer Str. 8, 44369 Dortmund","44369","Knabbereien","07.09.2026-12.09.2026","St. Michel Snacks","180 g | 9.94 / kg | versch. Sorten","1.79","1.69","-22% (App)","Dauertiefpreis","https://www.netto-online.de/filialangebote"
"2026-09-07 18:27 Europe/Berlin","Netto","Rahmer Str. 8, 44369 Dortmund","44369","Getränke","07.09.2026-12.09.2026","5,0 Original oder Export","0,5 l | 1.38 / l | versch. Sorten","0.69","0.59","-14% (App)","Aktion","https://www.netto-online.de/filialangebote"
"2026-09-07 18:27 Europe/Berlin","Netto","Rahmer Str. 8, 44369 Dortmund","44369","Getränke","07.09.2026-12.09.2026","Carlsberg","0,5 l | 2.58 / l | Elephant Starkbier","1.29","1.09","-15% (App)","Aktion","https://www.netto-online.de/filialangebote"
"2026-09-07 18:27 Europe/Berlin","Netto","Rahmer Str. 8, 44369 Dortmund","44369","Getränke","07.09.2026-12.09.2026","Desperados Original","0,5 l | 4.38 / l | Bier mit Tequila aromatisiert","2.19","1.89","-13% (App)","Aktion","https://www.netto-online.de/filialangebote"
"2026-09-07 18:27 Europe/Berlin","Netto","Rahmer Str. 8, 44369 Dortmund","44369","Getränke","07.09.2026-12.09.2026","Karlsberg Mixery","0,5 l | 2.58 / l | Teilweise Taurin- & Koffeinhaltig, Nastrov Iced Blue oder Bier+Cola","1.29","1.09","-15% (App)","Aktion","https://www.netto-online.de/filialangebote"
"2026-09-07 18:27 Europe/Berlin","Netto","Rahmer Str. 8, 44369 Dortmund","44369","Getränke","07.09.2026-12.09.2026","Hansa Pils","0,5 l | 1.38 / l","0.69","0.59","-14% (App)","Aktion","https://www.netto-online.de/filialangebote"
"2026-09-07 18:27 Europe/Berlin","Netto","Rahmer Str. 8, 44369 Dortmund","44369","Getränke","07.09.2026-12.09.2026","Warsteiner","0,5 l | 1.98 / l | versch. Sorten","0.99","0.89","-10% (App)","Aktion","https://www.netto-online.de/filialangebote"
"2026-09-07 18:27 Europe/Berlin","Netto","Rahmer Str. 8, 44369 Dortmund","44369","Getränke","07.09.2026-12.09.2026","Paderborner","0,5 l | 1.58 / l | versch. Sorten","0.79","0.69","-12% (App)","Aktion","https://www.netto-online.de/filialangebote"
"2026-09-07 18:27 Europe/Berlin","Netto","Rahmer Str. 8, 44369 Dortmund","44369","Getränke","07.09.2026-12.09.2026","Dortmunder Kronen","0,5 l | 1.58 / l | Pilsener","0.79","0.69","-12% (App)","Aktion","https://www.netto-online.de/filialangebote"
"2026-09-07 18:27 Europe/Berlin","Netto","Rahmer Str. 8, 44369 Dortmund","44369","Getränke","07.09.2026-12.09.2026","V+","0,5 l | 1.98 / l | taurin- und koffeinhaltig, versch. Sorten","0.99","0.89","-10% (App)","Aktion","https://www.netto-online.de/filialangebote"
"2026-09-07 18:27 Europe/Berlin","Netto","Rahmer Str. 8, 44369 Dortmund","44369","Getränke","07.09.2026-12.09.2026","König Pilsener","0,5 l | 1.98 / l","0.99","0.89","-10% (App)","Aktion","https://www.netto-online.de/filialangebote"
"2026-09-07 18:27 Europe/Berlin","Netto","Unterrather Str. 108, 40468 Düsseldorf (40474 최근접)","40468","Knüller der Woche","07.09.2026-12.09.2026","Weihenstephan Butter oder Streichzart","250 g | 3.96 / kg | gekühlt, versch. Sorten","0.99","","-64 %","UVP 2.79","https://www.netto-online.de/filialangebote"
"2026-09-07 18:27 Europe/Berlin","Netto","Unterrather Str. 108, 40468 Düsseldorf (40474 최근접)","40468","Knüller der Woche","07.09.2026-12.09.2026","Tassimo Kaffee-Kapseln","128 g - 268 g | 16.01 - 33.52 / kg | versch. Sorten","4.29","","-38 %","UVP 6.99","https://www.netto-online.de/filialangebote"
"2026-09-07 18:27 Europe/Berlin","Netto","Unterrather Str. 108, 40468 Düsseldorf (40474 최근접)","40468","Knüller der Woche","07.09.2026-12.09.2026","Wiener Würstchen","2 x 200 g | 6.23 / kg | über Buchenholz geräuchert Regionale Verpackungsabweichungen möglich","2.49","2.29","-23% / -16 %","statt 2.99","https://www.netto-online.de/filialangebote"
"2026-09-07 18:27 Europe/Berlin","Netto","Unterrather Str. 108, 40468 Düsseldorf (40474 최근접)","40468","Knüller der Woche","07.09.2026-12.09.2026","Bio Möhren","1 kg Beutel | Deutschland, Kl. II","1.11","","-34 %","UVP 1.69","https://www.netto-online.de/filialangebote"
"2026-09-07 18:27 Europe/Berlin","Netto","Unterrather Str. 108, 40468 Düsseldorf (40474 최근접)","40468","Knüller der Woche","07.09.2026-12.09.2026","YouCook Fertiggericht","350 g - 440 g | 8.61 - 10.83 / kg | gekühlt, versch. Sorten","3.79","","-24 %","UVP 4.99","https://www.netto-online.de/filialangebote"
"2026-09-07 18:27 Europe/Berlin","Netto","Unterrather Str. 108, 40468 Düsseldorf (40474 최근접)","40468","Knüller der Woche","07.09.2026-12.09.2026","Berliner","Stück | Heidelbeere oder Pflaume Gilt nur in Filialen mit Backautomat!","0.99","","","Aktion","https://www.netto-online.de/filialangebote"
"2026-09-07 18:27 Europe/Berlin","Netto","Unterrather Str. 108, 40468 Düsseldorf (40474 최근접)","40468","Knüller der Woche","07.09.2026-12.09.2026","Mon Cheri","157 g | 17.77 / kg","2.79","","-30 %","UVP 3.99","https://www.netto-online.de/filialangebote"
"2026-09-07 18:27 Europe/Berlin","Netto","Unterrather Str. 108, 40468 Düsseldorf (40474 최근접)","40468","Knüller der Woche","07.09.2026-12.09.2026","Sprite, Fanta oder Mezzo Mix","6 x 1,25 l | 0.80 / l | teilweise koffeinhaltig, versch. Sorten Einzelpreis: 1.59 zzgl. Pfand 0.25 (1.27 / l)","5.99","","-37 %","statt 9.54","https://www.netto-online.de/filialangebote"
"2026-09-07 18:27 Europe/Berlin","Netto","Unterrather Str. 108, 40468 Düsseldorf (40474 최근접)","40468","Knüller der Woche","07.09.2026-12.09.2026","Hackfleisch gemischt","800 g | 6.86 / kg | aus 50 % Schwein und 50 % Rind","5.49","","-15 %","UVP 6.49","https://www.netto-online.de/filialangebote"
"2026-09-07 18:27 Europe/Berlin","Netto","Unterrather Str. 108, 40468 Düsseldorf (40474 최근접)","40468","Knüller der Woche","07.09.2026-12.09.2026","Danone Actimel","12 x 100 g | 2.49 / kg | gekühlt, versch. Sorten","2.99","2.79","-53% / -50 %","UVP 5.98","https://www.netto-online.de/filialangebote"
"2026-09-07 18:27 Europe/Berlin","Netto","Unterrather Str. 108, 40468 Düsseldorf (40474 최근접)","40468","Knüller der Woche","07.09.2026-12.09.2026","Knoppers Waffel oder Riegel","200 - 225 g | 7.51 - 8.45 / kg | versch. Sorten","1.69","","-32 %","statt 2.49","https://www.netto-online.de/filialangebote"
"2026-09-07 18:27 Europe/Berlin","Netto","Unterrather Str. 108, 40468 Düsseldorf (40474 최근접)","40468","Knüller der Woche","07.09.2026-12.09.2026","Ramazzotti Kräuterlikör oder Arancia","0,7 l | 14.27 / l | 0.0 – 30 % Vol.","9.99","","-28 %","UVP 13.99","https://www.netto-online.de/filialangebote"
"2026-09-07 18:27 Europe/Berlin","Netto","Unterrather Str. 108, 40468 Düsseldorf (40474 최근접)","40468","Knüller der Woche","07.09.2026-12.09.2026","3 Glocken Genuss Pur Teigwaren","5 x 500 g | 1.60 / kg | versch. Ausformungen Einzelpreis: 1.89 (3.78 / kg)","4.00","","-57 %","statt 9.45","https://www.netto-online.de/filialangebote"
"2026-09-07 18:27 Europe/Berlin","Netto","Unterrather Str. 108, 40468 Düsseldorf (40474 최근접)","40468","Spar-Angebote","07.09.2026-12.09.2026","Müller Joghurt mit der Ecke","113 g – 150 g | 2.20 - 2.92 / kg | gekühlt, versch. Sorten","0.33","","-62 %","statt 0.89","https://www.netto-online.de/filialangebote"
"2026-09-07 18:27 Europe/Berlin","Netto","Unterrather Str. 108, 40468 Düsseldorf (40474 최근접)","40468","Spar-Angebote","07.09.2026-12.09.2026","Leerdammer","100 g – 140 g | 9.93 – 13.90 / kg | gekühlt, versch. Sorten","1.39","1.29","-52% / -48 %","statt 2.69","https://www.netto-online.de/filialangebote"
"2026-09-07 18:27 Europe/Berlin","Netto","Unterrather Str. 108, 40468 Düsseldorf (40474 최근접)","40468","Spar-Angebote","07.09.2026-12.09.2026","Dallmayr Prodomo","500 g | 13.98 / kg | Kaffee gemahlen oder ganze Bohnen, versch. Sorten","6.99","","-30 %","UVP 9.99","https://www.netto-online.de/filialangebote"
"2026-09-07 18:27 Europe/Berlin","Netto","Unterrather Str. 108, 40468 Düsseldorf (40474 최근접)","40468","Spar-Angebote","07.09.2026-12.09.2026","Pfanni Speisekartoffeln","2,5 kg Netz | 1.- / kg | Deutschland, Unsere Besten versch. Kocheigenschaften","2.49","","-24 %","UVP 3.29","https://www.netto-online.de/filialangebote"
"2026-09-07 18:27 Europe/Berlin","Netto","Unterrather Str. 108, 40468 Düsseldorf (40474 최근접)","40468","Spar-Angebote","07.09.2026-12.09.2026","Bio Bananen","1 kg | Costa Rica / Panama","1.49","","-25 %","UVP 1.99","https://www.netto-online.de/filialangebote"
"2026-09-07 18:27 Europe/Berlin","Netto","Unterrather Str. 108, 40468 Düsseldorf (40474 최근접)","40468","Spar-Angebote","07.09.2026-12.09.2026","Laugenbreze","4 Stück | Einzelpreis: 0.39 Gilt nur in Filialen mit Backautomat!","1.00","","-35 %","statt 1.56","https://www.netto-online.de/filialangebote"
"2026-09-07 18:27 Europe/Berlin","Netto","Unterrather Str. 108, 40468 Düsseldorf (40474 최근접)","40468","Spar-Angebote","07.09.2026-12.09.2026","Hähnchen-Innenfilet","400 g | 9.48 / kg | zart und mager","3.79","","-24 %","UVP 4.99","https://www.netto-online.de/filialangebote"
"2026-09-07 18:27 Europe/Berlin","Netto","Unterrather Str. 108, 40468 Düsseldorf (40474 최근접)","40468","Spar-Angebote","07.09.2026-12.09.2026","Frosta Fertiggerichte","450 g - 500 g | 5.58 - 6.20 / kg | tiefgekühlt, versch. Sorten","2.79","2.49","-48% / -41 %","statt 4.79","https://www.netto-online.de/filialangebote"
"2026-09-07 18:27 Europe/Berlin","Netto","Unterrather Str. 108, 40468 Düsseldorf (40474 최근접)","40468","Spar-Angebote","07.09.2026-12.09.2026","Hasseröder Premium Pils","2 x 20 x 0,5 l | 0.80 / l | Einzelkiste: 17.99 (1.80 / l)","15.98","","-55 %","statt 35.98","https://www.netto-online.de/filialangebote"
"2026-09-07 18:27 Europe/Berlin","Netto","Unterrather Str. 108, 40468 Düsseldorf (40474 최근접)","40468","Spar-Angebote","07.09.2026-12.09.2026","Haribo Fruchtgummi","160 g - 175 g | 4.51 - 4.94 / kg | versch. Sorten","0.79","","-33 %","UVP 1.19","https://www.netto-online.de/filialangebote"
"2026-09-07 18:27 Europe/Berlin","Netto","Unterrather Str. 108, 40468 Düsseldorf (40474 최근접)","40468","Spar-Angebote","07.09.2026-12.09.2026","Knorr Fix","28 g – 100 g | 4.40 – 15.71 / kg | versch. Sorten","0.44","","-63 %","UVP 1.19","https://www.netto-online.de/filialangebote"
"2026-09-07 18:27 Europe/Berlin","Netto","Unterrather Str. 108, 40468 Düsseldorf (40474 최근접)","40468","Spar-Angebote","07.09.2026-12.09.2026","Melitta Auslese oder Harmonie","500 g | 11.98 / kg | Kaffee gemahlen, versch. Sorten","5.99","","-29 %","UVP 8.49","https://www.netto-online.de/filialangebote"
"2026-09-07 18:27 Europe/Berlin","Netto","Unterrather Str. 108, 40468 Düsseldorf (40474 최근접)","40468","Spar-Angebote","07.09.2026-12.09.2026","Melitta Barista","1 kg | ganze Kaffeebohnen, versch. Sorten","11.99","","-44 %","UVP 21.49","https://www.netto-online.de/filialangebote"
"2026-09-07 18:27 Europe/Berlin","Netto","Unterrather Str. 108, 40468 Düsseldorf (40474 최근접)","40468","Spar-Angebote","07.09.2026-12.09.2026","Melitta Barista Crema Gold","200 g | 34.95 / kg | löslicher Bohnenkaffee","6.99","","-30 %","UVP 9.99","https://www.netto-online.de/filialangebote"
"2026-09-07 18:27 Europe/Berlin","Netto","Unterrather Str. 108, 40468 Düsseldorf (40474 최근접)","40468","Spar-Angebote","07.09.2026-12.09.2026","Jacobs Cappuccino","290 g – 500 g | 6.98 – 12.03 / kg | versch. Sorten","3.49","","-22 %","UVP 4.49","https://www.netto-online.de/filialangebote"
"2026-09-07 18:27 Europe/Berlin","Netto","Unterrather Str. 108, 40468 Düsseldorf (40474 최근접)","40468","Spar-Angebote","07.09.2026-12.09.2026","Melitta Kaffeepads","201 g | 19.85 / kg | versch. Sorten","3.99","","","Aktion","https://www.netto-online.de/filialangebote"
"2026-09-07 18:27 Europe/Berlin","Netto","Unterrather Str. 108, 40468 Düsseldorf (40474 최근접)","40468","Spar-Angebote","07.09.2026-12.09.2026","Schwartau Dessertsauce","125 ml | 13.52 / l | versch. Sorten","1.69","","-15 %","UVP 1.99","https://www.netto-online.de/filialangebote"
"2026-09-07 18:27 Europe/Berlin","Netto","Unterrather Str. 108, 40468 Düsseldorf (40474 최근접)","40468","Spar-Angebote","07.09.2026-12.09.2026","Zentis Nusspli","300 g - 400 g | 6.23 - 8.30 / kg | versch. Sorten","2.49","","-28 %","statt 3.49","https://www.netto-online.de/filialangebote"
"2026-09-07 18:27 Europe/Berlin","Netto","Unterrather Str. 108, 40468 Düsseldorf (40474 최근접)","40468","Spar-Angebote","07.09.2026-12.09.2026","Yes Törtchen","96 g | 17.60 / kg | versch. Sorten","1.69","","-15 %","UVP 1.99","https://www.netto-online.de/filialangebote"
"2026-09-07 18:27 Europe/Berlin","Netto","Unterrather Str. 108, 40468 Düsseldorf (40474 최근접)","40468","Spar-Angebote","07.09.2026-12.09.2026","Bahlsen Comtess Kuchen","350 g | 5.11 / kg | versch. Sorten","1.79","","-43 %","UVP 3.19","https://www.netto-online.de/filialangebote"
"2026-09-07 18:27 Europe/Berlin","Netto","Unterrather Str. 108, 40468 Düsseldorf (40474 최근접)","40468","Spar-Angebote","07.09.2026-12.09.2026","Landliebe frische Weidemilch","1,5 l | 0.99 / l | gekühlt, 1,5% oder 3,8% Fett","1.49","","-42 %","UVP 2.59","https://www.netto-online.de/filialangebote"
"2026-09-07 18:27 Europe/Berlin","Netto","Unterrather Str. 108, 40468 Düsseldorf (40474 최근접)","40468","Spar-Angebote","07.09.2026-12.09.2026","Ritter Sport Nuss- / Kakaoklasse","75 g – 100 g | 16.90 – 22.53 / kg | versch. Sorten","1.69","","-26 %","statt 2.29","https://www.netto-online.de/filialangebote"
"2026-09-07 18:27 Europe/Berlin","Netto","Unterrather Str. 108, 40468 Düsseldorf (40474 최근접)","40468","Spar-Angebote","07.09.2026-12.09.2026","Ferrero Giotto","154 g – 154,8 g | 19.32 – 19.42 / kg","2.99","","-18 %","UVP 3.69","https://www.netto-online.de/filialangebote"
"2026-09-07 18:27 Europe/Berlin","Netto","Unterrather Str. 108, 40468 Düsseldorf (40474 최근접)","40468","Spar-Angebote","07.09.2026-12.09.2026","Manner Crunchies","130 g | 15.31 / kg | versch. Sorten","1.99","","-20 %","UVP 2.49","https://www.netto-online.de/filialangebote"
"2026-09-07 18:27 Europe/Berlin","Netto","Unterrather Str. 108, 40468 Düsseldorf (40474 최근접)","40468","Payback-Angebote","07.09.2026-12.09.2026","GAZI Grill- und Pfannenkäse","200 g | 9.95 / kg | gekühlt, versch. Sorten","1.99","","-33 %","UVP 2.99","https://www.netto-online.de/filialangebote"
"2026-09-07 18:27 Europe/Berlin","Netto","Unterrather Str. 108, 40468 Düsseldorf (40474 최근접)","40468","Payback-Angebote","07.09.2026-12.09.2026","Heinz Curry Gewürz Ketchup","400 ml | 4.98 / l | versch. Sorten","1.99","","-33 %","UVP 2.99","https://www.netto-online.de/filialangebote"
"2026-09-07 18:27 Europe/Berlin","Netto","Unterrather Str. 108, 40468 Düsseldorf (40474 최근접)","40468","Payback-Angebote","07.09.2026-12.09.2026","Zetti Knusperflocken","130 g | 13.77 / kg | versch. Sorten","1.79","","-25 %","UVP 2.39","https://www.netto-online.de/filialangebote"
"2026-09-07 18:27 Europe/Berlin","Netto","Unterrather Str. 108, 40468 Düsseldorf (40474 최근접)","40468","Payback-Angebote","07.09.2026-12.09.2026","Bud Spencer Schoko-Bohnen","150 g | 16.60 / kg | versch. Sorten","2.49","","-28 %","UVP 3.49","https://www.netto-online.de/filialangebote"
"2026-09-07 18:27 Europe/Berlin","Netto","Unterrather Str. 108, 40468 Düsseldorf (40474 최근접)","40468","Payback-Angebote","07.09.2026-12.09.2026","Henglein Hefe- oder Strudelteig","300 g - 450 g | 3.98 - 5.97 / kg | gekühlt","1.79","","-28 %","UVP 2.49","https://www.netto-online.de/filialangebote"
"2026-09-07 18:27 Europe/Berlin","Netto","Unterrather Str. 108, 40468 Düsseldorf (40474 최근접)","40468","Payback-Angebote","07.09.2026-12.09.2026","Mr. Wang Instantnudeln 5er-Pack","5 x 65 g | 4.58 / kg | versch. Sorten","1.49","","-25 %","statt 1.99","https://www.netto-online.de/filialangebote"
"2026-09-07 18:27 Europe/Berlin","Netto","Unterrather Str. 108, 40468 Düsseldorf (40474 최근접)","40468","Payback-Angebote","07.09.2026-12.09.2026","Maggi Guten Appetit Suppen","0,75 l - 1 l | 0.69 - 0.92 / l | versch. Sorten","0.69","","-30 %","statt 0.99","https://www.netto-online.de/filialangebote"
"2026-09-07 18:27 Europe/Berlin","Netto","Unterrather Str. 108, 40468 Düsseldorf (40474 최근접)","40468","Payback-Angebote","07.09.2026-12.09.2026","Müller‘s Mühle Linsen","500 g | 2.58 / kg | versch. Sorten","1.29","","-48 %","UVP 2.49","https://www.netto-online.de/filialangebote"
"2026-09-07 18:27 Europe/Berlin","Netto","Unterrather Str. 108, 40468 Düsseldorf (40474 최근접)","40468","Payback-Angebote","07.09.2026-12.09.2026","Fruchtkaramellen","250 g | 5.96 / kg","1.49","","-21 %","statt 1.89","https://www.netto-online.de/filialangebote"
"2026-09-07 18:27 Europe/Berlin","Netto","Unterrather Str. 108, 40468 Düsseldorf (40474 최근접)","40468","Payback-Angebote","07.09.2026-12.09.2026","Langnese Cremissimo Eis","825 ml - 900 ml | 2.47 - 2.69 / l | tiefgekühlt, versch. Sorten","2.22","","-44 %","UVP 3.99","https://www.netto-online.de/filialangebote"
"2026-09-07 18:27 Europe/Berlin","Netto","Unterrather Str. 108, 40468 Düsseldorf (40474 최근접)","40468","Payback-Angebote","07.09.2026-12.09.2026","Kellogg’s Cerealien","400 g - 420 g | 10.69 - 11.23 / kg | versch. Sorten","4.49","","","Dauertiefpreis","https://www.netto-online.de/filialangebote"
"2026-09-07 18:27 Europe/Berlin","Netto","Unterrather Str. 108, 40468 Düsseldorf (40474 최근접)","40468","Payback-Angebote","07.09.2026-12.09.2026","Effect Energy Drink","0,33 l | 2.39 / l | taurin- & koffeinhaltig, versch. Sorten","0.79","","-27 %","statt 1.09","https://www.netto-online.de/filialangebote"
"2026-09-07 18:27 Europe/Berlin","Netto","Unterrather Str. 108, 40468 Düsseldorf (40474 최근접)","40468","Payback-Angebote","07.09.2026-12.09.2026","Volvic Juicy","1 l | versch. Sorten","1.29","","-31 %","UVP 1.89","https://www.netto-online.de/filialangebote"
"2026-09-07 18:27 Europe/Berlin","Netto","Unterrather Str. 108, 40468 Düsseldorf (40474 최근접)","40468","Payback-Angebote","07.09.2026-12.09.2026","Le Rustique Weichkäse","200 g - 250 g | 11.16 - 13.95 / kg | gekühlt, versch. Sorten","2.79","","-30 %","UVP 3.99","https://www.netto-online.de/filialangebote"
"2026-09-07 18:27 Europe/Berlin","Netto","Unterrather Str. 108, 40468 Düsseldorf (40474 최근접)","40468","Payback-Angebote","07.09.2026-12.09.2026","funny-frisch Linsen- oder popchips","80 g - 90 g | 16.56 - 18.63 / kg | versch. Sorten","1.49","","-25 %","statt 1.99","https://www.netto-online.de/filialangebote"
"2026-09-07 18:27 Europe/Berlin","Netto","Unterrather Str. 108, 40468 Düsseldorf (40474 최근접)","40468","Payback-Angebote","07.09.2026-12.09.2026","Sheridan‘s Original Coffee Layered Liqueur","0,5 l | 19.98 / l | 15,5 % Vol.","9.99","","-28 %","UVP 13.99","https://www.netto-online.de/filialangebote"
"2026-09-07 18:27 Europe/Berlin","Netto","Unterrather Str. 108, 40468 Düsseldorf (40474 최근접)","40468","Obst & Gemüse","07.09.2026-12.09.2026","Äpfel rot","2 kg Beutel | 0.75 / kg | Italien, Kl. II","1.49","","-40 %","UVP 2.49","https://www.netto-online.de/filialangebote"
"2026-09-07 18:27 Europe/Berlin","Netto","Unterrather Str. 108, 40468 Düsseldorf (40474 최근접)","40468","Obst & Gemüse","07.09.2026-12.09.2026","Rispentomaten","1 kg | Niederlande, Kl. I","2.29","","-23 %","UVP 2.99","https://www.netto-online.de/filialangebote"
"2026-09-07 18:27 Europe/Berlin","Netto","Unterrather Str. 108, 40468 Düsseldorf (40474 최근접)","40468","Obst & Gemüse","07.09.2026-12.09.2026","Mango","Stück | Brasilien, Kl. I","0.99","","-33 %","UVP 1.49","https://www.netto-online.de/filialangebote"
"2026-09-07 18:27 Europe/Berlin","Netto","Unterrather Str. 108, 40468 Düsseldorf (40474 최근접)","40468","Obst & Gemüse","07.09.2026-12.09.2026","Himbeeren","125 g | 15.92 / kg | Marokko / Portugal, Kl. I","1.99","","-16 %","UVP 2.39","https://www.netto-online.de/filialangebote"
"2026-09-07 18:27 Europe/Berlin","Netto","Unterrather Str. 108, 40468 Düsseldorf (40474 최근접)","40468","Obst & Gemüse","07.09.2026-12.09.2026","Champignons weiß","400 g Schale | 4.23 / kg | Polen, Kl. I","1.69","","-15 %","UVP 1.99","https://www.netto-online.de/filialangebote"
"2026-09-07 18:27 Europe/Berlin","Netto","Unterrather Str. 108, 40468 Düsseldorf (40474 최근접)","40468","Obst & Gemüse","07.09.2026-12.09.2026","Mini Cherryrispentomaten","200 g Schale | 8.95 / kg | Niederlande, Kl. I","1.79","","-21 %","statt 2.29","https://www.netto-online.de/filialangebote"
"2026-09-07 18:27 Europe/Berlin","Netto","Unterrather Str. 108, 40468 Düsseldorf (40474 최근접)","40468","Obst & Gemüse","07.09.2026-12.09.2026","Zwetschgen","500 g Schale | 4.98 / kg | Deutschland, Kl. I","2.49","","-16 %","UVP 2.99","https://www.netto-online.de/filialangebote"
"2026-09-07 18:27 Europe/Berlin","Netto","Unterrather Str. 108, 40468 Düsseldorf (40474 최근접)","40468","Obst & Gemüse","07.09.2026-12.09.2026","Kopfsalat","Stück | Deutschland, Kl. I","1.11","","-25 %","UVP 1.49","https://www.netto-online.de/filialangebote"
"2026-09-07 18:27 Europe/Berlin","Netto","Unterrather Str. 108, 40468 Düsseldorf (40474 최근접)","40468","Obst & Gemüse","07.09.2026-12.09.2026","Zespri Kiwi grün","Stück | Neuseeland, Kl. I","0.39","","-20 %","UVP 0.49","https://www.netto-online.de/filialangebote"
"2026-09-07 18:27 Europe/Berlin","Netto","Unterrather Str. 108, 40468 Düsseldorf (40474 최근접)","40468","Obst & Gemüse","07.09.2026-12.09.2026","Kohlrabi","Stück | Deutschland, Kl. I","0.44","","-36 %","UVP 0.69","https://www.netto-online.de/filialangebote"
"2026-09-07 18:27 Europe/Berlin","Netto","Unterrather Str. 108, 40468 Düsseldorf (40474 최근접)","40468","Obst & Gemüse","07.09.2026-12.09.2026","Orangen","1,5 kg Netz | 1.66 / kg | Südafrika, Kl. I","2.49","","-16 %","UVP 2.99","https://www.netto-online.de/filialangebote"
"2026-09-07 18:27 Europe/Berlin","Netto","Unterrather Str. 108, 40468 Düsseldorf (40474 최근접)","40468","Obst & Gemüse","07.09.2026-12.09.2026","Trauben dunkel kernlos","400 g Schale | 5.55 / kg | Spanien, Kl. I; Sorte: Sable Seedless, Kernlos","2.22","","-25 %","UVP 2.99","https://www.netto-online.de/filialangebote"
"2026-09-07 18:27 Europe/Berlin","Netto","Unterrather Str. 108, 40468 Düsseldorf (40474 최근접)","40468","Obst & Gemüse","07.09.2026-12.09.2026","Bio Äpfel","1 kg Beutel | Deutschland, Kl. II","2.29","","-23 %","UVP 2.99","https://www.netto-online.de/filialangebote"
"2026-09-07 18:27 Europe/Berlin","Netto","Unterrather Str. 108, 40468 Düsseldorf (40474 최근접)","40468","Obst & Gemüse","07.09.2026-12.09.2026","Bio Zitronen","500 g Netz | 3.58 / kg | Spanien, Kl. II","1.79","","-18 %","UVP 2.19","https://www.netto-online.de/filialangebote"
"2026-09-07 18:27 Europe/Berlin","Netto","Unterrather Str. 108, 40468 Düsseldorf (40474 최근접)","40468","Obst & Gemüse","07.09.2026-12.09.2026","Bio Ingwer","100 g | 3.90 / kg | China","0.39","","-20 %","UVP 0.49","https://www.netto-online.de/filialangebote"
"2026-09-07 18:27 Europe/Berlin","Netto","Unterrather Str. 108, 40468 Düsseldorf (40474 최근접)","40468","Obst & Gemüse","07.09.2026-12.09.2026","Bio Knoblauch","150 g Netz | 8.60 / kg | Argentinien / Spanien, Kl. II","1.29","","-13 %","UVP 1.49","https://www.netto-online.de/filialangebote"
"2026-09-07 18:27 Europe/Berlin","Netto","Unterrather Str. 108, 40468 Düsseldorf (40474 최근접)","40468","Obst & Gemüse","07.09.2026-12.09.2026","Bio-Rote Bete","500 g | 2.58 / kg | Frankreich, gekocht","1.29","","-13 %","UVP 1.49","https://www.netto-online.de/filialangebote"
"2026-09-07 18:27 Europe/Berlin","Netto","Unterrather Str. 108, 40468 Düsseldorf (40474 최근접)","40468","Obst & Gemüse","07.09.2026-12.09.2026","Bio Zucchini","500 g Bund | 2.98 / kg | Deutschland, Kl. II","1.49","","","Aktion","https://www.netto-online.de/filialangebote"
"2026-09-07 18:27 Europe/Berlin","Netto","Unterrather Str. 108, 40468 Düsseldorf (40474 최근접)","40468","Fleisch & Wurst","07.09.2026-12.09.2026","Hähnchen-Oberkeulensteaks","400 g | 7.48 / kg | ohne Haut, Knoblauchbutter-Marinade","2.99","2.69","-32% / -25 %","UVP 3.99","https://www.netto-online.de/filialangebote"
"2026-09-07 18:27 Europe/Berlin","Netto","Unterrather Str. 108, 40468 Düsseldorf (40474 최근접)","40468","Fleisch & Wurst","07.09.2026-12.09.2026","Gulasch vom Rind","500 g | 12.98 / kg | zart und saftig","6.49","","-16 %","statt 7.79","https://www.netto-online.de/filialangebote"
"2026-09-07 18:27 Europe/Berlin","Netto","Unterrather Str. 108, 40468 Düsseldorf (40474 최근접)","40468","Fleisch & Wurst","07.09.2026-12.09.2026","Schweine-Schnitzel","500 g | 6.98 / kg | aus der Oberschale","3.49","","-23 %","UVP 4.59","https://www.netto-online.de/filialangebote"
"2026-09-07 18:27 Europe/Berlin","Netto","Unterrather Str. 108, 40468 Düsseldorf (40474 최근접)","40468","Fleisch & Wurst","07.09.2026-12.09.2026","Hähnchen-Schnitte","720 g | 6.93 / kg | paniert, vorgegart","4.99","","-28 %","UVP 6.99","https://www.netto-online.de/filialangebote"
"2026-09-07 18:27 Europe/Berlin","Netto","Unterrather Str. 108, 40468 Düsseldorf (40474 최근접)","40468","Fleisch & Wurst","07.09.2026-12.09.2026","Schweine-Rücken","pro kg | ohne Knochen, vakuumverpackt, ca. 2 kg","3.99","","-50 %","UVP 7.99","https://www.netto-online.de/filialangebote"
"2026-09-07 18:27 Europe/Berlin","Netto","Unterrather Str. 108, 40468 Düsseldorf (40474 최근접)","40468","Fleisch & Wurst","07.09.2026-12.09.2026","Mais-Hähnchenschenkel","1,1 kg | 3.63 / kg | natur, Hkl. A","3.99","","-20 %","UVP 4.99","https://www.netto-online.de/filialangebote"
"2026-09-07 18:27 Europe/Berlin","Netto","Unterrather Str. 108, 40468 Düsseldorf (40474 최근접)","40468","Fleisch & Wurst","07.09.2026-12.09.2026","Original US Beef Burger","260 g | 15.35 / kg | gewürzt","3.99","","-20 %","UVP 4.99","https://www.netto-online.de/filialangebote"
"2026-09-07 18:27 Europe/Berlin","Netto","Unterrather Str. 108, 40468 Düsseldorf (40474 최근접)","40468","Fleisch & Wurst","07.09.2026-12.09.2026","Suppenfleisch vom Rind","500 g | 11.98 / kg | ohne Knochen","5.99","","-23 %","statt 7.79","https://www.netto-online.de/filialangebote"
"2026-09-07 18:27 Europe/Berlin","Netto","Unterrather Str. 108, 40468 Düsseldorf (40474 최근접)","40468","Fleisch & Wurst","07.09.2026-12.09.2026","Salami-Aufschnitt","200 g | 7.45 / kg | versch. Sorten Regionale Verpackungsabweichungen möglich","1.49","","-11 %","statt 1.69","https://www.netto-online.de/filialangebote"
"2026-09-07 18:27 Europe/Berlin","Netto","Unterrather Str. 108, 40468 Düsseldorf (40474 최근접)","40468","Fleisch & Wurst","07.09.2026-12.09.2026","Lachsschinken","150 g | 13.27 / kg | versch. Sorten","1.99","","-16 %","UVP 2.39","https://www.netto-online.de/filialangebote"
"2026-09-07 18:27 Europe/Berlin","Netto","Unterrather Str. 108, 40468 Düsseldorf (40474 최근접)","40468","Fleisch & Wurst","07.09.2026-12.09.2026","Mettenden","300 g | 7.63 / kg | herzhaft","2.29","","-14 %","statt 2.69","https://www.netto-online.de/filialangebote"
"2026-09-07 18:27 Europe/Berlin","Netto","Unterrather Str. 108, 40468 Düsseldorf (40474 최근접)","40468","Fleisch & Wurst","07.09.2026-12.09.2026","Wurst-Aufschnitt","80 g - 125 g | 9.52 - 14.88 / kg | versch. Sorten","1.19","","-20 %","UVP 1.49","https://www.netto-online.de/filialangebote"
"2026-09-07 18:27 Europe/Berlin","Netto","Unterrather Str. 108, 40468 Düsseldorf (40474 최근접)","40468","Fleisch & Wurst","07.09.2026-12.09.2026","Bifi","6 x 20 g; 3 x 45 g; 3 x 40 g; 5 x 20 g | 14.74 - 19.90 / kg | versch. Sorten","1.99","","-33 %","statt 2.99","https://www.netto-online.de/filialangebote"
"2026-09-07 18:27 Europe/Berlin","Netto","Unterrather Str. 108, 40468 Düsseldorf (40474 최근접)","40468","Fleisch & Wurst","07.09.2026-12.09.2026","Leberwurst oder Teewurst","125 g - 175 g | 6.34 - 8.88 / kg | versch. Sorten","1.11","","-13 %","UVP 1.29","https://www.netto-online.de/filialangebote"
"2026-09-07 18:27 Europe/Berlin","Netto","Unterrather Str. 108, 40468 Düsseldorf (40474 최근접)","40468","Fleisch & Wurst","07.09.2026-12.09.2026","Rinder-Burger, Chicken-Burger oder Hot-Dog","2 x 100 g - 150 g | 8.30 - 12.45 / kg","2.49","","-10 %","UVP 2.79","https://www.netto-online.de/filialangebote"
"2026-09-07 18:27 Europe/Berlin","Netto","Unterrather Str. 108, 40468 Düsseldorf (40474 최근접)","40468","Fleisch & Wurst","07.09.2026-12.09.2026","Prosciutto Cotto","200 g | 9.95 / kg","1.99","1.79","-25% / -16 %","UVP 2.39","https://www.netto-online.de/filialangebote"
"2026-09-07 18:27 Europe/Berlin","Netto","Unterrather Str. 108, 40468 Düsseldorf (40474 최근접)","40468","Kühlregal & Tiefkühlung","07.09.2026-12.09.2026","Miree Frischkäsezubereitung","150 g | 7.40 / kg | gekühlt, versch. Sorten","1.11","0.99","-47% / -41 %","UVP 1.89","https://www.netto-online.de/filialangebote"
"2026-09-07 18:27 Europe/Berlin","Netto","Unterrather Str. 108, 40468 Düsseldorf (40474 최근접)","40468","Kühlregal & Tiefkühlung","07.09.2026-12.09.2026","Zott Protein Pudding oder Mousse","200 g | 5.- / kg | gekühlt, versch. Sorten","1.00","0.89","-50% / -44 %","UVP 1.79","https://www.netto-online.de/filialangebote"
"2026-09-07 18:27 Europe/Berlin","Netto","Unterrather Str. 108, 40468 Düsseldorf (40474 최근접)","40468","Kühlregal & Tiefkühlung","07.09.2026-12.09.2026","Popp Brotaufstrich","250 g | 7.96 / kg | gekühlt, versch. Sorten","1.99","","-20 %","UVP 2.49","https://www.netto-online.de/filialangebote"
"2026-09-07 18:27 Europe/Berlin","Netto","Unterrather Str. 108, 40468 Düsseldorf (40474 최근접)","40468","Kühlregal & Tiefkühlung","07.09.2026-12.09.2026","Speisequark Magerstufe","500 g | 1.98 / kg | gekühlt, 0,2% Fett","0.99","","-16 %","statt 1.19","https://www.netto-online.de/filialangebote"
"2026-09-07 18:27 Europe/Berlin","Netto","Unterrather Str. 108, 40468 Düsseldorf (40474 최근접)","40468","Kühlregal & Tiefkühlung","07.09.2026-12.09.2026","Alpro Drink","8 x 1 l | 1.88 / l | versch. Sorten Einzelpreis: 2.99 (2.99 / l)","15.00","14.00","-41% / -37 %","statt 23.92","https://www.netto-online.de/filialangebote"
"2026-09-07 18:27 Europe/Berlin","Netto","Unterrather Str. 108, 40468 Düsseldorf (40474 최근접)","40468","Kühlregal & Tiefkühlung","07.09.2026-12.09.2026","Exquisa Quark-Genuss","250 - 500 g | 2.98 – 5.96 / kg | gekühlt, versch. Sorten","1.49","","-21 %","UVP 1.89","https://www.netto-online.de/filialangebote"
"2026-09-07 18:27 Europe/Berlin","Netto","Unterrather Str. 108, 40468 Düsseldorf (40474 최근접)","40468","Kühlregal & Tiefkühlung","07.09.2026-12.09.2026","Cheestrings","4 x 20 g | 24.88 / kg | gekühlt, versch. Sorten","1.99","","-13 %","statt 2.29","https://www.netto-online.de/filialangebote"
"2026-09-07 18:27 Europe/Berlin","Netto","Unterrather Str. 108, 40468 Düsseldorf (40474 최근접)","40468","Kühlregal & Tiefkühlung","07.09.2026-12.09.2026","Ehrmann Milk Twist","400 ml | 2.23 / l | gekühlt, versch. Sorten","0.89","","-40 %","UVP 1.49","https://www.netto-online.de/filialangebote"
"2026-09-07 18:27 Europe/Berlin","Netto","Unterrather Str. 108, 40468 Düsseldorf (40474 최근접)","40468","Kühlregal & Tiefkühlung","07.09.2026-12.09.2026","True Fruits Smoothie","250 ml | 9.16 / l | gekühlt, versch. Sorten","2.29","","-20 %","UVP 2.89","https://www.netto-online.de/filialangebote"
"2026-09-07 18:27 Europe/Berlin","Netto","Unterrather Str. 108, 40468 Düsseldorf (40474 최근접)","40468","Kühlregal & Tiefkühlung","07.09.2026-12.09.2026","Genusswelt Kartoffel- oder Weißkrautsalat XXL","1,2 kg | 2.08 / kg | gekühlt","2.49","","","Aktion","https://www.netto-online.de/filialangebote"
"2026-09-07 18:27 Europe/Berlin","Netto","Unterrather Str. 108, 40468 Düsseldorf (40474 최근접)","40468","Kühlregal & Tiefkühlung","07.09.2026-12.09.2026","Kinder Choco fresh oder Paradiso","5 x 20,5 g; 4 x 29 g | 15.43 - 17.46 / kg | gekühlt","1.79","","-25 %","UVP 2.39","https://www.netto-online.de/filialangebote"
"2026-09-07 18:27 Europe/Berlin","Netto","Unterrather Str. 108, 40468 Düsseldorf (40474 최근접)","40468","Kühlregal & Tiefkühlung","07.09.2026-12.09.2026","Vici Surimi Sticks","100 g | 10.- / kg | gekühlt","1.00","0.90","-39% / -32 %","UVP 1.49","https://www.netto-online.de/filialangebote"
"2026-09-07 18:27 Europe/Berlin","Netto","Unterrather Str. 108, 40468 Düsseldorf (40474 최근접)","40468","Kühlregal & Tiefkühlung","07.09.2026-12.09.2026","Kärntnermilch Bio Käsestücke","350 g | 14.26 / kg | gekühlt, versch. Sorten","4.99","","-16 %","UVP 5.99","https://www.netto-online.de/filialangebote"
"2026-09-07 18:27 Europe/Berlin","Netto","Unterrather Str. 108, 40468 Düsseldorf (40474 최근접)","40468","Kühlregal & Tiefkühlung","07.09.2026-12.09.2026","Ice Fantasy Skyr Stieleis","270 ml | 11.07 / l | tiefgekühlt, versch. Sorten","2.99","2.69","-10% (App)","Dauertiefpreis","https://www.netto-online.de/filialangebote"
"2026-09-07 18:27 Europe/Berlin","Netto","Unterrather Str. 108, 40468 Düsseldorf (40474 최근접)","40468","Kühlregal & Tiefkühlung","07.09.2026-12.09.2026","Ben&Jerry‘s Eisbecher","465 ml | 9.55 / l | tiefgekühlt, versch. Sorten","4.44","","-36 %","statt 6.99","https://www.netto-online.de/filialangebote"
"2026-09-07 18:27 Europe/Berlin","Netto","Unterrather Str. 108, 40468 Düsseldorf (40474 최근접)","40468","Kühlregal & Tiefkühlung","07.09.2026-12.09.2026","Costa Ofenfisch","3 x 400 g | 6.65 / kg | tiefgekühlt, versch. Sorten Einzelpreis: 3.99 (9.98 / kg)","7.98","","-33 %","statt 11.97","https://www.netto-online.de/filialangebote"
"2026-09-07 18:27 Europe/Berlin","Netto","Unterrather Str. 108, 40468 Düsseldorf (40474 최근접)","40468","Kühlregal & Tiefkühlung","07.09.2026-12.09.2026","Coppenrath & Wiese Sahnerolle","400 g | 7.48 / kg | tiefgekühlt, versch. Sorten","2.99","","-25 %","UVP 3.99","https://www.netto-online.de/filialangebote"
"2026-09-07 18:27 Europe/Berlin","Netto","Unterrather Str. 108, 40468 Düsseldorf (40474 최근접)","40468","Kühlregal & Tiefkühlung","07.09.2026-12.09.2026","Fingerfood","250 g | 7.56 / kg | tiefgekühlt, versch. Sorten","1.89","","-13 %","statt 2.19","https://www.netto-online.de/filialangebote"
"2026-09-07 18:27 Europe/Berlin","Netto","Unterrather Str. 108, 40468 Düsseldorf (40474 최근접)","40468","Kühlregal & Tiefkühlung","07.09.2026-12.09.2026","Dr. Oetker Pizza – Die Ofenfrische","390 g - 410 g | 5.41 - 5.69 / kg | tiefgekühlt, versch. Sorten","2.22","","-39 %","UVP 3.69","https://www.netto-online.de/filialangebote"
"2026-09-07 18:27 Europe/Berlin","Netto","Unterrather Str. 108, 40468 Düsseldorf (40474 최근접)","40468","Kühlregal & Tiefkühlung","07.09.2026-12.09.2026","Obst","300 g | 5.97 / kg | tiefgekühlt, versch. Sorten","1.79","","","Aktion","https://www.netto-online.de/filialangebote"
"2026-09-07 18:27 Europe/Berlin","Netto","Unterrather Str. 108, 40468 Düsseldorf (40474 최근접)","40468","Backstube","07.09.2026-12.09.2026","Würstchen Dog","Stück | Gilt nur in Filialen mit Backautomat!","0.89","","-10 %","UVP 0.99","https://www.netto-online.de/filialangebote"
"2026-09-07 18:27 Europe/Berlin","Netto","Unterrather Str. 108, 40468 Düsseldorf (40474 최근접)","40468","Backstube","07.09.2026-12.09.2026","Buttercroissant","Stück | Gilt nur in Filialen mit Backautomat!","0.39","","-20 %","UVP 0.49","https://www.netto-online.de/filialangebote"
"2026-09-07 18:27 Europe/Berlin","Netto","Unterrather Str. 108, 40468 Düsseldorf (40474 최근접)","40468","Backstube","07.09.2026-12.09.2026","Laugenstange","Stück | Gilt nur in Filialen mit Backautomat!","0.35","","-10 %","statt 0.39","https://www.netto-online.de/filialangebote"
"2026-09-07 18:27 Europe/Berlin","Netto","Unterrather Str. 108, 40468 Düsseldorf (40474 최근접)","40468","Backstube","07.09.2026-12.09.2026","Donut","Stück | Mango Maracuja oder Erdbeere","0.55","","","Aktion","https://www.netto-online.de/filialangebote"
"2026-09-07 18:27 Europe/Berlin","Netto","Unterrather Str. 108, 40468 Düsseldorf (40474 최근접)","40468","Backstube","07.09.2026-12.09.2026","Kürbiskernbrot","750 g | 3.32 / kg | Gilt nur in Filialen mit Backautomat!","2.49","","","Aktion","https://www.netto-online.de/filialangebote"
"2026-09-07 18:27 Europe/Berlin","Netto","Unterrather Str. 108, 40468 Düsseldorf (40474 최근접)","40468","Backstube","07.09.2026-12.09.2026","Kirschtasche","Stück | Gilt nur in Filialen mit Backautomat!","0.99","0.79","-20% (App)","Aktion","https://www.netto-online.de/filialangebote"
"2026-09-07 18:27 Europe/Berlin","Netto","Unterrather Str. 108, 40468 Düsseldorf (40474 최근접)","40468","Backstube","07.09.2026-12.09.2026","Kaiser-, Mohn- oder Sesambrötchen","8 Stück | Einzelpreis 0.19 – 0.25 Gilt nur in Filialen mit Backautomat!","1.00","","-bis zu 50 %","1.52 - 2.-","https://www.netto-online.de/filialangebote"
"2026-09-07 18:27 Europe/Berlin","Netto","Unterrather Str. 108, 40468 Düsseldorf (40474 최근접)","40468","Preis-Kracher","07.09.2026-12.09.2026","Ital Pizza La Bomba","465 g | 7.16 / kg | tiefgekühlt, versch. Sorten","3.33","2.99","-33% / -25 %","statt 4.44","https://www.netto-online.de/filialangebote"
"2026-09-07 18:27 Europe/Berlin","Netto","Unterrather Str. 108, 40468 Düsseldorf (40474 최근접)","40468","Preis-Kracher","07.09.2026-12.09.2026","Green Mountain Chicken Chunks","180 g - 220 g | 11.32 - 13.83 / kg | gekühlt, versch. Sorten","2.49","","-16 %","UVP 2.99","https://www.netto-online.de/filialangebote"
"2026-09-07 18:27 Europe/Berlin","Netto","Unterrather Str. 108, 40468 Düsseldorf (40474 최근접)","40468","Preis-Kracher","07.09.2026-12.09.2026","Pfanni Bratkartoffeln","400 g | 3.73 / kg","1.49","","-46 %","statt 2.79","https://www.netto-online.de/filialangebote"
"2026-09-07 18:27 Europe/Berlin","Netto","Unterrather Str. 108, 40468 Düsseldorf (40474 최근접)","40468","Preis-Kracher","07.09.2026-12.09.2026","Leerdammer Knusperminis","150 g | 14.80 / kg | gekühlt, versch. Sorten","2.22","","-25 %","UVP 2.99","https://www.netto-online.de/filialangebote"
"2026-09-07 18:27 Europe/Berlin","Netto","Unterrather Str. 108, 40468 Düsseldorf (40474 최근접)","40468","Preis-Kracher","07.09.2026-12.09.2026","Mutti Pastasauce oder Pesto","180 g - 400 g | 5.73 - 12.72 / kg | versch. Sorten","2.29","","-30 %","UVP 3.29","https://www.netto-online.de/filialangebote"
"2026-09-07 18:27 Europe/Berlin","Netto","Unterrather Str. 108, 40468 Düsseldorf (40474 최근접)","40468","Preis-Kracher","07.09.2026-12.09.2026","Steinhaus Pasta Rustica","400 g | 7.48 / kg | gekühlt, versch. Sorten","2.99","","-33 %","UVP 4.49","https://www.netto-online.de/filialangebote"
"2026-09-07 18:27 Europe/Berlin","Netto","Unterrather Str. 108, 40468 Düsseldorf (40474 최근접)","40468","Preis-Kracher","07.09.2026-12.09.2026","Oryza Himalaya Basmatireis","500 g | 3.98 / kg","1.99","","-20 %","UVP 2.49","https://www.netto-online.de/filialangebote"
"2026-09-07 18:27 Europe/Berlin","Netto","Unterrather Str. 108, 40468 Düsseldorf (40474 최근접)","40468","Preis-Kracher","07.09.2026-12.09.2026","XOX Erdnüsse","1 kg | versch. Sorten","4.99","","-28 %","UVP 6.99","https://www.netto-online.de/filialangebote"
"2026-09-07 18:27 Europe/Berlin","Netto","Unterrather Str. 108, 40468 Düsseldorf (40474 최근접)","40468","Preis-Kracher","07.09.2026-12.09.2026","Jaus Premium Protein Buns","360 g | 4.97 / kg","1.79","","-10 %","UVP 1.99","https://www.netto-online.de/filialangebote"
"2026-09-07 18:27 Europe/Berlin","Netto","Unterrather Str. 108, 40468 Düsseldorf (40474 최근접)","40468","Preis-Kracher","07.09.2026-12.09.2026","Bonduelle Goldmais","285 g | 4.53 / kg | versch. Sorten","1.29","0.99","-44% / -27 %","statt 1.79","https://www.netto-online.de/filialangebote"
"2026-09-07 18:27 Europe/Berlin","Netto","Unterrather Str. 108, 40468 Düsseldorf (40474 최근접)","40468","Preis-Kracher","07.09.2026-12.09.2026","Mondamin Soßenbinder","250 g | 5.16 / kg | hell oder dunkel","1.29","","-27 %","statt 1.79","https://www.netto-online.de/filialangebote"
"2026-09-07 18:27 Europe/Berlin","Netto","Unterrather Str. 108, 40468 Düsseldorf (40474 최근접)","40468","Preis-Kracher","07.09.2026-12.09.2026","Thüringer Rostbratwurst","500 g | 5.98 / kg | gebrüht","2.99","","-21 %","UVP 3.79","https://www.netto-online.de/filialangebote"
"2026-09-07 18:27 Europe/Berlin","Netto","Unterrather Str. 108, 40468 Düsseldorf (40474 최근접)","40468","Preis-Kracher","07.09.2026-12.09.2026","Dr. Oetker Paradiescreme","300 ml | 2.63 / l | versch. Sorten","0.79","","-38 %","statt 1.29","https://www.netto-online.de/filialangebote"
"2026-09-07 18:27 Europe/Berlin","Netto","Unterrather Str. 108, 40468 Düsseldorf (40474 최근접)","40468","Preis-Kracher","07.09.2026-12.09.2026","Sias Choi‘s Bibimmyeon Instant Nudeln","123 g - 131 g | 11.37 - 12.11 / kg | versch. Sorten","1.49","1.29","-35% / -25 %","UVP 1.99","https://www.netto-online.de/filialangebote"
"2026-09-07 18:27 Europe/Berlin","Netto","Unterrather Str. 108, 40468 Düsseldorf (40474 최근접)","40468","Preis-Kracher","07.09.2026-12.09.2026","Lay‘s Chips","110 g - 150 g | 7.93 - 10.82 / kg | versch. Sorten","1.19","","-40 %","statt 1.99","https://www.netto-online.de/filialangebote"
"2026-09-07 18:27 Europe/Berlin","Netto","Unterrather Str. 108, 40468 Düsseldorf (40474 최근접)","40468","Preis-Kracher","07.09.2026-12.09.2026","Lukull Sauce Hollandaise","250 ml | 5.96 / l | versch. Sorten","1.49","","-44 %","UVP 2.69","https://www.netto-online.de/filialangebote"
"2026-09-07 18:27 Europe/Berlin","Netto","Unterrather Str. 108, 40468 Düsseldorf (40474 최근접)","40468","Preis-Kracher","07.09.2026-12.09.2026","Knorr Salat Krönung","ergibt 5 x 90 ml | 1.46 - 1.76 / l | versch. Sorten","0.79","","-50 %","UVP 1.59","https://www.netto-online.de/filialangebote"
"2026-09-07 18:27 Europe/Berlin","Netto","Unterrather Str. 108, 40468 Düsseldorf (40474 최근접)","40468","Preis-Kracher","07.09.2026-12.09.2026","Kölln Müsli","1,15 kg - 1,2 kg | 4.99 - 5.21 / kg | versch. Sorten","5.99","","-25 %","UVP 7.99","https://www.netto-online.de/filialangebote"
"2026-09-07 18:27 Europe/Berlin","Netto","Unterrather Str. 108, 40468 Düsseldorf (40474 최근접)","40468","Preis-Kracher","07.09.2026-12.09.2026","Schwip Schwap oder Pepsi","0,33 l | 2.09 / l | mit Fruchtgeschmack koffeinhaltig, versch. Sorten","0.69","","-22 %","UVP 0.89","https://www.netto-online.de/filialangebote"
"2026-09-07 18:27 Europe/Berlin","Netto","Unterrather Str. 108, 40468 Düsseldorf (40474 최근접)","40468","Preis-Kracher","07.09.2026-12.09.2026","Granini Die Limo","1 l | teilw. koffeinhaltig, versch. Sorten","1.29","","-27 %","UVP 1.79","https://www.netto-online.de/filialangebote"
"2026-09-07 18:27 Europe/Berlin","Netto","Unterrather Str. 108, 40468 Düsseldorf (40474 최근접)","40468","Preis-Kracher","07.09.2026-12.09.2026","St. Hubertus-Tropfen Kräuter-Likör","24 x 20 ml | 12.48 / l | 30% Vol.","5.99","","-20 %","UVP 7.49","https://www.netto-online.de/filialangebote"
"2026-09-07 18:27 Europe/Berlin","Netto","Unterrather Str. 108, 40468 Düsseldorf (40474 최근접)","40468","Preis-Kracher","07.09.2026-12.09.2026","Rauch Eistee","0,33 l | 2.09 / l | versch. Sorten","0.69","","-22 %","UVP 0.89","https://www.netto-online.de/filialangebote"
"2026-09-07 18:27 Europe/Berlin","Netto","Unterrather Str. 108, 40468 Düsseldorf (40474 최근접)","40468","Preis-Kracher","07.09.2026-12.09.2026","Bravo","0,5 l | 1.58 / l | versch. Sorten","0.79","","-20 %","UVP 0.99","https://www.netto-online.de/filialangebote"
"2026-09-07 18:27 Europe/Berlin","Netto","Unterrather Str. 108, 40468 Düsseldorf (40474 최근접)","40468","Preis-Kracher","07.09.2026-12.09.2026","Vitrex","6 x 1,5 l | 0,66 / l | versch. Sorten Einzelpreis: 0.99, zzgl. Pfand 0.25","3.99","","-32 %","statt 5.94","https://www.netto-online.de/filialangebote"
"2026-09-07 18:27 Europe/Berlin","Netto","Unterrather Str. 108, 40468 Düsseldorf (40474 최근접)","40468","Preis-Kracher","07.09.2026-12.09.2026","Desperados Original oder Tropical","4 x 0,33 l | 3.78 / l | Original oder Tropical","4.99","","-28 %","UVP 6.99","https://www.netto-online.de/filialangebote"
"2026-09-07 18:27 Europe/Berlin","Netto","Unterrather Str. 108, 40468 Düsseldorf (40474 최근접)","40468","Preis-Kracher","07.09.2026-12.09.2026","Erdinger Brauhaus","20 x 0,5 l | 1.50 / l | Helles oder Helles Alkoholfrei","14.99","","-28 %","UVP 20.99","https://www.netto-online.de/filialangebote"
"2026-09-07 18:27 Europe/Berlin","Netto","Unterrather Str. 108, 40468 Düsseldorf (40474 최근접)","40468","Preis-Kracher","07.09.2026-12.09.2026","Paulaner Hefe-Weißbier Naturtrüb","20 x 0,5 l | 1.40 / l","13.99","","-33 %","statt 20.99","https://www.netto-online.de/filialangebote"
"2026-09-07 18:27 Europe/Berlin","Netto","Unterrather Str. 108, 40468 Düsseldorf (40474 최근접)","40468","Getränke","07.09.2026-12.09.2026","Franziskaner Premium Hefe Weißbier Naturtrüb","20 x 0,5 l | 1.50 / l","14.99","","-28 %","UVP 20.99","https://www.netto-online.de/filialangebote"
"2026-09-07 18:27 Europe/Berlin","Netto","Unterrather Str. 108, 40468 Düsseldorf (40474 최근접)","40468","Getränke","07.09.2026-12.09.2026","Frankenheim Alt","20 x 0,5 l | 1.20 / l","11.99","","-25 %","statt 15.99","https://www.netto-online.de/filialangebote"
"2026-09-07 18:27 Europe/Berlin","Netto","Unterrather Str. 108, 40468 Düsseldorf (40474 최근접)","40468","Getränke","07.09.2026-12.09.2026","Paulaner Oktoberfest Bier","20 x 0,5 l | 1.60 / l","15.99","","-23 %","UVP 20.99","https://www.netto-online.de/filialangebote"
"2026-09-07 18:27 Europe/Berlin","Netto","Unterrather Str. 108, 40468 Düsseldorf (40474 최근접)","40468","Getränke","07.09.2026-12.09.2026","Bitburger Premium Biere","6 x 0,33 l | 1.91 / l | versch. Sorten","3.79","","-19 %","statt 4.69","https://www.netto-online.de/filialangebote"
"2026-09-07 18:27 Europe/Berlin","Netto","Unterrather Str. 108, 40468 Düsseldorf (40474 최근접)","40468","Getränke","07.09.2026-12.09.2026","Vitamalz","20 x 0,5 l | 1.20 / l | alkoholfreies Malzgetränk","11.99","","-17 %","statt 14.49","https://www.netto-online.de/filialangebote"
"2026-09-07 18:27 Europe/Berlin","Netto","Unterrather Str. 108, 40468 Düsseldorf (40474 최근접)","40468","Getränke","07.09.2026-12.09.2026","Veltins Pilsener","20 x 0,33 l | 1.51 / l","9.99","","-33 %","UVP 14.99","https://www.netto-online.de/filialangebote"
"2026-09-07 18:27 Europe/Berlin","Netto","Unterrather Str. 108, 40468 Düsseldorf (40474 최근접)","40468","Getränke","07.09.2026-12.09.2026","Corona Extra","0,33 l | 2.70 / l","0.89","","-25 %","UVP 1.19","https://www.netto-online.de/filialangebote"
"2026-09-07 18:27 Europe/Berlin","Netto","Unterrather Str. 108, 40468 Düsseldorf (40474 최근접)","40468","Getränke","07.09.2026-12.09.2026","Sinalco Cola oder Limonaden","1,25 l | 0.63 / l | teilweise koffeinhaltig, versch. Sorten","0.79","","-27 %","UVP 1.09","https://www.netto-online.de/filialangebote"
"2026-09-07 18:27 Europe/Berlin","Netto","Unterrather Str. 108, 40468 Düsseldorf (40474 최근접)","40468","Getränke","07.09.2026-12.09.2026","Gönrgy Energy Drink","0,5 l | 2.- / l | taurin- & koffeinhaltig, versch. Sorten","1.00","0.90","-39% / -32 %","UVP 1.49","https://www.netto-online.de/filialangebote"
"2026-09-07 18:27 Europe/Berlin","Netto","Unterrather Str. 108, 40468 Düsseldorf (40474 최근접)","40468","Getränke","07.09.2026-12.09.2026","Eistee","2 l | 0.65 / l | versch. Sorten","1.29","1.19","","Aktion","https://www.netto-online.de/filialangebote"
"2026-09-07 18:27 Europe/Berlin","Netto","Unterrather Str. 108, 40468 Düsseldorf (40474 최근접)","40468","Getränke","07.09.2026-12.09.2026","Bittergetränke","1 l | versch. Sorten","0.49","0.39","-20% (App)","Aktion","https://www.netto-online.de/filialangebote"
"2026-09-07 18:27 Europe/Berlin","Netto","Unterrather Str. 108, 40468 Düsseldorf (40474 최근접)","40468","Getränke","07.09.2026-12.09.2026","Schorle oder Frucht G‘ Spritzer","9 x 0,5 l | 0.66 / l | versch. Sorten","2.99","","-14 %","statt 3.49","https://www.netto-online.de/filialangebote"
"2026-09-07 18:27 Europe/Berlin","Netto","Unterrather Str. 108, 40468 Düsseldorf (40474 최근접)","40468","Getränke","07.09.2026-12.09.2026","Syburg Limonaden","12 x 0,7 l | 0.42 / l | Zitrone oder Orange","3.49","","-22 %","UVP 4.49","https://www.netto-online.de/filialangebote"
"2026-09-07 18:27 Europe/Berlin","Netto","Unterrather Str. 108, 40468 Düsseldorf (40474 최근접)","40468","Getränke","07.09.2026-12.09.2026","Ouzo 12 Anis- Spirituose","0,7 l | 14.27 / l | 38% Vol.","9.99","","-16 %","statt 11.99","https://www.netto-online.de/filialangebote"
"2026-09-07 18:27 Europe/Berlin","Netto","Unterrather Str. 108, 40468 Düsseldorf (40474 최근접)","40468","Getränke","07.09.2026-12.09.2026","Licor 43","0,7 l | 18.56 / l | spanischer Traditionslikör, 31% Vol. Milchshake Glas GRATIS!","12.99","","-18 %","UVP 15.99","https://www.netto-online.de/filialangebote"
"2026-09-07 18:27 Europe/Berlin","Netto","Unterrather Str. 108, 40468 Düsseldorf (40474 최근접)","40468","Knabbereien","07.09.2026-12.09.2026","Die Besten","155 g - 166 g | 30.06 - 32.19 / kg","4.99","4.49","-10% (App)","Dauertiefpreis","https://www.netto-online.de/filialangebote"
"2026-09-07 18:27 Europe/Berlin","Netto","Unterrather Str. 108, 40468 Düsseldorf (40474 최근접)","40468","Knabbereien","07.09.2026-12.09.2026","Ferrero Küsschen","172 g - 190 g | 21.- - 23.20 / kg | feine Nuss-Spezialitäten, versch. Sorten","3.99","3.59","-10% (App)","Dauertiefpreis","https://www.netto-online.de/filialangebote"
"2026-09-07 18:27 Europe/Berlin","Netto","Unterrather Str. 108, 40468 Düsseldorf (40474 최근접)","40468","Knabbereien","07.09.2026-12.09.2026","Ferrero Rocher","200 g | 23.95 / kg","4.79","4.29","-10% (App)","Dauertiefpreis","https://www.netto-online.de/filialangebote"
"2026-09-07 18:27 Europe/Berlin","Netto","Unterrather Str. 108, 40468 Düsseldorf (40474 최근접)","40468","Knabbereien","07.09.2026-12.09.2026","Katjes Family Milchkater","250 g - 300 g | 4.97 - 5.96 / kg","1.49","1.29","","Dauertiefpreis","https://www.netto-online.de/filialangebote"
"2026-09-07 18:27 Europe/Berlin","Netto","Unterrather Str. 108, 40468 Düsseldorf (40474 최근접)","40468","Knabbereien","07.09.2026-12.09.2026","Oreo Donut und Milka Donut","2er Pack 2 Stück; 130 g | 19.15 / kg","2.49","2.39","","Dauertiefpreis","https://www.netto-online.de/filialangebote"
"2026-09-07 18:27 Europe/Berlin","Netto","Unterrather Str. 108, 40468 Düsseldorf (40474 최근접)","40468","Knabbereien","07.09.2026-12.09.2026","Wiebold Trüffelpralinen","200 g | 19.95 / kg | versch. Sorten","3.99","3.59","-10% (App)","Dauertiefpreis","https://www.netto-online.de/filialangebote"
"2026-09-07 18:27 Europe/Berlin","Netto","Unterrather Str. 108, 40468 Düsseldorf (40474 최근접)","40468","Knabbereien","07.09.2026-12.09.2026","Lieblings Schokolade","150 g | 19.93 / kg | versch. Sorten","2.99","2.49","-16% (App)","Dauertiefpreis","https://www.netto-online.de/filialangebote"
"2026-09-07 18:27 Europe/Berlin","Netto","Unterrather Str. 108, 40468 Düsseldorf (40474 최근접)","40468","Knabbereien","07.09.2026-12.09.2026","Schokoliebe Weinbrandbohnen","200 g | 11.45 / kg","2.29","1.99","-13% (App)","Dauertiefpreis","https://www.netto-online.de/filialangebote"
"2026-09-07 18:27 Europe/Berlin","Netto","Unterrather Str. 108, 40468 Düsseldorf (40474 최근접)","40468","Knabbereien","07.09.2026-12.09.2026","St. Michel Snacks","180 g | 9.94 / kg | versch. Sorten","1.79","1.69","-22% (App)","Dauertiefpreis","https://www.netto-online.de/filialangebote"
"2026-09-07 18:27 Europe/Berlin","Netto","Unterrather Str. 108, 40468 Düsseldorf (40474 최근접)","40468","Getränke","07.09.2026-12.09.2026","5,0 Original oder Export","0,5 l | 1.38 / l | versch. Sorten","0.69","0.59","-14% (App)","Aktion","https://www.netto-online.de/filialangebote"
"2026-09-07 18:27 Europe/Berlin","Netto","Unterrather Str. 108, 40468 Düsseldorf (40474 최근접)","40468","Getränke","07.09.2026-12.09.2026","Carlsberg Elephant","0,5 l | 2.58 / l | Starkbier","1.29","1.09","-15% (App)","Aktion","https://www.netto-online.de/filialangebote"
"2026-09-07 18:27 Europe/Berlin","Netto","Unterrather Str. 108, 40468 Düsseldorf (40474 최근접)","40468","Getränke","07.09.2026-12.09.2026","Desperados Original","0,5 l | 4.38 / l | Bier mit Tequila aromatisiert","2.19","1.89","-13% (App)","Aktion","https://www.netto-online.de/filialangebote"
"2026-09-07 18:27 Europe/Berlin","Netto","Unterrather Str. 108, 40468 Düsseldorf (40474 최근접)","40468","Getränke","07.09.2026-12.09.2026","Hansa Pils","0,5 l | 1.38 / l","0.69","0.59","-14% (App)","Aktion","https://www.netto-online.de/filialangebote"
"2026-09-07 18:27 Europe/Berlin","Netto","Unterrather Str. 108, 40468 Düsseldorf (40474 최근접)","40468","Getränke","07.09.2026-12.09.2026","Warsteiner","0,5 l | 1.98 / l | versch. Sorten","0.99","0.89","-10% (App)","Aktion","https://www.netto-online.de/filialangebote"
"2026-09-07 18:27 Europe/Berlin","Netto","Unterrather Str. 108, 40468 Düsseldorf (40474 최근접)","40468","Getränke","07.09.2026-12.09.2026","Paderborner","0,5 l | 1.58 / l | versch. Sorten","0.79","0.69","-12% (App)","Aktion","https://www.netto-online.de/filialangebote"
"2026-09-07 18:27 Europe/Berlin","Netto","Unterrather Str. 108, 40468 Düsseldorf (40474 최근접)","40468","Getränke","07.09.2026-12.09.2026","Veltins","0,5 l | 1.98 / l | versch. Sorten","0.99","0.89","-10% (App)","Aktion","https://www.netto-online.de/filialangebote"
"2026-09-07 18:27 Europe/Berlin","Netto","Unterrather Str. 108, 40468 Düsseldorf (40474 최근접)","40468","Getränke","07.09.2026-12.09.2026","Veltins V+","0,5 l | 1.98 / l | teilw. taurin- & koffeinhaltig, versch. Sorten","0.99","0.89","-10% (App)","Aktion","https://www.netto-online.de/filialangebote"
"2026-09-07 18:27 Europe/Berlin","Edeka","EDEKA Shariat, Kaiserswerther Straße 270, 40474 Düsseldorf","40474","Fleisch & Wurst","07.09.2026-12.09.2026","Hähnchenbrustfilet","je 100 g","0.99","","-33%","statt 1.49","https://www.edeka.de/maerkte/073475/prospekte/"
"2026-09-07 18:27 Europe/Berlin","Edeka","EDEKA Shariat, Kaiserswerther Straße 270, 40474 Düsseldorf","40474","Fleisch & Wurst","07.09.2026-12.09.2026","Hähnchenschenkel","je 100 g","0.29","","-40%","statt 0.49","https://www.edeka.de/maerkte/073475/prospekte/"
"2026-09-07 18:27 Europe/Berlin","Edeka","EDEKA Shariat, Kaiserswerther Straße 270, 40474 Düsseldorf","40474","Fleisch & Wurst","07.09.2026-12.09.2026","Hähnchenflügel","je 1 kg","4.44","","","","https://www.edeka.de/maerkte/073475/prospekte/"
"2026-09-07 18:27 Europe/Berlin","Edeka","EDEKA Shariat, Kaiserswerther Straße 270, 40474 Düsseldorf","40474","Fleisch & Wurst","07.09.2026-12.09.2026","Putenbrustfilet Teilstück","1 kg Packung","9.69","","","","https://www.edeka.de/maerkte/073475/prospekte/"
"2026-09-07 18:27 Europe/Berlin","Edeka","EDEKA Shariat, Kaiserswerther Straße 270, 40474 Düsseldorf","40474","Fleisch & Wurst","07.09.2026-12.09.2026","Hähnchengeschnetzeltes","400 g Packung | 11.23 / kg","4.49","","-10%","statt 4.99","https://www.edeka.de/maerkte/073475/prospekte/"
"2026-09-07 18:27 Europe/Berlin","Edeka","EDEKA Shariat, Kaiserswerther Straße 270, 40474 Düsseldorf","40474","Obst & Gemüse","07.09.2026-12.09.2026","Bio Mini Pflaumen Tomaten","Klasse II | 250 g Schale | 7.96 / kg","1.99","","","","https://www.edeka.de/maerkte/073475/prospekte/"
"2026-09-07 18:27 Europe/Berlin","Edeka","EDEKA Shariat, Kaiserswerther Straße 270, 40474 Düsseldorf","40474","Obst & Gemüse","07.09.2026-12.09.2026","Kulturheidelbeeren","Klasse II | 125 g Packung | 15.92 / kg","1.99","","","","https://www.edeka.de/maerkte/073475/prospekte/"
"2026-09-07 18:27 Europe/Berlin","Edeka","EDEKA Shariat, Kaiserswerther Straße 270, 40474 Düsseldorf","40474","Obst & Gemüse","07.09.2026-12.09.2026","Bio Rispentomaten","Klasse II | 500 g Schale | 5.18 / kg","2.59","","","","https://www.edeka.de/maerkte/073475/prospekte/"
"2026-09-07 18:27 Europe/Berlin","Edeka","EDEKA Shariat, Kaiserswerther Straße 270, 40474 Düsseldorf","40474","Obst & Gemüse","07.09.2026-12.09.2026","Bananen","1 kg | Ecuador","1.11","","-13%","statt 1.29","https://www.edeka.de/maerkte/073475/prospekte/"
"2026-09-07 18:27 Europe/Berlin","Edeka","EDEKA Shariat, Kaiserswerther Straße 270, 40474 Düsseldorf","40474","Obst & Gemüse","07.09.2026-12.09.2026","Tafeltrauben Mix","kernlos, Klasse I | 500 g Schale | 3.98 / kg","1.99","","","","https://www.edeka.de/maerkte/073475/prospekte/"
"2026-09-07 18:27 Europe/Berlin","Edeka","EDEKA Shariat, Kaiserswerther Straße 270, 40474 Düsseldorf","40474","Obst & Gemüse","07.09.2026-12.09.2026","Kiwis Gold","Jumbo, Klasse I | Stück | unverpackt","1.00","","","","https://www.edeka.de/maerkte/073475/prospekte/"
"2026-09-07 18:27 Europe/Berlin","Edeka","EDEKA Shariat, Kaiserswerther Straße 270, 40474 Düsseldorf","40474","Obst & Gemüse","07.09.2026-12.09.2026","Tafeläpfel Jonagold","Klasse II | 2 kg Beutel | 0.75 / kg","1.49","","","","https://www.edeka.de/maerkte/073475/prospekte/"
"2026-09-07 18:27 Europe/Berlin","Edeka","EDEKA Shariat, Kaiserswerther Straße 270, 40474 Düsseldorf","40474","Obst & Gemüse","07.09.2026-12.09.2026","Kiwis","Klasse I | 2 Stück = 1.00 € | unverpackt","1.00","","","","https://www.edeka.de/maerkte/073475/prospekte/"
"2026-09-07 18:27 Europe/Berlin","Edeka","EDEKA Shariat, Kaiserswerther Straße 270, 40474 Düsseldorf","40474","Obst & Gemüse","07.09.2026-12.09.2026","Paprika rot","Klasse I | 500 g Packung | 2.98 / kg","1.49","","","","https://www.edeka.de/maerkte/073475/prospekte/"
"2026-09-07 18:27 Europe/Berlin","Edeka","EDEKA Shariat, Kaiserswerther Straße 270, 40474 Düsseldorf","40474","Kühlregal & Tiefkühlung","07.09.2026-12.09.2026","Sahnepudding","Schoko oder Bourbon-Vanille | 10% Fett | 500 g Becher | 2.22 / kg","1.11","","-20%","statt 1.39","https://www.edeka.de/maerkte/073475/prospekte/"
"2026-09-07 18:27 Europe/Berlin","Edeka","EDEKA Shariat, Kaiserswerther Straße 270, 40474 Düsseldorf","40474","Kühlregal & Tiefkühlung","07.09.2026-12.09.2026","Mandarin-Orangen","leicht gezuckert | 312 g Dose / 175 g Abtropfgewicht | 6.34 / kg","1.11","","-34%","statt 1.69","https://www.edeka.de/maerkte/073475/prospekte/"
"2026-09-07 18:27 Europe/Berlin","Edeka","EDEKA Shariat, Kaiserswerther Straße 270, 40474 Düsseldorf","40474","Backstube","07.09.2026-12.09.2026","Proteinbrötchen","300 g Packung | 4.97 / kg","1.49","","-16%","statt 1.79","https://www.edeka.de/maerkte/073475/prospekte/"
"2026-09-07 18:27 Europe/Berlin","Edeka","EDEKA Shariat, Kaiserswerther Straße 270, 40474 Düsseldorf","40474","Kühlregal & Tiefkühlung","07.09.2026-12.09.2026","Feinster Fleischsalat","400 g Schale | 3.75 / kg","1.50","","-24%","statt 1.99","https://www.edeka.de/maerkte/073475/prospekte/"
"2026-09-07 18:27 Europe/Berlin","Edeka","EDEKA Shariat, Kaiserswerther Straße 270, 40474 Düsseldorf","40474","Kühlregal & Tiefkühlung","07.09.2026-12.09.2026","Weidebutter","mildgesäuert | 250 g Packung | 4.44 / kg","1.11","","-30%","statt 1.59","https://www.edeka.de/maerkte/073475/prospekte/"
"2026-09-07 19:45 Europe/Berlin","Netto","Peterstr. 50, 52062 Aachen","52062","Knüller der Woche","07.09.2026-12.09.2026","Weihenstephan Butter oder Streichzart","250 g | 3.96 / kg | gekühlt, versch. Sorten","0.99","","-64 %","UVP 2.79","https://www.netto-online.de/filialangebote"
"2026-09-07 19:45 Europe/Berlin","Netto","Peterstr. 50, 52062 Aachen","52062","Knüller der Woche","07.09.2026-12.09.2026","Tassimo Kaffee-Kapseln","128 g - 268 g | 16.01 - 33.52 / kg | versch. Sorten","4.29","","-38 %","UVP 6.99","https://www.netto-online.de/filialangebote"
"2026-09-07 19:45 Europe/Berlin","Netto","Peterstr. 50, 52062 Aachen","52062","Knüller der Woche","07.09.2026-12.09.2026","Wiener Würstchen","2 x 200 g | 6.23 / kg | über Buchenholz geräuchert
Regionale Verpackungsabweichungen möglich","2.49","2.29","-16 %","statt 2.99","https://www.netto-online.de/filialangebote"
"2026-09-07 19:45 Europe/Berlin","Netto","Peterstr. 50, 52062 Aachen","52062","Knüller der Woche","07.09.2026-12.09.2026","Bio Möhren","1 kg Beutel | Deutschland, Kl. II","1.11","","-34 %","UVP 1.69","https://www.netto-online.de/filialangebote"
"2026-09-07 19:45 Europe/Berlin","Netto","Peterstr. 50, 52062 Aachen","52062","Knüller der Woche","07.09.2026-12.09.2026","YouCook Fertiggericht","350 g - 440 g | 8.61 - 10.83 / kg | gekühlt, versch. Sorten","3.79","","-24 %","UVP 4.99","https://www.netto-online.de/filialangebote"
"2026-09-07 19:45 Europe/Berlin","Netto","Peterstr. 50, 52062 Aachen","52062","Knüller der Woche","07.09.2026-12.09.2026","Berliner","Stück | Heidelbeere oder Pflaume
Gilt nur in Filialen mit Backautomat!","0.99","","","Aktion","https://www.netto-online.de/filialangebote"
"2026-09-07 19:45 Europe/Berlin","Netto","Peterstr. 50, 52062 Aachen","52062","Knüller der Woche","07.09.2026-12.09.2026","Mon Cheri","157 g | 17.77 / kg","2.79","","-30 %","UVP 3.99","https://www.netto-online.de/filialangebote"
"2026-09-07 19:45 Europe/Berlin","Netto","Peterstr. 50, 52062 Aachen","52062","Knüller der Woche","07.09.2026-12.09.2026","Sprite, Fanta oder Mezzo Mix","6 x 1,25 l | 0.80 / l | teilweise koffeinhaltig, versch. Sorten
Einzelpreis: 1.59 zzgl. Pfand 0.25 (1.27 / l)","5.99","","-37 %","statt 9.54","https://www.netto-online.de/filialangebote"
"2026-09-07 19:45 Europe/Berlin","Netto","Peterstr. 50, 52062 Aachen","52062","Knüller der Woche","07.09.2026-12.09.2026","Hackfleisch gemischt","800 g | 6.86 / kg | aus 50 % Schwein und 50 % Rind","5.49","","-15 %","UVP 6.49","https://www.netto-online.de/filialangebote"
"2026-09-07 19:45 Europe/Berlin","Netto","Peterstr. 50, 52062 Aachen","52062","Knüller der Woche","07.09.2026-12.09.2026","Danone Actimel","12 x 100 g | 2.49 / kg | gekühlt, versch. Sorten","2.99","2.79","-50 %","UVP 5.98","https://www.netto-online.de/filialangebote"
"2026-09-07 19:45 Europe/Berlin","Netto","Peterstr. 50, 52062 Aachen","52062","Knüller der Woche","07.09.2026-12.09.2026","Knoppers Waffel oder Riegel","200 - 225 g | 7.51 - 8.45 / kg | versch. Sorten","1.69","","-32 %","statt 2.49","https://www.netto-online.de/filialangebote"
"2026-09-07 19:45 Europe/Berlin","Netto","Peterstr. 50, 52062 Aachen","52062","Knüller der Woche","07.09.2026-12.09.2026","Ramazzotti Kräuterlikör oder Arancia","0,7 l | 14.27 / l | 0.0 – 30 % Vol.","9.99","","-28 %","UVP 13.99","https://www.netto-online.de/filialangebote"
"2026-09-07 19:45 Europe/Berlin","Netto","Peterstr. 50, 52062 Aachen","52062","Knüller der Woche","07.09.2026-12.09.2026","3 Glocken Genuss Pur Teigwaren","5 x 500 g | 1.60 / kg | versch. Ausformungen
Einzelpreis: 1.89 (3.78 / kg)","4","","-57 %","statt 9.45","https://www.netto-online.de/filialangebote"
"2026-09-07 19:45 Europe/Berlin","Netto","Peterstr. 50, 52062 Aachen","52062","Spar-Angebote","07.09.2026-12.09.2026","Müller Joghurt mit der Ecke","113 g – 150 g | 2.20 - 2.92 / kg | gekühlt, versch. Sorten","0.33","","-62 %","statt 0.89","https://www.netto-online.de/filialangebote"
"2026-09-07 19:45 Europe/Berlin","Netto","Peterstr. 50, 52062 Aachen","52062","Spar-Angebote","07.09.2026-12.09.2026","Leerdammer","100 g – 140 g | 9.93 – 13.90 / kg | gekühlt, versch. Sorten","1.39","1.29","-48 %","statt 2.69","https://www.netto-online.de/filialangebote"
"2026-09-07 19:45 Europe/Berlin","Netto","Peterstr. 50, 52062 Aachen","52062","Spar-Angebote","07.09.2026-12.09.2026","Dallmayr Prodomo","500 g | 13.98 / kg | Kaffee gemahlen oder ganze Bohnen, versch. Sorten","6.99","","-30 %","UVP 9.99","https://www.netto-online.de/filialangebote"
"2026-09-07 19:45 Europe/Berlin","Netto","Peterstr. 50, 52062 Aachen","52062","Spar-Angebote","07.09.2026-12.09.2026","Pfanni Speisekartoffeln","2,5 kg Netz | 1.- / kg | Deutschland, Unsere Besten versch. Kocheigenschaften","2.49","","-24 %","UVP 3.29","https://www.netto-online.de/filialangebote"
"2026-09-07 19:45 Europe/Berlin","Netto","Peterstr. 50, 52062 Aachen","52062","Spar-Angebote","07.09.2026-12.09.2026","Bio Bananen","1 kg | Costa Rica / Panama","1.49","","-25 %","UVP 1.99","https://www.netto-online.de/filialangebote"
"2026-09-07 19:45 Europe/Berlin","Netto","Peterstr. 50, 52062 Aachen","52062","Spar-Angebote","07.09.2026-12.09.2026","Laugenbreze","4 Stück | Einzelpreis: 0.39
Gilt nur in Filialen mit Backautomat!","1","","-35 %","statt 1.56","https://www.netto-online.de/filialangebote"
"2026-09-07 19:45 Europe/Berlin","Netto","Peterstr. 50, 52062 Aachen","52062","Spar-Angebote","07.09.2026-12.09.2026","Hähnchen-Innenfilet","400 g | 9.48 / kg | zart und mager","3.79","","-24 %","UVP 4.99","https://www.netto-online.de/filialangebote"
"2026-09-07 19:45 Europe/Berlin","Netto","Peterstr. 50, 52062 Aachen","52062","Spar-Angebote","07.09.2026-12.09.2026","Frosta Fertiggerichte","450 g - 500 g | 5.58 - 6.20 / kg | tiefgekühlt, versch. Sorten","2.79","2.49","-41 %","statt 4.79","https://www.netto-online.de/filialangebote"
"2026-09-07 19:45 Europe/Berlin","Netto","Peterstr. 50, 52062 Aachen","52062","Spar-Angebote","07.09.2026-12.09.2026","Hasseröder Premium Pils","2 x 20 x 0,5 l | 0.80 / l | Einzelkiste: 17.99 (1.80 / l)","15.98","","-55 %","statt 35.98","https://www.netto-online.de/filialangebote"
"2026-09-07 19:45 Europe/Berlin","Netto","Peterstr. 50, 52062 Aachen","52062","Spar-Angebote","07.09.2026-12.09.2026","Haribo Fruchtgummi","160 g - 175 g | 4.51 - 4.94 / kg | versch. Sorten","0.79","","-33 %","UVP 1.19","https://www.netto-online.de/filialangebote"
"2026-09-07 19:45 Europe/Berlin","Netto","Peterstr. 50, 52062 Aachen","52062","Spar-Angebote","07.09.2026-12.09.2026","Knorr Fix","28 g – 100 g | 4.40 – 15.71 / kg | versch. Sorten","0.44","","-63 %","UVP 1.19","https://www.netto-online.de/filialangebote"
"2026-09-07 19:45 Europe/Berlin","Netto","Peterstr. 50, 52062 Aachen","52062","Spar-Angebote","07.09.2026-12.09.2026","Melitta Auslese oder Harmonie","500 g | 11.98 / kg | Kaffee gemahlen, versch. Sorten","5.99","","-29 %","UVP 8.49","https://www.netto-online.de/filialangebote"
"2026-09-07 19:45 Europe/Berlin","Netto","Peterstr. 50, 52062 Aachen","52062","Spar-Angebote","07.09.2026-12.09.2026","Melitta Barista","1 kg | ganze Kaffeebohnen, versch. Sorten","11.99","","-44 %","UVP 21.49","https://www.netto-online.de/filialangebote"
"2026-09-07 19:45 Europe/Berlin","Netto","Peterstr. 50, 52062 Aachen","52062","Spar-Angebote","07.09.2026-12.09.2026","Melitta Barista Crema Gold","200 g | 34.95 / kg | löslicher Bohnenkaffee","6.99","","-30 %","UVP 9.99","https://www.netto-online.de/filialangebote"
"2026-09-07 19:45 Europe/Berlin","Netto","Peterstr. 50, 52062 Aachen","52062","Spar-Angebote","07.09.2026-12.09.2026","Jacobs Cappuccino","290 g – 500 g | 6.98 – 12.03 / kg | versch. Sorten","3.49","","-22 %","UVP 4.49","https://www.netto-online.de/filialangebote"
"2026-09-07 19:45 Europe/Berlin","Netto","Peterstr. 50, 52062 Aachen","52062","Spar-Angebote","07.09.2026-12.09.2026","Melitta Kaffeepads","201 g | 19.85 / kg | versch. Sorten","3.99","","","Aktion","https://www.netto-online.de/filialangebote"
"2026-09-07 19:45 Europe/Berlin","Netto","Peterstr. 50, 52062 Aachen","52062","Spar-Angebote","07.09.2026-12.09.2026","Schwartau Dessertsauce","125 ml | 13.52 / l | versch. Sorten","1.69","","-15 %","UVP 1.99","https://www.netto-online.de/filialangebote"
"2026-09-07 19:45 Europe/Berlin","Netto","Peterstr. 50, 52062 Aachen","52062","Spar-Angebote","07.09.2026-12.09.2026","Zentis Nusspli","300 g - 400 g | 6.23 - 8.30 / kg | versch. Sorten","2.49","","-28 %","statt 3.49","https://www.netto-online.de/filialangebote"
"2026-09-07 19:45 Europe/Berlin","Netto","Peterstr. 50, 52062 Aachen","52062","Spar-Angebote","07.09.2026-12.09.2026","Yes Törtchen","96 g | 17.60 / kg | versch. Sorten","1.69","","-15 %","UVP 1.99","https://www.netto-online.de/filialangebote"
"2026-09-07 19:45 Europe/Berlin","Netto","Peterstr. 50, 52062 Aachen","52062","Spar-Angebote","07.09.2026-12.09.2026","Bahlsen Comtess Kuchen","350 g | 5.11 / kg | versch. Sorten","1.79","","-43 %","UVP 3.19","https://www.netto-online.de/filialangebote"
"2026-09-07 19:45 Europe/Berlin","Netto","Peterstr. 50, 52062 Aachen","52062","Spar-Angebote","07.09.2026-12.09.2026","Landliebe frische Weidemilch","1,5 l | 0.99 / l | gekühlt, 1,5% oder 3,8% Fett","1.49","","-42 %","UVP 2.59","https://www.netto-online.de/filialangebote"
"2026-09-07 19:45 Europe/Berlin","Netto","Peterstr. 50, 52062 Aachen","52062","Spar-Angebote","07.09.2026-12.09.2026","Ritter Sport Nuss- / Kakaoklasse","75 g – 100 g | 16.90 – 22.53 / kg | versch. Sorten","1.69","","-26 %","statt 2.29","https://www.netto-online.de/filialangebote"
"2026-09-07 19:45 Europe/Berlin","Netto","Peterstr. 50, 52062 Aachen","52062","Spar-Angebote","07.09.2026-12.09.2026","Ferrero Giotto","154 g – 154,8 g | 19.32 – 19.42 / kg","2.99","","-18 %","UVP 3.69","https://www.netto-online.de/filialangebote"
"2026-09-07 19:45 Europe/Berlin","Netto","Peterstr. 50, 52062 Aachen","52062","Spar-Angebote","07.09.2026-12.09.2026","Manner Crunchies","130 g | 15.31 / kg | versch. Sorten","1.99","","-20 %","UVP 2.49","https://www.netto-online.de/filialangebote"
"2026-09-07 19:45 Europe/Berlin","Netto","Peterstr. 50, 52062 Aachen","52062","Payback-Angebote","07.09.2026-12.09.2026","GAZI Grill- und Pfannenkäse","200 g | 9.95 / kg | gekühlt, versch. Sorten","1.99","","-33 %","UVP 2.99","https://www.netto-online.de/filialangebote"
"2026-09-07 19:45 Europe/Berlin","Netto","Peterstr. 50, 52062 Aachen","52062","Payback-Angebote","07.09.2026-12.09.2026","Heinz Curry Gewürz Ketchup","400 ml | 4.98 / l | versch. Sorten","1.99","","-33 %","UVP 2.99","https://www.netto-online.de/filialangebote"
"2026-09-07 19:45 Europe/Berlin","Netto","Peterstr. 50, 52062 Aachen","52062","Payback-Angebote","07.09.2026-12.09.2026","Zetti Knusperflocken","130 g | 13.77 / kg | versch. Sorten","1.79","","-25 %","UVP 2.39","https://www.netto-online.de/filialangebote"
"2026-09-07 19:45 Europe/Berlin","Netto","Peterstr. 50, 52062 Aachen","52062","Payback-Angebote","07.09.2026-12.09.2026","Bud Spencer Schoko-Bohnen","150 g | 16.60 / kg | versch. Sorten","2.49","","-28 %","UVP 3.49","https://www.netto-online.de/filialangebote"
"2026-09-07 19:45 Europe/Berlin","Netto","Peterstr. 50, 52062 Aachen","52062","Payback-Angebote","07.09.2026-12.09.2026","Henglein Hefe- oder Strudelteig","300 g - 450 g | 3.98 - 5.97 / kg | gekühlt","1.79","","-28 %","UVP 2.49","https://www.netto-online.de/filialangebote"
"2026-09-07 19:45 Europe/Berlin","Netto","Peterstr. 50, 52062 Aachen","52062","Payback-Angebote","07.09.2026-12.09.2026","Mr. Wang Instantnudeln 5er-Pack","5 x 65 g | 4.58 / kg | versch. Sorten","1.49","","-25 %","statt 1.99","https://www.netto-online.de/filialangebote"
"2026-09-07 19:45 Europe/Berlin","Netto","Peterstr. 50, 52062 Aachen","52062","Payback-Angebote","07.09.2026-12.09.2026","Maggi Guten Appetit Suppen","0,75 l - 1 l | 0.69 - 0.92 / l | versch. Sorten","0.69","","-30 %","statt 0.99","https://www.netto-online.de/filialangebote"
"2026-09-07 19:45 Europe/Berlin","Netto","Peterstr. 50, 52062 Aachen","52062","Payback-Angebote","07.09.2026-12.09.2026","Müller‘s Mühle Linsen","500 g | 2.58 / kg | versch. Sorten","1.29","","-48 %","UVP 2.49","https://www.netto-online.de/filialangebote"
"2026-09-07 19:45 Europe/Berlin","Netto","Peterstr. 50, 52062 Aachen","52062","Payback-Angebote","07.09.2026-12.09.2026","Fruchtkaramellen","250 g | 5.96 / kg","1.49","","-21 %","statt 1.89","https://www.netto-online.de/filialangebote"
"2026-09-07 19:45 Europe/Berlin","Netto","Peterstr. 50, 52062 Aachen","52062","Payback-Angebote","07.09.2026-12.09.2026","Langnese Cremissimo Eis","825 ml - 900 ml | 2.47 - 2.69 / l | tiefgekühlt, versch. Sorten","2.22","","-44 %","UVP 3.99","https://www.netto-online.de/filialangebote"
"2026-09-07 19:45 Europe/Berlin","Netto","Peterstr. 50, 52062 Aachen","52062","Payback-Angebote","07.09.2026-12.09.2026","Kellogg’s Cerealien","400 g - 420 g | 10.69 - 11.23 / kg | versch. Sorten","4.49","","","Dauertiefpreis","https://www.netto-online.de/filialangebote"
"2026-09-07 19:45 Europe/Berlin","Netto","Peterstr. 50, 52062 Aachen","52062","Payback-Angebote","07.09.2026-12.09.2026","Effect Energy Drink","0,33 l | 2.39 / l | taurin- & koffeinhaltig, versch. Sorten","0.79","","-27 %","statt 1.09","https://www.netto-online.de/filialangebote"
"2026-09-07 19:45 Europe/Berlin","Netto","Peterstr. 50, 52062 Aachen","52062","Payback-Angebote","07.09.2026-12.09.2026","Volvic Juicy","1 l | versch. Sorten","1.29","","-31 %","UVP 1.89","https://www.netto-online.de/filialangebote"
"2026-09-07 19:45 Europe/Berlin","Netto","Peterstr. 50, 52062 Aachen","52062","Payback-Angebote","07.09.2026-12.09.2026","Le Rustique Weichkäse","200 g - 250 g | 11.16 - 13.95 / kg | gekühlt, versch. Sorten","2.79","","-30 %","statt 3.99","https://www.netto-online.de/filialangebote"
"2026-09-07 19:45 Europe/Berlin","Netto","Peterstr. 50, 52062 Aachen","52062","Payback-Angebote","07.09.2026-12.09.2026","funny-frisch Linsen- oder popchips","80 g - 90 g | 16.56 - 18.63 / kg | versch. Sorten","1.49","","-25 %","statt 1.99","https://www.netto-online.de/filialangebote"
"2026-09-07 19:45 Europe/Berlin","Netto","Peterstr. 50, 52062 Aachen","52062","Payback-Angebote","07.09.2026-12.09.2026","Sheridan‘s Original Coffee Layered Liqueur","0,5 l | 19.98 / l | 15,5 % Vol.","9.99","","-28 %","UVP 13.99","https://www.netto-online.de/filialangebote"
"2026-09-07 19:45 Europe/Berlin","Netto","Peterstr. 50, 52062 Aachen","52062","Obst & Gemüse","07.09.2026-12.09.2026","Äpfel rot","2 kg Beutel | 0.75 / kg | Deutschland, Kl. II","1.49","","-40 %","UVP 2.49","https://www.netto-online.de/filialangebote"
"2026-09-07 19:45 Europe/Berlin","Netto","Peterstr. 50, 52062 Aachen","52062","Obst & Gemüse","07.09.2026-12.09.2026","Rispentomaten","1 kg | Niederlande, Kl. I","2.29","","-23 %","UVP 2.99","https://www.netto-online.de/filialangebote"
"2026-09-07 19:45 Europe/Berlin","Netto","Peterstr. 50, 52062 Aachen","52062","Obst & Gemüse","07.09.2026-12.09.2026","Mango","Stück | Brasilien, Kl. I","0.99","","-33 %","UVP 1.49","https://www.netto-online.de/filialangebote"
"2026-09-07 19:45 Europe/Berlin","Netto","Peterstr. 50, 52062 Aachen","52062","Obst & Gemüse","07.09.2026-12.09.2026","Himbeeren","125 g | 15.92 / kg | Marokko / Portugal, Kl. I","1.99","","-16 %","UVP 2.39","https://www.netto-online.de/filialangebote"
"2026-09-07 19:45 Europe/Berlin","Netto","Peterstr. 50, 52062 Aachen","52062","Obst & Gemüse","07.09.2026-12.09.2026","Champignons weiß","400 g Schale | 4.23 / kg | Polen, Kl. I","1.69","","-15 %","UVP 1.99","https://www.netto-online.de/filialangebote"
"2026-09-07 19:45 Europe/Berlin","Netto","Peterstr. 50, 52062 Aachen","52062","Obst & Gemüse","07.09.2026-12.09.2026","Mini Cherryrispentomaten","200 g Schale | 8.95 / kg | Niederlande, Kl. I","1.79","","-21 %","statt 2.29","https://www.netto-online.de/filialangebote"
"2026-09-07 19:45 Europe/Berlin","Netto","Peterstr. 50, 52062 Aachen","52062","Obst & Gemüse","07.09.2026-12.09.2026","Zwetschgen","500 g Schale | 4.98 / kg | Deutschland, Kl. I","2.49","","-16 %","UVP 2.99","https://www.netto-online.de/filialangebote"
"2026-09-07 19:45 Europe/Berlin","Netto","Peterstr. 50, 52062 Aachen","52062","Obst & Gemüse","07.09.2026-12.09.2026","Kopfsalat","Stück | Deutschland, Kl. I","1.11","","-25 %","UVP 1.49","https://www.netto-online.de/filialangebote"
"2026-09-07 19:45 Europe/Berlin","Netto","Peterstr. 50, 52062 Aachen","52062","Obst & Gemüse","07.09.2026-12.09.2026","Zespri Kiwi grün","Stück | Neuseeland, Kl. I","0.39","","-20 %","UVP 0.49","https://www.netto-online.de/filialangebote"
"2026-09-07 19:45 Europe/Berlin","Netto","Peterstr. 50, 52062 Aachen","52062","Obst & Gemüse","07.09.2026-12.09.2026","Kohlrabi","Stück | Deutschland, Kl. I","0.44","","-36 %","UVP 0.69","https://www.netto-online.de/filialangebote"
"2026-09-07 19:45 Europe/Berlin","Netto","Peterstr. 50, 52062 Aachen","52062","Obst & Gemüse","07.09.2026-12.09.2026","Orangen","1,5 kg Netz | 1.66 / kg | Südafrika, Kl. I","2.49","","-16 %","UVP 2.99","https://www.netto-online.de/filialangebote"
"2026-09-07 19:45 Europe/Berlin","Netto","Peterstr. 50, 52062 Aachen","52062","Obst & Gemüse","07.09.2026-12.09.2026","Trauben dunkel kernlos","400 g Schale | 5.55 / kg | Spanien, Kl. I; Sorte: Sable Seedless, Kernlos","2.22","","-25 %","UVP 2.99","https://www.netto-online.de/filialangebote"
"2026-09-07 19:45 Europe/Berlin","Netto","Peterstr. 50, 52062 Aachen","52062","Obst & Gemüse","07.09.2026-12.09.2026","Bio Äpfel","1 kg Beutel | Deutschland, Kl. II","2.29","","-23 %","UVP 2.99","https://www.netto-online.de/filialangebote"
"2026-09-07 19:45 Europe/Berlin","Netto","Peterstr. 50, 52062 Aachen","52062","Obst & Gemüse","07.09.2026-12.09.2026","Bio Zitronen","500 g Netz | 3.58 / kg | Spanien, Kl. II","1.79","","-18 %","UVP 2.19","https://www.netto-online.de/filialangebote"
"2026-09-07 19:45 Europe/Berlin","Netto","Peterstr. 50, 52062 Aachen","52062","Obst & Gemüse","07.09.2026-12.09.2026","Bio Ingwer","100 g | 3.90 / kg | China","0.39","","-20 %","UVP 0.49","https://www.netto-online.de/filialangebote"
"2026-09-07 19:45 Europe/Berlin","Netto","Peterstr. 50, 52062 Aachen","52062","Obst & Gemüse","07.09.2026-12.09.2026","Bio Knoblauch","150 g Netz | 8.60 / kg | Argentinien / Spanien, Kl. II","1.29","","-13 %","UVP 1.49","https://www.netto-online.de/filialangebote"
"2026-09-07 19:45 Europe/Berlin","Netto","Peterstr. 50, 52062 Aachen","52062","Obst & Gemüse","07.09.2026-12.09.2026","Bio-Rote Bete","500 g | 2.58 / kg | Frankreich, gekocht","1.29","","-13 %","UVP 1.49","https://www.netto-online.de/filialangebote"
"2026-09-07 19:45 Europe/Berlin","Netto","Peterstr. 50, 52062 Aachen","52062","Obst & Gemüse","07.09.2026-12.09.2026","Bio Zucchini","500 g Bund | 2.98 / kg | Deutschland, Kl. II","1.49","","","Aktion","https://www.netto-online.de/filialangebote"
"2026-09-07 19:45 Europe/Berlin","Netto","Peterstr. 50, 52062 Aachen","52062","Fleisch & Wurst","07.09.2026-12.09.2026","Hähnchen-Oberkeulensteaks","400 g | 7.48 / kg | ohne Haut, Knoblauchbutter-Marinade","2.99","2.69","-25 %","UVP 3.99","https://www.netto-online.de/filialangebote"
"2026-09-07 19:45 Europe/Berlin","Netto","Peterstr. 50, 52062 Aachen","52062","Fleisch & Wurst","07.09.2026-12.09.2026","Gulasch vom Rind","500 g | 12.98 / kg | zart und saftig","6.49","","-16 %","statt 7.79","https://www.netto-online.de/filialangebote"
"2026-09-07 19:45 Europe/Berlin","Netto","Peterstr. 50, 52062 Aachen","52062","Fleisch & Wurst","07.09.2026-12.09.2026","Schweine-Schnitzel","500 g | 6.98 / kg | aus der Oberschale","3.49","","-23 %","UVP 4.59","https://www.netto-online.de/filialangebote"
"2026-09-07 19:45 Europe/Berlin","Netto","Peterstr. 50, 52062 Aachen","52062","Fleisch & Wurst","07.09.2026-12.09.2026","Hähnchen-Schnitte","720 g | 6.93 / kg | paniert, vorgegart","4.99","","-28 %","UVP 6.99","https://www.netto-online.de/filialangebote"
"2026-09-07 19:45 Europe/Berlin","Netto","Peterstr. 50, 52062 Aachen","52062","Fleisch & Wurst","07.09.2026-12.09.2026","Schweine-Rücken","pro kg | ohne Knochen, vakuumverpackt, ca. 2 kg","3.99","","-50 %","UVP 7.99","https://www.netto-online.de/filialangebote"
"2026-09-07 19:45 Europe/Berlin","Netto","Peterstr. 50, 52062 Aachen","52062","Fleisch & Wurst","07.09.2026-12.09.2026","Mais-Hähnchenschenkel","1,1 kg | 3.63 / kg | natur, Hkl. A","3.99","","-20 %","UVP 4.99","https://www.netto-online.de/filialangebote"
"2026-09-07 19:45 Europe/Berlin","Netto","Peterstr. 50, 52062 Aachen","52062","Fleisch & Wurst","07.09.2026-12.09.2026","Original US Beef Burger","260 g | 15.35 / kg | gewürzt","3.99","","-20 %","UVP 4.99","https://www.netto-online.de/filialangebote"
"2026-09-07 19:45 Europe/Berlin","Netto","Peterstr. 50, 52062 Aachen","52062","Fleisch & Wurst","07.09.2026-12.09.2026","Suppenfleisch vom Rind","500 g | 11.98 / kg | ohne Knochen","5.99","","-23 %","statt 7.79","https://www.netto-online.de/filialangebote"
"2026-09-07 19:45 Europe/Berlin","Netto","Peterstr. 50, 52062 Aachen","52062","Fleisch & Wurst","07.09.2026-12.09.2026","Salami-Aufschnitt","200 g | 7.45 / kg | versch. Sorten
Regionale Verpackungsabweichungen möglich","1.49","","-11 %","statt 1.69","https://www.netto-online.de/filialangebote"
"2026-09-07 19:45 Europe/Berlin","Netto","Peterstr. 50, 52062 Aachen","52062","Fleisch & Wurst","07.09.2026-12.09.2026","Lachsschinken","150 g | 13.27 / kg | versch. Sorten","1.99","","-16 %","UVP 2.39","https://www.netto-online.de/filialangebote"
"2026-09-07 19:45 Europe/Berlin","Netto","Peterstr. 50, 52062 Aachen","52062","Fleisch & Wurst","07.09.2026-12.09.2026","Mettenden","300 g | 7.63 / kg | herzhaft","2.29","","-14 %","statt 2.69","https://www.netto-online.de/filialangebote"
"2026-09-07 19:45 Europe/Berlin","Netto","Peterstr. 50, 52062 Aachen","52062","Fleisch & Wurst","07.09.2026-12.09.2026","Wurst-Aufschnitt","100 g - 125 g | 9.52 - 11.90 / kg | versch. Sorten","1.19","","-20 %","UVP 1.49","https://www.netto-online.de/filialangebote"
"2026-09-07 19:45 Europe/Berlin","Netto","Peterstr. 50, 52062 Aachen","52062","Fleisch & Wurst","07.09.2026-12.09.2026","Bifi","6 x 20 g; 3 x 45 g; 3 x 40 g; 5 x 20 g | 14.74 - 19.90 / kg | versch. Sorten","1.99","","-33 %","statt 2.99","https://www.netto-online.de/filialangebote"
"2026-09-07 19:45 Europe/Berlin","Netto","Peterstr. 50, 52062 Aachen","52062","Fleisch & Wurst","07.09.2026-12.09.2026","Leberwurst oder Teewurst","125 g - 175 g | 6.34 - 8.88 / kg | versch. Sorten","1.11","","-13 %","UVP 1.29","https://www.netto-online.de/filialangebote"
"2026-09-07 19:45 Europe/Berlin","Netto","Peterstr. 50, 52062 Aachen","52062","Fleisch & Wurst","07.09.2026-12.09.2026","Rinder-Burger, Chicken-Burger oder Hot-Dog","2 x 100 g - 150 g | 8.30 - 12.45 / kg","2.49","","-10 %","UVP 2.79","https://www.netto-online.de/filialangebote"
"2026-09-07 19:45 Europe/Berlin","Netto","Peterstr. 50, 52062 Aachen","52062","Fleisch & Wurst","07.09.2026-12.09.2026","Prosciutto Cotto","200 g | 9.95 / kg","1.99","1.79","-16 %","UVP 2.39","https://www.netto-online.de/filialangebote"
"2026-09-07 19:45 Europe/Berlin","Netto","Peterstr. 50, 52062 Aachen","52062","Kühlregal & Tiefkühlung","07.09.2026-12.09.2026","Miree Frischkäsezubereitung","150 g | 7.40 / kg | gekühlt, versch. Sorten","1.11","0.99","-41 %","UVP 1.89","https://www.netto-online.de/filialangebote"
"2026-09-07 19:45 Europe/Berlin","Netto","Peterstr. 50, 52062 Aachen","52062","Kühlregal & Tiefkühlung","07.09.2026-12.09.2026","Zott Protein Pudding oder Mousse","200 g | 5.- / kg | gekühlt, versch. Sorten","1","0.89","-44 %","UVP 1.79","https://www.netto-online.de/filialangebote"
"2026-09-07 19:45 Europe/Berlin","Netto","Peterstr. 50, 52062 Aachen","52062","Kühlregal & Tiefkühlung","07.09.2026-12.09.2026","Popp Brotaufstrich","250 g | 7.96 / kg | gekühlt, versch. Sorten","1.99","","-20 %","UVP 2.49","https://www.netto-online.de/filialangebote"
"2026-09-07 19:45 Europe/Berlin","Netto","Peterstr. 50, 52062 Aachen","52062","Kühlregal & Tiefkühlung","07.09.2026-12.09.2026","Cheesecake","2 x 80 g - 85 g | 17.59 - 18.69 / kg | gekühlt, versch. Sorten","2.99","","-14 %","UVP 3.49","https://www.netto-online.de/filialangebote"
"2026-09-07 19:45 Europe/Berlin","Netto","Peterstr. 50, 52062 Aachen","52062","Kühlregal & Tiefkühlung","07.09.2026-12.09.2026","Alpro Drink","8 x 1 l | 1.88 / l | versch. Sorten
Einzelpreis: 2.99 (2.99 / l)","15","14","-37 %","statt 23.92","https://www.netto-online.de/filialangebote"
"2026-09-07 19:45 Europe/Berlin","Netto","Peterstr. 50, 52062 Aachen","52062","Kühlregal & Tiefkühlung","07.09.2026-12.09.2026","Exquisa Quark-Genuss","250 g - 500 g | 2.98 – 5.96 / kg | gekühlt, versch. Sorten","1.49","","-21 %","UVP 1.89","https://www.netto-online.de/filialangebote"
"2026-09-07 19:45 Europe/Berlin","Netto","Peterstr. 50, 52062 Aachen","52062","Kühlregal & Tiefkühlung","07.09.2026-12.09.2026","Cheestrings","4 x 20 g | 24.88 / kg | gekühlt, versch. Sorten","1.99","","-13 %","statt 2.29","https://www.netto-online.de/filialangebote"
"2026-09-07 19:45 Europe/Berlin","Netto","Peterstr. 50, 52062 Aachen","52062","Kühlregal & Tiefkühlung","07.09.2026-12.09.2026","Ehrmann Milk Twist","400 ml | 2.23 / l | gekühlt, versch. Sorten","0.89","","-40 %","UVP 1.49","https://www.netto-online.de/filialangebote"
"2026-09-07 19:45 Europe/Berlin","Netto","Peterstr. 50, 52062 Aachen","52062","Kühlregal & Tiefkühlung","07.09.2026-12.09.2026","True Fruits Smoothie","250 ml | 9.16 / l | gekühlt, versch. Sorten","2.29","","-20 %","UVP 2.89","https://www.netto-online.de/filialangebote"
"2026-09-07 19:45 Europe/Berlin","Netto","Peterstr. 50, 52062 Aachen","52062","Kühlregal & Tiefkühlung","07.09.2026-12.09.2026","Genusswelt Kartoffel- oder Weißkrautsalat XXL","1,2 kg | 2.08 / kg | gekühlt","2.49","","","Aktion","https://www.netto-online.de/filialangebote"
"2026-09-07 19:45 Europe/Berlin","Netto","Peterstr. 50, 52062 Aachen","52062","Kühlregal & Tiefkühlung","07.09.2026-12.09.2026","Kinder Choco fresh oder Paradiso","5 x 20,5 g; 4 x 29 g | 15.43 - 17.46 / kg | gekühlt","1.79","","-25 %","UVP 2.39","https://www.netto-online.de/filialangebote"
"2026-09-07 19:45 Europe/Berlin","Netto","Peterstr. 50, 52062 Aachen","52062","Kühlregal & Tiefkühlung","07.09.2026-12.09.2026","Vici Surimi Sticks","100 g | 10.- / kg | gekühlt","1","0.90","-32 %","UVP 1.49","https://www.netto-online.de/filialangebote"
"2026-09-07 19:45 Europe/Berlin","Netto","Peterstr. 50, 52062 Aachen","52062","Kühlregal & Tiefkühlung","07.09.2026-12.09.2026","Kärntnermilch Bio Käsestücke","350 g | 14.26 / kg | gekühlt, versch. Sorten","4.99","","-16 %","UVP 5.99","https://www.netto-online.de/filialangebote"
"2026-09-07 19:45 Europe/Berlin","Netto","Peterstr. 50, 52062 Aachen","52062","Kühlregal & Tiefkühlung","07.09.2026-12.09.2026","Ice Fantasy Skyr Stieleis","270 ml | 11.07 / l | tiefgekühlt, versch. Sorten","2.99","2.69","","Dauertiefpreis","https://www.netto-online.de/filialangebote"
"2026-09-07 19:45 Europe/Berlin","Netto","Peterstr. 50, 52062 Aachen","52062","Kühlregal & Tiefkühlung","07.09.2026-12.09.2026","Ben&Jerry‘s Eisbecher","465 ml | 9.55 / l | tiefgekühlt, versch. Sorten","4.44","","-36 %","statt 6.99","https://www.netto-online.de/filialangebote"
"2026-09-07 19:45 Europe/Berlin","Netto","Peterstr. 50, 52062 Aachen","52062","Kühlregal & Tiefkühlung","07.09.2026-12.09.2026","Costa Ofenfisch","3 x 400 g | 6.65 / kg | tiefgekühlt, versch. Sorten
Einzelpreis: 3.99 (9.98 / kg)","7.98","","-33 %","statt 11.97","https://www.netto-online.de/filialangebote"
"2026-09-07 19:45 Europe/Berlin","Netto","Peterstr. 50, 52062 Aachen","52062","Kühlregal & Tiefkühlung","07.09.2026-12.09.2026","Coppenrath & Wiese Sahnerolle","400 g | 7.48 / kg | tiefgekühlt, versch. Sorten","2.99","","-25 %","UVP 3.99","https://www.netto-online.de/filialangebote"
"2026-09-07 19:45 Europe/Berlin","Netto","Peterstr. 50, 52062 Aachen","52062","Kühlregal & Tiefkühlung","07.09.2026-12.09.2026","Fingerfood","250 g | 7.56 / kg | tiefgekühlt, versch. Sorten","1.89","","-13 %","statt 2.19","https://www.netto-online.de/filialangebote"
"2026-09-07 19:45 Europe/Berlin","Netto","Peterstr. 50, 52062 Aachen","52062","Kühlregal & Tiefkühlung","07.09.2026-12.09.2026","Dr. Oetker Pizza – Die Ofenfrische","390 g - 410 g | 5.41 - 5.69 / kg | tiefgekühlt, versch. Sorten","2.22","","-39 %","UVP 3.69","https://www.netto-online.de/filialangebote"
"2026-09-07 19:45 Europe/Berlin","Netto","Peterstr. 50, 52062 Aachen","52062","Kühlregal & Tiefkühlung","07.09.2026-12.09.2026","Obst","300 g | 5.97 / kg | tiefgekühlt, versch. Sorten","1.79","","","Aktion","https://www.netto-online.de/filialangebote"
"2026-09-07 19:45 Europe/Berlin","Netto","Peterstr. 50, 52062 Aachen","52062","Backstube","07.09.2026-12.09.2026","Würstchen Dog","Stück | Gilt nur in Filialen mit Backautomat!","0.89","","-10 %","UVP 0.99","https://www.netto-online.de/filialangebote"
"2026-09-07 19:45 Europe/Berlin","Netto","Peterstr. 50, 52062 Aachen","52062","Backstube","07.09.2026-12.09.2026","Buttercroissant","Stück | Gilt nur in Filialen mit Backautomat!","0.39","","-20 %","UVP 0.49","https://www.netto-online.de/filialangebote"
"2026-09-07 19:45 Europe/Berlin","Netto","Peterstr. 50, 52062 Aachen","52062","Backstube","07.09.2026-12.09.2026","Laugenstange","Stück | Gilt nur in Filialen mit Backautomat!","0.35","","-10 %","statt 0.39","https://www.netto-online.de/filialangebote"
"2026-09-07 19:45 Europe/Berlin","Netto","Peterstr. 50, 52062 Aachen","52062","Backstube","07.09.2026-12.09.2026","Donut","Stück | Mango Maracuja oder Erdbeere","0.55","","","Aktion","https://www.netto-online.de/filialangebote"
"2026-09-07 19:45 Europe/Berlin","Netto","Peterstr. 50, 52062 Aachen","52062","Backstube","07.09.2026-12.09.2026","Kürbiskernbrot","750 g | 3.32 / kg | Gilt nur in Filialen mit Backautomat!","2.49","","","Aktion","https://www.netto-online.de/filialangebote"
"2026-09-07 19:45 Europe/Berlin","Netto","Peterstr. 50, 52062 Aachen","52062","Backstube","07.09.2026-12.09.2026","Kirschtasche","Stück | Gilt nur in Filialen mit Backautomat!","0.99","0.79","","Aktion","https://www.netto-online.de/filialangebote"
"2026-09-07 19:45 Europe/Berlin","Netto","Peterstr. 50, 52062 Aachen","52062","Backstube","07.09.2026-12.09.2026","Kaiser-, Mohn- oder Sesambrötchen","8 Stück | Einzelpreis 0.19 – 0.25 
Gilt nur in Filialen mit Backautomat!","1","","-bis zu 50 %","1.52 - 2.-","https://www.netto-online.de/filialangebote"
"2026-09-07 19:45 Europe/Berlin","Netto","Peterstr. 50, 52062 Aachen","52062","Preis-Kracher","07.09.2026-12.09.2026","Ital Pizza La Bomba","465 g | 7.16 / kg | tiefgekühlt, versch. Sorten","3.33","2.99","-25 %","statt 4.49","https://www.netto-online.de/filialangebote"
"2026-09-07 19:45 Europe/Berlin","Netto","Peterstr. 50, 52062 Aachen","52062","Preis-Kracher","07.09.2026-12.09.2026","Green Mountain Chicken Chunks","180 g - 220 g | 11.32 - 13.83 / kg | gekühlt, versch. Sorten","2.49","","-16 %","UVP 2.99","https://www.netto-online.de/filialangebote"
"2026-09-07 19:45 Europe/Berlin","Netto","Peterstr. 50, 52062 Aachen","52062","Preis-Kracher","07.09.2026-12.09.2026","Pfanni Bratkartoffeln","400 g | 3.73 / kg","1.49","","-46 %","statt 2.79","https://www.netto-online.de/filialangebote"
"2026-09-07 19:45 Europe/Berlin","Netto","Peterstr. 50, 52062 Aachen","52062","Preis-Kracher","07.09.2026-12.09.2026","Leerdammer Knusperminis","150 g | 14.80 / kg | gekühlt, versch. Sorten","2.22","","-25 %","UVP 2.99","https://www.netto-online.de/filialangebote"
"2026-09-07 19:45 Europe/Berlin","Netto","Peterstr. 50, 52062 Aachen","52062","Preis-Kracher","07.09.2026-12.09.2026","Mutti Pastasauce oder Pesto","180 g - 400 g | 5.73 - 12.72 / kg | versch. Sorten","2.29","","-30 %","UVP 3.29","https://www.netto-online.de/filialangebote"
"2026-09-07 19:45 Europe/Berlin","Netto","Peterstr. 50, 52062 Aachen","52062","Preis-Kracher","07.09.2026-12.09.2026","Steinhaus Pasta Rustica","400 g | 7.48 / kg | gekühlt, versch. Sorten","2.99","","-33 %","UVP 4.49","https://www.netto-online.de/filialangebote"
"2026-09-07 19:45 Europe/Berlin","Netto","Peterstr. 50, 52062 Aachen","52062","Preis-Kracher","07.09.2026-12.09.2026","Oryza Himalaya Basmatireis","500 g | 3.98 / kg","1.99","","-20 %","UVP 2.49","https://www.netto-online.de/filialangebote"
"2026-09-07 19:45 Europe/Berlin","Netto","Peterstr. 50, 52062 Aachen","52062","Preis-Kracher","07.09.2026-12.09.2026","XOX Erdnüsse","1 kg | versch. Sorten","4.99","","-28 %","UVP 6.99","https://www.netto-online.de/filialangebote"
"2026-09-07 19:45 Europe/Berlin","Netto","Peterstr. 50, 52062 Aachen","52062","Preis-Kracher","07.09.2026-12.09.2026","Jaus Premium Protein Buns","360 g | 4.97 / kg","1.79","","-10 %","UVP 1.99","https://www.netto-online.de/filialangebote"
"2026-09-07 19:45 Europe/Berlin","Netto","Peterstr. 50, 52062 Aachen","52062","Preis-Kracher","07.09.2026-12.09.2026","Bonduelle Goldmais","285 g | 4.53 / kg","1.29","0.99","-27 %","statt 1.79","https://www.netto-online.de/filialangebote"
"2026-09-07 19:45 Europe/Berlin","Netto","Peterstr. 50, 52062 Aachen","52062","Preis-Kracher","07.09.2026-12.09.2026","Mondamin Soßenbinder","250 g | 5.16 / kg | hell oder dunkel","1.29","","-27 %","statt 1.79","https://www.netto-online.de/filialangebote"
"2026-09-07 19:45 Europe/Berlin","Netto","Peterstr. 50, 52062 Aachen","52062","Preis-Kracher","07.09.2026-12.09.2026","Thüringer Rostbratwurst","500 g | 5.98 / kg | gebrüht","2.99","","-21 %","UVP 3.79","https://www.netto-online.de/filialangebote"
"2026-09-07 19:45 Europe/Berlin","Netto","Peterstr. 50, 52062 Aachen","52062","Preis-Kracher","07.09.2026-12.09.2026","Dr. Oetker Paradiescreme","300 ml | 2.63 / l | versch. Sorten","0.79","","-38 %","statt 1.29","https://www.netto-online.de/filialangebote"
"2026-09-07 19:45 Europe/Berlin","Netto","Peterstr. 50, 52062 Aachen","52062","Preis-Kracher","07.09.2026-12.09.2026","Sias Choi‘s Bibimmyeon Instant Nudeln","123 g - 131 g | 11.37 - 12.11 / kg | versch. Sorten","1.49","1.29","-25 %","UVP 1.99","https://www.netto-online.de/filialangebote"
"2026-09-07 19:45 Europe/Berlin","Netto","Peterstr. 50, 52062 Aachen","52062","Preis-Kracher","07.09.2026-12.09.2026","Lay's Chips","110 g - 150 g | 7.93 - 10.82 / kg | versch. Sorten","1.19","","-40 %","statt 1.99","https://www.netto-online.de/filialangebote"
"2026-09-07 19:45 Europe/Berlin","Netto","Peterstr. 50, 52062 Aachen","52062","Preis-Kracher","07.09.2026-12.09.2026","Lukull Sauce Hollandaise","250 ml | 5.96 / l | versch. Sorten","1.49","","-44 %","UVP 2.69","https://www.netto-online.de/filialangebote"
"2026-09-07 19:45 Europe/Berlin","Netto","Peterstr. 50, 52062 Aachen","52062","Preis-Kracher","07.09.2026-12.09.2026","Knorr Salat Krönung","ergibt 5 x 90 ml | 1.46 - 1.76 / l | versch. Sorten","0.79","","-50 %","UVP 1.59","https://www.netto-online.de/filialangebote"
"2026-09-07 19:45 Europe/Berlin","Netto","Peterstr. 50, 52062 Aachen","52062","Preis-Kracher","07.09.2026-12.09.2026","Kölln Müsli","1,15 kg - 1,2 kg | 4.99 - 5.21 / kg | versch. Sorten","5.99","","-25 %","UVP 7.99","https://www.netto-online.de/filialangebote"
"2026-09-07 19:45 Europe/Berlin","Netto","Peterstr. 50, 52062 Aachen","52062","Preis-Kracher","07.09.2026-12.09.2026","Schwip Schwap oder Pepsi","0,33 l | 2.09 / l | koffeinhaltig, versch. Sorten","0.69","","-22 %","UVP 0.89","https://www.netto-online.de/filialangebote"
"2026-09-07 19:45 Europe/Berlin","Netto","Peterstr. 50, 52062 Aachen","52062","Preis-Kracher","07.09.2026-12.09.2026","Granini Die Limo","1 l | teilw. koffeinhaltig, versch. Sorten","1.29","","-27 %","UVP 1.79","https://www.netto-online.de/filialangebote"
"2026-09-07 19:45 Europe/Berlin","Netto","Peterstr. 50, 52062 Aachen","52062","Preis-Kracher","07.09.2026-12.09.2026","St. Hubertus-Tropfen Kräuter-Likör","24 x 20 ml | 12.48 / l | 30% Vol.","5.99","","-20 %","UVP 7.49","https://www.netto-online.de/filialangebote"
"2026-09-07 19:45 Europe/Berlin","Netto","Peterstr. 50, 52062 Aachen","52062","Preis-Kracher","07.09.2026-12.09.2026","Rauch Eistee","0,33 l | 2.09 / l | versch. Sorten","0.69","","-22 %","UVP 0.89","https://www.netto-online.de/filialangebote"
"2026-09-07 19:45 Europe/Berlin","Netto","Peterstr. 50, 52062 Aachen","52062","Preis-Kracher","07.09.2026-12.09.2026","Bravo","0,5 l | 1.58 / l | versch. Sorten","0.79","","-20 %","UVP 0.99","https://www.netto-online.de/filialangebote"
"2026-09-07 19:45 Europe/Berlin","Netto","Peterstr. 50, 52062 Aachen","52062","Preis-Kracher","07.09.2026-12.09.2026","Vitrex","6 x 1,5 l | 0,66 / l | versch. Sorten
Einzelpreis: 0.99, zzgl. Pfand 0.25","3.99","","-32 %","statt 5.94","https://www.netto-online.de/filialangebote"
"2026-09-07 19:45 Europe/Berlin","Netto","Peterstr. 50, 52062 Aachen","52062","Preis-Kracher","07.09.2026-12.09.2026","Desperados Original oder Tropical","4 x 0,33 l | 3.78 / l","4.99","","-28 %","UVP 6.99","https://www.netto-online.de/filialangebote"
"2026-09-07 19:45 Europe/Berlin","Netto","Peterstr. 50, 52062 Aachen","52062","Preis-Kracher","07.09.2026-12.09.2026","Erdinger Brauhaus","20 x 0,5 l | 1.50 / l | Helles oder Helles Alkoholfrei","14.99","","-28 %","UVP 20.99","https://www.netto-online.de/filialangebote"
"2026-09-07 19:45 Europe/Berlin","Netto","Peterstr. 50, 52062 Aachen","52062","Preis-Kracher","07.09.2026-12.09.2026","Paulaner Hefe-Weißbier Naturtrüb","20 x 0,5 l | 1.40 / l","13.99","","-33 %","statt 20.99","https://www.netto-online.de/filialangebote"
"2026-09-07 19:45 Europe/Berlin","Netto","Peterstr. 50, 52062 Aachen","52062","Kühlregal & Tiefkühlung","07.09.2026-12.09.2026","Dom Kölsch","20 x 0,5 l | 1.20 / l","11.99","","-14 %","statt 13.99","https://www.netto-online.de/filialangebote"
"2026-09-07 19:45 Europe/Berlin","Netto","Peterstr. 50, 52062 Aachen","52062","Getränke","07.09.2026-12.09.2026","Beck's Pils","2 x 20 x 0,5 l | 1.10 / l | Einzelkiste: 19.99 (2.– / l)","21.98","","-45 %","statt 39.98","https://www.netto-online.de/filialangebote"
"2026-09-07 19:45 Europe/Berlin","Netto","Peterstr. 50, 52062 Aachen","52062","Getränke","07.09.2026-12.09.2026","Paulaner Oktoberfest Bier","20 x 0,5 l | 1.60 / l","15.99","","-23 %","UVP 20.99","https://www.netto-online.de/filialangebote"
"2026-09-07 19:45 Europe/Berlin","Netto","Peterstr. 50, 52062 Aachen","52062","Getränke","07.09.2026-12.09.2026","Bitburger Premium Biere","6 x 0,33 l | 1.91 / l | versch. Sorten","3.79","","-19 %","UVP 4.69","https://www.netto-online.de/filialangebote"
"2026-09-07 19:45 Europe/Berlin","Netto","Peterstr. 50, 52062 Aachen","52062","Getränke","07.09.2026-12.09.2026","Veltins Helles Pülleken","24 x 0,33 l | 1.89 / l","14.99","","-16 %","UVP 17.99","https://www.netto-online.de/filialangebote"
"2026-09-07 19:45 Europe/Berlin","Netto","Peterstr. 50, 52062 Aachen","52062","Getränke","07.09.2026-12.09.2026","Paulaner Spezi","20 x 0,5 l | 1.10 / l | koffeinhaltig","10.99","","-33 %","UVP 16.49","https://www.netto-online.de/filialangebote"
"2026-09-07 19:45 Europe/Berlin","Netto","Peterstr. 50, 52062 Aachen","52062","Getränke","07.09.2026-12.09.2026","Corona Extra","0,33 l | 2.70 / l","0.89","","-25 %","UVP 1.19","https://www.netto-online.de/filialangebote"
"2026-09-07 19:45 Europe/Berlin","Netto","Peterstr. 50, 52062 Aachen","52062","Getränke","07.09.2026-12.09.2026","Sinalco Cola oder Limonaden","1,25 l | 0.63 / l | teilweise koffeinhaltig, versch. Sorten","0.79","","-27 %","UVP 1.09","https://www.netto-online.de/filialangebote"
"2026-09-07 19:45 Europe/Berlin","Netto","Peterstr. 50, 52062 Aachen","52062","Getränke","07.09.2026-12.09.2026","Gönrgy Energy Drink","0,5 l | 2.- / l | taurin- & koffeinhaltig, versch. Sorten","1","0.90","-32 %","UVP 1.49","https://www.netto-online.de/filialangebote"
"2026-09-07 19:45 Europe/Berlin","Netto","Peterstr. 50, 52062 Aachen","52062","Getränke","07.09.2026-12.09.2026","Eistee","2 l | 0.65 / l | versch. Sorten","1.29","1.19","","Aktion","https://www.netto-online.de/filialangebote"
"2026-09-07 19:45 Europe/Berlin","Netto","Peterstr. 50, 52062 Aachen","52062","Getränke","07.09.2026-12.09.2026","Bittergetränke","1 l | versch. Sorten","0.49","0.39","","Aktion","https://www.netto-online.de/filialangebote"
"2026-09-07 19:45 Europe/Berlin","Netto","Peterstr. 50, 52062 Aachen","52062","Getränke","07.09.2026-12.09.2026","Schorle oder Frucht G‘ Spritzer","9 x 0,5 l | 0.66 / l | versch. Sorten","2.99","","-14 %","statt 3.49","https://www.netto-online.de/filialangebote"
"2026-09-07 19:45 Europe/Berlin","Netto","Peterstr. 50, 52062 Aachen","52062","Obst & Gemüse","07.09.2026-12.09.2026","Gaffels Fassbrause Zitrone","6 x 0,33 l | 1.76 / l","3.49","","-27 %","UVP 4.79","https://www.netto-online.de/filialangebote"
"2026-09-07 19:45 Europe/Berlin","Netto","Peterstr. 50, 52062 Aachen","52062","Getränke","07.09.2026-12.09.2026","Ouzo 12 Anis- Spirituose","0,7 l | 14.27 / l | 38% Vol.","9.99","","-16 %","statt 11.99","https://www.netto-online.de/filialangebote"
"2026-09-07 19:45 Europe/Berlin","Netto","Peterstr. 50, 52062 Aachen","52062","Getränke","07.09.2026-12.09.2026","Licor 43","0,7 l | 18.56 / l | spanischer Traditionslikör, 31% Vol.
 Milchshake Glas GRATIS!","12.99","","-18 %","UVP 15.99","https://www.netto-online.de/filialangebote"
"2026-09-07 19:45 Europe/Berlin","Netto","Peterstr. 50, 52062 Aachen","52062","Knabbereien","07.09.2026-12.09.2026","Die Besten","155 g - 166 g | 30.06 - 32.19 / kg","4.99","4.49","","Dauertiefpreis","https://www.netto-online.de/filialangebote"
"2026-09-07 19:45 Europe/Berlin","Netto","Peterstr. 50, 52062 Aachen","52062","Knabbereien","07.09.2026-12.09.2026","Ferrero Küsschen","172 g - 190 g | 21.- - 23.20 / kg | feine Nuss-Spezialitäten, versch. Sorten","3.99","3.59","","Dauertiefpreis","https://www.netto-online.de/filialangebote"
"2026-09-07 19:45 Europe/Berlin","Netto","Peterstr. 50, 52062 Aachen","52062","Knabbereien","07.09.2026-12.09.2026","Ferrero Rocher","200 g | 23.95 / kg","4.79","4.29","","Dauertiefpreis","https://www.netto-online.de/filialangebote"
"2026-09-07 19:45 Europe/Berlin","Netto","Peterstr. 50, 52062 Aachen","52062","Knabbereien","07.09.2026-12.09.2026","Katjes Family Milchkater","250 g - 300 g | 4.97 - 5.96 / kg","1.49","1.29","","Dauertiefpreis","https://www.netto-online.de/filialangebote"
"2026-09-07 19:45 Europe/Berlin","Netto","Peterstr. 50, 52062 Aachen","52062","Knabbereien","07.09.2026-12.09.2026","Oreo Donut und Milka Donut","2er Pack 2 Stück; 130 g | 19.15 / kg","2.49","2.39","","Dauertiefpreis","https://www.netto-online.de/filialangebote"
"2026-09-07 19:45 Europe/Berlin","Netto","Peterstr. 50, 52062 Aachen","52062","Knabbereien","07.09.2026-12.09.2026","Wiebold Trüffelpralinen","200 g | 19.95 / kg | versch. Sorten","3.99","3.59","","Dauertiefpreis","https://www.netto-online.de/filialangebote"
"2026-09-07 19:45 Europe/Berlin","Netto","Peterstr. 50, 52062 Aachen","52062","Knabbereien","07.09.2026-12.09.2026","Lieblings Schokolade","150 g | 19.93 / kg | versch. Sorten","2.99","2.49","","Dauertiefpreis","https://www.netto-online.de/filialangebote"
"2026-09-07 19:45 Europe/Berlin","Netto","Peterstr. 50, 52062 Aachen","52062","Knabbereien","07.09.2026-12.09.2026","Schokoliebe Weinbrandbohnen","200 g | 11.45 / kg","2.29","1.99","","Dauertiefpreis","https://www.netto-online.de/filialangebote"
"2026-09-07 19:45 Europe/Berlin","Netto","Peterstr. 50, 52062 Aachen","52062","Knabbereien","07.09.2026-12.09.2026","St. Michel Snacks","180 g | 9.94 / kg | versch. Sorten","1.79","1.69","","Dauertiefpreis","https://www.netto-online.de/filialangebote"
"2026-09-07 19:45 Europe/Berlin","Netto","Peterstr. 50, 52062 Aachen","52062","Kühlregal & Tiefkühlung","07.09.2026-12.09.2026","5,0 Original oder Export","0,5 l | 1.38 / l | versch. Sorten","0.69","0.59","","Aktion","https://www.netto-online.de/filialangebote"
"2026-09-07 19:45 Europe/Berlin","Netto","Peterstr. 50, 52062 Aachen","52062","Getränke","07.09.2026-12.09.2026","Carlsberg","0,5 l | 2.58 / l | versch. Sorten","1.29","1.09","","Aktion","https://www.netto-online.de/filialangebote"
"2026-09-07 19:45 Europe/Berlin","Netto","Peterstr. 50, 52062 Aachen","52062","Getränke","07.09.2026-12.09.2026","Desperados Original","0,5 l | 4.38 / l | Bier mit Tequila aromatisiert","2.19","1.89","","Aktion","https://www.netto-online.de/filialangebote"
"2026-09-07 19:45 Europe/Berlin","Netto","Peterstr. 50, 52062 Aachen","52062","Getränke","07.09.2026-12.09.2026","Hansa Pils","0,5 l | 1.38 / l","0.69","0.59","","Aktion","https://www.netto-online.de/filialangebote"
"2026-09-07 19:45 Europe/Berlin","Netto","Peterstr. 50, 52062 Aachen","52062","Kühlregal & Tiefkühlung","07.09.2026-12.09.2026","Pülleken Helles","6 x 0,33 l | 2.58 / l | versch. Sorten","5.10","4.59","","Aktion","https://www.netto-online.de/filialangebote"
"2026-09-07 19:45 Europe/Berlin","Netto","Peterstr. 50, 52062 Aachen","52062","Getränke","07.09.2026-12.09.2026","Warsteiner","0,5 l | 1.98 / l | versch. Sorten","0.99","0.89","","Aktion","https://www.netto-online.de/filialangebote"
"2026-09-07 19:45 Europe/Berlin","Netto","Peterstr. 50, 52062 Aachen","52062","Kühlregal & Tiefkühlung","07.09.2026-12.09.2026","Gaffel Kölsch","0,5 l | 2.18 / l","1.09","0.89","","Aktion","https://www.netto-online.de/filialangebote"
"2026-09-07 19:45 Europe/Berlin","Netto","Peterstr. 50, 52062 Aachen","52062","Kühlregal & Tiefkühlung","07.09.2026-12.09.2026","Gaffel Fassbrause","0,5 l | 2.18 / l","1.09","0.89","","Aktion","https://www.netto-online.de/filialangebote"
"2026-09-07 19:45 Europe/Berlin","Netto","Peterstr. 50, 52062 Aachen","52062","Getränke","07.09.2026-12.09.2026","V+","0,5 l | 1.98 / l | taurin- und koffeinhaltig, versch. Sorten","0.99","0.89","","Aktion","https://www.netto-online.de/filialangebote"
"2026-09-07 19:45 Europe/Berlin","REWE","Markt 29-31, 52062 Aachen","52062","Getränke","07.09.2026-13.09.2026","Oatly Haferdrink Barista","versch. Sorten, je 1 l","1.79","","","","https://www.rewe.de/angebote/aachen/1763237/rewe-markt-markt-29-31/"
"2026-09-07 19:45 Europe/Berlin","REWE","Markt 29-31, 52062 Aachen","52062","Fleisch & Wurst","07.09.2026-13.09.2026","Rügenwalder Vegane Mühlen Cordon bleu","je 2 x 100 g | 12.45 / kg","2.49","","","","https://www.rewe.de/angebote/aachen/1763237/rewe-markt-markt-29-31/"
"2026-09-07 19:45 Europe/Berlin","REWE","Markt 29-31, 52062 Aachen","52062","Knabbereien","07.09.2026-13.09.2026","Kinder Country","je 9 x 23,5 g | 11.77 / kg","2.49","","","","https://www.rewe.de/angebote/aachen/1763237/rewe-markt-markt-29-31/"
"2026-09-07 19:45 Europe/Berlin","REWE","Markt 29-31, 52062 Aachen","52062","Getränke","07.09.2026-13.09.2026","Maybach Qualitätswein","versch. Sorten, je 0,75 l | 3.99 / l","2.99","","","","https://www.rewe.de/angebote/aachen/1763237/rewe-markt-markt-29-31/"
"2026-09-07 19:45 Europe/Berlin","REWE","Markt 29-31, 52062 Aachen","52062","Knabbereien","07.09.2026-13.09.2026","Katjes Fruchtgummi","versch. Sorten, je 210 g | 3.76 / kg","0.79","","","","https://www.rewe.de/angebote/aachen/1763237/rewe-markt-markt-29-31/"
"2026-09-07 19:45 Europe/Berlin","REWE","Markt 29-31, 52062 Aachen","52062","Getränke","07.09.2026-13.09.2026","Mumm Jahrgangssekt","versch. Sorten, je 0,75 l | 5.32 / l","3.99","","","","https://www.rewe.de/angebote/aachen/1763237/rewe-markt-markt-29-31/"
"2026-09-07 19:45 Europe/Berlin","REWE","Markt 29-31, 52062 Aachen","52062","Kühlregal & Tiefkühlung","07.09.2026-13.09.2026","Dr. Oetker Die Ofenfrische Vier Käse","tiefgefroren, je 410 g | 4.85 / kg","1.99","","","","https://www.rewe.de/angebote/aachen/1763237/rewe-markt-markt-29-31/"
"2026-09-07 19:45 Europe/Berlin","REWE","Markt 29-31, 52062 Aachen","52062","Knabbereien","07.09.2026-13.09.2026","Kinder Maxi King","je 3 x 35 g | 14.19 / kg","1.49","","","","https://www.rewe.de/angebote/aachen/1763237/rewe-markt-markt-29-31/"
"2026-09-07 19:45 Europe/Berlin","REWE","Markt 29-31, 52062 Aachen","52062","Getränke","07.09.2026-13.09.2026","H.P. Schreiner Badischer Federweißer","rot oder weiß, je 1 l","2.29","","","","https://www.rewe.de/angebote/aachen/1763237/rewe-markt-markt-29-31/"
"2026-09-07 19:45 Europe/Berlin","REWE","Markt 29-31, 52062 Aachen","52062","Knabbereien","07.09.2026-13.09.2026","Ritter Sport Schokolade Nussklasse","versch. Sorten, je 100 g | 16.90 / kg","1.69","","","","https://www.rewe.de/angebote/aachen/1763237/rewe-markt-markt-29-31/"
"2026-09-07 19:45 Europe/Berlin","REWE","Markt 29-31, 52062 Aachen","52062","Obst & Gemüse","07.09.2026-13.09.2026","Grüne Tafelbirnen","Spanien, je 1 kg-Schale","0.99","","","","https://www.kaufda.de/insights/rewe-prospekt-07-09-2026-blumig-und-fruchtig-durch-die-neue-woche/"
"2026-09-07 19:45 Europe/Berlin","REWE","Markt 29-31, 52062 Aachen","52062","Obst & Gemüse","07.09.2026-13.09.2026","Bananen","je 1 kg","1.79","","","","https://www.kaufda.de/insights/rewe-prospekt-07-09-2026-blumig-und-fruchtig-durch-die-neue-woche/"
"2026-09-07 19:45 Europe/Berlin","REWE","Markt 29-31, 52062 Aachen","52062","Obst & Gemüse","07.09.2026-13.09.2026","Nergi Kiwibeeren","je Packung","1.99","","","","https://www.kaufda.de/insights/rewe-prospekt-07-09-2026-blumig-und-fruchtig-durch-die-neue-woche/"
"2026-09-07 19:45 Europe/Berlin","REWE","Markt 29-31, 52062 Aachen","52062","Obst & Gemüse","07.09.2026-13.09.2026","Zespri SunGold Kiwi","je Stück","0.65","","","","https://www.kaufda.de/insights/rewe-prospekt-07-09-2026-blumig-und-fruchtig-durch-die-neue-woche/"
"2026-09-07 19:45 Europe/Berlin","REWE","Markt 29-31, 52062 Aachen","52062","Obst & Gemüse","07.09.2026-13.09.2026","Feigen","4er-Pack","1.00","","","","https://www.kaufda.de/insights/rewe-prospekt-07-09-2026-blumig-und-fruchtig-durch-die-neue-woche/"
"2026-09-07 19:45 Europe/Berlin","REWE","Markt 29-31, 52062 Aachen","52062","Obst & Gemüse","07.09.2026-13.09.2026","Mandarinen","750 g-Netz","2.22","","","","https://www.kaufda.de/insights/rewe-prospekt-07-09-2026-blumig-und-fruchtig-durch-die-neue-woche/"
"2026-09-07 19:45 Europe/Berlin","REWE","Markt 29-31, 52062 Aachen","52062","Fleisch & Wurst","07.09.2026-13.09.2026","Schweine-Nackensteaks","je Packung","6.99","","","","https://www.kaufda.de/insights/rewe-prospekt-07-09-2026-blumig-und-fruchtig-durch-die-neue-woche/"
"2026-09-07 19:45 Europe/Berlin","REWE","Markt 29-31, 52062 Aachen","52062","Fleisch & Wurst","07.09.2026-13.09.2026","Chicken Tenders","je Packung","5.99","","","","https://www.kaufda.de/insights/rewe-prospekt-07-09-2026-blumig-und-fruchtig-durch-die-neue-woche/"
"2026-09-07 19:45 Europe/Berlin","REWE","Markt 29-31, 52062 Aachen","52062","Fleisch & Wurst","07.09.2026-13.09.2026","Butcher’s Barbecue Schweine-Rückensteaks","je Packung","3.79","","","","https://www.kaufda.de/insights/rewe-prospekt-07-09-2026-blumig-und-fruchtig-durch-die-neue-woche/"
"2026-09-07 19:45 Europe/Berlin","REWE","Markt 29-31, 52062 Aachen","52062","Fleisch & Wurst","07.09.2026-13.09.2026","Spanferkel-Cevapcici","je Packung","2.99","","","","https://www.kaufda.de/insights/rewe-prospekt-07-09-2026-blumig-und-fruchtig-durch-die-neue-woche/"
"2026-09-07 19:45 Europe/Berlin","REWE","Markt 29-31, 52062 Aachen","52062","Fleisch & Wurst","07.09.2026-13.09.2026","ja! Grobe Bratwurst","je Packung","2.59","","","","https://www.kaufda.de/insights/rewe-prospekt-07-09-2026-blumig-und-fruchtig-durch-die-neue-woche/"
"2026-09-07 19:45 Europe/Berlin","REWE","Markt 29-31, 52062 Aachen","52062","Fleisch & Wurst","07.09.2026-13.09.2026","ja! Schweinefleisch-Spieße","je Packung","4.99","","","","https://www.kaufda.de/insights/rewe-prospekt-07-09-2026-blumig-und-fruchtig-durch-die-neue-woche/"
"2026-09-07 19:45 Europe/Berlin","REWE","Markt 29-31, 52062 Aachen","52062","Getränke","07.09.2026-13.09.2026","REWE Beste Wahl Orangensaft","je 1 l","1.99","","","","https://www.kaufda.de/insights/rewe-prospekt-07-09-2026-blumig-und-fruchtig-durch-die-neue-woche/"
"2026-09-07 19:45 Europe/Berlin","REWE","Markt 29-31, 52062 Aachen","52062","Getränke","07.09.2026-13.09.2026","Chari Tea Bio Eistee oder Lemonaid Bio Limonade","je Flasche","1.29","","","","https://www.kaufda.de/insights/rewe-prospekt-07-09-2026-blumig-und-fruchtig-durch-die-neue-woche/"
"2026-09-07 19:45 Europe/Berlin","REWE","Markt 29-31, 52062 Aachen","52062","Getränke","07.09.2026-13.09.2026","Coca-Cola","1,25 l","1.11","","","","https://www.kaufda.de/insights/rewe-prospekt-07-09-2026-blumig-und-fruchtig-durch-die-neue-woche/"
"2026-09-07 19:45 Europe/Berlin","REWE","Markt 29-31, 52062 Aachen","52062","Getränke","07.09.2026-13.09.2026","Fuze Tea","je Flasche","1.29","","","","https://www.kaufda.de/insights/rewe-prospekt-07-09-2026-blumig-und-fruchtig-durch-die-neue-woche/"
"2026-09-07 19:45 Europe/Berlin","REWE","Markt 29-31, 52062 Aachen","52062","Getränke","07.09.2026-13.09.2026","Gerolsteiner Mineralwasser","je Flasche","0.89","","","","https://www.kaufda.de/insights/rewe-prospekt-07-09-2026-blumig-und-fruchtig-durch-die-neue-woche/"
"2026-09-07 19:45 Europe/Berlin","EDEKA","E center Vieler, Schillerstraße 20-40, 52064 Aachen (52062 최근접)","52064","Fleisch & Wurst","07.09.2026-12.09.2026","Rib-Eye-Steak","deutsches Jungbullenfleisch, je 100 g","2.77","","","","https://www.edeka.de/maerkte/071409/"
"2026-09-07 19:45 Europe/Berlin","EDEKA","E center Vieler, Schillerstraße 20-40, 52064 Aachen (52062 최근접)","52064","Fleisch & Wurst","07.09.2026-12.09.2026","Rasting Pizza-Fleischkäse","mit Champignons, Salami und Paprika, je 1 kg","7.99","","","","https://www.edeka.de/maerkte/071409/"
"2026-09-07 19:45 Europe/Berlin","EDEKA","E center Vieler, Schillerstraße 20-40, 52064 Aachen (52062 최근접)","52064","Obst & Gemüse","07.09.2026-12.09.2026","Plattpfirsiche","je Packung","1.99","","","","https://www.kaufda.de/insights/edeka-prospekt-07-09-2026-auf-einen-blick/"
"2026-09-07 19:45 Europe/Berlin","EDEKA","E center Vieler, Schillerstraße 20-40, 52064 Aachen (52062 최근접)","52064","Obst & Gemüse","07.09.2026-12.09.2026","Himbeeren","je Packung","1.99","","","","https://www.kaufda.de/insights/edeka-prospekt-07-09-2026-auf-einen-blick/"
"2026-09-07 19:45 Europe/Berlin","EDEKA","E center Vieler, Schillerstraße 20-40, 52064 Aachen (52062 최근접)","52064","Obst & Gemüse","07.09.2026-12.09.2026","Tafeläpfel","je Packung","1.49","","","","https://www.kaufda.de/insights/edeka-prospekt-07-09-2026-auf-einen-blick/"
"2026-09-07 19:45 Europe/Berlin","EDEKA","E center Vieler, Schillerstraße 20-40, 52064 Aachen (52062 최근접)","52064","Obst & Gemüse","07.09.2026-12.09.2026","Helle Tafeltrauben","je Packung","2.49","","","","https://www.kaufda.de/insights/edeka-prospekt-07-09-2026-auf-einen-blick/"
"2026-09-07 19:45 Europe/Berlin","EDEKA","E center Vieler, Schillerstraße 20-40, 52064 Aachen (52062 최근접)","52064","Obst & Gemüse","07.09.2026-12.09.2026","Mango","je Stück","2.49","","","","https://www.kaufda.de/insights/edeka-prospekt-07-09-2026-auf-einen-blick/"
"2026-09-07 19:45 Europe/Berlin","EDEKA","E center Vieler, Schillerstraße 20-40, 52064 Aachen (52062 최근접)","52064","Obst & Gemüse","07.09.2026-12.09.2026","Kiwi","je Stück","0.69","","","","https://www.kaufda.de/insights/edeka-prospekt-07-09-2026-auf-einen-blick/"
"2026-09-07 19:45 Europe/Berlin","EDEKA","E center Vieler, Schillerstraße 20-40, 52064 Aachen (52062 최근접)","52064","Fleisch & Wurst","07.09.2026-12.09.2026","Schweinefilet lang","je Packung","8.99","","","","https://www.kaufda.de/insights/edeka-prospekt-07-09-2026-auf-einen-blick/"
"2026-09-07 19:45 Europe/Berlin","EDEKA","E center Vieler, Schillerstraße 20-40, 52064 Aachen (52062 최근접)","52064","Fleisch & Wurst","07.09.2026-12.09.2026","Kasseler-Lachsbraten","je Packung","6.99","","","","https://www.kaufda.de/insights/edeka-prospekt-07-09-2026-auf-einen-blick/"
"2026-09-07 19:45 Europe/Berlin","EDEKA","E center Vieler, Schillerstraße 20-40, 52064 Aachen (52062 최근접)","52064","Fleisch & Wurst","07.09.2026-12.09.2026","Hähnchenbrustfilet","je 100 g","1.11","","","","https://www.kaufda.de/insights/edeka-prospekt-07-09-2026-auf-einen-blick/"
"2026-09-07 19:45 Europe/Berlin","EDEKA","E center Vieler, Schillerstraße 20-40, 52064 Aachen (52062 최근접)","52064","Fleisch & Wurst","07.09.2026-12.09.2026","Entrecôte","je 100 g","2.49","","","","https://www.kaufda.de/insights/edeka-prospekt-07-09-2026-auf-einen-blick/"
"2026-09-07 19:45 Europe/Berlin","EDEKA","E center Vieler, Schillerstraße 20-40, 52064 Aachen (52062 최근접)","52064","Fleisch & Wurst","07.09.2026-12.09.2026","Kalbsschnitzel","je 100 g","1.99","","","","https://www.kaufda.de/insights/edeka-prospekt-07-09-2026-auf-einen-blick/"
"2026-09-07 19:45 Europe/Berlin","EDEKA","E center Vieler, Schillerstraße 20-40, 52064 Aachen (52062 최근접)","52064","Fleisch & Wurst","07.09.2026-12.09.2026","Halbes Hähnchen","je Stück","3.50","","","","https://www.kaufda.de/insights/edeka-prospekt-07-09-2026-auf-einen-blick/"
"2026-09-07 19:45 Europe/Berlin","EDEKA","E center Vieler, Schillerstraße 20-40, 52064 Aachen (52062 최근접)","52064","Backstube","07.09.2026-12.09.2026","Schokocreme-Croissant","je Stück","1.30","","","","https://www.kaufda.de/insights/edeka-prospekt-07-09-2026-auf-einen-blick/"
"2026-09-07 19:45 Europe/Berlin","EDEKA","E center Vieler, Schillerstraße 20-40, 52064 Aachen (52062 최근접)","52064","Backstube","07.09.2026-12.09.2026","Kartoffel-Rötchen","je Stück","0.39","","","","https://www.kaufda.de/insights/edeka-prospekt-07-09-2026-auf-einen-blick/"
"2026-09-07 19:45 Europe/Berlin","EDEKA","E center Vieler, Schillerstraße 20-40, 52064 Aachen (52062 최근접)","52064","Backstube","07.09.2026-12.09.2026","Laugen Donut","je Stück","0.99","","","","https://www.kaufda.de/insights/edeka-prospekt-07-09-2026-auf-einen-blick/"
"2026-09-07 19:45 Europe/Berlin","EDEKA","E center Vieler, Schillerstraße 20-40, 52064 Aachen (52062 최근접)","52064","Backstube","07.09.2026-12.09.2026","Amerikaner","je Stück","1.11","","","","https://www.kaufda.de/insights/edeka-prospekt-07-09-2026-auf-einen-blick/"
"2026-09-07 19:45 Europe/Berlin","EDEKA","E center Vieler, Schillerstraße 20-40, 52064 Aachen (52062 최근접)","52064","Backstube","07.09.2026-12.09.2026","Mittwochs-Spartüte","je Tüte","5.95","","","","https://www.kaufda.de/insights/edeka-prospekt-07-09-2026-auf-einen-blick/"
"2026-09-07 19:45 Europe/Berlin","EDEKA","E center Vieler, Schillerstraße 20-40, 52064 Aachen (52062 최근접)","52064","Backstube","07.09.2026-12.09.2026","Frikadellenbrötchen","je Stück","3.50","","","","https://www.kaufda.de/insights/edeka-prospekt-07-09-2026-auf-einen-blick/"
"2026-09-07 19:45 Europe/Berlin","EDEKA","E center Vieler, Schillerstraße 20-40, 52064 Aachen (52062 최근접)","52064","Kühlregal & Tiefkühlung","07.09.2026-12.09.2026","Frische Vollmilch Bio","je Packung","1.11","","","","https://www.kaufda.de/insights/edeka-prospekt-07-09-2026-auf-einen-blick/"
"2026-09-07 19:45 Europe/Berlin","EDEKA","E center Vieler, Schillerstraße 20-40, 52064 Aachen (52062 최근접)","52064","Kühlregal & Tiefkühlung","07.09.2026-12.09.2026","Weidemilch Joghurt Bio","je Becher","1.11","","","","https://www.kaufda.de/insights/edeka-prospekt-07-09-2026-auf-einen-blick/"
"2026-09-07 19:45 Europe/Berlin","EDEKA","E center Vieler, Schillerstraße 20-40, 52064 Aachen (52062 최근접)","52064","Kochen & Backen","07.09.2026-12.09.2026","Agavendicksaft Bio","je Flasche","1.99","","","","https://www.kaufda.de/insights/edeka-prospekt-07-09-2026-auf-einen-blick/"
"2026-09-07 19:45 Europe/Berlin","EDEKA","E center Vieler, Schillerstraße 20-40, 52064 Aachen (52062 최근접)","52064","Kochen & Backen","07.09.2026-12.09.2026","Tomatensauce Bio","je Glas","1.29","","","","https://www.kaufda.de/insights/edeka-prospekt-07-09-2026-auf-einen-blick/"
"2026-09-07 19:45 Europe/Berlin","EDEKA","E center Vieler, Schillerstraße 20-40, 52064 Aachen (52062 최근접)","52064","Kochen & Backen","07.09.2026-12.09.2026","Kokosmilch Bio","je Dose","1.29","","","","https://www.kaufda.de/insights/edeka-prospekt-07-09-2026-auf-einen-blick/"
"2026-09-07 19:45 Europe/Berlin","EDEKA","E center Vieler, Schillerstraße 20-40, 52064 Aachen (52062 최근접)","52064","Kochen & Backen","07.09.2026-12.09.2026","Dinkelvollkornmehl Bio","je Packung","1.25","","","","https://www.kaufda.de/insights/edeka-prospekt-07-09-2026-auf-einen-blick/"
"2026-09-07 19:45 Europe/Berlin","Lidl","Eynattener Straße 26, 52064 Aachen (52062 최근접)","52064","Getränke","07.09.2026-12.09.2026","Freeway Cola","koffeinhaltig, je 1,5 l | zzgl. 0.25 Pfand | 0.19 / l","0.29","","-55%","0.65","https://www.lidl.de/l/prospekte/aktionsprospekt-07-09-2026-12-09-2026-878d64/ar/0?_ab=1&lf=HHZ"
"2026-09-07 19:45 Europe/Berlin","Lidl","Eynattener Straße 26, 52064 Aachen (52062 최근접)","52064","Kühlregal & Tiefkühlung","07.09.2026-12.09.2026","Wagner Steinofen Pizza oder Flammkuchen","tiefgefroren, je 700/600 g | 4.99/5.82 / kg","3.49","2.99","-29% / Lidl Plus","4.98","https://www.lidl.de/l/prospekte/aktionsprospekt-07-09-2026-12-09-2026-878d64/ar/0?_ab=1&lf=HHZ"
"2026-09-07 19:45 Europe/Berlin","Lidl","Eynattener Straße 26, 52064 Aachen (52062 최근접)","52064","Obst & Gemüse","07.09.2026-12.09.2026","Feigen","Ursprung Türkei, Klasse I, 4 Stück","0.95","","-36%","1.49","https://www.lidl.de/l/prospekte/aktionsprospekt-07-09-2026-12-09-2026-878d64/ar/0?_ab=1&lf=HHZ"
"2026-09-07 19:45 Europe/Berlin","Lidl","Eynattener Straße 26, 52064 Aachen (52062 최근접)","52064","Obst & Gemüse","07.09.2026-12.09.2026","Kaktusfeige","Ursprung Italien, Klasse I, 500 g | 2.78 / kg","1.39","","-22%","1.79","https://www.lidl.de/l/prospekte/aktionsprospekt-07-09-2026-12-09-2026-878d64/ar/0?_ab=1&lf=HHZ"
"2026-09-07 19:45 Europe/Berlin","Lidl","Eynattener Straße 26, 52064 Aachen (52062 최근접)","52064","Obst & Gemüse","07.09.2026-12.09.2026","Grapefruit","Ursprung Südafrika, Klasse I, je Stück","0.55","","Aktion","","https://www.lidl.de/l/prospekte/aktionsprospekt-07-09-2026-12-09-2026-878d64/ar/0?_ab=1&lf=HHZ"
"2026-09-07 19:45 Europe/Berlin","Lidl","Eynattener Straße 26, 52064 Aachen (52062 최근접)","52064","Obst & Gemüse","07.09.2026-12.09.2026","Zucchini","lose, Ursprung Deutschland/Spanien, Klasse I","0.99","","Aktion","","https://www.lidl.de/l/prospekte/aktionsprospekt-07-09-2026-12-09-2026-878d64/ar/0?_ab=1&lf=HHZ"
"2026-09-07 19:45 Europe/Berlin","Lidl","Eynattener Straße 26, 52064 Aachen (52062 최근접)","52064","Obst & Gemüse","07.09.2026-12.09.2026","Petersilie","Ursprung Deutschland/Spanien/Belgien, je Bund","1.11","","-20%","1.39","https://www.lidl.de/l/prospekte/aktionsprospekt-07-09-2026-12-09-2026-878d64/ar/0?_ab=1&lf=HHZ"
"2026-09-07 19:45 Europe/Berlin","Lidl","Eynattener Straße 26, 52064 Aachen (52062 최근접)","52064","Obst & Gemüse","07.09.2026-12.09.2026","Grüner Spitzpaprika","Ursprung Türkei/Marokko, 400 g | 3.98 / kg","1.59","","-20%","1.99","https://www.lidl.de/l/prospekte/aktionsprospekt-07-09-2026-12-09-2026-878d64/ar/0?_ab=1&lf=HHZ"
"2026-09-07 19:45 Europe/Berlin","Lidl","Eynattener Straße 26, 52064 Aachen (52062 최근접)","52064","Obst & Gemüse","07.09.2026-12.09.2026","Bauerngurken","Ursprung Spanien/Deutschland, 750 g | 3.32 / kg","0.99","","-60%","2.49","https://www.lidl.de/l/prospekte/aktionsprospekt-07-09-2026-12-09-2026-878d64/ar/0?_ab=1&lf=HHZ"
"2026-09-07 19:45 Europe/Berlin","Lidl","Eynattener Straße 26, 52064 Aachen (52062 최근접)","52064","Obst & Gemüse","07.09.2026-12.09.2026","Granatapfel","Ursprung Spanien/Türkei, Klasse I, je Stück","1.11","1.11","-20% / Lidl Plus","1.39","https://www.lidl.de/l/prospekte/aktionsprospekt-07-09-2026-12-09-2026-878d64/ar/0?_ab=1&lf=HHZ"
"2026-09-07 19:45 Europe/Berlin","Lidl","Eynattener Straße 26, 52064 Aachen (52062 최근접)","52064","Kühlregal & Tiefkühlung","07.09.2026-12.09.2026","Kerrygold extra XXL","versch. Sorten, gekühlt, 400 g | 6.65 / kg","2.66","","-53%","","https://www.lidl.de/l/prospekte/aktionsprospekt-07-09-2026-12-09-2026-878d64/ar/0?_ab=1&lf=HHZ"
"2026-09-07 19:45 Europe/Berlin","Lidl","Eynattener Straße 26, 52064 Aachen (52062 최근접)","52064","Knabbereien","07.09.2026-12.09.2026","Milka Großtafel Schokolade","versch. Sorten, 250/270/276/300 g","2.99","","-40%","4.99","https://www.lidl.de/l/prospekte/aktionsprospekt-07-09-2026-12-09-2026-878d64/ar/0?_ab=1&lf=HHZ"
"2026-09-07 19:45 Europe/Berlin","Lidl","Eynattener Straße 26, 52064 Aachen (52062 최근접)","52064","Getränke","07.09.2026-12.09.2026","Capri-Sun","versch. Sorten, 10 x 0,2 l | 1.50 / l","2.99","","-30%","4.29","https://www.lidl.de/l/prospekte/aktionsprospekt-07-09-2026-12-09-2026-878d64/ar/0?_ab=1&lf=HHZ"
"2026-09-07 19:45 Europe/Berlin","Lidl","Eynattener Straße 26, 52064 Aachen (52062 최근접)","52064","Kühlregal & Tiefkühlung","07.09.2026-12.09.2026","Landliebe Haltbare Landmilch","3,5/1,5 % Fett, je 1 l","0.95","","-36%","1.49","https://www.lidl.de/l/prospekte/aktionsprospekt-07-09-2026-12-09-2026-878d64/ar/0?_ab=1&lf=HHZ"
"2026-09-07 19:45 Europe/Berlin","Lidl","Eynattener Straße 26, 52064 Aachen (52062 최근접)","52064","Kühlregal & Tiefkühlung","07.09.2026-12.09.2026","Langnese Magnum","versch. Sorten, tiefgefroren, je 255/270/330 ml","2.99","","-33%","4.49","https://www.lidl.de/l/prospekte/aktionsprospekt-07-09-2026-12-09-2026-878d64/ar/0?_ab=1&lf=HHZ"
"2026-09-07 19:45 Europe/Berlin","Lidl","Eynattener Straße 26, 52064 Aachen (52062 최근접)","52064","Kühlregal & Tiefkühlung","07.09.2026-12.09.2026","Dovgan Taschki Pelmeni/Vareniki","versch. Sorten, tiefgefroren, 1,5 kg | 3.99 / kg","5.99","","-33%","8.99","https://www.lidl.de/l/prospekte/aktionsprospekt-07-09-2026-12-09-2026-878d64/ar/0?_ab=1&lf=HHZ"
"2026-09-07 19:45 Europe/Berlin","Lidl","Eynattener Straße 26, 52064 Aachen (52062 최근접)","52064","Kochen & Backen","07.09.2026-12.09.2026","Combino Spaghetti","500 g | 1.18 / kg","0.59","","-14%","0.69","https://www.lidl.de/l/prospekte/aktionsprospekt-07-09-2026-12-09-2026-878d64/ar/0?_ab=1&lf=HHZ"
"2026-09-07 19:45 Europe/Berlin","Lidl","Eynattener Straße 26, 52064 Aachen (52062 최근접)","52064","Kühlregal & Tiefkühlung","07.09.2026-12.09.2026","Ehrmann Almighurt","versch. Sorten, gekühlt, 150 g | 2.60 / kg","0.39","","-56%","0.89","https://www.lidl.de/l/prospekte/aktionsprospekt-07-09-2026-12-09-2026-878d64/ar/0?_ab=1&lf=HHZ"
"2026-09-07 19:45 Europe/Berlin","Lidl","Eynattener Straße 26, 52064 Aachen (52062 최근접)","52064","Kühlregal & Tiefkühlung","07.09.2026-12.09.2026","Ehrmann High Protein Pudding","versch. Sorten, gekühlt, 200 g | 4.95 / kg","0.99","","-33%","1.49","https://www.lidl.de/l/prospekte/aktionsprospekt-07-09-2026-12-09-2026-878d64/ar/0?_ab=1&lf=HHZ"
"2026-09-07 19:45 Europe/Berlin","Lidl","Eynattener Straße 26, 52064 Aachen (52062 최근접)","52064","Knabbereien","07.09.2026-12.09.2026","Pick Up!","versch. Sorten, je 140 g | 14.21 / kg","1.99","1.99","-39% / Lidl Plus","3.29","https://www.lidl.de/l/prospekte/aktionsprospekt-07-09-2026-12-09-2026-878d64/ar/0?_ab=1&lf=HHZ"
"2026-09-07 19:45 Europe/Berlin","Lidl","Eynattener Straße 26, 52064 Aachen (52062 최근접)","52064","Backstube","07.09.2026-12.09.2026","Mulino Bianco Gebäck","versch. Sorten, je 200/250 g","2.22","","-39%","3.69","https://www.lidl.de/l/prospekte/aktionsprospekt-07-09-2026-12-09-2026-878d64/ar/0?_ab=1&lf=HHZ"
"2026-09-07 19:45 Europe/Berlin","Lidl","Eynattener Straße 26, 52064 Aachen (52062 최근접)","52064","Knabbereien","07.09.2026-12.09.2026","Yogurette/Kinder Schokolade 4er-Pack","je 400 g | 12.98 / kg","5.19","","-23%","","https://www.lidl.de/l/prospekte/aktionsprospekt-07-09-2026-12-09-2026-878d64/ar/0?_ab=1&lf=HHZ"
"2026-09-07 19:45 Europe/Berlin","Lidl","Eynattener Straße 26, 52064 Aachen (52062 최근접)","52064","Knabbereien","07.09.2026-12.09.2026","Nestlé Minis","versch. Sorten, je 144/167/180/185 g","2.49","2.49","-34% / Lidl Plus","3.79","https://www.lidl.de/l/prospekte/aktionsprospekt-07-09-2026-12-09-2026-878d64/ar/0?_ab=1&lf=HHZ"
"2026-09-07 19:45 Europe/Berlin","Lidl","Eynattener Straße 26, 52064 Aachen (52062 최근접)","52064","Getränke","07.09.2026-12.09.2026","Valensina Kids","versch. Sorten, je 0,33 l | zzgl. Pfand","0.88","","-26%","1.19","https://www.lidl.de/l/prospekte/aktionsprospekt-07-09-2026-12-09-2026-878d64/ar/0?_ab=1&lf=HHZ"
"2026-09-07 19:45 Europe/Berlin","Lidl","Eynattener Straße 26, 52064 Aachen (52062 최근접)","52064","Knabbereien","07.09.2026-12.09.2026","Mister Choc Schoko Bananen","300 g | 6.63 / kg","1.99","1.99","-13% / Lidl Plus","2.29","https://www.lidl.de/l/prospekte/aktionsprospekt-07-09-2026-12-09-2026-878d64/ar/0?_ab=1&lf=HHZ"
"2026-09-07 19:45 Europe/Berlin","Lidl","Eynattener Straße 26, 52064 Aachen (52062 최근접)","52064","Kochen & Backen","07.09.2026-12.09.2026","Knorr Fix","versch. Sorten, je 33/36/40/43/49 g","0.49","","-58%","1.19","https://www.lidl.de/l/prospekte/aktionsprospekt-07-09-2026-12-09-2026-878d64/ar/0?_ab=1&lf=HHZ"
"2026-09-07 19:45 Europe/Berlin","Lidl","Eynattener Straße 26, 52064 Aachen (52062 최근접)","52064","Kühlregal & Tiefkühlung","07.09.2026-12.09.2026","Settele Maultaschen","versch. Sorten, gekühlt, 300 g | 5.97 / kg","1.79","","-25%","2.39","https://www.lidl.de/l/prospekte/aktionsprospekt-07-09-2026-12-09-2026-878d64/ar/0?_ab=1&lf=HHZ"
"2026-09-07 19:45 Europe/Berlin","Lidl","Eynattener Straße 26, 52064 Aachen (52062 최근접)","52064","Kühlregal & Tiefkühlung","07.09.2026-12.09.2026","Settele Dampfnudeln","gekühlt, 500 g | 2.98 / kg","1.49","","-37%","2.39","https://www.lidl.de/l/prospekte/aktionsprospekt-07-09-2026-12-09-2026-878d64/ar/0?_ab=1&lf=HHZ"
"2026-09-07 19:45 Europe/Berlin","Lidl","Eynattener Straße 26, 52064 Aachen (52062 최근접)","52064","Kühlregal & Tiefkühlung","07.09.2026-12.09.2026","Hilcona Feinkost Teigwaren XXL","versch. Sorten, gekühlt, 750 g | 4.39 / kg","3.29","","Aktion","","https://www.lidl.de/l/prospekte/aktionsprospekt-07-09-2026-12-09-2026-878d64/ar/0?_ab=1&lf=HHZ"
"2026-09-07 19:45 Europe/Berlin","Lidl","Eynattener Straße 26, 52064 Aachen (52062 최근접)","52064","Fleisch & Wurst","07.09.2026-12.09.2026","Wiltmann Salami Teller XXL","versch. Sorten, gekühlt, 200 g | 14.95 / kg","2.99","","-40%","4.99","https://www.lidl.de/l/prospekte/aktionsprospekt-07-09-2026-12-09-2026-878d64/ar/0?_ab=1&lf=HHZ"
"2026-09-07 19:45 Europe/Berlin","Lidl","Eynattener Straße 26, 52064 Aachen (52062 최근접)","52064","Getränke","07.09.2026-12.09.2026","Babadağ Gazoz","je 0,33 l | zzgl. 0.25 Pfand","0.39","","Aktion","","https://www.lidl.de/l/prospekte/aktionsprospekt-07-09-2026-12-09-2026-878d64/ar/0?_ab=1&lf=HHZ"
"2026-09-07 19:45 Europe/Berlin","Lidl","Eynattener Straße 26, 52064 Aachen (52062 최근접)","52064","Fleisch & Wurst","07.09.2026-12.09.2026","Bifi","versch. Sorten, je 6x 20/3x45/5x20 g","1.99","","-33%","2.99","https://www.lidl.de/l/prospekte/aktionsprospekt-07-09-2026-12-09-2026-878d64/ar/0?_ab=1&lf=HHZ"
"2026-09-07 19:45 Europe/Berlin","Lidl","Eynattener Straße 26, 52064 Aachen (52062 최근접)","52064","Knabbereien","07.09.2026-12.09.2026","Nutella B-ready","220 g | 16.32 / kg","3.59","","Aktion","","https://www.lidl.de/l/prospekte/aktionsprospekt-07-09-2026-12-09-2026-878d64/ar/0?_ab=1&lf=HHZ"
"2026-09-07 19:45 Europe/Berlin","Lidl","Eynattener Straße 26, 52064 Aachen (52062 최근접)","52064","Knabbereien","07.09.2026-12.09.2026","Funny-frisch Goldfischli","versch. Sorten, je 100 g | 11.10 / kg","1.11","","-25%","1.49","https://www.lidl.de/l/prospekte/aktionsprospekt-07-09-2026-12-09-2026-878d64/ar/0?_ab=1&lf=HHZ"
"2026-09-07 19:45 Europe/Berlin","Lidl","Eynattener Straße 26, 52064 Aachen (52062 최근접)","52064","Kühlregal & Tiefkühlung","07.09.2026-12.09.2026","Milram Buttermilch-Drink","versch. Sorten, gekühlt, 750 g | 1.72 / kg","1.29","","-27%","1.79","https://www.lidl.de/l/prospekte/aktionsprospekt-07-09-2026-12-09-2026-878d64/ar/0?_ab=1&lf=HHZ"
"2026-09-07 19:45 Europe/Berlin","Lidl","Eynattener Straße 26, 52064 Aachen (52062 최근접)","52064","Knabbereien","07.09.2026-12.09.2026","Kinder Überraschung","versch. Sorten, je 20 g","0.99","","Aktion","","https://www.lidl.de/l/prospekte/aktionsprospekt-07-09-2026-12-09-2026-878d64/ar/0?_ab=1&lf=HHZ"
"2026-09-07 19:45 Europe/Berlin","Lidl","Eynattener Straße 26, 52064 Aachen (52062 최근접)","52064","Getränke","07.09.2026-12.09.2026","Grant’s Triple Wood Whisky","40 % vol, je 0,7 l | 14.27 / l","9.99","","-28%","13.99","https://www.lidl.de/l/prospekte/aktionsprospekt-07-09-2026-12-09-2026-878d64/ar/0?_ab=1&lf=HHZ"
"2026-09-07 19:45 Europe/Berlin","Lidl","Eynattener Straße 26, 52064 Aachen (52062 최근접)","52064","Getränke","07.09.2026-12.09.2026","Hohes C Vitamin Shots","versch. Sorten, je 0,33 l | zzgl. Pfand","1.99","","-26%","2.69","https://www.lidl.de/l/prospekte/aktionsprospekt-07-09-2026-12-09-2026-878d64/ar/0?_ab=1&lf=HHZ"
"2026-09-07 19:45 Europe/Berlin","Lidl","Eynattener Straße 26, 52064 Aachen (52062 최근접)","52064","Getränke","07.09.2026-12.09.2026","Arizona Icetea XXL","versch. Sorten, je 1,75 l | zzgl. Pfand","1.39","","Aktion","","https://www.lidl.de/l/prospekte/aktionsprospekt-07-09-2026-12-09-2026-878d64/ar/0?_ab=1&lf=HHZ"
"2026-09-07 19:45 Europe/Berlin","Lidl","Eynattener Straße 26, 52064 Aachen (52062 최근접)","52064","Getränke","07.09.2026-12.09.2026","Bacardi Carta Blanca & Coca-Cola","37,5 % vol, je 0,7 l inkl. 0,85 l Coca-Cola","10.99","","-26%","14.99","https://www.lidl.de/l/prospekte/aktionsprospekt-07-09-2026-12-09-2026-878d64/ar/0?_ab=1&lf=HHZ"
"2026-09-07 19:45 Europe/Berlin","Lidl","Eynattener Straße 26, 52064 Aachen (52062 최근접)","52064","Getränke","07.09.2026-12.09.2026","Somersby Zero Apple Cider","versch. Sorten, je 0,33 l | zzgl. Pfand","1.11","","-30%","1.59","https://www.lidl.de/l/prospekte/aktionsprospekt-07-09-2026-12-09-2026-878d64/ar/0?_ab=1&lf=HHZ"
"2026-09-07 19:45 Europe/Berlin","Lidl","Eynattener Straße 26, 52064 Aachen (52062 최근접)","52064","Getränke","07.09.2026-12.09.2026","Gerolsteiner Mineralwasser medium","je 1,5 l | zzgl. Pfand","0.89","0.89","-18% / Lidl Plus","1.09","https://www.lidl.de/l/prospekte/aktionsprospekt-07-09-2026-12-09-2026-878d64/ar/0?_ab=1&lf=HHZ"
"2026-09-07 19:45 Europe/Berlin","Lidl","Eynattener Straße 26, 52064 Aachen (52062 최근접)","52064","Kühlregal & Tiefkühlung","07.09.2026-12.09.2026","Géramont Weichkäse","versch. Sorten, gekühlt, je 150/200 g","2.29","","-34%","3.49","https://www.lidl.de/l/prospekte/aktionsprospekt-07-09-2026-12-09-2026-878d64/ar/0?_ab=1&lf=HHZ"
"2026-09-07 19:45 Europe/Berlin","Lidl","Eynattener Straße 26, 52064 Aachen (52062 최근접)","52064","Kühlregal & Tiefkühlung","07.09.2026-12.09.2026","Chef Select Gefüllte Knusperrollen XXL","versch. Sorten, gekühlt, 1 kg","3.99","","Aktion","","https://www.lidl.de/l/prospekte/aktionsprospekt-07-09-2026-12-09-2026-878d64/ar/0?_ab=1&lf=HHZ"
"2026-09-07 19:45 Europe/Berlin","Lidl","Eynattener Straße 26, 52064 Aachen (52062 최근접)","52064","Kühlregal & Tiefkühlung","07.09.2026-12.09.2026","Chef Select Lasagne Bolognese XXL","gekühlt, 1,15 kg | 3.47 / kg","3.99","","-13%","","https://www.lidl.de/l/prospekte/aktionsprospekt-07-09-2026-12-09-2026-878d64/ar/0?_ab=1&lf=HHZ"
"2026-09-07 19:45 Europe/Berlin","Lidl","Eynattener Straße 26, 52064 Aachen (52062 최근접)","52064","Fleisch & Wurst","07.09.2026-12.09.2026","Grillmeister Geflügel-Bratwurst XXL","gekühlt, 720 g | 7.76 / kg","5.59","","-15%","","https://www.lidl.de/l/prospekte/aktionsprospekt-07-09-2026-12-09-2026-878d64/ar/0?_ab=1&lf=HHZ"
"2026-09-07 19:45 Europe/Berlin","Lidl","Eynattener Straße 26, 52064 Aachen (52062 최근접)","52064","Fleisch & Wurst","07.09.2026-12.09.2026","Rügenwalder Mühle Vegane Aufschnitt-Alternative","gekühlt, 500 g | 11.98 / kg","5.99","","-25%","7.99","https://www.lidl.de/l/prospekte/aktionsprospekt-07-09-2026-12-09-2026-878d64/ar/0?_ab=1&lf=HHZ"
"2026-09-07 19:45 Europe/Berlin","Lidl","Eynattener Straße 26, 52064 Aachen (52062 최근접)","52064","Fisch","07.09.2026-12.09.2026","Norwegischer Räucherlachs","in Scheiben, gekühlt, 300 g | 18.97 / kg","5.69","","Aktion","","https://www.lidl.de/l/prospekte/aktionsprospekt-07-09-2026-12-09-2026-878d64/ar/0?_ab=1&lf=HHZ"
"2026-09-07 19:45 Europe/Berlin","Lidl","Eynattener Straße 26, 52064 Aachen (52062 최근접)","52064","Kühlregal & Tiefkühlung","07.09.2026-12.09.2026","Arla Finello XXL","versch. Sorten, gekühlt, 225 g | 8.84 / kg","1.99","","-48%","3.89","https://www.lidl.de/l/prospekte/aktionsprospekt-07-09-2026-12-09-2026-878d64/ar/0?_ab=1&lf=HHZ"
"2026-09-07 19:45 Europe/Berlin","Lidl","Eynattener Straße 26, 52064 Aachen (52062 최근접)","52064","Kühlregal & Tiefkühlung","07.09.2026-12.09.2026","Dovgan Körniger Frischkäse XXL","versch. Sorten, gekühlt, 350 g | 7.69 / kg","2.69","","-10%","2.99","https://www.lidl.de/l/prospekte/aktionsprospekt-07-09-2026-12-09-2026-878d64/ar/0?_ab=1&lf=HHZ"
"2026-09-07 19:45 Europe/Berlin","Lidl","Eynattener Straße 26, 52064 Aachen (52062 최근접)","52064","Knabbereien","07.09.2026-12.09.2026","Kinder Cards","10er-Pack, 256 g | 19.49 / kg","4.99","","-16%","","https://www.lidl.de/l/prospekte/aktionsprospekt-07-09-2026-12-09-2026-878d64/ar/0?_ab=1&lf=HHZ"
"2026-09-07 19:45 Europe/Berlin","Lidl","Eynattener Straße 26, 52064 Aachen (52062 최근접)","52064","Kochen & Backen","07.09.2026-12.09.2026","Surig Essig-Essenz","je 450 g | 2.47 / kg","1.11","","+50 g gratis","","https://www.lidl.de/l/prospekte/aktionsprospekt-07-09-2026-12-09-2026-878d64/ar/0?_ab=1&lf=HHZ"
"2026-09-07 19:45 Europe/Berlin","Lidl","Eynattener Straße 26, 52064 Aachen (52062 최근접)","52064","Backstube","07.09.2026-12.09.2026","7DAYS Croissants","versch. Sorten, 185 g | 9.68 / kg","1.79","","-40%","2.99","https://www.lidl.de/l/prospekte/aktionsprospekt-07-09-2026-12-09-2026-878d64/ar/0?_ab=1&lf=HHZ"
"2026-09-07 19:45 Europe/Berlin","Lidl","Eynattener Straße 26, 52064 Aachen (52062 최근접)","52064","Fleisch & Wurst","07.09.2026-12.09.2026","Chef Select Jäger-Hackbraten","versch. Sorten, gekühlt, 500 g | 4.98 / kg","2.49","","Aktion","","https://www.lidl.de/l/prospekte/aktionsprospekt-07-09-2026-12-09-2026-878d64/ar/0?_ab=1&lf=HHZ"
"2026-09-07 19:45 Europe/Berlin","Lidl","Eynattener Straße 26, 52064 Aachen (52062 최근접)","52064","Kühlregal & Tiefkühlung","07.09.2026-12.09.2026","Chef Select High Protein Ready Meal","versch. Sorten, gekühlt, 400 g | 6.98 / kg","2.79","","-20%","3.49","https://www.lidl.de/l/prospekte/aktionsprospekt-07-09-2026-12-09-2026-878d64/ar/0?_ab=1&lf=HHZ"
"2026-09-07 19:45 Europe/Berlin","Lidl","Eynattener Straße 26, 52064 Aachen (52062 최근접)","52064","Fleisch & Wurst","07.09.2026-12.09.2026","Rügenwalder Mühle Snack-Becher","versch. Sorten, gekühlt, 165 g | 15.09 / kg","2.49","","-28%","3.49","https://www.lidl.de/l/prospekte/aktionsprospekt-07-09-2026-12-09-2026-878d64/ar/0?_ab=1&lf=HHZ"
"2026-09-07 19:45 Europe/Berlin","Lidl","Eynattener Straße 26, 52064 Aachen (52062 최근접)","52064","Kühlregal & Tiefkühlung","07.09.2026-12.09.2026","8PANDA Frühlingsrollen","versch. Sorten, gekühlt, 278 g | 9.68 / kg","2.69","","-22%","3.49","https://www.lidl.de/l/prospekte/aktionsprospekt-07-09-2026-12-09-2026-878d64/ar/0?_ab=1&lf=HHZ"
"2026-09-07 19:45 Europe/Berlin","Lidl","Eynattener Straße 26, 52064 Aachen (52062 최근접)","52064","Knabbereien","07.09.2026-12.09.2026","Candy Floss","Zuckerwatte, 60 g | 33.17 / kg","1.99","","-28%","2.79","https://www.lidl.de/l/prospekte/aktionsprospekt-07-09-2026-12-09-2026-878d64/ar/0?_ab=1&lf=HHZ"
"2026-09-07 19:45 Europe/Berlin","Lidl","Eynattener Straße 26, 52064 Aachen (52062 최근접)","52064","Getränke","07.09.2026-12.09.2026","Alpro Nussdrink","versch. Sorten, je 1 l","1.99","","-33%","2.99","https://www.lidl.de/l/prospekte/aktionsprospekt-07-09-2026-12-09-2026-878d64/ar/0?_ab=1&lf=HHZ"
"2026-09-07 19:45 Europe/Berlin","Lidl","Eynattener Straße 26, 52064 Aachen (52062 최근접)","52064","Getränke","07.09.2026-12.09.2026","Calypso Ocean Blue Lemonade","je 0,473 l | zzgl. 0.25 Pfand","2.29","","-17%","2.79","https://www.lidl.de/l/prospekte/aktionsprospekt-07-09-2026-12-09-2026-878d64/ar/0?_ab=1&lf=HHZ"
"2026-09-07 19:45 Europe/Berlin","Lidl","Eynattener Straße 26, 52064 Aachen (52062 최근접)","52064","Getränke","07.09.2026-12.09.2026","Bitburger Premium Pils","0,568 l | zzgl. 0.25 Pfand","0.79","","-20%","0.99","https://www.lidl.de/l/prospekte/aktionsprospekt-07-09-2026-12-09-2026-878d64/ar/0?_ab=1&lf=HHZ"
"2026-09-07 19:45 Europe/Berlin","Lidl","Eynattener Straße 26, 52064 Aachen (52062 최근접)","52064","Backstube","07.09.2026-12.09.2026","Apfeltasche","je 3 Stück, 3 für 2","1.38","","3 für 2","2.07","https://www.lidl.de/l/prospekte/aktionsprospekt-07-09-2026-12-09-2026-878d64/ar/0?_ab=1&lf=HHZ"
"2026-09-07 19:45 Europe/Berlin","Lidl","Eynattener Straße 26, 52064 Aachen (52062 최근접)","52064","Backstube","07.09.2026-12.09.2026","Weltmeisterbrötchen","je 3 Stück, 3 für 2","0.78","","3 für 2","1.17","https://www.lidl.de/l/prospekte/aktionsprospekt-07-09-2026-12-09-2026-878d64/ar/0?_ab=1&lf=HHZ"
"2026-09-07 19:45 Europe/Berlin","Lidl","Eynattener Straße 26, 52064 Aachen (52062 최근접)","52064","Backstube","07.09.2026-12.09.2026","BIOLAND Vollkorn-Körner-Krusti","je 3 Stück, 3 für 2","0.98","","3 für 2","","https://www.lidl.de/l/prospekte/aktionsprospekt-07-09-2026-12-09-2026-878d64/ar/0?_ab=1&lf=HHZ"
"2026-09-07 19:45 Europe/Berlin","Lidl","Eynattener Straße 26, 52064 Aachen (52062 최근접)","52064","Backstube","07.09.2026-12.09.2026","Pizza Donut Margherita","je Stück","0.99","","Aktion","","https://www.lidl.de/l/prospekte/aktionsprospekt-07-09-2026-12-09-2026-878d64/ar/0?_ab=1&lf=HHZ"
"2026-09-07 19:45 Europe/Berlin","Lidl","Eynattener Straße 26, 52064 Aachen (52062 최근접)","52064","Fleisch & Wurst","07.09.2026-12.09.2026","METZGERFRISCH Premium Lamm-Filets","in Gewürzmarinade, ca. 499 g | 27.99 / kg","13.97","","Aktion","","https://www.lidl.de/l/prospekte/aktionsprospekt-07-09-2026-12-09-2026-878d64/ar/0?_ab=1&lf=HHZ"
"2026-09-07 19:45 Europe/Berlin","Lidl","Eynattener Straße 26, 52064 Aachen (52062 최근접)","52064","Fleisch & Wurst","07.09.2026-12.09.2026","METZGERFRISCH Frisches Schweine-Hackfleisch","je 1 kg","3.99","","-19%","","https://www.lidl.de/l/prospekte/aktionsprospekt-07-09-2026-12-09-2026-878d64/ar/0?_ab=1&lf=HHZ"
"2026-09-07 19:45 Europe/Berlin","Lidl","Eynattener Straße 26, 52064 Aachen (52062 최근접)","52064","Fleisch & Wurst","07.09.2026-12.09.2026","DELUXE Barbarie Entenbrustfilet","ca. 299-450 g | 15.99 / kg","4.79","","Aktion","","https://www.lidl.de/l/prospekte/aktionsprospekt-07-09-2026-12-09-2026-878d64/ar/0?_ab=1&lf=HHZ"
"2026-09-07 19:45 Europe/Berlin","Lidl","Eynattener Straße 26, 52064 Aachen (52062 최근접)","52064","Fleisch & Wurst","07.09.2026-12.09.2026","Chicken-Crispies","gegart und frittiert, je 1 kg","8.49","","Aktion","","https://www.lidl.de/l/prospekte/aktionsprospekt-07-09-2026-12-09-2026-878d64/ar/0?_ab=1&lf=HHZ"
"2026-09-07 19:45 Europe/Berlin","Lidl","Eynattener Straße 26, 52064 Aachen (52062 최근접)","52064","Backstube","07.09.2026-12.09.2026","Buttercroissant","je 3 Stück, 3 für 2","0.98","","3 für 2","1.47","https://www.lidl.de/l/prospekte/aktionsprospekt-07-09-2026-12-09-2026-878d64/ar/0?_ab=1&lf=HHZ"
"2026-09-07 19:45 Europe/Berlin","Lidl","Eynattener Straße 26, 52064 Aachen (52062 최근접)","52064","Backstube","07.09.2026-12.09.2026","Laugeneck","mit Saaten, je 3 Stück, 3 für 2","1.70","","3 für 2","2.55","https://www.lidl.de/l/prospekte/aktionsprospekt-07-09-2026-12-09-2026-878d64/ar/0?_ab=1&lf=HHZ"
"2026-09-07 19:45 Europe/Berlin","Lidl","Eynattener Straße 26, 52064 Aachen (52062 최근접)","52064","Backstube","07.09.2026-12.09.2026","Nuss Nougat Berliner","je Stück","0.59","","Aktion","","https://www.lidl.de/l/prospekte/aktionsprospekt-07-09-2026-12-09-2026-878d64/ar/0?_ab=1&lf=HHZ"
"2026-09-07 19:45 Europe/Berlin","Lidl","Eynattener Straße 26, 52064 Aachen (52062 최근접)","52064","Fleisch & Wurst","07.09.2026-12.09.2026","METZGERFRISCH Premium Frische Maispoularde","ganzes Hähnchen, ca. 1,4 kg | 5.49 / kg","3.99","","-27%","5.49","https://www.lidl.de/l/prospekte/aktionsprospekt-07-09-2026-12-09-2026-878d64/ar/0?_ab=1&lf=HHZ"
"2026-09-07 19:45 Europe/Berlin","Lidl","Eynattener Straße 26, 52064 Aachen (52062 최근접)","52064","Fleisch & Wurst","07.09.2026-12.09.2026","METZGERFRISCH Puten-Hacksteaks","mariniert, 320 g | 6.94 / kg","2.22","","-30%","3.19","https://www.lidl.de/l/prospekte/aktionsprospekt-07-09-2026-12-09-2026-878d64/ar/0?_ab=1&lf=HHZ"
"2026-09-07 19:45 Europe/Berlin","Lidl","Eynattener Straße 26, 52064 Aachen (52062 최근접)","52064","Fisch","07.09.2026-12.09.2026","FISCHERSTOLZ Norwegische Lachsfilet-Portionen","mit Haut, 8 x 125 g","15.99","","Aktion","","https://www.lidl.de/l/prospekte/aktionsprospekt-07-09-2026-12-09-2026-878d64/ar/0?_ab=1&lf=HHZ"
"2026-09-07 19:45 Europe/Berlin","Lidl","Eynattener Straße 26, 52064 Aachen (52062 최근접)","52064","Fleisch & Wurst","07.09.2026-12.09.2026","GRILLMEISTER Südamerikanisches Rindersteak","ca. 299-500 g | 14.99 / kg","4.49","","-14%","5.23","https://www.lidl.de/l/prospekte/aktionsprospekt-07-09-2026-12-09-2026-878d64/ar/0?_ab=1&lf=HHZ"
"2026-09-07 19:45 Europe/Berlin","Lidl","Eynattener Straße 26, 52064 Aachen (52062 최근접)","52064","Fleisch & Wurst","07.09.2026-12.09.2026","METZGERFRISCH Frische Hähnchenbrustfilets","Teilstücke, 600 g | 8.65 / kg","5.19","","Aktion","","https://www.lidl.de/l/prospekte/aktionsprospekt-07-09-2026-12-09-2026-878d64/ar/0?_ab=1&lf=HHZ"
"2026-09-07 19:45 Europe/Berlin","Lidl","Eynattener Straße 26, 52064 Aachen (52062 최근접)","52064","Getränke","07.09.2026-12.09.2026","SOLEVITA Bio Koffein Shot","gekühlt, 150 ml | zzgl. 0.25 Pfand | 8.60 / l","1.29","","Aktion","","https://www.lidl.de/l/prospekte/aktionsprospekt-07-09-2026-12-09-2026-878d64/ar/0?_ab=1&lf=HHZ"
"2026-09-07 19:45 Europe/Berlin","Lidl","Eynattener Straße 26, 52064 Aachen (52062 최근접)","52064","Fisch","07.09.2026-12.09.2026","NAUTICA Bio Räucherlachs","gekühlt, 100 g | 39.90 / kg","3.99","","Aktion","","https://www.lidl.de/l/prospekte/aktionsprospekt-07-09-2026-12-09-2026-878d64/ar/0?_ab=1&lf=HHZ"
"2026-09-07 19:45 Europe/Berlin","Lidl","Eynattener Straße 26, 52064 Aachen (52062 최근접)","52064","Kühlregal & Tiefkühlung","07.09.2026-12.09.2026","CHEF SELECT Bio Hummus","versch. Sorten, gekühlt, 200 g | 7.45 / kg","1.49","","Aktion","","https://www.lidl.de/l/prospekte/aktionsprospekt-07-09-2026-12-09-2026-878d64/ar/0?_ab=1&lf=HHZ"
"2026-09-07 19:45 Europe/Berlin","Lidl","Eynattener Straße 26, 52064 Aachen (52062 최근접)","52064","Kühlregal & Tiefkühlung","07.09.2026-12.09.2026","BIOLAND Cremiger Joghurt","gekühlt, 4 x 150 g | 2.98 / kg","1.79","","Aktion","","https://www.lidl.de/l/prospekte/aktionsprospekt-07-09-2026-12-09-2026-878d64/ar/0?_ab=1&lf=HHZ"
"2026-09-07 19:45 Europe/Berlin","Lidl","Eynattener Straße 26, 52064 Aachen (52062 최근접)","52064","Kühlregal & Tiefkühlung","07.09.2026-12.09.2026","BIOLAND Speisequark","Magerstufe, gekühlt, 250 g | 3.96 / kg","0.99","","Aktion","","https://www.lidl.de/l/prospekte/aktionsprospekt-07-09-2026-12-09-2026-878d64/ar/0?_ab=1&lf=HHZ"
"2026-09-07 19:45 Europe/Berlin","Lidl","Eynattener Straße 26, 52064 Aachen (52062 최근접)","52064","Kühlregal & Tiefkühlung","07.09.2026-12.09.2026","BIOLAND Käse","am Stück, versch. Sorten, gekühlt, 200 g | 11.45 / kg","2.29","","Aktion","","https://www.lidl.de/l/prospekte/aktionsprospekt-07-09-2026-12-09-2026-878d64/ar/0?_ab=1&lf=HHZ"
"2026-09-07 19:45 Europe/Berlin","Lidl","Eynattener Straße 26, 52064 Aachen (52062 최근접)","52064","Fleisch & Wurst","07.09.2026-12.09.2026","METZGERFRISCH Bio Salami","versch. Sorten, gekühlt, 125 g | 19.92 / kg","2.49","","Aktion","","https://www.lidl.de/l/prospekte/aktionsprospekt-07-09-2026-12-09-2026-878d64/ar/0?_ab=1&lf=HHZ"
"2026-09-07 19:45 Europe/Berlin","Lidl","Eynattener Straße 26, 52064 Aachen (52062 최근접)","52064","Fleisch & Wurst","07.09.2026-12.09.2026","METZGERFRISCH Bio Traditions-Wurstaufschnitt","versch. Sorten, gekühlt, 125 g | 14.32 / kg","1.79","","Aktion","","https://www.lidl.de/l/prospekte/aktionsprospekt-07-09-2026-12-09-2026-878d64/ar/0?_ab=1&lf=HHZ"
"2026-09-07 19:45 Europe/Berlin","Lidl","Eynattener Straße 26, 52064 Aachen (52062 최근접)","52064","Fleisch & Wurst","07.09.2026-12.09.2026","METZGERFRISCH Bio Traditions-Fleischwurst","versch. Sorten, gekühlt, 250 g | 11.16 / kg","2.79","","Aktion","","https://www.lidl.de/l/prospekte/aktionsprospekt-07-09-2026-12-09-2026-878d64/ar/0?_ab=1&lf=HHZ"
"2026-09-07 19:45 Europe/Berlin","Lidl","Eynattener Straße 26, 52064 Aachen (52062 최근접)","52064","Fleisch & Wurst","07.09.2026-12.09.2026","METZGERFRISCH Bio Traditions-Wiener Würstchen","versch. Sorten, gekühlt, 200 g | 14.95 / kg","2.99","","Aktion","","https://www.lidl.de/l/prospekte/aktionsprospekt-07-09-2026-12-09-2026-878d64/ar/0?_ab=1&lf=HHZ"
"2026-09-07 19:45 Europe/Berlin","Lidl","Eynattener Straße 26, 52064 Aachen (52062 최근접)","52064","Fleisch & Wurst","07.09.2026-12.09.2026","METZGERFRISCH Bio Traditions-Rostbratwurst","versch. Sorten, gekühlt, 220/260 g","3.99","","Aktion","","https://www.lidl.de/l/prospekte/aktionsprospekt-07-09-2026-12-09-2026-878d64/ar/0?_ab=1&lf=HHZ"
"2026-09-07 19:45 Europe/Berlin","Lidl","Eynattener Straße 26, 52064 Aachen (52062 최근접)","52064","Kühlregal & Tiefkühlung","07.09.2026-12.09.2026","BIOLAND Fruchtjoghurt","versch. Sorten, gekühlt, 150 g | 3.93 / kg","0.59","","Aktion","","https://www.lidl.de/l/prospekte/aktionsprospekt-07-09-2026-12-09-2026-878d64/ar/0?_ab=1&lf=HHZ"
"2026-09-07 19:45 Europe/Berlin","Lidl","Eynattener Straße 26, 52064 Aachen (52062 최근접)","52064","Kühlregal & Tiefkühlung","07.09.2026-12.09.2026","BIOLAND Butter","gekühlt, 250 g | 10.76 / kg","2.69","","Aktion","","https://www.lidl.de/l/prospekte/aktionsprospekt-07-09-2026-12-09-2026-878d64/ar/0?_ab=1&lf=HHZ"
"2026-09-07 19:45 Europe/Berlin","ALDI SÜD","Schillerstraße 20, 52064 Aachen (52062 최근접)","52064","Fleisch & Wurst","07.09.2026-12.09.2026","Knusprige Grillhaxe","WIESN SCHMANKERL","3.99","","","","https://www.kaufda.de/insights/aldi-sued-prospekt-07-09-2026-so-einfach-geht-sparen/"
"2026-09-07 19:45 Europe/Berlin","ALDI SÜD","Schillerstraße 20, 52064 Aachen (52062 최근접)","52064","Backstube","07.09.2026-12.09.2026","Serviettenknödel","WIESN SCHMANKERL","1.49","","","","https://www.kaufda.de/insights/aldi-sued-prospekt-07-09-2026-so-einfach-geht-sparen/"
"2026-09-07 19:45 Europe/Berlin","ALDI SÜD","Schillerstraße 20, 52064 Aachen (52062 최근접)","52064","Backstube","07.09.2026-12.09.2026","Brezelino","WIESN SCHMANKERL","1.79","","","","https://www.kaufda.de/insights/aldi-sued-prospekt-07-09-2026-so-einfach-geht-sparen/"
"2026-09-07 19:45 Europe/Berlin","ALDI SÜD","Schillerstraße 20, 52064 Aachen (52062 최근접)","52064","Backstube","07.09.2026-12.09.2026","Brezel-Pizza","WIESN SCHMANKERL","2.99","","","","https://www.kaufda.de/insights/aldi-sued-prospekt-07-09-2026-so-einfach-geht-sparen/"
"2026-09-07 19:45 Europe/Berlin","ALDI SÜD","Schillerstraße 20, 52064 Aachen (52062 최근접)","52064","Backstube","07.09.2026-12.09.2026","Riesn’ Germknödel","WIESN SCHMANKERL","2.99","","","","https://www.kaufda.de/insights/aldi-sued-prospekt-07-09-2026-so-einfach-geht-sparen/"
"2026-09-07 19:45 Europe/Berlin","ALDI SÜD","Schillerstraße 20, 52064 Aachen (52062 최근접)","52064","Kühlregal & Tiefkühlung","07.09.2026-12.09.2026","Körniger Frischkäse","MILSANI","1.19","","","","https://www.kaufda.de/insights/aldi-sued-prospekt-07-09-2026-so-einfach-geht-sparen/"
"2026-09-07 19:45 Europe/Berlin","ALDI SÜD","Schillerstraße 20, 52064 Aachen (52062 최근접)","52064","Kühlregal & Tiefkühlung","07.09.2026-12.09.2026","Frischkäse Kräuter","MILSANI","1.59","","","","https://www.kaufda.de/insights/aldi-sued-prospekt-07-09-2026-so-einfach-geht-sparen/"
"2026-09-07 19:45 Europe/Berlin","ALDI SÜD","Schillerstraße 20, 52064 Aachen (52062 최근접)","52064","Kühlregal & Tiefkühlung","07.09.2026-12.09.2026","Schmelzkäsescheiben","MILSANI","1.49","","","","https://www.kaufda.de/insights/aldi-sued-prospekt-07-09-2026-so-einfach-geht-sparen/"
"2026-09-07 19:45 Europe/Berlin","ALDI SÜD","Schillerstraße 20, 52064 Aachen (52062 최근접)","52064","Kühlregal & Tiefkühlung","07.09.2026-12.09.2026","Gratinkäse","MILSANI","1.79","","","","https://www.kaufda.de/insights/aldi-sued-prospekt-07-09-2026-so-einfach-geht-sparen/"
"2026-09-07 19:45 Europe/Berlin","ALDI SÜD","Schillerstraße 20, 52064 Aachen (52062 최근접)","52064","Kühlregal & Tiefkühlung","07.09.2026-12.09.2026","High-Protein-Pudding","MILSANI","0.89","","","","https://www.kaufda.de/insights/aldi-sued-prospekt-07-09-2026-so-einfach-geht-sparen/"
"2026-09-07 19:45 Europe/Berlin","ALDI SÜD","Schillerstraße 20, 52064 Aachen (52062 최근접)","52064","Kühlregal & Tiefkühlung","07.09.2026-12.09.2026","High-Protein-Mousse","MILSANI","1.19","","","","https://www.kaufda.de/insights/aldi-sued-prospekt-07-09-2026-so-einfach-geht-sparen/"
"2026-09-07 19:45 Europe/Berlin","ALDI SÜD","Schillerstraße 20, 52064 Aachen (52062 최근접)","52064","Kühlregal & Tiefkühlung","07.09.2026-12.09.2026","Bio-Milch","NUR NUR NATUR","1.45","","","","https://www.kaufda.de/insights/aldi-sued-prospekt-07-09-2026-so-einfach-geht-sparen/"
"2026-09-07 19:45 Europe/Berlin","ALDI SÜD","Schillerstraße 20, 52064 Aachen (52062 최근접)","52064","Kühlregal & Tiefkühlung","07.09.2026-12.09.2026","Bio-Heumilchkäse","NUR NUR NATUR","2.39","","","","https://www.kaufda.de/insights/aldi-sued-prospekt-07-09-2026-so-einfach-geht-sparen/"
"2026-09-07 19:45 Europe/Berlin","ALDI SÜD","Schillerstraße 20, 52064 Aachen (52062 최근접)","52064","Knabbereien","07.09.2026-12.09.2026","Bio-Dinkelsticks","NUR NUR NATUR","1.49","","","","https://www.kaufda.de/insights/aldi-sued-prospekt-07-09-2026-so-einfach-geht-sparen/"
"2026-09-07 19:45 Europe/Berlin","ALDI SÜD","Schillerstraße 20, 52064 Aachen (52062 최근접)","52064","Backstube","07.09.2026-12.09.2026","Bio-Roggenvollkornbrot","NUR NUR NATUR","0.99","","","","https://www.kaufda.de/insights/aldi-sued-prospekt-07-09-2026-so-einfach-geht-sparen/"
"2026-09-07 19:45 Europe/Berlin","ALDI SÜD","Schillerstraße 20, 52064 Aachen (52062 최근접)","52064","Kochen & Backen","07.09.2026-12.09.2026","Bio-Dinkelmehl","NUR NUR NATUR","1.25","","","","https://www.kaufda.de/insights/aldi-sued-prospekt-07-09-2026-so-einfach-geht-sparen/"
"2026-09-07 19:45 Europe/Berlin","ALDI SÜD","Schillerstraße 20, 52064 Aachen (52062 최근접)","52064","Kühlregal & Tiefkühlung","07.09.2026-12.09.2026","Bio-Dinkel-Steinofenpizza","NUR NUR NATUR","2.99","","","","https://www.kaufda.de/insights/aldi-sued-prospekt-07-09-2026-so-einfach-geht-sparen/"
"2026-09-07 19:45 Europe/Berlin","ALDI SÜD","Schillerstraße 20, 52064 Aachen (52062 최근접)","52064","Fisch","07.09.2026-12.09.2026","Lachsforellen-Filetseite","je Packung","6.99","","-33%","10.44","https://www.kaufda.de/insights/aldi-sued-prospekt-07-09-2026-so-einfach-geht-sparen/"
"2026-09-07 19:45 Europe/Berlin","ALDI SÜD","Schillerstraße 20, 52064 Aachen (52062 최근접)","52064","Fleisch & Wurst","07.09.2026-12.09.2026","BBQ Schwenksteaks","je Packung","6.99","","-20%","8.74","https://www.kaufda.de/insights/aldi-sued-prospekt-07-09-2026-so-einfach-geht-sparen/"
"2026-09-07 19:45 Europe/Berlin","ALDI SÜD","Schillerstraße 20, 52064 Aachen (52062 최근접)","52064","Fleisch & Wurst","07.09.2026-12.09.2026","Hähnchenbrustfilet","Meine Metzgerei, 1,5 kg","12.99","","","","https://www.kaufda.de/insights/aldi-sued-prospekt-07-09-2026-so-einfach-geht-sparen/"
"2026-09-07 19:45 Europe/Berlin","ALDI SÜD","Schillerstraße 20, 52064 Aachen (52062 최근접)","52064","Fleisch & Wurst","07.09.2026-12.09.2026","Hähnchen-Schnitte Cordon bleu Art","Meine Metzgerei, 750 g","6.49","","","","https://www.kaufda.de/insights/aldi-sued-prospekt-07-09-2026-so-einfach-geht-sparen/"
"2026-09-07 19:45 Europe/Berlin","ALDI SÜD","Schillerstraße 20, 52064 Aachen (52062 최근접)","52064","Fleisch & Wurst","07.09.2026-12.09.2026","Kalbsschnitzel","Meine Metzgerei, 240 g","5.99","","","","https://www.kaufda.de/insights/aldi-sued-prospekt-07-09-2026-so-einfach-geht-sparen/"
"2026-09-07 19:45 Europe/Berlin","ALDI SÜD","Schillerstraße 20, 52064 Aachen (52062 최근접)","52064","Fleisch & Wurst","07.09.2026-12.09.2026","Wiesn Schmankerl Riesen-Wiesn-Schnitzel","500 g","3.99","","","","https://www.kaufda.de/insights/aldi-sued-prospekt-07-09-2026-so-einfach-geht-sparen/"
"2026-09-07 19:45 Europe/Berlin","ALDI SÜD","Schillerstraße 20, 52064 Aachen (52062 최근접)","52064","Fisch","07.09.2026-12.09.2026","Norwegisches Lachsfilet","300 g | 14.97 / kg","4.49","","","","https://www.aldi-sued.de/angebote"
"2026-09-07 19:45 Europe/Berlin","REWE","Varziner Str. 7-17, 44369 Dortmund","44369","Obst & Gemüse","07.09.2026-12.09.2026","Grüne Tafelbirnen","Spanien, je 1 kg-Schale","0.99","","","","https://www.kaufda.de/insights/rewe-prospekt-07-09-2026-blumig-und-fruchtig-durch-die-neue-woche/"
"2026-09-07 19:45 Europe/Berlin","REWE","Varziner Str. 7-17, 44369 Dortmund","44369","Obst & Gemüse","07.09.2026-12.09.2026","Bananen","je 1 kg","1.79","","","","https://www.kaufda.de/insights/rewe-prospekt-07-09-2026-blumig-und-fruchtig-durch-die-neue-woche/"
"2026-09-07 19:45 Europe/Berlin","REWE","Varziner Str. 7-17, 44369 Dortmund","44369","Obst & Gemüse","07.09.2026-12.09.2026","Nergi Kiwibeeren","je Packung","1.99","","","","https://www.kaufda.de/insights/rewe-prospekt-07-09-2026-blumig-und-fruchtig-durch-die-neue-woche/"
"2026-09-07 19:45 Europe/Berlin","REWE","Varziner Str. 7-17, 44369 Dortmund","44369","Obst & Gemüse","07.09.2026-12.09.2026","Zespri SunGold Kiwi","je Stück","0.65","","","","https://www.kaufda.de/insights/rewe-prospekt-07-09-2026-blumig-und-fruchtig-durch-die-neue-woche/"
"2026-09-07 19:45 Europe/Berlin","REWE","Varziner Str. 7-17, 44369 Dortmund","44369","Obst & Gemüse","07.09.2026-12.09.2026","Feigen","4er-Pack","1.00","","","","https://www.kaufda.de/insights/rewe-prospekt-07-09-2026-blumig-und-fruchtig-durch-die-neue-woche/"
"2026-09-07 19:45 Europe/Berlin","REWE","Varziner Str. 7-17, 44369 Dortmund","44369","Obst & Gemüse","07.09.2026-12.09.2026","Mandarinen","750 g-Netz","2.22","","","","https://www.kaufda.de/insights/rewe-prospekt-07-09-2026-blumig-und-fruchtig-durch-die-neue-woche/"
"2026-09-07 19:45 Europe/Berlin","REWE","Varziner Str. 7-17, 44369 Dortmund","44369","Fleisch & Wurst","07.09.2026-12.09.2026","Schweine-Nackensteaks","je Packung","6.99","","","","https://www.kaufda.de/insights/rewe-prospekt-07-09-2026-blumig-und-fruchtig-durch-die-neue-woche/"
"2026-09-07 19:45 Europe/Berlin","REWE","Varziner Str. 7-17, 44369 Dortmund","44369","Fleisch & Wurst","07.09.2026-12.09.2026","Chicken Tenders","je Packung","5.99","","","","https://www.kaufda.de/insights/rewe-prospekt-07-09-2026-blumig-und-fruchtig-durch-die-neue-woche/"
"2026-09-07 19:45 Europe/Berlin","REWE","Varziner Str. 7-17, 44369 Dortmund","44369","Fleisch & Wurst","07.09.2026-12.09.2026","Butcher’s Barbecue Schweine-Rückensteaks","je Packung","3.79","","","","https://www.kaufda.de/insights/rewe-prospekt-07-09-2026-blumig-und-fruchtig-durch-die-neue-woche/"
"2026-09-07 19:45 Europe/Berlin","REWE","Varziner Str. 7-17, 44369 Dortmund","44369","Fleisch & Wurst","07.09.2026-12.09.2026","Spanferkel-Cevapcici","je Packung","2.99","","","","https://www.kaufda.de/insights/rewe-prospekt-07-09-2026-blumig-und-fruchtig-durch-die-neue-woche/"
"2026-09-07 19:45 Europe/Berlin","REWE","Varziner Str. 7-17, 44369 Dortmund","44369","Fleisch & Wurst","07.09.2026-12.09.2026","ja! Grobe Bratwurst","je Packung","2.59","","","","https://www.kaufda.de/insights/rewe-prospekt-07-09-2026-blumig-und-fruchtig-durch-die-neue-woche/"
"2026-09-07 19:45 Europe/Berlin","REWE","Varziner Str. 7-17, 44369 Dortmund","44369","Fleisch & Wurst","07.09.2026-12.09.2026","ja! Schweinefleisch-Spieße","je Packung","4.99","","","","https://www.kaufda.de/insights/rewe-prospekt-07-09-2026-blumig-und-fruchtig-durch-die-neue-woche/"
"2026-09-07 19:45 Europe/Berlin","REWE","Varziner Str. 7-17, 44369 Dortmund","44369","Getränke","07.09.2026-12.09.2026","REWE Beste Wahl Orangensaft","je 1 l","1.99","","","","https://www.kaufda.de/insights/rewe-prospekt-07-09-2026-blumig-und-fruchtig-durch-die-neue-woche/"
"2026-09-07 19:45 Europe/Berlin","REWE","Varziner Str. 7-17, 44369 Dortmund","44369","Getränke","07.09.2026-12.09.2026","Chari Tea Bio Eistee oder Lemonaid Bio Limonade","je Flasche","1.29","","","","https://www.kaufda.de/insights/rewe-prospekt-07-09-2026-blumig-und-fruchtig-durch-die-neue-woche/"
"2026-09-07 19:45 Europe/Berlin","REWE","Varziner Str. 7-17, 44369 Dortmund","44369","Getränke","07.09.2026-12.09.2026","Coca-Cola","1,25 l","1.11","","","","https://www.kaufda.de/insights/rewe-prospekt-07-09-2026-blumig-und-fruchtig-durch-die-neue-woche/"
"2026-09-07 19:45 Europe/Berlin","REWE","Varziner Str. 7-17, 44369 Dortmund","44369","Getränke","07.09.2026-12.09.2026","Fuze Tea","je Flasche","1.29","","","","https://www.kaufda.de/insights/rewe-prospekt-07-09-2026-blumig-und-fruchtig-durch-die-neue-woche/"
"2026-09-07 19:45 Europe/Berlin","REWE","Varziner Str. 7-17, 44369 Dortmund","44369","Getränke","07.09.2026-12.09.2026","Gerolsteiner Mineralwasser","je Flasche","0.89","","","","https://www.kaufda.de/insights/rewe-prospekt-07-09-2026-blumig-und-fruchtig-durch-die-neue-woche/"
"2026-09-07 19:45 Europe/Berlin","REWE","Varziner Str. 7-17, 44369 Dortmund","44369","Kühlregal & Tiefkühlung","07.09.2026-12.09.2026","Dr. Oetker Pizza Tradizionale Salame Romano","tiefgefroren, je 385 g | 5.17 / kg","1.99","","","","https://www.rewe.de/angebote/dortmund/1762800/rewe-markt-varziner-str-7-17/"
"2026-09-07 19:45 Europe/Berlin","REWE","Varziner Str. 7-17, 44369 Dortmund","44369","Fleisch & Wurst","07.09.2026-12.09.2026","Frische Schweineschnitzel aus der Oberschale","sorgfältig zugeschnitten, je 100 g","0.69","","","","https://www.rewe.de/angebote/dortmund/1762800/rewe-markt-varziner-str-7-17/"
"2026-09-07 19:45 Europe/Berlin","REWE","Varziner Str. 7-17, 44369 Dortmund","44369","Kochen & Backen","07.09.2026-12.09.2026","Knorr Salat Krönung","versch. Sorten, je 5er-Packung, ausreichend für 5 x 90 ml","0.88","","","","https://www.rewe.de/angebote/dortmund/1762800/rewe-markt-varziner-str-7-17/"
"2026-09-07 19:45 Europe/Berlin","REWE","Varziner Str. 7-17, 44369 Dortmund","44369","Fleisch & Wurst","07.09.2026-12.09.2026","Ferdi Fuchs Mini Würstchen","versch. Sorten, je 5 x 20 g | 9.90 / kg","0.99","","","","https://www.rewe.de/angebote/dortmund/1762800/rewe-markt-varziner-str-7-17/"
"2026-09-07 19:45 Europe/Berlin","ALDI Nord","Aspeystraße 75, 44369 Dortmund","44369","Wurst & Aufschnitt","07.09.2026-12.09.2026","WIESN SCHMANKERL Münchner Weißwurst XXL","je Packung","3.99","","","","https://www.kaufda.de/insights/aldi-nord-prospekt-07-09-2026-alpenschmaus-zum-spitzenpreis/"
"2026-09-07 19:45 Europe/Berlin","ALDI Nord","Aspeystraße 75, 44369 Dortmund","44369","Fleisch & Wurst","07.09.2026-12.09.2026","Grillhaxe","WIESN SCHMANKERL, je Stück","3.29","","","","https://www.kaufda.de/insights/aldi-nord-prospekt-07-09-2026-alpenschmaus-zum-spitzenpreis/"
"2026-09-07 19:45 Europe/Berlin","ALDI Nord","Aspeystraße 75, 44369 Dortmund","44369","Konserven & Beilagen","07.09.2026-12.09.2026","Sauerkraut","je Packung","0.99","","","","https://www.kaufda.de/insights/aldi-nord-prospekt-07-09-2026-alpenschmaus-zum-spitzenpreis/"
"2026-09-07 19:45 Europe/Berlin","ALDI Nord","Aspeystraße 75, 44369 Dortmund","44369","Kochen & Backen","07.09.2026-12.09.2026","Süßer Senf","je Glas","0.99","","","","https://www.kaufda.de/insights/aldi-nord-prospekt-07-09-2026-alpenschmaus-zum-spitzenpreis/"
"2026-09-07 19:45 Europe/Berlin","ALDI Nord","Aspeystraße 75, 44369 Dortmund","44369","Fleisch & Wurst","07.09.2026-12.09.2026","Riesen-Schnitzel","WIESN SCHMANKERL, je Packung","3.79","","","","https://www.kaufda.de/insights/aldi-nord-prospekt-07-09-2026-alpenschmaus-zum-spitzenpreis/"
"2026-09-07 19:45 Europe/Berlin","ALDI Nord","Aspeystraße 75, 44369 Dortmund","44369","Fleisch & Wurst","07.09.2026-12.09.2026","Bayerischer Leberkäse","je Packung","6.49","","","","https://www.kaufda.de/insights/aldi-nord-prospekt-07-09-2026-alpenschmaus-zum-spitzenpreis/"
"2026-09-07 19:45 Europe/Berlin","ALDI Nord","Aspeystraße 75, 44369 Dortmund","44369","Kühlregal & Tiefkühlung","07.09.2026-12.09.2026","MILSANI High Protein Pudding","je Becher","0.89","","","","https://www.kaufda.de/insights/aldi-nord-prospekt-07-09-2026-alpenschmaus-zum-spitzenpreis/"
"2026-09-07 19:45 Europe/Berlin","ALDI Nord","Aspeystraße 75, 44369 Dortmund","44369","Kühlregal & Tiefkühlung","07.09.2026-12.09.2026","MILSANI High Protein Mousse","je Becher","1.19","","","","https://www.kaufda.de/insights/aldi-nord-prospekt-07-09-2026-alpenschmaus-zum-spitzenpreis/"
"2026-09-07 19:45 Europe/Berlin","ALDI Nord","Aspeystraße 75, 44369 Dortmund","44369","Kühlregal & Tiefkühlung","07.09.2026-12.09.2026","MILSANI High Protein Joghurterzeugnis","je Becher","0.79","","","","https://www.kaufda.de/insights/aldi-nord-prospekt-07-09-2026-alpenschmaus-zum-spitzenpreis/"
"2026-09-07 19:45 Europe/Berlin","ALDI Nord","Aspeystraße 75, 44369 Dortmund","44369","Knabbereien","07.09.2026-12.09.2026","Peanut-Protein-Bar","je Riegel","1.19","","","","https://www.kaufda.de/insights/aldi-nord-prospekt-07-09-2026-alpenschmaus-zum-spitzenpreis/"
"2026-09-07 19:45 Europe/Berlin","Lidl","Huckarder Allee 27, 44369 Dortmund","44369","Getränke","07.09.2026-12.09.2026","Freeway Cola","koffeinhaltig, je 1,5 l | zzgl. 0.25 Pfand | 0.19 / l","0.29","","-55%","0.65","https://www.lidl.de/l/prospekte/aktionsprospekt-07-09-2026-12-09-2026-878d64/ar/0?_ab=1&lf=HHZ"
"2026-09-07 19:45 Europe/Berlin","Lidl","Huckarder Allee 27, 44369 Dortmund","44369","Kühlregal & Tiefkühlung","07.09.2026-12.09.2026","Wagner Steinofen Pizza oder Flammkuchen","tiefgefroren, je 700/600 g | 4.99/5.82 / kg","3.49","2.99","-29% / Lidl Plus","4.98","https://www.lidl.de/l/prospekte/aktionsprospekt-07-09-2026-12-09-2026-878d64/ar/0?_ab=1&lf=HHZ"
"2026-09-07 19:45 Europe/Berlin","Lidl","Huckarder Allee 27, 44369 Dortmund","44369","Obst & Gemüse","07.09.2026-12.09.2026","Feigen","Ursprung Türkei, Klasse I, 4 Stück","0.95","","-36%","1.49","https://www.lidl.de/l/prospekte/aktionsprospekt-07-09-2026-12-09-2026-878d64/ar/0?_ab=1&lf=HHZ"
"2026-09-07 19:45 Europe/Berlin","Lidl","Huckarder Allee 27, 44369 Dortmund","44369","Obst & Gemüse","07.09.2026-12.09.2026","Kaktusfeige","Ursprung Italien, Klasse I, 500 g | 2.78 / kg","1.39","","-22%","1.79","https://www.lidl.de/l/prospekte/aktionsprospekt-07-09-2026-12-09-2026-878d64/ar/0?_ab=1&lf=HHZ"
"2026-09-07 19:45 Europe/Berlin","Lidl","Huckarder Allee 27, 44369 Dortmund","44369","Obst & Gemüse","07.09.2026-12.09.2026","Grapefruit","Ursprung Südafrika, Klasse I, je Stück","0.55","","Aktion","","https://www.lidl.de/l/prospekte/aktionsprospekt-07-09-2026-12-09-2026-878d64/ar/0?_ab=1&lf=HHZ"
"2026-09-07 19:45 Europe/Berlin","Lidl","Huckarder Allee 27, 44369 Dortmund","44369","Obst & Gemüse","07.09.2026-12.09.2026","Zucchini","lose, Ursprung Deutschland/Spanien, Klasse I","0.99","","Aktion","","https://www.lidl.de/l/prospekte/aktionsprospekt-07-09-2026-12-09-2026-878d64/ar/0?_ab=1&lf=HHZ"
"2026-09-07 19:45 Europe/Berlin","Lidl","Huckarder Allee 27, 44369 Dortmund","44369","Obst & Gemüse","07.09.2026-12.09.2026","Petersilie","Ursprung Deutschland/Spanien/Belgien, je Bund","1.11","","-20%","1.39","https://www.lidl.de/l/prospekte/aktionsprospekt-07-09-2026-12-09-2026-878d64/ar/0?_ab=1&lf=HHZ"
"2026-09-07 19:45 Europe/Berlin","Lidl","Huckarder Allee 27, 44369 Dortmund","44369","Obst & Gemüse","07.09.2026-12.09.2026","Grüner Spitzpaprika","Ursprung Türkei/Marokko, 400 g | 3.98 / kg","1.59","","-20%","1.99","https://www.lidl.de/l/prospekte/aktionsprospekt-07-09-2026-12-09-2026-878d64/ar/0?_ab=1&lf=HHZ"
"2026-09-07 19:45 Europe/Berlin","Lidl","Huckarder Allee 27, 44369 Dortmund","44369","Obst & Gemüse","07.09.2026-12.09.2026","Bauerngurken","Ursprung Spanien/Deutschland, 750 g | 3.32 / kg","0.99","","-60%","2.49","https://www.lidl.de/l/prospekte/aktionsprospekt-07-09-2026-12-09-2026-878d64/ar/0?_ab=1&lf=HHZ"
"2026-09-07 19:45 Europe/Berlin","Lidl","Huckarder Allee 27, 44369 Dortmund","44369","Obst & Gemüse","07.09.2026-12.09.2026","Granatapfel","Ursprung Spanien/Türkei, Klasse I, je Stück","1.11","1.11","-20% / Lidl Plus","1.39","https://www.lidl.de/l/prospekte/aktionsprospekt-07-09-2026-12-09-2026-878d64/ar/0?_ab=1&lf=HHZ"
"2026-09-07 19:45 Europe/Berlin","Lidl","Huckarder Allee 27, 44369 Dortmund","44369","Kühlregal & Tiefkühlung","07.09.2026-12.09.2026","Kerrygold extra XXL","versch. Sorten, gekühlt, 400 g | 6.65 / kg","2.66","","-53%","","https://www.lidl.de/l/prospekte/aktionsprospekt-07-09-2026-12-09-2026-878d64/ar/0?_ab=1&lf=HHZ"
"2026-09-07 19:45 Europe/Berlin","Lidl","Huckarder Allee 27, 44369 Dortmund","44369","Knabbereien","07.09.2026-12.09.2026","Milka Großtafel Schokolade","versch. Sorten, 250/270/276/300 g","2.99","","-40%","4.99","https://www.lidl.de/l/prospekte/aktionsprospekt-07-09-2026-12-09-2026-878d64/ar/0?_ab=1&lf=HHZ"
"2026-09-07 19:45 Europe/Berlin","Lidl","Huckarder Allee 27, 44369 Dortmund","44369","Getränke","07.09.2026-12.09.2026","Capri-Sun","versch. Sorten, 10 x 0,2 l | 1.50 / l","2.99","","-30%","4.29","https://www.lidl.de/l/prospekte/aktionsprospekt-07-09-2026-12-09-2026-878d64/ar/0?_ab=1&lf=HHZ"
"2026-09-07 19:45 Europe/Berlin","Lidl","Huckarder Allee 27, 44369 Dortmund","44369","Kühlregal & Tiefkühlung","07.09.2026-12.09.2026","Landliebe Haltbare Landmilch","3,5/1,5 % Fett, je 1 l","0.95","","-36%","1.49","https://www.lidl.de/l/prospekte/aktionsprospekt-07-09-2026-12-09-2026-878d64/ar/0?_ab=1&lf=HHZ"
"2026-09-07 19:45 Europe/Berlin","Lidl","Huckarder Allee 27, 44369 Dortmund","44369","Kühlregal & Tiefkühlung","07.09.2026-12.09.2026","Langnese Magnum","versch. Sorten, tiefgefroren, je 255/270/330 ml","2.99","","-33%","4.49","https://www.lidl.de/l/prospekte/aktionsprospekt-07-09-2026-12-09-2026-878d64/ar/0?_ab=1&lf=HHZ"
"2026-09-07 19:45 Europe/Berlin","Lidl","Huckarder Allee 27, 44369 Dortmund","44369","Kühlregal & Tiefkühlung","07.09.2026-12.09.2026","Dovgan Taschki Pelmeni/Vareniki","versch. Sorten, tiefgefroren, 1,5 kg | 3.99 / kg","5.99","","-33%","8.99","https://www.lidl.de/l/prospekte/aktionsprospekt-07-09-2026-12-09-2026-878d64/ar/0?_ab=1&lf=HHZ"
"2026-09-07 19:45 Europe/Berlin","Lidl","Huckarder Allee 27, 44369 Dortmund","44369","Kochen & Backen","07.09.2026-12.09.2026","Combino Spaghetti","500 g | 1.18 / kg","0.59","","-14%","0.69","https://www.lidl.de/l/prospekte/aktionsprospekt-07-09-2026-12-09-2026-878d64/ar/0?_ab=1&lf=HHZ"
"2026-09-07 19:45 Europe/Berlin","Lidl","Huckarder Allee 27, 44369 Dortmund","44369","Kühlregal & Tiefkühlung","07.09.2026-12.09.2026","Ehrmann Almighurt","versch. Sorten, gekühlt, 150 g | 2.60 / kg","0.39","","-56%","0.89","https://www.lidl.de/l/prospekte/aktionsprospekt-07-09-2026-12-09-2026-878d64/ar/0?_ab=1&lf=HHZ"
"2026-09-07 19:45 Europe/Berlin","Lidl","Huckarder Allee 27, 44369 Dortmund","44369","Kühlregal & Tiefkühlung","07.09.2026-12.09.2026","Ehrmann High Protein Pudding","versch. Sorten, gekühlt, 200 g | 4.95 / kg","0.99","","-33%","1.49","https://www.lidl.de/l/prospekte/aktionsprospekt-07-09-2026-12-09-2026-878d64/ar/0?_ab=1&lf=HHZ"
"2026-09-07 19:45 Europe/Berlin","Lidl","Huckarder Allee 27, 44369 Dortmund","44369","Knabbereien","07.09.2026-12.09.2026","Pick Up!","versch. Sorten, je 140 g | 14.21 / kg","1.99","1.99","-39% / Lidl Plus","3.29","https://www.lidl.de/l/prospekte/aktionsprospekt-07-09-2026-12-09-2026-878d64/ar/0?_ab=1&lf=HHZ"
"2026-09-07 19:45 Europe/Berlin","Lidl","Huckarder Allee 27, 44369 Dortmund","44369","Backstube","07.09.2026-12.09.2026","Mulino Bianco Gebäck","versch. Sorten, je 200/250 g","2.22","","-39%","3.69","https://www.lidl.de/l/prospekte/aktionsprospekt-07-09-2026-12-09-2026-878d64/ar/0?_ab=1&lf=HHZ"
"2026-09-07 19:45 Europe/Berlin","Lidl","Huckarder Allee 27, 44369 Dortmund","44369","Knabbereien","07.09.2026-12.09.2026","Yogurette/Kinder Schokolade 4er-Pack","je 400 g | 12.98 / kg","5.19","","-23%","","https://www.lidl.de/l/prospekte/aktionsprospekt-07-09-2026-12-09-2026-878d64/ar/0?_ab=1&lf=HHZ"
"2026-09-07 19:45 Europe/Berlin","Lidl","Huckarder Allee 27, 44369 Dortmund","44369","Knabbereien","07.09.2026-12.09.2026","Nestlé Minis","versch. Sorten, je 144/167/180/185 g","2.49","2.49","-34% / Lidl Plus","3.79","https://www.lidl.de/l/prospekte/aktionsprospekt-07-09-2026-12-09-2026-878d64/ar/0?_ab=1&lf=HHZ"
"2026-09-07 19:45 Europe/Berlin","Lidl","Huckarder Allee 27, 44369 Dortmund","44369","Getränke","07.09.2026-12.09.2026","Valensina Kids","versch. Sorten, je 0,33 l | zzgl. Pfand","0.88","","-26%","1.19","https://www.lidl.de/l/prospekte/aktionsprospekt-07-09-2026-12-09-2026-878d64/ar/0?_ab=1&lf=HHZ"
"2026-09-07 19:45 Europe/Berlin","Lidl","Huckarder Allee 27, 44369 Dortmund","44369","Knabbereien","07.09.2026-12.09.2026","Mister Choc Schoko Bananen","300 g | 6.63 / kg","1.99","1.99","-13% / Lidl Plus","2.29","https://www.lidl.de/l/prospekte/aktionsprospekt-07-09-2026-12-09-2026-878d64/ar/0?_ab=1&lf=HHZ"
"2026-09-07 19:45 Europe/Berlin","Lidl","Huckarder Allee 27, 44369 Dortmund","44369","Kochen & Backen","07.09.2026-12.09.2026","Knorr Fix","versch. Sorten, je 33/36/40/43/49 g","0.49","","-58%","1.19","https://www.lidl.de/l/prospekte/aktionsprospekt-07-09-2026-12-09-2026-878d64/ar/0?_ab=1&lf=HHZ"
"2026-09-07 19:45 Europe/Berlin","Lidl","Huckarder Allee 27, 44369 Dortmund","44369","Kühlregal & Tiefkühlung","07.09.2026-12.09.2026","Settele Maultaschen","versch. Sorten, gekühlt, 300 g | 5.97 / kg","1.79","","-25%","2.39","https://www.lidl.de/l/prospekte/aktionsprospekt-07-09-2026-12-09-2026-878d64/ar/0?_ab=1&lf=HHZ"
"2026-09-07 19:45 Europe/Berlin","Lidl","Huckarder Allee 27, 44369 Dortmund","44369","Kühlregal & Tiefkühlung","07.09.2026-12.09.2026","Settele Dampfnudeln","gekühlt, 500 g | 2.98 / kg","1.49","","-37%","2.39","https://www.lidl.de/l/prospekte/aktionsprospekt-07-09-2026-12-09-2026-878d64/ar/0?_ab=1&lf=HHZ"
"2026-09-07 19:45 Europe/Berlin","Lidl","Huckarder Allee 27, 44369 Dortmund","44369","Kühlregal & Tiefkühlung","07.09.2026-12.09.2026","Hilcona Feinkost Teigwaren XXL","versch. Sorten, gekühlt, 750 g | 4.39 / kg","3.29","","Aktion","","https://www.lidl.de/l/prospekte/aktionsprospekt-07-09-2026-12-09-2026-878d64/ar/0?_ab=1&lf=HHZ"
"2026-09-07 19:45 Europe/Berlin","Lidl","Huckarder Allee 27, 44369 Dortmund","44369","Fleisch & Wurst","07.09.2026-12.09.2026","Wiltmann Salami Teller XXL","versch. Sorten, gekühlt, 200 g | 14.95 / kg","2.99","","-40%","4.99","https://www.lidl.de/l/prospekte/aktionsprospekt-07-09-2026-12-09-2026-878d64/ar/0?_ab=1&lf=HHZ"
"2026-09-07 19:45 Europe/Berlin","Lidl","Huckarder Allee 27, 44369 Dortmund","44369","Getränke","07.09.2026-12.09.2026","Babadağ Gazoz","je 0,33 l | zzgl. 0.25 Pfand","0.39","","Aktion","","https://www.lidl.de/l/prospekte/aktionsprospekt-07-09-2026-12-09-2026-878d64/ar/0?_ab=1&lf=HHZ"
"2026-09-07 19:45 Europe/Berlin","Lidl","Huckarder Allee 27, 44369 Dortmund","44369","Fleisch & Wurst","07.09.2026-12.09.2026","Bifi","versch. Sorten, je 6x 20/3x45/5x20 g","1.99","","-33%","2.99","https://www.lidl.de/l/prospekte/aktionsprospekt-07-09-2026-12-09-2026-878d64/ar/0?_ab=1&lf=HHZ"
"2026-09-07 19:45 Europe/Berlin","Lidl","Huckarder Allee 27, 44369 Dortmund","44369","Knabbereien","07.09.2026-12.09.2026","Nutella B-ready","220 g | 16.32 / kg","3.59","","Aktion","","https://www.lidl.de/l/prospekte/aktionsprospekt-07-09-2026-12-09-2026-878d64/ar/0?_ab=1&lf=HHZ"
"2026-09-07 19:45 Europe/Berlin","Lidl","Huckarder Allee 27, 44369 Dortmund","44369","Knabbereien","07.09.2026-12.09.2026","Funny-frisch Goldfischli","versch. Sorten, je 100 g | 11.10 / kg","1.11","","-25%","1.49","https://www.lidl.de/l/prospekte/aktionsprospekt-07-09-2026-12-09-2026-878d64/ar/0?_ab=1&lf=HHZ"
"2026-09-07 19:45 Europe/Berlin","Lidl","Huckarder Allee 27, 44369 Dortmund","44369","Kühlregal & Tiefkühlung","07.09.2026-12.09.2026","Milram Buttermilch-Drink","versch. Sorten, gekühlt, 750 g | 1.72 / kg","1.29","","-27%","1.79","https://www.lidl.de/l/prospekte/aktionsprospekt-07-09-2026-12-09-2026-878d64/ar/0?_ab=1&lf=HHZ"
"2026-09-07 19:45 Europe/Berlin","Lidl","Huckarder Allee 27, 44369 Dortmund","44369","Knabbereien","07.09.2026-12.09.2026","Kinder Überraschung","versch. Sorten, je 20 g","0.99","","Aktion","","https://www.lidl.de/l/prospekte/aktionsprospekt-07-09-2026-12-09-2026-878d64/ar/0?_ab=1&lf=HHZ"
"2026-09-07 19:45 Europe/Berlin","Lidl","Huckarder Allee 27, 44369 Dortmund","44369","Getränke","07.09.2026-12.09.2026","Grant’s Triple Wood Whisky","40 % vol, je 0,7 l | 14.27 / l","9.99","","-28%","13.99","https://www.lidl.de/l/prospekte/aktionsprospekt-07-09-2026-12-09-2026-878d64/ar/0?_ab=1&lf=HHZ"
"2026-09-07 19:45 Europe/Berlin","Lidl","Huckarder Allee 27, 44369 Dortmund","44369","Getränke","07.09.2026-12.09.2026","Hohes C Vitamin Shots","versch. Sorten, je 0,33 l | zzgl. Pfand","1.99","","-26%","2.69","https://www.lidl.de/l/prospekte/aktionsprospekt-07-09-2026-12-09-2026-878d64/ar/0?_ab=1&lf=HHZ"
"2026-09-07 19:45 Europe/Berlin","Lidl","Huckarder Allee 27, 44369 Dortmund","44369","Getränke","07.09.2026-12.09.2026","Arizona Icetea XXL","versch. Sorten, je 1,75 l | zzgl. Pfand","1.39","","Aktion","","https://www.lidl.de/l/prospekte/aktionsprospekt-07-09-2026-12-09-2026-878d64/ar/0?_ab=1&lf=HHZ"
"2026-09-07 19:45 Europe/Berlin","Lidl","Huckarder Allee 27, 44369 Dortmund","44369","Getränke","07.09.2026-12.09.2026","Bacardi Carta Blanca & Coca-Cola","37,5 % vol, je 0,7 l inkl. 0,85 l Coca-Cola","10.99","","-26%","14.99","https://www.lidl.de/l/prospekte/aktionsprospekt-07-09-2026-12-09-2026-878d64/ar/0?_ab=1&lf=HHZ"
"2026-09-07 19:45 Europe/Berlin","Lidl","Huckarder Allee 27, 44369 Dortmund","44369","Getränke","07.09.2026-12.09.2026","Somersby Zero Apple Cider","versch. Sorten, je 0,33 l | zzgl. Pfand","1.11","","-30%","1.59","https://www.lidl.de/l/prospekte/aktionsprospekt-07-09-2026-12-09-2026-878d64/ar/0?_ab=1&lf=HHZ"
"2026-09-07 19:45 Europe/Berlin","Lidl","Huckarder Allee 27, 44369 Dortmund","44369","Getränke","07.09.2026-12.09.2026","Gerolsteiner Mineralwasser medium","je 1,5 l | zzgl. Pfand","0.89","0.89","-18% / Lidl Plus","1.09","https://www.lidl.de/l/prospekte/aktionsprospekt-07-09-2026-12-09-2026-878d64/ar/0?_ab=1&lf=HHZ"
"2026-09-07 19:45 Europe/Berlin","Lidl","Huckarder Allee 27, 44369 Dortmund","44369","Kühlregal & Tiefkühlung","07.09.2026-12.09.2026","Géramont Weichkäse","versch. Sorten, gekühlt, je 150/200 g","2.29","","-34%","3.49","https://www.lidl.de/l/prospekte/aktionsprospekt-07-09-2026-12-09-2026-878d64/ar/0?_ab=1&lf=HHZ"
"2026-09-07 19:45 Europe/Berlin","Lidl","Huckarder Allee 27, 44369 Dortmund","44369","Kühlregal & Tiefkühlung","07.09.2026-12.09.2026","Chef Select Gefüllte Knusperrollen XXL","versch. Sorten, gekühlt, 1 kg","3.99","","Aktion","","https://www.lidl.de/l/prospekte/aktionsprospekt-07-09-2026-12-09-2026-878d64/ar/0?_ab=1&lf=HHZ"
"2026-09-07 19:45 Europe/Berlin","Lidl","Huckarder Allee 27, 44369 Dortmund","44369","Kühlregal & Tiefkühlung","07.09.2026-12.09.2026","Chef Select Lasagne Bolognese XXL","gekühlt, 1,15 kg | 3.47 / kg","3.99","","-13%","","https://www.lidl.de/l/prospekte/aktionsprospekt-07-09-2026-12-09-2026-878d64/ar/0?_ab=1&lf=HHZ"
"2026-09-07 19:45 Europe/Berlin","Lidl","Huckarder Allee 27, 44369 Dortmund","44369","Fleisch & Wurst","07.09.2026-12.09.2026","Grillmeister Geflügel-Bratwurst XXL","gekühlt, 720 g | 7.76 / kg","5.59","","-15%","","https://www.lidl.de/l/prospekte/aktionsprospekt-07-09-2026-12-09-2026-878d64/ar/0?_ab=1&lf=HHZ"
"2026-09-07 19:45 Europe/Berlin","Lidl","Huckarder Allee 27, 44369 Dortmund","44369","Fleisch & Wurst","07.09.2026-12.09.2026","Rügenwalder Mühle Vegane Aufschnitt-Alternative","gekühlt, 500 g | 11.98 / kg","5.99","","-25%","7.99","https://www.lidl.de/l/prospekte/aktionsprospekt-07-09-2026-12-09-2026-878d64/ar/0?_ab=1&lf=HHZ"
"2026-09-07 19:45 Europe/Berlin","Lidl","Huckarder Allee 27, 44369 Dortmund","44369","Fisch","07.09.2026-12.09.2026","Norwegischer Räucherlachs","in Scheiben, gekühlt, 300 g | 18.97 / kg","5.69","","Aktion","","https://www.lidl.de/l/prospekte/aktionsprospekt-07-09-2026-12-09-2026-878d64/ar/0?_ab=1&lf=HHZ"
"2026-09-07 19:45 Europe/Berlin","Lidl","Huckarder Allee 27, 44369 Dortmund","44369","Kühlregal & Tiefkühlung","07.09.2026-12.09.2026","Arla Finello XXL","versch. Sorten, gekühlt, 225 g | 8.84 / kg","1.99","","-48%","3.89","https://www.lidl.de/l/prospekte/aktionsprospekt-07-09-2026-12-09-2026-878d64/ar/0?_ab=1&lf=HHZ"
"2026-09-07 19:45 Europe/Berlin","Lidl","Huckarder Allee 27, 44369 Dortmund","44369","Kühlregal & Tiefkühlung","07.09.2026-12.09.2026","Dovgan Körniger Frischkäse XXL","versch. Sorten, gekühlt, 350 g | 7.69 / kg","2.69","","-10%","2.99","https://www.lidl.de/l/prospekte/aktionsprospekt-07-09-2026-12-09-2026-878d64/ar/0?_ab=1&lf=HHZ"
"2026-09-07 19:45 Europe/Berlin","Lidl","Huckarder Allee 27, 44369 Dortmund","44369","Knabbereien","07.09.2026-12.09.2026","Kinder Cards","10er-Pack, 256 g | 19.49 / kg","4.99","","-16%","","https://www.lidl.de/l/prospekte/aktionsprospekt-07-09-2026-12-09-2026-878d64/ar/0?_ab=1&lf=HHZ"
"2026-09-07 19:45 Europe/Berlin","Lidl","Huckarder Allee 27, 44369 Dortmund","44369","Kochen & Backen","07.09.2026-12.09.2026","Surig Essig-Essenz","je 450 g | 2.47 / kg","1.11","","+50 g gratis","","https://www.lidl.de/l/prospekte/aktionsprospekt-07-09-2026-12-09-2026-878d64/ar/0?_ab=1&lf=HHZ"
"2026-09-07 19:45 Europe/Berlin","Lidl","Huckarder Allee 27, 44369 Dortmund","44369","Backstube","07.09.2026-12.09.2026","7DAYS Croissants","versch. Sorten, 185 g | 9.68 / kg","1.79","","-40%","2.99","https://www.lidl.de/l/prospekte/aktionsprospekt-07-09-2026-12-09-2026-878d64/ar/0?_ab=1&lf=HHZ"
"2026-09-07 19:45 Europe/Berlin","Lidl","Huckarder Allee 27, 44369 Dortmund","44369","Fleisch & Wurst","07.09.2026-12.09.2026","Chef Select Jäger-Hackbraten","versch. Sorten, gekühlt, 500 g | 4.98 / kg","2.49","","Aktion","","https://www.lidl.de/l/prospekte/aktionsprospekt-07-09-2026-12-09-2026-878d64/ar/0?_ab=1&lf=HHZ"
"2026-09-07 19:45 Europe/Berlin","Lidl","Huckarder Allee 27, 44369 Dortmund","44369","Kühlregal & Tiefkühlung","07.09.2026-12.09.2026","Chef Select High Protein Ready Meal","versch. Sorten, gekühlt, 400 g | 6.98 / kg","2.79","","-20%","3.49","https://www.lidl.de/l/prospekte/aktionsprospekt-07-09-2026-12-09-2026-878d64/ar/0?_ab=1&lf=HHZ"
"2026-09-07 19:45 Europe/Berlin","Lidl","Huckarder Allee 27, 44369 Dortmund","44369","Fleisch & Wurst","07.09.2026-12.09.2026","Rügenwalder Mühle Snack-Becher","versch. Sorten, gekühlt, 165 g | 15.09 / kg","2.49","","-28%","3.49","https://www.lidl.de/l/prospekte/aktionsprospekt-07-09-2026-12-09-2026-878d64/ar/0?_ab=1&lf=HHZ"
"2026-09-07 19:45 Europe/Berlin","Lidl","Huckarder Allee 27, 44369 Dortmund","44369","Kühlregal & Tiefkühlung","07.09.2026-12.09.2026","8PANDA Frühlingsrollen","versch. Sorten, gekühlt, 278 g | 9.68 / kg","2.69","","-22%","3.49","https://www.lidl.de/l/prospekte/aktionsprospekt-07-09-2026-12-09-2026-878d64/ar/0?_ab=1&lf=HHZ"
"2026-09-07 19:45 Europe/Berlin","Lidl","Huckarder Allee 27, 44369 Dortmund","44369","Knabbereien","07.09.2026-12.09.2026","Candy Floss","Zuckerwatte, 60 g | 33.17 / kg","1.99","","-28%","2.79","https://www.lidl.de/l/prospekte/aktionsprospekt-07-09-2026-12-09-2026-878d64/ar/0?_ab=1&lf=HHZ"
"2026-09-07 19:45 Europe/Berlin","Lidl","Huckarder Allee 27, 44369 Dortmund","44369","Getränke","07.09.2026-12.09.2026","Alpro Nussdrink","versch. Sorten, je 1 l","1.99","","-33%","2.99","https://www.lidl.de/l/prospekte/aktionsprospekt-07-09-2026-12-09-2026-878d64/ar/0?_ab=1&lf=HHZ"
"2026-09-07 19:45 Europe/Berlin","Lidl","Huckarder Allee 27, 44369 Dortmund","44369","Getränke","07.09.2026-12.09.2026","Calypso Ocean Blue Lemonade","je 0,473 l | zzgl. 0.25 Pfand","2.29","","-17%","2.79","https://www.lidl.de/l/prospekte/aktionsprospekt-07-09-2026-12-09-2026-878d64/ar/0?_ab=1&lf=HHZ"
"2026-09-07 19:45 Europe/Berlin","Lidl","Huckarder Allee 27, 44369 Dortmund","44369","Getränke","07.09.2026-12.09.2026","Bitburger Premium Pils","0,568 l | zzgl. 0.25 Pfand","0.79","","-20%","0.99","https://www.lidl.de/l/prospekte/aktionsprospekt-07-09-2026-12-09-2026-878d64/ar/0?_ab=1&lf=HHZ"
"2026-09-07 19:45 Europe/Berlin","Lidl","Huckarder Allee 27, 44369 Dortmund","44369","Backstube","07.09.2026-12.09.2026","Apfeltasche","je 3 Stück, 3 für 2","1.38","","3 für 2","2.07","https://www.lidl.de/l/prospekte/aktionsprospekt-07-09-2026-12-09-2026-878d64/ar/0?_ab=1&lf=HHZ"
"2026-09-07 19:45 Europe/Berlin","Lidl","Huckarder Allee 27, 44369 Dortmund","44369","Backstube","07.09.2026-12.09.2026","Weltmeisterbrötchen","je 3 Stück, 3 für 2","0.78","","3 für 2","1.17","https://www.lidl.de/l/prospekte/aktionsprospekt-07-09-2026-12-09-2026-878d64/ar/0?_ab=1&lf=HHZ"
"2026-09-07 19:45 Europe/Berlin","Lidl","Huckarder Allee 27, 44369 Dortmund","44369","Backstube","07.09.2026-12.09.2026","BIOLAND Vollkorn-Körner-Krusti","je 3 Stück, 3 für 2","0.98","","3 für 2","","https://www.lidl.de/l/prospekte/aktionsprospekt-07-09-2026-12-09-2026-878d64/ar/0?_ab=1&lf=HHZ"
"2026-09-07 19:45 Europe/Berlin","Lidl","Huckarder Allee 27, 44369 Dortmund","44369","Backstube","07.09.2026-12.09.2026","Pizza Donut Margherita","je Stück","0.99","","Aktion","","https://www.lidl.de/l/prospekte/aktionsprospekt-07-09-2026-12-09-2026-878d64/ar/0?_ab=1&lf=HHZ"
"2026-09-07 19:45 Europe/Berlin","Lidl","Huckarder Allee 27, 44369 Dortmund","44369","Fleisch & Wurst","07.09.2026-12.09.2026","METZGERFRISCH Premium Lamm-Filets","in Gewürzmarinade, ca. 499 g | 27.99 / kg","13.97","","Aktion","","https://www.lidl.de/l/prospekte/aktionsprospekt-07-09-2026-12-09-2026-878d64/ar/0?_ab=1&lf=HHZ"
"2026-09-07 19:45 Europe/Berlin","Lidl","Huckarder Allee 27, 44369 Dortmund","44369","Fleisch & Wurst","07.09.2026-12.09.2026","METZGERFRISCH Frisches Schweine-Hackfleisch","je 1 kg","3.99","","-19%","","https://www.lidl.de/l/prospekte/aktionsprospekt-07-09-2026-12-09-2026-878d64/ar/0?_ab=1&lf=HHZ"
"2026-09-07 19:45 Europe/Berlin","Lidl","Huckarder Allee 27, 44369 Dortmund","44369","Fleisch & Wurst","07.09.2026-12.09.2026","DELUXE Barbarie Entenbrustfilet","ca. 299-450 g | 15.99 / kg","4.79","","Aktion","","https://www.lidl.de/l/prospekte/aktionsprospekt-07-09-2026-12-09-2026-878d64/ar/0?_ab=1&lf=HHZ"
"2026-09-07 19:45 Europe/Berlin","Lidl","Huckarder Allee 27, 44369 Dortmund","44369","Fleisch & Wurst","07.09.2026-12.09.2026","Chicken-Crispies","gegart und frittiert, je 1 kg","8.49","","Aktion","","https://www.lidl.de/l/prospekte/aktionsprospekt-07-09-2026-12-09-2026-878d64/ar/0?_ab=1&lf=HHZ"
"2026-09-07 19:45 Europe/Berlin","Lidl","Huckarder Allee 27, 44369 Dortmund","44369","Backstube","07.09.2026-12.09.2026","Buttercroissant","je 3 Stück, 3 für 2","0.98","","3 für 2","1.47","https://www.lidl.de/l/prospekte/aktionsprospekt-07-09-2026-12-09-2026-878d64/ar/0?_ab=1&lf=HHZ"
"2026-09-07 19:45 Europe/Berlin","Lidl","Huckarder Allee 27, 44369 Dortmund","44369","Backstube","07.09.2026-12.09.2026","Laugeneck","mit Saaten, je 3 Stück, 3 für 2","1.70","","3 für 2","2.55","https://www.lidl.de/l/prospekte/aktionsprospekt-07-09-2026-12-09-2026-878d64/ar/0?_ab=1&lf=HHZ"
"2026-09-07 19:45 Europe/Berlin","Lidl","Huckarder Allee 27, 44369 Dortmund","44369","Backstube","07.09.2026-12.09.2026","Nuss Nougat Berliner","je Stück","0.59","","Aktion","","https://www.lidl.de/l/prospekte/aktionsprospekt-07-09-2026-12-09-2026-878d64/ar/0?_ab=1&lf=HHZ"
"2026-09-07 19:45 Europe/Berlin","Lidl","Huckarder Allee 27, 44369 Dortmund","44369","Fleisch & Wurst","07.09.2026-12.09.2026","METZGERFRISCH Premium Frische Maispoularde","ganzes Hähnchen, ca. 1,4 kg | 5.49 / kg","3.99","","-27%","5.49","https://www.lidl.de/l/prospekte/aktionsprospekt-07-09-2026-12-09-2026-878d64/ar/0?_ab=1&lf=HHZ"
"2026-09-07 19:45 Europe/Berlin","Lidl","Huckarder Allee 27, 44369 Dortmund","44369","Fleisch & Wurst","07.09.2026-12.09.2026","METZGERFRISCH Puten-Hacksteaks","mariniert, 320 g | 6.94 / kg","2.22","","-30%","3.19","https://www.lidl.de/l/prospekte/aktionsprospekt-07-09-2026-12-09-2026-878d64/ar/0?_ab=1&lf=HHZ"
"2026-09-07 19:45 Europe/Berlin","Lidl","Huckarder Allee 27, 44369 Dortmund","44369","Fisch","07.09.2026-12.09.2026","FISCHERSTOLZ Norwegische Lachsfilet-Portionen","mit Haut, 8 x 125 g","15.99","","Aktion","","https://www.lidl.de/l/prospekte/aktionsprospekt-07-09-2026-12-09-2026-878d64/ar/0?_ab=1&lf=HHZ"
"2026-09-07 19:45 Europe/Berlin","Lidl","Huckarder Allee 27, 44369 Dortmund","44369","Fleisch & Wurst","07.09.2026-12.09.2026","GRILLMEISTER Südamerikanisches Rindersteak","ca. 299-500 g | 14.99 / kg","4.49","","-14%","5.23","https://www.lidl.de/l/prospekte/aktionsprospekt-07-09-2026-12-09-2026-878d64/ar/0?_ab=1&lf=HHZ"
"2026-09-07 19:45 Europe/Berlin","Lidl","Huckarder Allee 27, 44369 Dortmund","44369","Fleisch & Wurst","07.09.2026-12.09.2026","METZGERFRISCH Frische Hähnchenbrustfilets","Teilstücke, 600 g | 8.65 / kg","5.19","","Aktion","","https://www.lidl.de/l/prospekte/aktionsprospekt-07-09-2026-12-09-2026-878d64/ar/0?_ab=1&lf=HHZ"
"2026-09-07 19:45 Europe/Berlin","Lidl","Huckarder Allee 27, 44369 Dortmund","44369","Getränke","07.09.2026-12.09.2026","SOLEVITA Bio Koffein Shot","gekühlt, 150 ml | zzgl. 0.25 Pfand | 8.60 / l","1.29","","Aktion","","https://www.lidl.de/l/prospekte/aktionsprospekt-07-09-2026-12-09-2026-878d64/ar/0?_ab=1&lf=HHZ"
"2026-09-07 19:45 Europe/Berlin","Lidl","Huckarder Allee 27, 44369 Dortmund","44369","Fisch","07.09.2026-12.09.2026","NAUTICA Bio Räucherlachs","gekühlt, 100 g | 39.90 / kg","3.99","","Aktion","","https://www.lidl.de/l/prospekte/aktionsprospekt-07-09-2026-12-09-2026-878d64/ar/0?_ab=1&lf=HHZ"
"2026-09-07 19:45 Europe/Berlin","Lidl","Huckarder Allee 27, 44369 Dortmund","44369","Kühlregal & Tiefkühlung","07.09.2026-12.09.2026","CHEF SELECT Bio Hummus","versch. Sorten, gekühlt, 200 g | 7.45 / kg","1.49","","Aktion","","https://www.lidl.de/l/prospekte/aktionsprospekt-07-09-2026-12-09-2026-878d64/ar/0?_ab=1&lf=HHZ"
"2026-09-07 19:45 Europe/Berlin","Lidl","Huckarder Allee 27, 44369 Dortmund","44369","Kühlregal & Tiefkühlung","07.09.2026-12.09.2026","BIOLAND Cremiger Joghurt","gekühlt, 4 x 150 g | 2.98 / kg","1.79","","Aktion","","https://www.lidl.de/l/prospekte/aktionsprospekt-07-09-2026-12-09-2026-878d64/ar/0?_ab=1&lf=HHZ"
"2026-09-07 19:45 Europe/Berlin","Lidl","Huckarder Allee 27, 44369 Dortmund","44369","Kühlregal & Tiefkühlung","07.09.2026-12.09.2026","BIOLAND Speisequark","Magerstufe, gekühlt, 250 g | 3.96 / kg","0.99","","Aktion","","https://www.lidl.de/l/prospekte/aktionsprospekt-07-09-2026-12-09-2026-878d64/ar/0?_ab=1&lf=HHZ"
"2026-09-07 19:45 Europe/Berlin","Lidl","Huckarder Allee 27, 44369 Dortmund","44369","Kühlregal & Tiefkühlung","07.09.2026-12.09.2026","BIOLAND Käse","am Stück, versch. Sorten, gekühlt, 200 g | 11.45 / kg","2.29","","Aktion","","https://www.lidl.de/l/prospekte/aktionsprospekt-07-09-2026-12-09-2026-878d64/ar/0?_ab=1&lf=HHZ"
"2026-09-07 19:45 Europe/Berlin","Lidl","Huckarder Allee 27, 44369 Dortmund","44369","Fleisch & Wurst","07.09.2026-12.09.2026","METZGERFRISCH Bio Salami","versch. Sorten, gekühlt, 125 g | 19.92 / kg","2.49","","Aktion","","https://www.lidl.de/l/prospekte/aktionsprospekt-07-09-2026-12-09-2026-878d64/ar/0?_ab=1&lf=HHZ"
"2026-09-07 19:45 Europe/Berlin","Lidl","Huckarder Allee 27, 44369 Dortmund","44369","Fleisch & Wurst","07.09.2026-12.09.2026","METZGERFRISCH Bio Traditions-Wurstaufschnitt","versch. Sorten, gekühlt, 125 g | 14.32 / kg","1.79","","Aktion","","https://www.lidl.de/l/prospekte/aktionsprospekt-07-09-2026-12-09-2026-878d64/ar/0?_ab=1&lf=HHZ"
"2026-09-07 19:45 Europe/Berlin","Lidl","Huckarder Allee 27, 44369 Dortmund","44369","Fleisch & Wurst","07.09.2026-12.09.2026","METZGERFRISCH Bio Traditions-Fleischwurst","versch. Sorten, gekühlt, 250 g | 11.16 / kg","2.79","","Aktion","","https://www.lidl.de/l/prospekte/aktionsprospekt-07-09-2026-12-09-2026-878d64/ar/0?_ab=1&lf=HHZ"
"2026-09-07 19:45 Europe/Berlin","Lidl","Huckarder Allee 27, 44369 Dortmund","44369","Fleisch & Wurst","07.09.2026-12.09.2026","METZGERFRISCH Bio Traditions-Wiener Würstchen","versch. Sorten, gekühlt, 200 g | 14.95 / kg","2.99","","Aktion","","https://www.lidl.de/l/prospekte/aktionsprospekt-07-09-2026-12-09-2026-878d64/ar/0?_ab=1&lf=HHZ"
"2026-09-07 19:45 Europe/Berlin","Lidl","Huckarder Allee 27, 44369 Dortmund","44369","Fleisch & Wurst","07.09.2026-12.09.2026","METZGERFRISCH Bio Traditions-Rostbratwurst","versch. Sorten, gekühlt, 220/260 g","3.99","","Aktion","","https://www.lidl.de/l/prospekte/aktionsprospekt-07-09-2026-12-09-2026-878d64/ar/0?_ab=1&lf=HHZ"
"2026-09-07 19:45 Europe/Berlin","Lidl","Huckarder Allee 27, 44369 Dortmund","44369","Kühlregal & Tiefkühlung","07.09.2026-12.09.2026","BIOLAND Fruchtjoghurt","versch. Sorten, gekühlt, 150 g | 3.93 / kg","0.59","","Aktion","","https://www.lidl.de/l/prospekte/aktionsprospekt-07-09-2026-12-09-2026-878d64/ar/0?_ab=1&lf=HHZ"
"2026-09-07 19:45 Europe/Berlin","Lidl","Huckarder Allee 27, 44369 Dortmund","44369","Kühlregal & Tiefkühlung","07.09.2026-12.09.2026","BIOLAND Butter","gekühlt, 250 g | 10.76 / kg","2.69","","Aktion","","https://www.lidl.de/l/prospekte/aktionsprospekt-07-09-2026-12-09-2026-878d64/ar/0?_ab=1&lf=HHZ"
