"수집시각","체인","지점","우편번호","카테고리","행사기간","상품명","상품정보","행사가격","앱가격","할인율","기준가격","출처"
"2026-09-20 21:02 Europe/Berlin","REWE","REWE Markt, An der Piwipp 120, 40468 Düsseldorf (지점 확인)","40468","음료","21.09.2026-27.09.2026","Adelholzener Mineralwasser","versch. Sorten, je 12 x 0,75-l-Fl.-Kasten, (1 l = 0,72 €), zzgl. 3,30 € Pfand","6.49","","","0,72 €","https://www.rewe.de/angebote/duesseldorf/8322016/rewe-markt-an-der-piwipp-120/"
"2026-09-20 21:02 Europe/Berlin","REWE","REWE Markt, An der Piwipp 120, 40468 Düsseldorf (지점 확인)","40468","음료","21.09.2026-27.09.2026","Afri Cola Extra Koffein","koffeinhaltig, je 6 x 1-l-Fl.-Pckg., (1 l = 0,89 €), zzgl. 1,50 € Pfand","5.34","","","0,89 €","https://www.rewe.de/angebote/duesseldorf/8322016/rewe-markt-an-der-piwipp-120/"
"2026-09-20 21:02 Europe/Berlin","REWE","REWE Markt, An der Piwipp 120, 40468 Düsseldorf (지점 확인)","40468","식품","21.09.2026-27.09.2026","Altenburger Ziegenrolle","je 150-g-Pckg., (1 kg = 16,60 €)","2.49","","","16,60 €","https://www.rewe.de/angebote/duesseldorf/8322016/rewe-markt-an-der-piwipp-120/"
"2026-09-20 21:02 Europe/Berlin","REWE","REWE Markt, An der Piwipp 120, 40468 Düsseldorf (지점 확인)","40468","식품","21.09.2026-27.09.2026","Andros So Good - so Veggie","aus Kokosmilch, je 350-g-Becher, (1 kg = 4,26 €)","1.49","","","4,26 €","https://www.rewe.de/angebote/duesseldorf/8322016/rewe-markt-an-der-piwipp-120/"
"2026-09-20 21:02 Europe/Berlin","REWE","REWE Markt, An der Piwipp 120, 40468 Düsseldorf (지점 확인)","40468","식품","21.09.2026-27.09.2026","Aoste Longhetti","Classique, je 65-g-Pckg., (1 kg = 27,54 €)","1.79","","","27,54 €","https://www.rewe.de/angebote/duesseldorf/8322016/rewe-markt-an-der-piwipp-120/"
"2026-09-20 21:02 Europe/Berlin","REWE","REWE Markt, An der Piwipp 120, 40468 Düsseldorf (지점 확인)","40468","식품","21.09.2026-27.09.2026","Aoste Stickado","Classique, je 70-g-Pckg., (1 kg = 25,57 €)","1.79","","","25,57 €","https://www.rewe.de/angebote/duesseldorf/8322016/rewe-markt-an-der-piwipp-120/"
"2026-09-20 21:02 Europe/Berlin","REWE","REWE Markt, An der Piwipp 120, 40468 Düsseldorf (지점 확인)","40468","식품","21.09.2026-27.09.2026","Appel Zarte Filets vom Hering","versch. Sorten, je 200-g-Dose, (1 kg = 5,55 €)","1.11","","","5,55 €","https://www.rewe.de/angebote/duesseldorf/8322016/rewe-markt-an-der-piwipp-120/"
"2026-09-20 21:02 Europe/Berlin","REWE","REWE Markt, An der Piwipp 120, 40468 Düsseldorf (지점 확인)","40468","식품","21.09.2026-27.09.2026","Ayuko Ramen Nudeln","vorgekocht, je 180-g-Btl., (1 kg = 4,39 €)","0.79","","","4,39 €","https://www.rewe.de/angebote/duesseldorf/8322016/rewe-markt-an-der-piwipp-120/"
"2026-09-20 21:02 Europe/Berlin","REWE","REWE Markt, An der Piwipp 120, 40468 Düsseldorf (지점 확인)","40468","식품","21.09.2026-27.09.2026","Ayuko Udon Nudeln","vorgekocht, je 200-g-Btl., (1 kg = 3,95 €)","0.79","","","3,95 €","https://www.rewe.de/angebote/duesseldorf/8322016/rewe-markt-an-der-piwipp-120/"
"2026-09-20 21:02 Europe/Berlin","REWE","REWE Markt, An der Piwipp 120, 40468 Düsseldorf (지점 확인)","40468","주류","21.09.2026-27.09.2026","Bacardi Carta Blanca Superior","37,5% Vol. oder Razz 27% Vol., je 0,7-l-Fl., (1 l = 14,99 €)","10.49","","","14,99 €","https://www.rewe.de/angebote/duesseldorf/8322016/rewe-markt-an-der-piwipp-120/"
"2026-09-20 21:02 Europe/Berlin","REWE","REWE Markt, An der Piwipp 120, 40468 Düsseldorf (지점 확인)","40468","식품","21.09.2026-27.09.2026","Bahlsen Pick Up!","versch. Sorten, je 5 x 28-g-Pckg., (1 kg = 14,21 €)","1.99","","","14,21 €","https://www.rewe.de/angebote/duesseldorf/8322016/rewe-markt-an-der-piwipp-120/"
"2026-09-20 21:02 Europe/Berlin","REWE","REWE Markt, An der Piwipp 120, 40468 Düsseldorf (지점 확인)","40468","식품","21.09.2026-27.09.2026","Barilla Classic Pasta","versch. Ausformungen, je 500-g-Pckg., (1 kg = 1,76 €)","0.88","","","1,76 €","https://www.rewe.de/angebote/duesseldorf/8322016/rewe-markt-an-der-piwipp-120/"
"2026-09-20 21:02 Europe/Berlin","REWE","REWE Markt, An der Piwipp 120, 40468 Düsseldorf (지점 확인)","40468","식품","21.09.2026-27.09.2026","Barilla Pasta Sauce","Basilico, je 400-g-Glas, (1 kg = 4,48 €)","1.79","","","4,48 €","https://www.rewe.de/angebote/duesseldorf/8322016/rewe-markt-an-der-piwipp-120/"
"2026-09-20 21:02 Europe/Berlin","REWE","REWE Markt, An der Piwipp 120, 40468 Düsseldorf (지점 확인)","40468","식품","21.09.2026-27.09.2026","Barilla Pesto Rosso","je 200-g-Glas, (1 kg = 8,95 €)","1.79","","","8,95 €","https://www.rewe.de/angebote/duesseldorf/8322016/rewe-markt-an-der-piwipp-120/"
"2026-09-20 21:02 Europe/Berlin","REWE","REWE Markt, An der Piwipp 120, 40468 Düsseldorf (지점 확인)","40468","식품","21.09.2026-27.09.2026","Bauli Buondi L'Originale","je 198-g-Pckg., (1 kg = 11,57 €)","2.29","","","11,57 €","https://www.rewe.de/angebote/duesseldorf/8322016/rewe-markt-an-der-piwipp-120/"
"2026-09-20 21:02 Europe/Berlin","REWE","REWE Markt, An der Piwipp 120, 40468 Düsseldorf (지점 확인)","40468","식품","21.09.2026-27.09.2026","Bauli Buondi L'Originale Cacao","je 258-g-Pckg., (1 kg = 8,88 €)","2.29","","","8,88 €","https://www.rewe.de/angebote/duesseldorf/8322016/rewe-markt-an-der-piwipp-120/"
"2026-09-20 21:02 Europe/Berlin","REWE","REWE Markt, An der Piwipp 120, 40468 Düsseldorf (지점 확인)","40468","주류","21.09.2026-27.09.2026","Beck’s Pils","versch. Sorten, je 20 x 0,5-l-Fl.-Kasten, (1 l = 1,10 €), zzgl. 3,10 € Pfand","10.99","","","1,10 €","https://www.rewe.de/angebote/duesseldorf/8322016/rewe-markt-an-der-piwipp-120/"
"2026-09-20 21:02 Europe/Berlin","REWE","REWE Markt, An der Piwipp 120, 40468 Düsseldorf (지점 확인)","40468","식품","21.09.2026-27.09.2026","Ben & Jerry’s Ice Cream","versch. Sorten, je 465-ml-Becher, (1 l = 8,58 €)","3.99","","","8,58 €","https://www.rewe.de/angebote/duesseldorf/8322016/rewe-markt-an-der-piwipp-120/"
"2026-09-20 21:02 Europe/Berlin","REWE","REWE Markt, An der Piwipp 120, 40468 Düsseldorf (지점 확인)","40468","식품","21.09.2026-27.09.2026","Bergader Bergbauern Käse würzig-nussig","Schnittkäse, 48% Fett i.Tr., je 100 g","1.69","","","","https://www.rewe.de/angebote/duesseldorf/8322016/rewe-markt-an-der-piwipp-120/"
"2026-09-20 21:02 Europe/Berlin","REWE","REWE Markt, An der Piwipp 120, 40468 Düsseldorf (지점 확인)","40468","식품","21.09.2026-27.09.2026","Bille Geflügelsalami","versch. Sorten, je 100 g","1.49","","","","https://www.rewe.de/angebote/duesseldorf/8322016/rewe-markt-an-der-piwipp-120/"
"2026-09-20 21:02 Europe/Berlin","REWE","REWE Markt, An der Piwipp 120, 40468 Düsseldorf (지점 확인)","40468","식품","21.09.2026-27.09.2026","Bio Mango","Sorte: siehe Etikett, Kl. II, je St.","1.99","","","","https://www.rewe.de/angebote/duesseldorf/8322016/rewe-markt-an-der-piwipp-120/"
"2026-09-20 21:02 Europe/Berlin","REWE","REWE Markt, An der Piwipp 120, 40468 Düsseldorf (지점 확인)","40468","식품","21.09.2026-27.09.2026","Bio Romana Salatherzen","Kl. II, je 2 St.-Pckg.","1.59","","","","https://www.rewe.de/angebote/duesseldorf/8322016/rewe-markt-an-der-piwipp-120/"
"2026-09-20 21:02 Europe/Berlin","REWE","REWE Markt, An der Piwipp 120, 40468 Düsseldorf (지점 확인)","40468","식품","21.09.2026-27.09.2026","Bio Sombra Kürbis","je 1 kg","2.29","","","","https://www.rewe.de/angebote/duesseldorf/8322016/rewe-markt-an-der-piwipp-120/"
"2026-09-20 21:02 Europe/Berlin","REWE","REWE Markt, An der Piwipp 120, 40468 Düsseldorf (지점 확인)","40468","주류","21.09.2026-27.09.2026","Bitburger Premium Pils","je 0,5-l-Dose, (1 l = 1,58 €), zzgl. 0,25 € Pfand","0.79","","","1,58 €","https://www.rewe.de/angebote/duesseldorf/8322016/rewe-markt-an-der-piwipp-120/"
"2026-09-20 21:02 Europe/Berlin","REWE","REWE Markt, An der Piwipp 120, 40468 Düsseldorf (지점 확인)","40468","주류","21.09.2026-27.09.2026","Blackforest Needle Dry Gin","40% Vol., je 0,5-l-Fl., (1 l = 19,98 €)","9.99","","","19,98 €","https://www.rewe.de/angebote/duesseldorf/8322016/rewe-markt-an-der-piwipp-120/"
"2026-09-20 21:02 Europe/Berlin","REWE","REWE Markt, An der Piwipp 120, 40468 Düsseldorf (지점 확인)","40468","주류","21.09.2026-27.09.2026","Bombay Sapphire London Dry Gin","40% Vol., je 0,7-l-Fl., (1 l = 22,84 €)","15.99","","","22,84 €","https://www.rewe.de/angebote/duesseldorf/8322016/rewe-markt-an-der-piwipp-120/"
"2026-09-20 21:02 Europe/Berlin","REWE","REWE Markt, An der Piwipp 120, 40468 Düsseldorf (지점 확인)","40468","식품","21.09.2026-27.09.2026","Bonduelle Kopfsalat","je 175-g-Btl., (1 kg = 10,23 €)","1.79","","","10,23 €","https://www.rewe.de/angebote/duesseldorf/8322016/rewe-markt-an-der-piwipp-120/"
"2026-09-20 21:02 Europe/Berlin","REWE","REWE Markt, An der Piwipp 120, 40468 Düsseldorf (지점 확인)","40468","식품","21.09.2026-27.09.2026","Bonduelle Wildkräutersalat","je 110-g-Btl., (1 kg = 16,27 €)","1.79","","","16,27 €","https://www.rewe.de/angebote/duesseldorf/8322016/rewe-markt-an-der-piwipp-120/"
"2026-09-20 21:02 Europe/Berlin","REWE","REWE Markt, An der Piwipp 120, 40468 Düsseldorf (지점 확인)","40468","식품","21.09.2026-27.09.2026","Breitsamer Honig Faires Frühstück","je 500-g-Glas, (1 kg = 9,98 €)","4.99","","","9,98 €","https://www.rewe.de/angebote/duesseldorf/8322016/rewe-markt-an-der-piwipp-120/"
"2026-09-20 21:02 Europe/Berlin","REWE","REWE Markt, An der Piwipp 120, 40468 Düsseldorf (지점 확인)","40468","식품","21.09.2026-27.09.2026","Brunch Brotaufstrich","versch. Sorten, je 185-g-Becher, (1 kg = 6,97 €)","1.29","","","6,97 €","https://www.rewe.de/angebote/duesseldorf/8322016/rewe-markt-an-der-piwipp-120/"
"2026-09-20 21:02 Europe/Berlin","REWE","REWE Markt, An der Piwipp 120, 40468 Düsseldorf (지점 확인)","40468","주류","21.09.2026-27.09.2026","Budweiser Premium Czech Lager","je 20 x 0,5-l-Fl.-Kasten, (1 l = 1,50 €), zzgl. 3,10 € Pfand","14.99","","","1,50 €","https://www.rewe.de/angebote/duesseldorf/8322016/rewe-markt-an-der-piwipp-120/"
"2026-09-20 21:02 Europe/Berlin","REWE","REWE Markt, An der Piwipp 120, 40468 Düsseldorf (지점 확인)","40468","식품","21.09.2026-27.09.2026","Bürger Maultaschen","traditionell schwäbisch, je 360-g-Btl., (1 kg = 4,69 €)","1.69","","","4,69 €","https://www.rewe.de/angebote/duesseldorf/8322016/rewe-markt-an-der-piwipp-120/"
"2026-09-20 21:02 Europe/Berlin","REWE","REWE Markt, An der Piwipp 120, 40468 Düsseldorf (지점 확인)","40468","식품","21.09.2026-27.09.2026","Burgis Sonntagsknödel","je 500-g-Pckg., (1 kg = 3,58 €)","1.79","","","3,58 €","https://www.rewe.de/angebote/duesseldorf/8322016/rewe-markt-an-der-piwipp-120/"
"2026-09-20 21:02 Europe/Berlin","REWE","REWE Markt, An der Piwipp 120, 40468 Düsseldorf (지점 확인)","40468","음료","21.09.2026-27.09.2026","Burgwallbronn Mineralwasser","versch. Sorten, je 12 x 1-l-Fl.-Kasten, (1 l = 0,42 €), zzgl. 3,30 € Pfand","4.99","","","0,42 €","https://www.rewe.de/angebote/duesseldorf/8322016/rewe-markt-an-der-piwipp-120/"
"2026-09-20 21:02 Europe/Berlin","REWE","REWE Markt, An der Piwipp 120, 40468 Düsseldorf (지점 확인)","40468","식품","21.09.2026-27.09.2026","Butcher’s Angus Irish Beef oder Beef Rindfleisch Burger Patties","je 230-g-Pckg., (1 kg = 18,65 €)","4.29","","","18,65 €","https://www.rewe.de/angebote/duesseldorf/8322016/rewe-markt-an-der-piwipp-120/"
"2026-09-20 21:02 Europe/Berlin","REWE","REWE Markt, An der Piwipp 120, 40468 Düsseldorf (지점 확인)","40468","식품","21.09.2026-27.09.2026","Butcher’s Barbecue Schweine-Nackensteaks","in versch. Marinaden, je 380-g-Pckg., (1 kg = 9,97 €)","3.79","","","9,97 €","https://www.rewe.de/angebote/duesseldorf/8322016/rewe-markt-an-der-piwipp-120/"
"2026-09-20 21:02 Europe/Berlin","REWE","REWE Markt, An der Piwipp 120, 40468 Düsseldorf (지점 확인)","40468","식품","21.09.2026-27.09.2026","Butter-Quarktasche","je St.","0.99","","","","https://www.rewe.de/angebote/duesseldorf/8322016/rewe-markt-an-der-piwipp-120/"
"2026-09-20 21:02 Europe/Berlin","REWE","REWE Markt, An der Piwipp 120, 40468 Düsseldorf (지점 확인)","40468","식품","21.09.2026-27.09.2026","Buttermilch-Batzen","Hefefeingebäck, mild und süß-aromatisch im Geschmack, je 350-g-St., (1 kg = 4,26 €)","1.49","","","4,26 €","https://www.rewe.de/angebote/duesseldorf/8322016/rewe-markt-an-der-piwipp-120/"
"2026-09-20 21:02 Europe/Berlin","REWE","REWE Markt, An der Piwipp 120, 40468 Düsseldorf (지점 확인)","40468","식품","21.09.2026-27.09.2026","Casa Modena Salame Gran Magro","feine Salamispezialität, je 100 g","2.29","","","","https://www.rewe.de/angebote/duesseldorf/8322016/rewe-markt-an-der-piwipp-120/"
"2026-09-20 21:02 Europe/Berlin","REWE","REWE Markt, An der Piwipp 120, 40468 Düsseldorf (지점 확인)","40468","식품","21.09.2026-27.09.2026","Chicorée","Kl. I, je 500-g-Pckg., (1 kg = 3,18 €)","1.59","","","3,18 €","https://www.rewe.de/angebote/duesseldorf/8322016/rewe-markt-an-der-piwipp-120/"
"2026-09-20 21:02 Europe/Berlin","REWE","REWE Markt, An der Piwipp 120, 40468 Düsseldorf (지점 확인)","40468","음료","21.09.2026-27.09.2026","Coca-Cola oder Coca-Cola Zero Friendspack","koffeinhaltig, je 10 x 0,33-l-Dosen-Pckg., (1 l = 1,82 €), zzgl. 2,50 € Pfand","5.99","","","1,82 €","https://www.rewe.de/angebote/duesseldorf/8322016/rewe-markt-an-der-piwipp-120/"
"2026-09-20 21:02 Europe/Berlin","REWE","REWE Markt, An der Piwipp 120, 40468 Düsseldorf (지점 확인)","40468","식품","21.09.2026-27.09.2026","Coppenrath & Wiese Lust auf Kuchen Erdbeer Cheesecake","tiefgefroren, je 550-g-Pckg., (1 kg = 6,35 €)","3.49","","","6,35 €","https://www.rewe.de/angebote/duesseldorf/8322016/rewe-markt-an-der-piwipp-120/"
"2026-09-20 21:02 Europe/Berlin","REWE","REWE Markt, An der Piwipp 120, 40468 Düsseldorf (지점 확인)","40468","식품","21.09.2026-27.09.2026","Coppenrath & Wiese Lust auf Vegan Mandel-Bienenstich-Torte","tiefgefroren, je 360-g-Pckg., (1 kg = 9,69 €)","3.49","","","9,69 €","https://www.rewe.de/angebote/duesseldorf/8322016/rewe-markt-an-der-piwipp-120/"
"2026-09-20 21:02 Europe/Berlin","REWE","REWE Markt, An der Piwipp 120, 40468 Düsseldorf (지점 확인)","40468","식품","21.09.2026-27.09.2026","Coppenrath & Wiese Sahne Rolle","versch. Sorten, tiefgefroren, je 350-g-Pckg., (1 kg = 7,40 €)","2.59","","","7,40 €","https://www.rewe.de/angebote/duesseldorf/8322016/rewe-markt-an-der-piwipp-120/"
"2026-09-20 21:02 Europe/Berlin","REWE","REWE Markt, An der Piwipp 120, 40468 Düsseldorf (지점 확인)","40468","식품","21.09.2026-27.09.2026","Corny Müsliriegel Milch Classic","je 4 x 30-g-Pckg., (1 kg = 14,92 €)","1.79","","","14,92 €","https://www.rewe.de/angebote/duesseldorf/8322016/rewe-markt-an-der-piwipp-120/"
"2026-09-20 21:02 Europe/Berlin","REWE","REWE Markt, An der Piwipp 120, 40468 Düsseldorf (지점 확인)","40468","식품","21.09.2026-27.09.2026","Corny Müsliriegel Schoko","je 6 x 25-g-Pckg., (1 kg = 11,93 €)","1.79","","","11,93 €","https://www.rewe.de/angebote/duesseldorf/8322016/rewe-markt-an-der-piwipp-120/"
"2026-09-20 21:02 Europe/Berlin","REWE","REWE Markt, An der Piwipp 120, 40468 Düsseldorf (지점 확인)","40468","식품","21.09.2026-27.09.2026","Costa Pacific Prawns","tiefgefroren, je 215-g-Btl., (1 kg = 37,16 €)","7.99","","","37,16 €","https://www.rewe.de/angebote/duesseldorf/8322016/rewe-markt-an-der-piwipp-120/"
"2026-09-20 21:02 Europe/Berlin","REWE","REWE Markt, An der Piwipp 120, 40468 Düsseldorf (지점 확인)","40468","식품","21.09.2026-27.09.2026","Dallmayr Crema d’Oro","ganze Bohnen, je 1000-g-Pckg.","12.99","","","","https://www.rewe.de/angebote/duesseldorf/8322016/rewe-markt-an-der-piwipp-120/"
"2026-09-20 21:02 Europe/Berlin","REWE","REWE Markt, An der Piwipp 120, 40468 Düsseldorf (지점 확인)","40468","식품","21.09.2026-27.09.2026","DeBeukelaer Cereola","versch. Sorten, je 150-g-Pckg., (1 kg = 9,93 €)","1.49","","","9,93 €","https://www.rewe.de/angebote/duesseldorf/8322016/rewe-markt-an-der-piwipp-120/"
"2026-09-20 21:02 Europe/Berlin","REWE","REWE Markt, An der Piwipp 120, 40468 Düsseldorf (지점 확인)","40468","주류","21.09.2026-27.09.2026","Deutsches Weintor Exklusiv Qualitätswein","versch. Sorten, trocken, je 0,75-l-Fl., (1 l = 5,32 €)","3.99","","","5,32 €","https://www.rewe.de/angebote/duesseldorf/8322016/rewe-markt-an-der-piwipp-120/"
"2026-09-20 21:02 Europe/Berlin","REWE","REWE Markt, An der Piwipp 120, 40468 Düsseldorf (지점 확인)","40468","식품","21.09.2026-27.09.2026","Doritos Nacho Cheese","je 110-g-Pckg., (1 kg = 9,00 €)","0.99","","","9,00 €","https://www.rewe.de/angebote/duesseldorf/8322016/rewe-markt-an-der-piwipp-120/"
"2026-09-20 21:02 Europe/Berlin","REWE","REWE Markt, An der Piwipp 120, 40468 Düsseldorf (지점 확인)","40468","식품","21.09.2026-27.09.2026","Dr. Oetker Bourbon-Vanille Soße","je 250-ml-Becher, (1 l = 5,16 €)","1.29","","","5,16 €","https://www.rewe.de/angebote/duesseldorf/8322016/rewe-markt-an-der-piwipp-120/"
"2026-09-20 21:02 Europe/Berlin","REWE","REWE Markt, An der Piwipp 120, 40468 Düsseldorf (지점 확인)","40468","식품","21.09.2026-27.09.2026","Dr. Oetker Götterspeise","Waldmeister mit Bourbon-Vanillesoße, je 160-g-Becher, (1 kg = 4,31 €)","0.69","","","4,31 €","https://www.rewe.de/angebote/duesseldorf/8322016/rewe-markt-an-der-piwipp-120/"
"2026-09-20 21:02 Europe/Berlin","REWE","REWE Markt, An der Piwipp 120, 40468 Düsseldorf (지점 확인)","40468","식품","21.09.2026-27.09.2026","Dr. Oetker Götterspeise XXL Waldmeister","je 500-g-Becher, (1 kg = 2,58 €)","1.29","","","2,58 €","https://www.rewe.de/angebote/duesseldorf/8322016/rewe-markt-an-der-piwipp-120/"
"2026-09-20 21:02 Europe/Berlin","REWE","REWE Markt, An der Piwipp 120, 40468 Düsseldorf (지점 확인)","40468","식품","21.09.2026-27.09.2026","Dr. Oetker Grießbrei","je 92-g-Btl., (1 kg = 10,76 €)","0.99","","","10,76 €","https://www.rewe.de/angebote/duesseldorf/8322016/rewe-markt-an-der-piwipp-120/"
"2026-09-20 21:02 Europe/Berlin","REWE","REWE Markt, An der Piwipp 120, 40468 Düsseldorf (지점 확인)","40468","식품","21.09.2026-27.09.2026","Dr. Oetker Milchreis","je 125-g-Btl., (1 kg = 7,92 €)","0.99","","","7,92 €","https://www.rewe.de/angebote/duesseldorf/8322016/rewe-markt-an-der-piwipp-120/"
"2026-09-20 21:02 Europe/Berlin","REWE","REWE Markt, An der Piwipp 120, 40468 Düsseldorf (지점 확인)","40468","식품","21.09.2026-27.09.2026","Dr. Oetker Paradiescreme Kleine Auszeit","Vanille, je 27-g-Btl., (1 kg = 29,26 €)","0.79","","","29,26 €","https://www.rewe.de/angebote/duesseldorf/8322016/rewe-markt-an-der-piwipp-120/"
"2026-09-20 21:02 Europe/Berlin","REWE","REWE Markt, An der Piwipp 120, 40468 Düsseldorf (지점 확인)","40468","식품","21.09.2026-27.09.2026","Dr. Oetker Ristorante Pizza Salame","tiefgefroren, je 320-g-Pckg., (1 kg = 5,59 €)","1.79","","","5,59 €","https://www.rewe.de/angebote/duesseldorf/8322016/rewe-markt-an-der-piwipp-120/"
"2026-09-20 21:02 Europe/Berlin","REWE","REWE Markt, An der Piwipp 120, 40468 Düsseldorf (지점 확인)","40468","식품","21.09.2026-27.09.2026","Dr. Oetker Ristorante Pizza Spinaci","tiefgefroren, je 390-g-Pckg., (1 kg = 4,59 €)","1.79","","","4,59 €","https://www.rewe.de/angebote/duesseldorf/8322016/rewe-markt-an-der-piwipp-120/"
"2026-09-20 21:02 Europe/Berlin","REWE","REWE Markt, An der Piwipp 120, 40468 Düsseldorf (지점 확인)","40468","식품","21.09.2026-27.09.2026","Dr. Oetker Rotwein Mousse","je 100-g-Becher, (1 kg = 6,90 €)","0.69","","","6,90 €","https://www.rewe.de/angebote/duesseldorf/8322016/rewe-markt-an-der-piwipp-120/"
"2026-09-20 21:02 Europe/Berlin","REWE","REWE Markt, An der Piwipp 120, 40468 Düsseldorf (지점 확인)","40468","식품","21.09.2026-27.09.2026","Dr. Oetker Seelenwärmer Tassen-Cremepudding","Schokolade, je 58-g-Pckg., (1 kg = 13,62 €)","0.79","","","13,62 €","https://www.rewe.de/angebote/duesseldorf/8322016/rewe-markt-an-der-piwipp-120/"
"2026-09-20 21:02 Europe/Berlin","REWE","REWE Markt, An der Piwipp 120, 40468 Düsseldorf (지점 확인)","40468","음료","21.09.2026-27.09.2026","Dryll Elektrolyte-Getränk","versch. Sorten, je 0,33-l-Dose, (1 l = 4,52 €), zzgl. 0,25 € Pfand","1.49","","","4,52 €","https://www.rewe.de/angebote/duesseldorf/8322016/rewe-markt-an-der-piwipp-120/"
"2026-09-20 21:02 Europe/Berlin","REWE","REWE Markt, An der Piwipp 120, 40468 Düsseldorf (지점 확인)","40468","음료","21.09.2026-27.09.2026","Effect Energy Drink","versch. Sorten, koffeinhaltig, je 0,33-l-Dose, (1 l = 2,09 €), zzgl. 0,25 € Pfand","0.69","","","2,09 €","https://www.rewe.de/angebote/duesseldorf/8322016/rewe-markt-an-der-piwipp-120/"
"2026-09-20 21:02 Europe/Berlin","REWE","REWE Markt, An der Piwipp 120, 40468 Düsseldorf (지점 확인)","40468","식품","21.09.2026-27.09.2026","Ehrmann High Protein Pudding oder High Protein Joghurt","versch. Sorten, je 200-g-Becher, (1 kg = 4,95 €)","0.99","","","4,95 €","https://www.rewe.de/angebote/duesseldorf/8322016/rewe-markt-an-der-piwipp-120/"
"2026-09-20 21:02 Europe/Berlin","REWE","REWE Markt, An der Piwipp 120, 40468 Düsseldorf (지점 확인)","40468","식품","21.09.2026-27.09.2026","Eisbergsalat","Kl. I, je St.","0.89","","","","https://www.rewe.de/angebote/duesseldorf/8322016/rewe-markt-an-der-piwipp-120/"
"2026-09-20 21:02 Europe/Berlin","REWE","REWE Markt, An der Piwipp 120, 40468 Düsseldorf (지점 확인)","40468","식품","21.09.2026-27.09.2026","El Pozo Iberico Fuetec Spanische Salami","je 150-g-Pckg., (1 kg = 17,27 €)","2.59","","","17,27 €","https://www.rewe.de/angebote/duesseldorf/8322016/rewe-markt-an-der-piwipp-120/"
"2026-09-20 21:02 Europe/Berlin","REWE","REWE Markt, An der Piwipp 120, 40468 Düsseldorf (지점 확인)","40468","식품","21.09.2026-27.09.2026","Elpozo Original Fuetec spanische Salami","luftgetrocknet, je 170-g-Pckg., (1 kg = 15,24 €)","2.59","","","15,24 €","https://www.rewe.de/angebote/duesseldorf/8322016/rewe-markt-an-der-piwipp-120/"
"2026-09-20 21:02 Europe/Berlin","REWE","REWE Markt, An der Piwipp 120, 40468 Düsseldorf (지점 확인)","40468","식품","21.09.2026-27.09.2026","Entrecôte","vom Jungbullen, am Stück oder in Scheiben, je 100 g","3.19","","","","https://www.rewe.de/angebote/duesseldorf/8322016/rewe-markt-an-der-piwipp-120/"
"2026-09-20 21:02 Europe/Berlin","REWE","REWE Markt, An der Piwipp 120, 40468 Düsseldorf (지점 확인)","40468","식품","21.09.2026-27.09.2026","Erasco Eintopf","versch. Sorten, je 800-g-Dose, (1 kg = 2,35 €)","1.88","","","2,35 €","https://www.rewe.de/angebote/duesseldorf/8322016/rewe-markt-an-der-piwipp-120/"
"2026-09-20 21:02 Europe/Berlin","REWE","REWE Markt, An der Piwipp 120, 40468 Düsseldorf (지점 확인)","40468","주류","21.09.2026-27.09.2026","Erdinger Weißbier oder Brauhaus","auch alkoholfrei, je 20 x 0,5-l-Fl.-Kasten, (1 l = 1,40 €), zzgl. 3,10 € Pfand","13.99","","","1,40 €","https://www.rewe.de/angebote/duesseldorf/8322016/rewe-markt-an-der-piwipp-120/"
"2026-09-20 21:02 Europe/Berlin","REWE","REWE Markt, An der Piwipp 120, 40468 Düsseldorf (지점 확인)","40468","주류","21.09.2026-27.09.2026","Finvara Irish Whiskey","43% Vol., je 0,7-l-Fl., (1 l = 28,56 €)","19.99","","","28,56 €","https://www.rewe.de/angebote/duesseldorf/8322016/rewe-markt-an-der-piwipp-120/"
"2026-09-20 21:02 Europe/Berlin","REWE","REWE Markt, An der Piwipp 120, 40468 Düsseldorf (지점 확인)","40468","주류","21.09.2026-27.09.2026","Flor de Cana Rum Oro Reserva","37,5% Vol., je 0,7-l-Fl., (1 l = 14,27 €)","9.99","","","14,27 €","https://www.rewe.de/angebote/duesseldorf/8322016/rewe-markt-an-der-piwipp-120/"
"2026-09-20 21:02 Europe/Berlin","REWE","REWE Markt, An der Piwipp 120, 40468 Düsseldorf (지점 확인)","40468","식품","21.09.2026-27.09.2026","Fol Epi Classic","frz. Schnittkäse, versch. Sorten, je 150-g-Pckg., (1 kg = 9,93 €)","1.49","","","9,93 €","https://www.rewe.de/angebote/duesseldorf/8322016/rewe-markt-an-der-piwipp-120/"
"2026-09-20 21:02 Europe/Berlin","REWE","REWE Markt, An der Piwipp 120, 40468 Düsseldorf (지점 확인)","40468","식품","21.09.2026-27.09.2026","Followfood Bio Lachs Filets","tiefgefroren, je 200-g-Pckg., (1 kg = 39,95 €)","7.99","","","39,95 €","https://www.rewe.de/angebote/duesseldorf/8322016/rewe-markt-an-der-piwipp-120/"
"2026-09-20 21:02 Europe/Berlin","REWE","REWE Markt, An der Piwipp 120, 40468 Düsseldorf (지점 확인)","40468","식품","21.09.2026-27.09.2026","Foodmaker Big Bowl","versch. Sorten, je 375-g-Schale, (1 kg = 13,31 €)","4.99","","","13,31 €","https://www.rewe.de/angebote/duesseldorf/8322016/rewe-markt-an-der-piwipp-120/"
"2026-09-20 21:02 Europe/Berlin","REWE","REWE Markt, An der Piwipp 120, 40468 Düsseldorf (지점 확인)","40468","식품","21.09.2026-27.09.2026","Frico Gouda jung","holl. Schnittkäse, 51% Fett i.Tr., je 100 g","0.89","","","","https://www.rewe.de/angebote/duesseldorf/8322016/rewe-markt-an-der-piwipp-120/"
"2026-09-20 21:02 Europe/Berlin","REWE","REWE Markt, An der Piwipp 120, 40468 Düsseldorf (지점 확인)","40468","식품","21.09.2026-27.09.2026","Frische Kräuter Petersilie glatt","je 40-g-Schale, (1 kg = 19,75 €)","0.79","","","19,75 €","https://www.rewe.de/angebote/duesseldorf/8322016/rewe-markt-an-der-piwipp-120/"
"2026-09-20 21:02 Europe/Berlin","REWE","REWE Markt, An der Piwipp 120, 40468 Düsseldorf (지점 확인)","40468","식품","21.09.2026-27.09.2026","Frische Kräuter Schnittlauch","je 25-g-Schale, (1 kg = 31,60 €)","0.79","","","31,60 €","https://www.rewe.de/angebote/duesseldorf/8322016/rewe-markt-an-der-piwipp-120/"
"2026-09-20 21:02 Europe/Berlin","REWE","REWE Markt, An der Piwipp 120, 40468 Düsseldorf (지점 확인)","40468","식품","21.09.2026-27.09.2026","Frisches Hähnchen-Brustfilet","natur, je 100 g","1.59","","","","https://www.rewe.de/angebote/duesseldorf/8322016/rewe-markt-an-der-piwipp-120/"
"2026-09-20 21:02 Europe/Berlin","REWE","REWE Markt, An der Piwipp 120, 40468 Düsseldorf (지점 확인)","40468","식품","21.09.2026-27.09.2026","Frisches Oktoberfest-Hendl","gewürzt, SB-verpackt, je 1 kg","6.99","","","","https://www.rewe.de/angebote/duesseldorf/8322016/rewe-markt-an-der-piwipp-120/"
"2026-09-20 21:02 Europe/Berlin","REWE","REWE Markt, An der Piwipp 120, 40468 Düsseldorf (지점 확인)","40468","식품","21.09.2026-27.09.2026","Frischkäsecreme »Elsässer Art«","je 100 g","1.79","","","","https://www.rewe.de/angebote/duesseldorf/8322016/rewe-markt-an-der-piwipp-120/"
"2026-09-20 21:02 Europe/Berlin","REWE","REWE Markt, An der Piwipp 120, 40468 Düsseldorf (지점 확인)","40468","식품","21.09.2026-27.09.2026","Frosta Gemüsepfanne alla Toscana","tiefgefroren, je 480-g-Btl., (1 kg = 4,15 €)","1.99","","","4,15 €","https://www.rewe.de/angebote/duesseldorf/8322016/rewe-markt-an-der-piwipp-120/"
"2026-09-20 21:02 Europe/Berlin","REWE","REWE Markt, An der Piwipp 120, 40468 Düsseldorf (지점 확인)","40468","식품","21.09.2026-27.09.2026","Frosta Rahm Geschnetzeltes","tiefgefroren, je 375-g-Btl., (1 kg = 5,31 €)","1.99","","","5,31 €","https://www.rewe.de/angebote/duesseldorf/8322016/rewe-markt-an-der-piwipp-120/"
"2026-09-20 21:02 Europe/Berlin","REWE","REWE Markt, An der Piwipp 120, 40468 Düsseldorf (지점 확인)","40468","주류","21.09.2026-27.09.2026","Fürst Bismarck Mineralwasser","versch. Sorten, je 12 x 1-l-Fl.-Kasten, (1 l = 0,46 €), zzgl. 4,50 € Pfand","5.49","","","0,46 €","https://www.rewe.de/angebote/duesseldorf/8322016/rewe-markt-an-der-piwipp-120/"
"2026-09-20 21:02 Europe/Berlin","REWE","REWE Markt, An der Piwipp 120, 40468 Düsseldorf (지점 확인)","40468","식품","21.09.2026-27.09.2026","Galbani Mozzarella Classic","je 225-g-Pckg., (1 kg = 8,88 €), 125 g Abtropfgewicht","1.11","","","8,88 €","https://www.rewe.de/angebote/duesseldorf/8322016/rewe-markt-an-der-piwipp-120/"
"2026-09-20 21:02 Europe/Berlin","REWE","REWE Markt, An der Piwipp 120, 40468 Düsseldorf (지점 확인)","40468","식품","21.09.2026-27.09.2026","Garden Gourmet Vegane Filetstreifen","je 175-g-Pckg., (1 kg = 14,23 €)","2.49","","","14,23 €","https://www.rewe.de/angebote/duesseldorf/8322016/rewe-markt-an-der-piwipp-120/"
"2026-09-20 21:02 Europe/Berlin","REWE","REWE Markt, An der Piwipp 120, 40468 Düsseldorf (지점 확인)","40468","식품","21.09.2026-27.09.2026","Garden Gourmet Vegetarische Gemüsebällchen","je 200-g-Pckg., (1 kg = 12,45 €)","2.49","","","12,45 €","https://www.rewe.de/angebote/duesseldorf/8322016/rewe-markt-an-der-piwipp-120/"
"2026-09-20 21:02 Europe/Berlin","REWE","REWE Markt, An der Piwipp 120, 40468 Düsseldorf (지점 확인)","40468","식품","21.09.2026-27.09.2026","Gelbe Speisezwiebeln","Kl. II, je 1,5-kg-Netz, (1 kg = 0,79 €)","1.19","","","0,79 €","https://www.rewe.de/angebote/duesseldorf/8322016/rewe-markt-an-der-piwipp-120/"
"2026-09-20 21:02 Europe/Berlin","REWE","REWE Markt, An der Piwipp 120, 40468 Düsseldorf (지점 확인)","40468","식품","21.09.2026-27.09.2026","Géramont Scheiben mit Skyr","je 150-g-Pckg., (1 kg = 15,26 €)","2.29","","","15,26 €","https://www.rewe.de/angebote/duesseldorf/8322016/rewe-markt-an-der-piwipp-120/"
"2026-09-20 21:02 Europe/Berlin","REWE","REWE Markt, An der Piwipp 120, 40468 Düsseldorf (지점 확인)","40468","식품","21.09.2026-27.09.2026","Géramont Weichkäse","je 200-g-Pckg., (1 kg = 11,45 €)","2.29","","","11,45 €","https://www.rewe.de/angebote/duesseldorf/8322016/rewe-markt-an-der-piwipp-120/"
"2026-09-20 21:02 Europe/Berlin","REWE","REWE Markt, An der Piwipp 120, 40468 Düsseldorf (지점 확인)","40468","음료","21.09.2026-27.09.2026","Gerolsteiner Mineralwasser","versch. Sorten, je 6 x 1-l-Fl.-Kasten, (1 l = 0,83 €), zzgl. 2,40 € Pfand","4.99","","","0,83 €","https://www.rewe.de/angebote/duesseldorf/8322016/rewe-markt-an-der-piwipp-120/"
"2026-09-20 21:02 Europe/Berlin","REWE","REWE Markt, An der Piwipp 120, 40468 Düsseldorf (지점 확인)","40468","음료","21.09.2026-27.09.2026","Gönrgy Energy Drink","versch. Sorten, koffeinhaltig, je 0,5-l-Dose, (1 l = 1,98 €), zzgl. 0,25 € Pfand","0.99","","","1,98 €","https://www.rewe.de/angebote/duesseldorf/8322016/rewe-markt-an-der-piwipp-120/"
"2026-09-20 21:02 Europe/Berlin","REWE","REWE Markt, An der Piwipp 120, 40468 Düsseldorf (지점 확인)","40468","식품","21.09.2026-27.09.2026","Granatapfelkerne","je 80-g-Schale, (1 kg = 21,13 €)","1.69","","","21,13 €","https://www.rewe.de/angebote/duesseldorf/8322016/rewe-markt-an-der-piwipp-120/"
"2026-09-20 21:02 Europe/Berlin","REWE","REWE Markt, An der Piwipp 120, 40468 Düsseldorf (지점 확인)","40468","주류","21.09.2026-27.09.2026","Grand Sud Vin de France","versch. Sorten, trocken, je 1-l-Fl.","2.99","","","","https://www.rewe.de/angebote/duesseldorf/8322016/rewe-markt-an-der-piwipp-120/"
"2026-09-20 21:02 Europe/Berlin","REWE","REWE Markt, An der Piwipp 120, 40468 Düsseldorf (지점 확인)","40468","음료","21.09.2026-27.09.2026","Granini Die Limo","versch. Sorten, je 1-l-Fl., zzgl. 0,25 € Pfand","1.29","","","","https://www.rewe.de/angebote/duesseldorf/8322016/rewe-markt-an-der-piwipp-120/"
"2026-09-20 21:02 Europe/Berlin","REWE","REWE Markt, An der Piwipp 120, 40468 Düsseldorf (지점 확인)","40468","음료","21.09.2026-27.09.2026","Granini Fresh","versch. Sorten, je 0,75-l-Fl., (1 l = 1,72 €), zzgl. 0,25 € Pfand","1.29","","","1,72 €","https://www.rewe.de/angebote/duesseldorf/8322016/rewe-markt-an-der-piwipp-120/"
"2026-09-20 21:02 Europe/Berlin","REWE","REWE Markt, An der Piwipp 120, 40468 Düsseldorf (지점 확인)","40468","주류","21.09.2026-27.09.2026","Grasovka Vodka","38% Vol., je 0,7-l-Fl., (1 l = 14,27 €)","9.99","","","14,27 €","https://www.rewe.de/angebote/duesseldorf/8322016/rewe-markt-an-der-piwipp-120/"
"2026-09-20 21:02 Europe/Berlin","REWE","REWE Markt, An der Piwipp 120, 40468 Düsseldorf (지점 확인)","40468","식품","21.09.2026-27.09.2026","Grillspieß Dönerstyle","je 320-g-Pckg., (1 kg = 12,47 €)","3.99","","","12,47 €","https://www.rewe.de/angebote/duesseldorf/8322016/rewe-markt-an-der-piwipp-120/"
"2026-09-20 21:02 Europe/Berlin","REWE","REWE Markt, An der Piwipp 120, 40468 Düsseldorf (지점 확인)","40468","식품","21.09.2026-27.09.2026","Grüne Kiwi","Kl. I, je St.","0.39","","","","https://www.rewe.de/angebote/duesseldorf/8322016/rewe-markt-an-der-piwipp-120/"
"2026-09-20 21:02 Europe/Berlin","REWE","REWE Markt, An der Piwipp 120, 40468 Düsseldorf (지점 확인)","40468","식품","21.09.2026-27.09.2026","Grüne Tafelbirnen","Sorte: siehe Etikett, Kl. I, je 1-kg-Schale","1.49","","","","https://www.rewe.de/angebote/duesseldorf/8322016/rewe-markt-an-der-piwipp-120/"
"2026-09-20 21:02 Europe/Berlin","REWE","REWE Markt, An der Piwipp 120, 40468 Düsseldorf (지점 확인)","40468","식품","21.09.2026-27.09.2026","Grünländer mild & nussig","Schnittkäse, 48% Fett i.Tr., je 100 g","1.19","","","","https://www.rewe.de/angebote/duesseldorf/8322016/rewe-markt-an-der-piwipp-120/"
"2026-09-20 21:02 Europe/Berlin","REWE","REWE Markt, An der Piwipp 120, 40468 Düsseldorf (지점 확인)","40468","식품","21.09.2026-27.09.2026","Gustavo Gusto Pizza Amore Napoli Mozzarella","tiefgefroren, je 320-g-Pckg., (1 kg = 9,34 €)","2.99","","","9,34 €","https://www.rewe.de/angebote/duesseldorf/8322016/rewe-markt-an-der-piwipp-120/"
"2026-09-20 21:02 Europe/Berlin","REWE","REWE Markt, An der Piwipp 120, 40468 Düsseldorf (지점 확인)","40468","식품","21.09.2026-27.09.2026","Gustavo Gusto Pizza Amore Napoli Salame","tiefgefroren, je 315-g-Pckg., (1 kg = 9,49 €)","2.99","","","9,49 €","https://www.rewe.de/angebote/duesseldorf/8322016/rewe-markt-an-der-piwipp-120/"
"2026-09-20 21:02 Europe/Berlin","REWE","REWE Markt, An der Piwipp 120, 40468 Düsseldorf (지점 확인)","40468","식품","21.09.2026-27.09.2026","Gutfried Geflügel-Fleischwurst","fein-würzig, je 400-g-Pckg., (1 kg = 6,98 €)","2.79","","","6,98 €","https://www.rewe.de/angebote/duesseldorf/8322016/rewe-markt-an-der-piwipp-120/"
"2026-09-20 21:02 Europe/Berlin","REWE","REWE Markt, An der Piwipp 120, 40468 Düsseldorf (지점 확인)","40468","식품","21.09.2026-27.09.2026","Gutfried Hähnchen-Fleischwurst","würzig-frisch, je 350-g-Pckg., (1 kg = 7,97 €)","2.79","","","7,97 €","https://www.rewe.de/angebote/duesseldorf/8322016/rewe-markt-an-der-piwipp-120/"
"2026-09-20 21:02 Europe/Berlin","REWE","REWE Markt, An der Piwipp 120, 40468 Düsseldorf (지점 확인)","40468","식품","21.09.2026-27.09.2026","Hähnchenbrust Ceprese","je 100 g","1.69","","","","https://www.rewe.de/angebote/duesseldorf/8322016/rewe-markt-an-der-piwipp-120/"
"2026-09-20 21:02 Europe/Berlin","REWE","REWE Markt, An der Piwipp 120, 40468 Düsseldorf (지점 확인)","40468","식품","21.09.2026-27.09.2026","Harry Airfryer Brot","versch. Sorten, je 300-g-Btl., (1 kg = 4,97 €)","1.49","","","4,97 €","https://www.rewe.de/angebote/duesseldorf/8322016/rewe-markt-an-der-piwipp-120/"
"2026-09-20 21:02 Europe/Berlin","REWE","REWE Markt, An der Piwipp 120, 40468 Düsseldorf (지점 확인)","40468","식품","21.09.2026-27.09.2026","Hein Gebratene Mini-Haxen","kalt und warm ein Genuss, je 100 g","1.29","","","","https://www.rewe.de/angebote/duesseldorf/8322016/rewe-markt-an-der-piwipp-120/"
"2026-09-20 21:02 Europe/Berlin","REWE","REWE Markt, An der Piwipp 120, 40468 Düsseldorf (지점 확인)","40468","주류","21.09.2026-27.09.2026","Heineken Premium Beer oder alkoholfrei","versch. Sorten, je 6 x 0,33-l-Fl.-Sixpack, (1 l = 2,52 €), zzgl. 0,48 € Pfand","4.99","","","2,52 €","https://www.rewe.de/angebote/duesseldorf/8322016/rewe-markt-an-der-piwipp-120/"
"2026-09-20 21:02 Europe/Berlin","REWE","REWE Markt, An der Piwipp 120, 40468 Düsseldorf (지점 확인)","40468","음료","21.09.2026-27.09.2026","Hella Near Water","versch. Sorten, je 0,75-l-Fl., (1 l = 0,79 €), zzgl. 0,25 € Pfand","0.59","","","0,79 €","https://www.rewe.de/angebote/duesseldorf/8322016/rewe-markt-an-der-piwipp-120/"
"2026-09-20 21:02 Europe/Berlin","REWE","REWE Markt, An der Piwipp 120, 40468 Düsseldorf (지점 확인)","40468","식품","21.09.2026-27.09.2026","Hellmann’s Mayonnaise Die Cremige oder Chunky Burger Sauce","je 250-ml-Fl., (1 l = 5,96 €)","1.49","","","5,96 €","https://www.rewe.de/angebote/duesseldorf/8322016/rewe-markt-an-der-piwipp-120/"
"2026-09-20 21:02 Europe/Berlin","REWE","REWE Markt, An der Piwipp 120, 40468 Düsseldorf (지점 확인)","40468","식품","21.09.2026-27.09.2026","Henglein Gnocchi","je 500-g-Pckg., (1 kg = 3,78 €)","1.89","","","3,78 €","https://www.rewe.de/angebote/duesseldorf/8322016/rewe-markt-an-der-piwipp-120/"
"2026-09-20 21:02 Europe/Berlin","REWE","REWE Markt, An der Piwipp 120, 40468 Düsseldorf (지점 확인)","40468","식품","21.09.2026-27.09.2026","Herta Finesse","versch. Sorten, je 100-g-Pckg., (1 kg = 13,90 €)","1.39","","","13,90 €","https://www.rewe.de/angebote/duesseldorf/8322016/rewe-markt-an-der-piwipp-120/"
"2026-09-20 21:02 Europe/Berlin","REWE","REWE Markt, An der Piwipp 120, 40468 Düsseldorf (지점 확인)","40468","식품","21.09.2026-27.09.2026","Hinterhaxe","je 100 g","0.55","","","","https://www.rewe.de/angebote/duesseldorf/8322016/rewe-markt-an-der-piwipp-120/"
"2026-09-20 21:02 Europe/Berlin","REWE","REWE Markt, An der Piwipp 120, 40468 Düsseldorf (지점 확인)","40468","음료","21.09.2026-27.09.2026","Hohes C Saft","versch. Sorten, inkl. 100% Orangensäfte, je 1-l-Fl., zzgl. 0,25 € Pfand","1.79","","","","https://www.rewe.de/angebote/duesseldorf/8322016/rewe-markt-an-der-piwipp-120/"
"2026-09-20 21:02 Europe/Berlin","REWE","REWE Markt, An der Piwipp 120, 40468 Düsseldorf (지점 확인)","40468","식품","21.09.2026-27.09.2026","Houdek Kabanos Klassik oder Knabber Kabanos","je 100 g","1.49","","","","https://www.rewe.de/angebote/duesseldorf/8322016/rewe-markt-an-der-piwipp-120/"
"2026-09-20 21:02 Europe/Berlin","REWE","REWE Markt, An der Piwipp 120, 40468 Düsseldorf (지점 확인)","40468","식품","21.09.2026-27.09.2026","Iglo 13 Backfischstäbchen","tiefgefroren, je 364-g-Pckg., (1 kg = 8,21 €)","2.99","","","8,21 €","https://www.rewe.de/angebote/duesseldorf/8322016/rewe-markt-an-der-piwipp-120/"
"2026-09-20 21:02 Europe/Berlin","REWE","REWE Markt, An der Piwipp 120, 40468 Düsseldorf (지점 확인)","40468","식품","21.09.2026-27.09.2026","Iglo 15 Fischstäbchen","tiefgefroren, je 450-g-Pckg., (1 kg = 6,64 €)","2.99","","","6,64 €","https://www.rewe.de/angebote/duesseldorf/8322016/rewe-markt-an-der-piwipp-120/"
"2026-09-20 21:02 Europe/Berlin","REWE","REWE Markt, An der Piwipp 120, 40468 Düsseldorf (지점 확인)","40468","식품","21.09.2026-27.09.2026","Iglo Chicken Nuggets","versch. Sorten, tiefgefroren, je 250-g-Pckg., (1 kg = 11,96 €)","2.99","","","11,96 €","https://www.rewe.de/angebote/duesseldorf/8322016/rewe-markt-an-der-piwipp-120/"
"2026-09-20 21:02 Europe/Berlin","REWE","REWE Markt, An der Piwipp 120, 40468 Düsseldorf (지점 확인)","40468","식품","21.09.2026-27.09.2026","Iglo Chicken Stripes","tiefgefroren, je 220-g-Pckg., (1 kg = 13,59 €)","2.99","","","13,59 €","https://www.rewe.de/angebote/duesseldorf/8322016/rewe-markt-an-der-piwipp-120/"
"2026-09-20 21:02 Europe/Berlin","REWE","REWE Markt, An der Piwipp 120, 40468 Düsseldorf (지점 확인)","40468","식품","21.09.2026-27.09.2026","ja! Backpapier-Zuschnitte","je 30 St.-Pckg.","0.95","","","","https://www.rewe.de/angebote/duesseldorf/8322016/rewe-markt-an-der-piwipp-120/"
"2026-09-20 21:02 Europe/Berlin","REWE","REWE Markt, An der Piwipp 120, 40468 Düsseldorf (지점 확인)","40468","식품","21.09.2026-27.09.2026","ja! Cheddar in Scheiben","je 175-g-Pckg., (1 kg = 12,51 €)","2.19","","","12,51 €","https://www.rewe.de/angebote/duesseldorf/8322016/rewe-markt-an-der-piwipp-120/"
"2026-09-20 21:02 Europe/Berlin","REWE","REWE Markt, An der Piwipp 120, 40468 Düsseldorf (지점 확인)","40468","식품","21.09.2026-27.09.2026","ja! Frische Hähnchen-Schenkel","Hkl. A, mit Rückenstück, SB-verpackt, je 1 kg","4.81","","","","https://www.rewe.de/angebote/duesseldorf/8322016/rewe-markt-an-der-piwipp-120/"
"2026-09-20 21:02 Europe/Berlin","REWE","REWE Markt, An der Piwipp 120, 40468 Düsseldorf (지점 확인)","40468","식품","21.09.2026-27.09.2026","ja! Granduett","versch. Sorten, je 190-g-Becher, (1 kg = 2,58 €)","0.49","","","2,58 €","https://www.rewe.de/angebote/duesseldorf/8322016/rewe-markt-an-der-piwipp-120/"
"2026-09-20 21:02 Europe/Berlin","REWE","REWE Markt, An der Piwipp 120, 40468 Düsseldorf (지점 확인)","40468","식품","21.09.2026-27.09.2026","ja! Karamell Keks Creme","je 100-g-Tafel, (1 kg = 9,90 €)","0.99","","","9,90 €","https://www.rewe.de/angebote/duesseldorf/8322016/rewe-markt-an-der-piwipp-120/"
"2026-09-20 21:02 Europe/Berlin","REWE","REWE Markt, An der Piwipp 120, 40468 Düsseldorf (지점 확인)","40468","식품","21.09.2026-27.09.2026","ja! Käseaufschnitt","Edamer, Tilsiter & Emmentaler, 45% Fett i.Tr., je 250-g-Pckg., (1 kg = 7,56 €)","1.89","","","7,56 €","https://www.rewe.de/angebote/duesseldorf/8322016/rewe-markt-an-der-piwipp-120/"
"2026-09-20 21:02 Europe/Berlin","REWE","REWE Markt, An der Piwipp 120, 40468 Düsseldorf (지점 확인)","40468","식품","21.09.2026-27.09.2026","ja! Mandeln","versch. Sorten, je 200-g-Btl., (1 kg = 12,45 €)","2.49","","","12,45 €","https://www.rewe.de/angebote/duesseldorf/8322016/rewe-markt-an-der-piwipp-120/"
"2026-09-20 21:02 Europe/Berlin","REWE","REWE Markt, An der Piwipp 120, 40468 Düsseldorf (지점 확인)","40468","식품","21.09.2026-27.09.2026","ja! Mini Pizza","versch. Sorten, tiefgefroren, je 360-g-Pckg., (1 kg = 6,92 €)","2.49","","","6,92 €","https://www.rewe.de/angebote/duesseldorf/8322016/rewe-markt-an-der-piwipp-120/"
"2026-09-20 21:02 Europe/Berlin","REWE","REWE Markt, An der Piwipp 120, 40468 Düsseldorf (지점 확인)","40468","식품","21.09.2026-27.09.2026","ja! Rinder-Cevapcici","je 400-g-Pckg., (1 kg = 13,23 €)","5.29","","","13,23 €","https://www.rewe.de/angebote/duesseldorf/8322016/rewe-markt-an-der-piwipp-120/"
"2026-09-20 21:02 Europe/Berlin","REWE","REWE Markt, An der Piwipp 120, 40468 Düsseldorf (지점 확인)","40468","식품","21.09.2026-27.09.2026","ja! Sandwichwaffeln","je 128-g-Pckg., (1 kg = 13,98 €)","1.79","","","13,98 €","https://www.rewe.de/angebote/duesseldorf/8322016/rewe-markt-an-der-piwipp-120/"
"2026-09-20 21:02 Europe/Berlin","REWE","REWE Markt, An der Piwipp 120, 40468 Düsseldorf (지점 확인)","40468","식품","21.09.2026-27.09.2026","ja! Schweine-Nackenkotelett","je 700-g-Pckg., (1 kg = 6,13 €)","4.29","","","6,13 €","https://www.rewe.de/angebote/duesseldorf/8322016/rewe-markt-an-der-piwipp-120/"
"2026-09-20 21:02 Europe/Berlin","REWE","REWE Markt, An der Piwipp 120, 40468 Düsseldorf (지점 확인)","40468","식품","21.09.2026-27.09.2026","ja! Senf","mittelscharf, je 250-ml-Glas, (1 l = 2,36 €)","0.59","","","2,36 €","https://www.rewe.de/angebote/duesseldorf/8322016/rewe-markt-an-der-piwipp-120/"
"2026-09-20 21:02 Europe/Berlin","REWE","REWE Markt, An der Piwipp 120, 40468 Düsseldorf (지점 확인)","40468","식품","21.09.2026-27.09.2026","ja! Westfälischer Pumpernickel","aus Roggenvollkornschrot, je 500-g-Pckg., (1 kg = 2,98 €)","1.49","","","2,98 €","https://www.rewe.de/angebote/duesseldorf/8322016/rewe-markt-an-der-piwipp-120/"
"2026-09-20 21:02 Europe/Berlin","REWE","REWE Markt, An der Piwipp 120, 40468 Düsseldorf (지점 확인)","40468","주류","21.09.2026-27.09.2026","Jack Daniel’s Coca-Cola oder Southern Peach","10% Vol., teilw. koffeinhaltig, je 0,33-l-Dose, (1 l = 6,03 €), zzgl. 0,25 € Pfand","1.99","","","6,03 €","https://www.rewe.de/angebote/duesseldorf/8322016/rewe-markt-an-der-piwipp-120/"
"2026-09-20 21:02 Europe/Berlin","REWE","REWE Markt, An der Piwipp 120, 40468 Düsseldorf (지점 확인)","40468","식품","21.09.2026-27.09.2026","Jacobs 2in1 Classic","je 124-g-Pckg., (1 kg = 16,05 €)","1.99","","","16,05 €","https://www.rewe.de/angebote/duesseldorf/8322016/rewe-markt-an-der-piwipp-120/"
"2026-09-20 21:02 Europe/Berlin","REWE","REWE Markt, An der Piwipp 120, 40468 Düsseldorf (지점 확인)","40468","식품","21.09.2026-27.09.2026","Jacobs 3in1 Classic","je 120-g-Pckg., (1 kg = 16,58 €)","1.99","","","16,58 €","https://www.rewe.de/angebote/duesseldorf/8322016/rewe-markt-an-der-piwipp-120/"
"2026-09-20 21:02 Europe/Berlin","REWE","REWE Markt, An der Piwipp 120, 40468 Düsseldorf (지점 확인)","40468","식품","21.09.2026-27.09.2026","Jacobs Krönung","versch. Sorten, gemahlener Bohnenkaffee, je 500-g-Pckg., (1 kg = 11,98 €)","5.99","","","11,98 €","https://www.rewe.de/angebote/duesseldorf/8322016/rewe-markt-an-der-piwipp-120/"
"2026-09-20 21:02 Europe/Berlin","REWE","REWE Markt, An der Piwipp 120, 40468 Düsseldorf (지점 확인)","40468","주류","21.09.2026-27.09.2026","Johnnie Walker Red Label Blended Scotch Whisky","40% Vol., je 0,7-l-Fl., (1 l = 15,70 €)","10.99","","","15,70 €","https://www.rewe.de/angebote/duesseldorf/8322016/rewe-markt-an-der-piwipp-120/"
"2026-09-20 21:02 Europe/Berlin","REWE","REWE Markt, An der Piwipp 120, 40468 Düsseldorf (지점 확인)","40468","주류","21.09.2026-27.09.2026","Jules Mumm Sekt","versch. Sorten, je 0,75-l-Fl., (1 l = 5,32 €)","3.99","","","5,32 €","https://www.rewe.de/angebote/duesseldorf/8322016/rewe-markt-an-der-piwipp-120/"
"2026-09-20 21:02 Europe/Berlin","REWE","REWE Markt, An der Piwipp 120, 40468 Düsseldorf (지점 확인)","40468","식품","21.09.2026-27.09.2026","Kalbs-Leber","je 100 g","1.99","","","","https://www.rewe.de/angebote/duesseldorf/8322016/rewe-markt-an-der-piwipp-120/"
"2026-09-20 21:02 Europe/Berlin","REWE","REWE Markt, An der Piwipp 120, 40468 Düsseldorf (지점 확인)","40468","주류","21.09.2026-27.09.2026","Karlsberg Mixery","versch. Sorten, teilw. koffeinhaltig, je 6 x 0,33-l-Fl.-Sixpack, (1 l = 2,02 €), zzgl. 0,48 € Pfand","3.99","","","2,02 €","https://www.rewe.de/angebote/duesseldorf/8322016/rewe-markt-an-der-piwipp-120/"
"2026-09-20 21:02 Europe/Berlin","REWE","REWE Markt, An der Piwipp 120, 40468 Düsseldorf (지점 확인)","40468","식품","21.09.2026-27.09.2026","Käserebellen Berg Rebell","Hartkäse, 50% Fett i.Tr., je 100 g","1.99","","","","https://www.rewe.de/angebote/duesseldorf/8322016/rewe-markt-an-der-piwipp-120/"
"2026-09-20 21:02 Europe/Berlin","REWE","REWE Markt, An der Piwipp 120, 40468 Düsseldorf (지점 확인)","40468","식품","21.09.2026-27.09.2026","Kasseler Nacken","vom Schwein, ohne Knochen, am Stück oder in Scheiben, je 100 g","0.99","","","","https://www.rewe.de/angebote/duesseldorf/8322016/rewe-markt-an-der-piwipp-120/"
"2026-09-20 21:02 Europe/Berlin","REWE","REWE Markt, An der Piwipp 120, 40468 Düsseldorf (지점 확인)","40468","식품","21.09.2026-27.09.2026","Kernlose Tafeltrauben","Sorte: siehe Etikett, Kl. I, je 1 kg","3.99","","","","https://www.rewe.de/angebote/duesseldorf/8322016/rewe-markt-an-der-piwipp-120/"
"2026-09-20 21:02 Europe/Berlin","REWE","REWE Markt, An der Piwipp 120, 40468 Düsseldorf (지점 확인)","40468","식품","21.09.2026-27.09.2026","Kerrygold Cheddar gerieben","je 150-g-Btl., (1 kg = 10,60 €)","1.59","","","10,60 €","https://www.rewe.de/angebote/duesseldorf/8322016/rewe-markt-an-der-piwipp-120/"
"2026-09-20 21:02 Europe/Berlin","REWE","REWE Markt, An der Piwipp 120, 40468 Düsseldorf (지점 확인)","40468","식품","21.09.2026-27.09.2026","Kerrygold Cheddar Käse Scheiben","je 130-g-Pckg., (1 kg = 12,23 €)","1.59","","","12,23 €","https://www.rewe.de/angebote/duesseldorf/8322016/rewe-markt-an-der-piwipp-120/"
"2026-09-20 21:02 Europe/Berlin","REWE","REWE Markt, An der Piwipp 120, 40468 Düsseldorf (지점 확인)","40468","식품","21.09.2026-27.09.2026","Kerrygold Original Irische Butter oder Extra","versch. Sorten, je 250-g-Pckg. / 250-g-Becher, (1 kg = 7,16 €)","1.79","","","7,16 €","https://www.rewe.de/angebote/duesseldorf/8322016/rewe-markt-an-der-piwipp-120/"
"2026-09-20 21:02 Europe/Berlin","REWE","REWE Markt, An der Piwipp 120, 40468 Düsseldorf (지점 확인)","40468","식품","21.09.2026-27.09.2026","Kinder Bueno","je 10 x 21,5-g-Pckg., (1 kg = 13,91 €)","2.99","","","13,91 €","https://www.rewe.de/angebote/duesseldorf/8322016/rewe-markt-an-der-piwipp-120/"
"2026-09-20 21:02 Europe/Berlin","REWE","REWE Markt, An der Piwipp 120, 40468 Düsseldorf (지점 확인)","40468","식품","21.09.2026-27.09.2026","Kinder Schoko-Bons","je 200-g-Btl., (1 kg = 14,95 €)","2.99","","","14,95 €","https://www.rewe.de/angebote/duesseldorf/8322016/rewe-markt-an-der-piwipp-120/"
"2026-09-20 21:02 Europe/Berlin","REWE","REWE Markt, An der Piwipp 120, 40468 Düsseldorf (지점 확인)","40468","식품","21.09.2026-27.09.2026","King Cuisine Hummus","je 175-g-Schale, (1 kg = 10,23 €)","1.79","","","10,23 €","https://www.rewe.de/angebote/duesseldorf/8322016/rewe-markt-an-der-piwipp-120/"
"2026-09-20 21:02 Europe/Berlin","REWE","REWE Markt, An der Piwipp 120, 40468 Düsseldorf (지점 확인)","40468","식품","21.09.2026-27.09.2026","Kiri Dippi","je 105-g-Pckg., (1 kg = 18,95 €)","1.99","","","18,95 €","https://www.rewe.de/angebote/duesseldorf/8322016/rewe-markt-an-der-piwipp-120/"
"2026-09-20 21:02 Europe/Berlin","REWE","REWE Markt, An der Piwipp 120, 40468 Düsseldorf (지점 확인)","40468","식품","21.09.2026-27.09.2026","Kiri Portionen","je 108-g-Pckg., (1 kg = 18,43 €)","1.99","","","18,43 €","https://www.rewe.de/angebote/duesseldorf/8322016/rewe-markt-an-der-piwipp-120/"
"2026-09-20 21:02 Europe/Berlin","REWE","REWE Markt, An der Piwipp 120, 40468 Düsseldorf (지점 확인)","40468","식품","21.09.2026-27.09.2026","Knorr Soße 3er-Pack","versch. Sorten, ausreichend für 3 x 250 ml, je Pckg.","0.89","","","","https://www.rewe.de/angebote/duesseldorf/8322016/rewe-markt-an-der-piwipp-120/"
"2026-09-20 21:02 Europe/Berlin","REWE","REWE Markt, An der Piwipp 120, 40468 Düsseldorf (지점 확인)","40468","식품","21.09.2026-27.09.2026","Krone Räucher-Lachs","je 150-g-Pckg., (1 kg = 26,60 €)","3.99","","","26,60 €","https://www.rewe.de/angebote/duesseldorf/8322016/rewe-markt-an-der-piwipp-120/"
"2026-09-20 21:02 Europe/Berlin","REWE","REWE Markt, An der Piwipp 120, 40468 Düsseldorf (지점 확인)","40468","식품","21.09.2026-27.09.2026","Krustenbraten","vom Schweineschinken, je 100 g","0.66","","","","https://www.rewe.de/angebote/duesseldorf/8322016/rewe-markt-an-der-piwipp-120/"
"2026-09-20 21:02 Europe/Berlin","REWE","REWE Markt, An der Piwipp 120, 40468 Düsseldorf (지점 확인)","40468","주류","21.09.2026-27.09.2026","Lamberti Pinot Grigio DOC","trocken, je 0,75-l-Fl., (1 l = 5,32 €)","3.99","","","5,32 €","https://www.rewe.de/angebote/duesseldorf/8322016/rewe-markt-an-der-piwipp-120/"
"2026-09-20 21:02 Europe/Berlin","REWE","REWE Markt, An der Piwipp 120, 40468 Düsseldorf (지점 확인)","40468","식품","21.09.2026-27.09.2026","Lambertz Amerikaner","je 220-g-Pckg., (1 kg = 9,05 €)","1.99","","","9,05 €","https://www.rewe.de/angebote/duesseldorf/8322016/rewe-markt-an-der-piwipp-120/"
"2026-09-20 21:02 Europe/Berlin","REWE","REWE Markt, An der Piwipp 120, 40468 Düsseldorf (지점 확인)","40468","식품","21.09.2026-27.09.2026","Landliebe Joghurt","versch. Sorten, je 500-g-Glas, (1 kg = 2,22 €), zzgl. 0,15 € Pfand","1.11","","","2,22 €","https://www.rewe.de/angebote/duesseldorf/8322016/rewe-markt-an-der-piwipp-120/"
"2026-09-20 21:02 Europe/Berlin","REWE","REWE Markt, An der Piwipp 120, 40468 Düsseldorf (지점 확인)","40468","식품","21.09.2026-27.09.2026","Landliebe Sahnepudding","Schokolade, je 150-g-Becher, (1 kg = 3,27 €)","0.49","","","3,27 €","https://www.rewe.de/angebote/duesseldorf/8322016/rewe-markt-an-der-piwipp-120/"
"2026-09-20 21:02 Europe/Berlin","REWE","REWE Markt, An der Piwipp 120, 40468 Düsseldorf (지점 확인)","40468","식품","21.09.2026-27.09.2026","Landliebe Vollmilchpudding","Schoko, je 225-g-Becher, (1 kg = 2,18 €)","0.49","","","2,18 €","https://www.rewe.de/angebote/duesseldorf/8322016/rewe-markt-an-der-piwipp-120/"
"2026-09-20 21:02 Europe/Berlin","REWE","REWE Markt, An der Piwipp 120, 40468 Düsseldorf (지점 확인)","40468","식품","21.09.2026-27.09.2026","Laugenzopf Elsässer Art","je St.","0.99","","","","https://www.rewe.de/angebote/duesseldorf/8322016/rewe-markt-an-der-piwipp-120/"
"2026-09-20 21:02 Europe/Berlin","REWE","REWE Markt, An der Piwipp 120, 40468 Düsseldorf (지점 확인)","40468","식품","21.09.2026-27.09.2026","Lay’s Chips","gesalzen, je 150-g-Pckg., (1 kg = 6,60 €)","0.99","","","6,60 €","https://www.rewe.de/angebote/duesseldorf/8322016/rewe-markt-an-der-piwipp-120/"
"2026-09-20 21:02 Europe/Berlin","REWE","REWE Markt, An der Piwipp 120, 40468 Düsseldorf (지점 확인)","40468","식품","21.09.2026-27.09.2026","Leerdammer Käsescheiben","versch. Sorten, je 140-g-Pckg., (1 kg = 12,07 €)","1.69","","","12,07 €","https://www.rewe.de/angebote/duesseldorf/8322016/rewe-markt-an-der-piwipp-120/"
"2026-09-20 21:02 Europe/Berlin","REWE","REWE Markt, An der Piwipp 120, 40468 Düsseldorf (지점 확인)","40468","식품","21.09.2026-27.09.2026","Limetten","Ursprung und Sorte: siehe Etikett, Kl. I, je 4 St.-Schale","1.19","","","","https://www.rewe.de/angebote/duesseldorf/8322016/rewe-markt-an-der-piwipp-120/"
"2026-09-20 21:02 Europe/Berlin","REWE","REWE Markt, An der Piwipp 120, 40468 Düsseldorf (지점 확인)","40468","식품","21.09.2026-27.09.2026","Lysell Feinmarinaden","versch. Sorten, je 125-g-Dose, (1 kg = 13,52 €)","1.69","","","13,52 €","https://www.rewe.de/angebote/duesseldorf/8322016/rewe-markt-an-der-piwipp-120/"
"2026-09-20 21:02 Europe/Berlin","REWE","REWE Markt, An der Piwipp 120, 40468 Düsseldorf (지점 확인)","40468","식품","21.09.2026-27.09.2026","Maggi Fix Airfryer Paprika Pommes Frites","je 34-g-Btl., (1 kg = 12,94 €)","0.44","","","12,94 €","https://www.rewe.de/angebote/duesseldorf/8322016/rewe-markt-an-der-piwipp-120/"
"2026-09-20 21:02 Europe/Berlin","REWE","REWE Markt, An der Piwipp 120, 40468 Düsseldorf (지점 확인)","40468","식품","21.09.2026-27.09.2026","Maggi Fix Nudel-Schinken Gratin","je 33-g-Btl., (1 kg = 13,33 €)","0.44","","","13,33 €","https://www.rewe.de/angebote/duesseldorf/8322016/rewe-markt-an-der-piwipp-120/"
"2026-09-20 21:02 Europe/Berlin","REWE","REWE Markt, An der Piwipp 120, 40468 Düsseldorf (지점 확인)","40468","식품","21.09.2026-27.09.2026","Maggi Für Genießer Pfefferrahmsauce","ausreichend für 250 ml, je Btl.","0.79","","","","https://www.rewe.de/angebote/duesseldorf/8322016/rewe-markt-an-der-piwipp-120/"
"2026-09-20 21:02 Europe/Berlin","REWE","REWE Markt, An der Piwipp 120, 40468 Düsseldorf (지점 확인)","40468","식품","21.09.2026-27.09.2026","Maggi Für Genießer Zwiebelsuppe","ausreichend für 750 ml, je Btl.","0.79","","","","https://www.rewe.de/angebote/duesseldorf/8322016/rewe-markt-an-der-piwipp-120/"
"2026-09-20 21:02 Europe/Berlin","REWE","REWE Markt, An der Piwipp 120, 40468 Düsseldorf (지점 확인)","40468","식품","21.09.2026-27.09.2026","Maggi Ravioli","in Tomatensauce, je 800-g-Dose, (1 kg = 2,49 €)","1.99","","","2,49 €","https://www.rewe.de/angebote/duesseldorf/8322016/rewe-markt-an-der-piwipp-120/"
"2026-09-20 21:02 Europe/Berlin","REWE","REWE Markt, An der Piwipp 120, 40468 Düsseldorf (지점 확인)","40468","식품","21.09.2026-27.09.2026","Magnum Almond","je 6 x 100-ml-Pckg., (1 l = 4,98 €)","2.99","","","4,98 €","https://www.rewe.de/angebote/duesseldorf/8322016/rewe-markt-an-der-piwipp-120/"
"2026-09-20 21:02 Europe/Berlin","REWE","REWE Markt, An der Piwipp 120, 40468 Düsseldorf (지점 확인)","40468","식품","21.09.2026-27.09.2026","Magnum Crackables Pistachio","je 440-ml-Becher, (1 l = 6,80 €)","2.99","","","6,80 €","https://www.rewe.de/angebote/duesseldorf/8322016/rewe-markt-an-der-piwipp-120/"
"2026-09-20 21:02 Europe/Berlin","REWE","REWE Markt, An der Piwipp 120, 40468 Düsseldorf (지점 확인)","40468","식품","21.09.2026-27.09.2026","Mälzer & Fu Ice Cream Creations","versch. Sorten, je 4 x 120-ml-Pckg., (1 l = 8,31 €)","3.99","","","8,31 €","https://www.rewe.de/angebote/duesseldorf/8322016/rewe-markt-an-der-piwipp-120/"
"2026-09-20 21:02 Europe/Berlin","REWE","REWE Markt, An der Piwipp 120, 40468 Düsseldorf (지점 확인)","40468","식품","21.09.2026-27.09.2026","Matthews Hähnchen Filetstreifen","Klassik, je 125-g-Pckg., (1 kg = 18,32 €)","2.29","","","18,32 €","https://www.rewe.de/angebote/duesseldorf/8322016/rewe-markt-an-der-piwipp-120/"
"2026-09-20 21:02 Europe/Berlin","REWE","REWE Markt, An der Piwipp 120, 40468 Düsseldorf (지점 확인)","40468","식품","21.09.2026-27.09.2026","Matthews Hähnchenbrust Filetstücke","Paprika, je 150-g-Pckg., (1 kg = 15,27 €)","2.29","","","15,27 €","https://www.rewe.de/angebote/duesseldorf/8322016/rewe-markt-an-der-piwipp-120/"
"2026-09-20 21:02 Europe/Berlin","REWE","REWE Markt, An der Piwipp 120, 40468 Düsseldorf (지점 확인)","40468","식품","21.09.2026-27.09.2026","McCain 1-2-3 Frites Original","tiefgefroren, je 1500-g-Btl., (1 kg = 1,99 €)","2.99","","","1,99 €","https://www.rewe.de/angebote/duesseldorf/8322016/rewe-markt-an-der-piwipp-120/"
"2026-09-20 21:02 Europe/Berlin","REWE","REWE Markt, An der Piwipp 120, 40468 Düsseldorf (지점 확인)","40468","식품","21.09.2026-27.09.2026","McCain Golden Longs","tiefgefroren, je 1000-g-Btl.","2.99","","","","https://www.rewe.de/angebote/duesseldorf/8322016/rewe-markt-an-der-piwipp-120/"
"2026-09-20 21:02 Europe/Berlin","REWE","REWE Markt, An der Piwipp 120, 40468 Düsseldorf (지점 확인)","40468","주류","21.09.2026-27.09.2026","Meat Master Cuvée rot","samtig und weich, je 0,75-l-Fl., (1 l = 7,99 €)","5.99","","","7,99 €","https://www.rewe.de/angebote/duesseldorf/8322016/rewe-markt-an-der-piwipp-120/"
"2026-09-20 21:02 Europe/Berlin","REWE","REWE Markt, An der Piwipp 120, 40468 Düsseldorf (지점 확인)","40468","주류","21.09.2026-27.09.2026","Meat Master Grauburgunder","frisch und fruchtig, je 0,75-l-Fl., (1 l = 7,99 €)","5.99","","","7,99 €","https://www.rewe.de/angebote/duesseldorf/8322016/rewe-markt-an-der-piwipp-120/"
"2026-09-20 21:02 Europe/Berlin","REWE","REWE Markt, An der Piwipp 120, 40468 Düsseldorf (지점 확인)","40468","주류","21.09.2026-27.09.2026","Meat Master Spätburgunder Rosé","frisch und fruchtig, je 0,75-l-Fl., (1 l = 7,99 €)","5.99","","","7,99 €","https://www.rewe.de/angebote/duesseldorf/8322016/rewe-markt-an-der-piwipp-120/"
"2026-09-20 21:02 Europe/Berlin","REWE","REWE Markt, An der Piwipp 120, 40468 Düsseldorf (지점 확인)","40468","주류","21.09.2026-27.09.2026","Mederano de Freixenet oder Mia Wein","versch. Sorten, halbtrocken, je 0,75-l-Fl., (1 l = 3,99 €)","2.99","","","3,99 €","https://www.rewe.de/angebote/duesseldorf/8322016/rewe-markt-an-der-piwipp-120/"
"2026-09-20 21:02 Europe/Berlin","REWE","REWE Markt, An der Piwipp 120, 40468 Düsseldorf (지점 확인)","40468","식품","21.09.2026-27.09.2026","Metten Rindfleischsalami","je 100 g","2.49","","","","https://www.rewe.de/angebote/duesseldorf/8322016/rewe-markt-an-der-piwipp-120/"
"2026-09-20 21:02 Europe/Berlin","REWE","REWE Markt, An der Piwipp 120, 40468 Düsseldorf (지점 확인)","40468","식품","21.09.2026-27.09.2026","Milka Alpenmilch Schokolade","je 250-g-Tafel, (1 kg = 11,16 €)","2.79","","","11,16 €","https://www.rewe.de/angebote/duesseldorf/8322016/rewe-markt-an-der-piwipp-120/"
"2026-09-20 21:02 Europe/Berlin","REWE","REWE Markt, An der Piwipp 120, 40468 Düsseldorf (지점 확인)","40468","식품","21.09.2026-27.09.2026","Milka Gingerbread","je 300-g-Tafel, (1 kg = 9,30 €)","2.79","","","9,30 €","https://www.rewe.de/angebote/duesseldorf/8322016/rewe-markt-an-der-piwipp-120/"
"2026-09-20 21:02 Europe/Berlin","REWE","REWE Markt, An der Piwipp 120, 40468 Düsseldorf (지점 확인)","40468","식품","21.09.2026-27.09.2026","Milka Pralinés Alles Gute","je 110-g-Pckg., (1 kg = 18,09 €)","1.99","","","18,09 €","https://www.rewe.de/angebote/duesseldorf/8322016/rewe-markt-an-der-piwipp-120/"
"2026-09-20 21:02 Europe/Berlin","REWE","REWE Markt, An der Piwipp 120, 40468 Düsseldorf (지점 확인)","40468","식품","21.09.2026-27.09.2026","Milka Pralinés Dankeschön","je 111-g-Pckg., (1 kg = 17,93 €)","1.99","","","17,93 €","https://www.rewe.de/angebote/duesseldorf/8322016/rewe-markt-an-der-piwipp-120/"
"2026-09-20 21:02 Europe/Berlin","REWE","REWE Markt, An der Piwipp 120, 40468 Düsseldorf (지점 확인)","40468","식품","21.09.2026-27.09.2026","Milram Dessertsoße Vanille","sahnig lecker, je 500-ml-Pckg., (1 l = 3,38 €)","1.69","","","3,38 €","https://www.rewe.de/angebote/duesseldorf/8322016/rewe-markt-an-der-piwipp-120/"
"2026-09-20 21:02 Europe/Berlin","REWE","REWE Markt, An der Piwipp 120, 40468 Düsseldorf (지점 확인)","40468","식품","21.09.2026-27.09.2026","Mini Babybel 5er","45% Fett i.Tr., je 100-g-Netz, (1 kg = 17,90 €)","1.79","","","17,90 €","https://www.rewe.de/angebote/duesseldorf/8322016/rewe-markt-an-der-piwipp-120/"
"2026-09-20 21:02 Europe/Berlin","REWE","REWE Markt, An der Piwipp 120, 40468 Düsseldorf (지점 확인)","40468","식품","21.09.2026-27.09.2026","Möhrenstifte","je 200-g-Btl., (1 kg = 3,95 €)","0.79","","","3,95 €","https://www.rewe.de/angebote/duesseldorf/8322016/rewe-markt-an-der-piwipp-120/"
"2026-09-20 21:02 Europe/Berlin","REWE","REWE Markt, An der Piwipp 120, 40468 Düsseldorf (지점 확인)","40468","식품","21.09.2026-27.09.2026","Morawitzky Pfefferbeißer oder Mettenden","je 100 g","1.49","","","","https://www.rewe.de/angebote/duesseldorf/8322016/rewe-markt-an-der-piwipp-120/"
"2026-09-20 21:02 Europe/Berlin","REWE","REWE Markt, An der Piwipp 120, 40468 Düsseldorf (지점 확인)","40468","식품","21.09.2026-27.09.2026","Müller Froop","versch. Sorten, je 150-g-Becher, (1 kg = 2,93 €)","0.44","","","2,93 €","https://www.rewe.de/angebote/duesseldorf/8322016/rewe-markt-an-der-piwipp-120/"
"2026-09-20 21:02 Europe/Berlin","REWE","REWE Markt, An der Piwipp 120, 40468 Düsseldorf (지점 확인)","40468","식품","21.09.2026-27.09.2026","Müller Müllermilch","versch. Sorten, je 400-ml-Fl., (1 l = 1,98 €), zzgl. 0,25 € Pfand","0.79","","","1,98 €","https://www.rewe.de/angebote/duesseldorf/8322016/rewe-markt-an-der-piwipp-120/"
"2026-09-20 21:02 Europe/Berlin","REWE","REWE Markt, An der Piwipp 120, 40468 Düsseldorf (지점 확인)","40468","식품","21.09.2026-27.09.2026","Mutti geschälte italienische Tomaten","je 400-g-Dose, (1 kg = 4,27 €), 260 g Abtropfgewicht","1.11","","","4,27 €","https://www.rewe.de/angebote/duesseldorf/8322016/rewe-markt-an-der-piwipp-120/"
"2026-09-20 21:02 Europe/Berlin","REWE","REWE Markt, An der Piwipp 120, 40468 Düsseldorf (지점 확인)","40468","식품","21.09.2026-27.09.2026","Mutti Polpa","feinstes Tomatenfruchtfleisch, je 400-g-Dose, (1 kg = 2,78 €)","1.11","","","2,78 €","https://www.rewe.de/angebote/duesseldorf/8322016/rewe-markt-an-der-piwipp-120/"
"2026-09-20 21:02 Europe/Berlin","REWE","REWE Markt, An der Piwipp 120, 40468 Düsseldorf (지점 확인)","40468","식품","21.09.2026-27.09.2026","Nergi Kiwibeeren","je 125-g-Schale, (1 kg = 15,92 €)","1.99","","","15,92 €","https://www.rewe.de/angebote/duesseldorf/8322016/rewe-markt-an-der-piwipp-120/"
"2026-09-20 21:02 Europe/Berlin","REWE","REWE Markt, An der Piwipp 120, 40468 Düsseldorf (지점 확인)","40468","식품","21.09.2026-27.09.2026","Nescafé Classic","löslicher Bohnenkaffee, je 200-g-Glas, (1 kg = 29,95 €)","5.99","","","29,95 €","https://www.rewe.de/angebote/duesseldorf/8322016/rewe-markt-an-der-piwipp-120/"
"2026-09-20 21:02 Europe/Berlin","REWE","REWE Markt, An der Piwipp 120, 40468 Düsseldorf (지점 확인)","40468","식품","21.09.2026-27.09.2026","Nestlé Cini Minis","je 375-g-Pckg., (1 kg = 6,64 €)","2.49","","","6,64 €","https://www.rewe.de/angebote/duesseldorf/8322016/rewe-markt-an-der-piwipp-120/"
"2026-09-20 21:02 Europe/Berlin","REWE","REWE Markt, An der Piwipp 120, 40468 Düsseldorf (지점 확인)","40468","식품","21.09.2026-27.09.2026","Nestlé Nesquik","je 330-g-Pckg., (1 kg = 7,55 €)","2.49","","","7,55 €","https://www.rewe.de/angebote/duesseldorf/8322016/rewe-markt-an-der-piwipp-120/"
"2026-09-20 21:02 Europe/Berlin","REWE","REWE Markt, An der Piwipp 120, 40468 Düsseldorf (지점 확인)","40468","식품","21.09.2026-27.09.2026","Nimm 2 Lachgummi","versch. Sorten, je 250-g-Btl., (1 kg = 3,96 €)","0.99","","","3,96 €","https://www.rewe.de/angebote/duesseldorf/8322016/rewe-markt-an-der-piwipp-120/"
"2026-09-20 21:02 Europe/Berlin","REWE","REWE Markt, An der Piwipp 120, 40468 Düsseldorf (지점 확인)","40468","식품","21.09.2026-27.09.2026","Nuii Ice Cream Salted Caramel & Australian Macadamia oder Milka Vanilla & Chocolate Swirl","je 3 x 90-ml-Pckg., (1 l = 8,22 €)","2.22","","","8,22 €","https://www.rewe.de/angebote/duesseldorf/8322016/rewe-markt-an-der-piwipp-120/"
"2026-09-20 21:02 Europe/Berlin","REWE","REWE Markt, An der Piwipp 120, 40468 Düsseldorf (지점 확인)","40468","식품","21.09.2026-27.09.2026","Nutella","je 450-g-Glas, (1 kg = 5,98 €)","2.69","","","5,98 €","https://www.rewe.de/angebote/duesseldorf/8322016/rewe-markt-an-der-piwipp-120/"
"2026-09-20 21:02 Europe/Berlin","REWE","REWE Markt, An der Piwipp 120, 40468 Düsseldorf (지점 확인)","40468","식품","21.09.2026-27.09.2026","Nutella Plant Based","je 350-g-Glas, (1 kg = 7,69 €)","2.69","","","7,69 €","https://www.rewe.de/angebote/duesseldorf/8322016/rewe-markt-an-der-piwipp-120/"
"2026-09-20 21:02 Europe/Berlin","REWE","REWE Markt, An der Piwipp 120, 40468 Düsseldorf (지점 확인)","40468","식품","21.09.2026-27.09.2026","Odenwald Apfelmus","0% Zuckerzusatz, 100% Frucht, je 355-g-Glas, (1 kg = 4,20 €)","1.49","","","4,20 €","https://www.rewe.de/angebote/duesseldorf/8322016/rewe-markt-an-der-piwipp-120/"
"2026-09-20 21:02 Europe/Berlin","REWE","REWE Markt, An der Piwipp 120, 40468 Düsseldorf (지점 확인)","40468","식품","21.09.2026-27.09.2026","Orangen","Sorte: siehe Etikett, Kl. I, je 1,5-kg-Netz, (1 kg = 1,66 €)","2.49","","","1,66 €","https://www.rewe.de/angebote/duesseldorf/8322016/rewe-markt-an-der-piwipp-120/"
"2026-09-20 21:02 Europe/Berlin","REWE","REWE Markt, An der Piwipp 120, 40468 Düsseldorf (지점 확인)","40468","식품","21.09.2026-27.09.2026","Oreo Kekse","Original, je 154-g-Rolle, (1 kg = 8,38 €)","1.29","","","8,38 €","https://www.rewe.de/angebote/duesseldorf/8322016/rewe-markt-an-der-piwipp-120/"
"2026-09-20 21:02 Europe/Berlin","REWE","REWE Markt, An der Piwipp 120, 40468 Düsseldorf (지점 확인)","40468","식품","21.09.2026-27.09.2026","Oreo Kekse","BTS, je 157-g-Rolle, (1 kg = 8,22 €)","1.29","","","8,22 €","https://www.rewe.de/angebote/duesseldorf/8322016/rewe-markt-an-der-piwipp-120/"
"2026-09-20 21:02 Europe/Berlin","REWE","REWE Markt, An der Piwipp 120, 40468 Düsseldorf (지점 확인)","40468","식품","21.09.2026-27.09.2026","Ostmann Let’s do","versch. Sorten, je 70-g-Dose, (1 kg = 42,71 €)","2.99","","","42,71 €","https://www.rewe.de/angebote/duesseldorf/8322016/rewe-markt-an-der-piwipp-120/"
"2026-09-20 21:02 Europe/Berlin","REWE","REWE Markt, An der Piwipp 120, 40468 Düsseldorf (지점 확인)","40468","식품","21.09.2026-27.09.2026","Pema Haferbrot Vital+","je 250-g-Pckg., (1 kg = 6,36 €)","1.59","","","6,36 €","https://www.rewe.de/angebote/duesseldorf/8322016/rewe-markt-an-der-piwipp-120/"
"2026-09-20 21:02 Europe/Berlin","REWE","REWE Markt, An der Piwipp 120, 40468 Düsseldorf (지점 확인)","40468","주류","21.09.2026-27.09.2026","Peter & Peter Riesling oder Grauburgunder Qualitätswein","feinherb, trocken, je 0,75-l-Fl., (1 l = 5,32 €)","3.99","","","5,32 €","https://www.rewe.de/angebote/duesseldorf/8322016/rewe-markt-an-der-piwipp-120/"
"2026-09-20 21:02 Europe/Berlin","REWE","REWE Markt, An der Piwipp 120, 40468 Düsseldorf (지점 확인)","40468","식품","21.09.2026-27.09.2026","Pfanni Kartoffel Püree","das Lockere, je 240-g-Pckg., (1 kg = 6,21 €)","1.49","","","6,21 €","https://www.rewe.de/angebote/duesseldorf/8322016/rewe-markt-an-der-piwipp-120/"
"2026-09-20 21:02 Europe/Berlin","REWE","REWE Markt, An der Piwipp 120, 40468 Düsseldorf (지점 확인)","40468","식품","21.09.2026-27.09.2026","Pfanni Kartoffel Püree","das Komplette, je 283,5-g-Pckg., (1 kg = 5,26 €)","1.49","","","5,26 €","https://www.rewe.de/angebote/duesseldorf/8322016/rewe-markt-an-der-piwipp-120/"
"2026-09-20 21:02 Europe/Berlin","REWE","REWE Markt, An der Piwipp 120, 40468 Düsseldorf (지점 확인)","40468","식품","21.09.2026-27.09.2026","Pfanni Knödel","versch. Sorten, je 200-g-Pckg., (1 kg = 7,45 €)","1.49","","","7,45 €","https://www.rewe.de/angebote/duesseldorf/8322016/rewe-markt-an-der-piwipp-120/"
"2026-09-20 21:02 Europe/Berlin","REWE","REWE Markt, An der Piwipp 120, 40468 Düsseldorf (지점 확인)","40468","식품","21.09.2026-27.09.2026","Philadelphia","Natur, je 195-g-Pckg., (1 kg = 5,69 €)","1.11","","","5,69 €","https://www.rewe.de/angebote/duesseldorf/8322016/rewe-markt-an-der-piwipp-120/"
"2026-09-20 21:02 Europe/Berlin","REWE","REWE Markt, An der Piwipp 120, 40468 Düsseldorf (지점 확인)","40468","식품","21.09.2026-27.09.2026","Pizzadonut Flammkuchen","je St.","0.99","","","","https://www.rewe.de/angebote/duesseldorf/8322016/rewe-markt-an-der-piwipp-120/"
"2026-09-20 21:02 Europe/Berlin","REWE","REWE Markt, An der Piwipp 120, 40468 Düsseldorf (지점 확인)","40468","식품","21.09.2026-27.09.2026","Popp Brotaufstrich","versch. Sorten, je 150-g-Becher, (1 kg = 8,60 €)","1.29","","","8,60 €","https://www.rewe.de/angebote/duesseldorf/8322016/rewe-markt-an-der-piwipp-120/"
"2026-09-20 21:02 Europe/Berlin","REWE","REWE Markt, An der Piwipp 120, 40468 Düsseldorf (지점 확인)","40468","음료","21.09.2026-27.09.2026","Powerade Mountain Blast","je 1-l-Fl., zzgl. 0,25 € Pfand","1.59","","","","https://www.rewe.de/angebote/duesseldorf/8322016/rewe-markt-an-der-piwipp-120/"
"2026-09-20 21:02 Europe/Berlin","REWE","REWE Markt, An der Piwipp 120, 40468 Düsseldorf (지점 확인)","40468","식품","21.09.2026-27.09.2026","Premium Geflügelrolle","gefüllt mit einer saftigen Hähnchenwurst, je St.","1.00","","","","https://www.rewe.de/angebote/duesseldorf/8322016/rewe-markt-an-der-piwipp-120/"
"2026-09-20 21:02 Europe/Berlin","REWE","REWE Markt, An der Piwipp 120, 40468 Düsseldorf (지점 확인)","40468","식품","21.09.2026-27.09.2026","Puten Oberkeule","je 100 g","0.99","","","","https://www.rewe.de/angebote/duesseldorf/8322016/rewe-markt-an-der-piwipp-120/"
"2026-09-20 21:02 Europe/Berlin","REWE","REWE Markt, An der Piwipp 120, 40468 Düsseldorf (지점 확인)","40468","식품","21.09.2026-27.09.2026","Quäse Körniger Frischkäse","je 200-g-Becher, (1 kg = 7,45 €)","1.49","","","7,45 €","https://www.rewe.de/angebote/duesseldorf/8322016/rewe-markt-an-der-piwipp-120/"
"2026-09-20 21:02 Europe/Berlin","REWE","REWE Markt, An der Piwipp 120, 40468 Düsseldorf (지점 확인)","40468","주류","21.09.2026-27.09.2026","Radeberger Pilsner","je 20 x 0,5-l-Fl.-Kasten, (1 l = 1,10 €), zzgl. 3,10 € Pfand","10.99","","","1,10 €","https://www.rewe.de/angebote/duesseldorf/8322016/rewe-markt-an-der-piwipp-120/"
"2026-09-20 21:02 Europe/Berlin","REWE","REWE Markt, An der Piwipp 120, 40468 Düsseldorf (지점 확인)","40468","식품","21.09.2026-27.09.2026","Rama mit Butter","je 250-g-Pckg., (1 kg = 5,16 €)","1.29","","","5,16 €","https://www.rewe.de/angebote/duesseldorf/8322016/rewe-markt-an-der-piwipp-120/"
"2026-09-20 21:02 Europe/Berlin","REWE","REWE Markt, An der Piwipp 120, 40468 Düsseldorf (지점 확인)","40468","식품","21.09.2026-27.09.2026","Rama zum Streichen, Backen & Kochen","je 400-g-Becher, (1 kg = 3,23 €)","1.29","","","3,23 €","https://www.rewe.de/angebote/duesseldorf/8322016/rewe-markt-an-der-piwipp-120/"
"2026-09-20 21:02 Europe/Berlin","REWE","REWE Markt, An der Piwipp 120, 40468 Düsseldorf (지점 확인)","40468","식품","21.09.2026-27.09.2026","Rapso Rapsöl","100% rein, aus kontrolliertem Anbau, je 750-ml-Fl., (1 l = 4,65 €)","3.49","","","4,65 €","https://www.rewe.de/angebote/duesseldorf/8322016/rewe-markt-an-der-piwipp-120/"
"2026-09-20 21:02 Europe/Berlin","REWE","REWE Markt, An der Piwipp 120, 40468 Düsseldorf (지점 확인)","40468","음료","21.09.2026-27.09.2026","Red Bull Energy Drink","versch. Sorten, koffeinhaltig, je 0,25-l-Dose, (1 l = 3,52 €), zzgl. 0,25 € Pfand","0.88","","","3,52 €","https://www.rewe.de/angebote/duesseldorf/8322016/rewe-markt-an-der-piwipp-120/"
"2026-09-20 21:02 Europe/Berlin","REWE","REWE Markt, An der Piwipp 120, 40468 Düsseldorf (지점 확인)","40468","식품","21.09.2026-27.09.2026","Reinert Klosterschinken","je 100 g","1.49","","","","https://www.rewe.de/angebote/duesseldorf/8322016/rewe-markt-an-der-piwipp-120/"
"2026-09-20 21:02 Europe/Berlin","REWE","REWE Markt, An der Piwipp 120, 40468 Düsseldorf (지점 확인)","40468","식품","21.09.2026-27.09.2026","Rinder-Filet","vom Jungbullen, am Stück oder in Scheiben, je 100 g","5.29","","","","https://www.rewe.de/angebote/duesseldorf/8322016/rewe-markt-an-der-piwipp-120/"
"2026-09-20 21:02 Europe/Berlin","REWE","REWE Markt, An der Piwipp 120, 40468 Düsseldorf (지점 확인)","40468","식품","21.09.2026-27.09.2026","Ritter Sport Schokolade","versch. Sorten, je 100-g-Tafel, (1 kg = 11,10 €)","1.11","","","11,10 €","https://www.rewe.de/angebote/duesseldorf/8322016/rewe-markt-an-der-piwipp-120/"
"2026-09-20 21:02 Europe/Berlin","REWE","REWE Markt, An der Piwipp 120, 40468 Düsseldorf (지점 확인)","40468","식품","21.09.2026-27.09.2026","Roastbeef","am Stück oder in Scheiben, je 100 g","3.19","","","","https://www.rewe.de/angebote/duesseldorf/8322016/rewe-markt-an-der-piwipp-120/"
"2026-09-20 21:02 Europe/Berlin","REWE","REWE Markt, An der Piwipp 120, 40468 Düsseldorf (지점 확인)","40468","식품","21.09.2026-27.09.2026","Rochebaron oder Peyrigoux","frz. Weichkäse, versch. Sorten, je 100 g","2.69","","","","https://www.rewe.de/angebote/duesseldorf/8322016/rewe-markt-an-der-piwipp-120/"
"2026-09-20 21:02 Europe/Berlin","REWE","REWE Markt, An der Piwipp 120, 40468 Düsseldorf (지점 확인)","40468","식품","21.09.2026-27.09.2026","Rote Tafeläpfel","»Nicoter«, Kl. I, je 760-g-Schale, (1 kg = 2,62 €)","1.99","","","2,62 €","https://www.rewe.de/angebote/duesseldorf/8322016/rewe-markt-an-der-piwipp-120/"
"2026-09-20 21:02 Europe/Berlin","REWE","REWE Markt, An der Piwipp 120, 40468 Düsseldorf (지점 확인)","40468","식품","21.09.2026-27.09.2026","Rügenwalder Mühle Pommersche Gutsleberwurst","versch. Sorten, je 100 g","1.79","","","","https://www.rewe.de/angebote/duesseldorf/8322016/rewe-markt-an-der-piwipp-120/"
"2026-09-20 21:02 Europe/Berlin","REWE","REWE Markt, An der Piwipp 120, 40468 Düsseldorf (지점 확인)","40468","식품","21.09.2026-27.09.2026","Saupiquet Thunfisch-Filets","in Olivenöl, je 2 x 80-g-Dosen-Pckg., (1 kg = 23,94 €), 104 g Abtropfgewicht","2.49","","","23,94 €","https://www.rewe.de/angebote/duesseldorf/8322016/rewe-markt-an-der-piwipp-120/"
"2026-09-20 21:02 Europe/Berlin","REWE","REWE Markt, An der Piwipp 120, 40468 Düsseldorf (지점 확인)","40468","식품","21.09.2026-27.09.2026","Saupiquet Thunfisch-Filets","Naturale, je 2 x 80-g-Dosen-Pckg., (1 kg = 22,23 €), 112 g Abtropfgewicht","2.49","","","22,23 €","https://www.rewe.de/angebote/duesseldorf/8322016/rewe-markt-an-der-piwipp-120/"
"2026-09-20 21:02 Europe/Berlin","REWE","REWE Markt, An der Piwipp 120, 40468 Düsseldorf (지점 확인)","40468","주류","21.09.2026-27.09.2026","Scavi & Ray Prosecco Frizzante","je 0,75-l-Fl., (1 l = 7,99 €)","5.99","","","7,99 €","https://www.rewe.de/angebote/duesseldorf/8322016/rewe-markt-an-der-piwipp-120/"
"2026-09-20 21:02 Europe/Berlin","REWE","REWE Markt, An der Piwipp 120, 40468 Düsseldorf (지점 확인)","40468","주류","21.09.2026-27.09.2026","Schmackes Hell oder alkoholfrei 0,0%","versch. Sorten, je 6 x 0,33-l-Fl.-Sixpack, (1 l = 1,76 €), zzgl. 0,48 € Pfand","3.49","","","1,76 €","https://www.rewe.de/angebote/duesseldorf/8322016/rewe-markt-an-der-piwipp-120/"
"2026-09-20 21:02 Europe/Berlin","REWE","REWE Markt, An der Piwipp 120, 40468 Düsseldorf (지점 확인)","40468","식품","21.09.2026-27.09.2026","Schweine-Stielkotelett","je 100 g","0.89","","","","https://www.rewe.de/angebote/duesseldorf/8322016/rewe-markt-an-der-piwipp-120/"
"2026-09-20 21:02 Europe/Berlin","REWE","REWE Markt, An der Piwipp 120, 40468 Düsseldorf (지점 확인)","40468","음료","21.09.2026-27.09.2026","Sinalco Limonade","versch. Sorten, teilw. koffeinhaltig, je 1,25-l-Fl., (1 l = 0,63 €), zzgl. 0,25 € Pfand","0.79","","","0,63 €","https://www.rewe.de/angebote/duesseldorf/8322016/rewe-markt-an-der-piwipp-120/"
"2026-09-20 21:02 Europe/Berlin","REWE","REWE Markt, An der Piwipp 120, 40468 Düsseldorf (지점 확인)","40468","식품","21.09.2026-27.09.2026","Snickers Original Ice Cream","je 251,5-ml-Pckg., (1 l = 9,11 €)","2.29","","","9,11 €","https://www.rewe.de/angebote/duesseldorf/8322016/rewe-markt-an-der-piwipp-120/"
"2026-09-20 21:02 Europe/Berlin","REWE","REWE Markt, An der Piwipp 120, 40468 Düsseldorf (지점 확인)","40468","주류","21.09.2026-27.09.2026","Spaten Münchner Hell","je 20 x 0,5-l-Fl.-Kasten, (1 l = 1,50 €), zzgl. 3,10 € Pfand","14.99","","","1,50 €","https://www.rewe.de/angebote/duesseldorf/8322016/rewe-markt-an-der-piwipp-120/"
"2026-09-20 21:02 Europe/Berlin","REWE","REWE Markt, An der Piwipp 120, 40468 Düsseldorf (지점 확인)","40468","식품","21.09.2026-27.09.2026","Speisekartoffeln","Sorte und Kocheigenschaft: siehe Etikett, Qualität I, je 2,5-kg-Btl., (1 kg = 0,76 €)","1.89","","","0,76 €","https://www.rewe.de/angebote/duesseldorf/8322016/rewe-markt-an-der-piwipp-120/"
"2026-09-20 21:02 Europe/Berlin","REWE","REWE Markt, An der Piwipp 120, 40468 Düsseldorf (지점 확인)","40468","식품","21.09.2026-27.09.2026","Speisemöhren","Kl. I, je 1,5-kg-Btl., (1 kg = 0,74 €)","1.11","","","0,74 €","https://www.rewe.de/angebote/duesseldorf/8322016/rewe-markt-an-der-piwipp-120/"
"2026-09-20 21:02 Europe/Berlin","REWE","REWE Markt, An der Piwipp 120, 40468 Düsseldorf (지점 확인)","40468","식품","21.09.2026-27.09.2026","Spreewaldhof Spreelinge Gewürzgurken","je 670-g-Glas, (1 kg = 4,69 €), 360 g Abtropfgewicht","1.69","","","4,69 €","https://www.rewe.de/angebote/duesseldorf/8322016/rewe-markt-an-der-piwipp-120/"
"2026-09-20 21:02 Europe/Berlin","REWE","REWE Markt, An der Piwipp 120, 40468 Düsseldorf (지점 확인)","40468","식품","21.09.2026-27.09.2026","St. Michel Choco Crepes","je 180-g-Btl., (1 kg = 8,28 €)","1.49","","","8,28 €","https://www.rewe.de/angebote/duesseldorf/8322016/rewe-markt-an-der-piwipp-120/"
"2026-09-20 21:02 Europe/Berlin","REWE","REWE Markt, An der Piwipp 120, 40468 Düsseldorf (지점 확인)","40468","식품","21.09.2026-27.09.2026","Starbucks House Blend Kaffeekapseln","Lungo, je 52-g-Pckg., (1 kg = 70,96 €)","3.69","","","70,96 €","https://www.rewe.de/angebote/duesseldorf/8322016/rewe-markt-an-der-piwipp-120/"
"2026-09-20 21:02 Europe/Berlin","REWE","REWE Markt, An der Piwipp 120, 40468 Düsseldorf (지점 확인)","40468","식품","21.09.2026-27.09.2026","Starbucks Smooth Caramel Kaffeekapseln","je 51-g-Pckg., (1 kg = 72,35 €)","3.69","","","72,35 €","https://www.rewe.de/angebote/duesseldorf/8322016/rewe-markt-an-der-piwipp-120/"
"2026-09-20 21:02 Europe/Berlin","REWE","REWE Markt, An der Piwipp 120, 40468 Düsseldorf (지점 확인)","40468","식품","21.09.2026-27.09.2026","Storck Toffifee","versch. Sorten, je 125-g-Pckg., (1 kg = 8,88 €)","1.11","","","8,88 €","https://www.rewe.de/angebote/duesseldorf/8322016/rewe-markt-an-der-piwipp-120/"
"2026-09-20 21:02 Europe/Berlin","REWE","REWE Markt, An der Piwipp 120, 40468 Düsseldorf (지점 확인)","40468","식품","21.09.2026-27.09.2026","Strohwohl Frischwurst-Aufschnitt","versch. Sorten, je 100 g","1.39","","","","https://www.rewe.de/angebote/duesseldorf/8322016/rewe-markt-an-der-piwipp-120/"
"2026-09-20 21:02 Europe/Berlin","REWE","REWE Markt, An der Piwipp 120, 40468 Düsseldorf (지점 확인)","40468","주류","21.09.2026-27.09.2026","Süss & Fruchtig oder Trollinger Qualitätswein","versch. Sorten, je 0,75-l-Fl., (1 l = 3,99 €)","2.99","","","3,99 €","https://www.rewe.de/angebote/duesseldorf/8322016/rewe-markt-an-der-piwipp-120/"
"2026-09-20 21:02 Europe/Berlin","REWE","REWE Markt, An der Piwipp 120, 40468 Düsseldorf (지점 확인)","40468","주류","21.09.2026-27.09.2026","Tamnavulin Speyside Sherry","40% Vol., je 0,7-l-Fl., (1 l = 28,56 €)","19.99","","","28,56 €","https://www.rewe.de/angebote/duesseldorf/8322016/rewe-markt-an-der-piwipp-120/"
"2026-09-20 21:02 Europe/Berlin","REWE","REWE Markt, An der Piwipp 120, 40468 Düsseldorf (지점 확인)","40468","식품","21.09.2026-27.09.2026","Thomy Delikatess Mayonnaise","je 250-ml-Glas, (1 l = 7,16 €)","1.79","","","7,16 €","https://www.rewe.de/angebote/duesseldorf/8322016/rewe-markt-an-der-piwipp-120/"
"2026-09-20 21:02 Europe/Berlin","REWE","REWE Markt, An der Piwipp 120, 40468 Düsseldorf (지점 확인)","40468","식품","21.09.2026-27.09.2026","Thomy Delikatess Mayonnaise","je 200-ml-Tube, (1 l = 8,95 €)","1.79","","","8,95 €","https://www.rewe.de/angebote/duesseldorf/8322016/rewe-markt-an-der-piwipp-120/"
"2026-09-20 21:02 Europe/Berlin","REWE","REWE Markt, An der Piwipp 120, 40468 Düsseldorf (지점 확인)","40468","식품","21.09.2026-27.09.2026","Timmendorfer Rügenwalder Teewurst","versch. Sorten, je 100 g","1.79","","","","https://www.rewe.de/angebote/duesseldorf/8322016/rewe-markt-an-der-piwipp-120/"
"2026-09-20 21:02 Europe/Berlin","REWE","REWE Markt, An der Piwipp 120, 40468 Düsseldorf (지점 확인)","40468","식품","21.09.2026-27.09.2026","Tony’s Schokolade","versch. Sorten, je 180-g-Pckg., (1 kg = 16,61 €)","2.99","","","16,61 €","https://www.rewe.de/angebote/duesseldorf/8322016/rewe-markt-an-der-piwipp-120/"
"2026-09-20 21:02 Europe/Berlin","REWE","REWE Markt, An der Piwipp 120, 40468 Düsseldorf (지점 확인)","40468","식품","21.09.2026-27.09.2026","Trumpf Edle Tropfen Obstbrände","je 200-g-Pckg., (1 kg = 14,95 €)","2.99","","","14,95 €","https://www.rewe.de/angebote/duesseldorf/8322016/rewe-markt-an-der-piwipp-120/"
"2026-09-20 21:02 Europe/Berlin","REWE","REWE Markt, An der Piwipp 120, 40468 Düsseldorf (지점 확인)","40468","식품","21.09.2026-27.09.2026","Ültje Erdnüsse","geröstet & gesalzen, je 180-g-Dose, (1 kg = 9,39 €)","1.69","","","9,39 €","https://www.rewe.de/angebote/duesseldorf/8322016/rewe-markt-an-der-piwipp-120/"
"2026-09-20 21:02 Europe/Berlin","REWE","REWE Markt, An der Piwipp 120, 40468 Düsseldorf (지점 확인)","40468","식품","21.09.2026-27.09.2026","Ültje Fusion Peanuts","Paprika Flamed Style, je 150-g-Btl., (1 kg = 11,27 €)","1.69","","","11,27 €","https://www.rewe.de/angebote/duesseldorf/8322016/rewe-markt-an-der-piwipp-120/"
"2026-09-20 21:02 Europe/Berlin","REWE","REWE Markt, An der Piwipp 120, 40468 Düsseldorf (지점 확인)","40468","식품","21.09.2026-27.09.2026","Vita Coco Kokosnusswasser","versch. Sorten, je 330-ml-Pckg., (1 l = 4,82 €)","1.59","","","4,82 €","https://www.rewe.de/angebote/duesseldorf/8322016/rewe-markt-an-der-piwipp-120/"
"2026-09-20 21:02 Europe/Berlin","REWE","REWE Markt, An der Piwipp 120, 40468 Düsseldorf (지점 확인)","40468","음료","21.09.2026-27.09.2026","Volvic Touch oder Tee","versch. Sorten, je 1,5-l-Fl., (1 l = 0,74 €), zzgl. 0,25 € Pfand","1.11","","","0,74 €","https://www.rewe.de/angebote/duesseldorf/8322016/rewe-markt-an-der-piwipp-120/"
"2026-09-20 21:02 Europe/Berlin","REWE","REWE Markt, An der Piwipp 120, 40468 Düsseldorf (지점 확인)","40468","음료","21.09.2026-27.09.2026","Vöslauer Flavour Mineralwasser","versch. Sorten, je 6 x 1-l-Fl.-Pckg., (1 l = 0,79 €), zzgl. 1,50 € Pfand","4.74","","","0,79 €","https://www.rewe.de/angebote/duesseldorf/8322016/rewe-markt-an-der-piwipp-120/"
"2026-09-20 21:02 Europe/Berlin","REWE","REWE Markt, An der Piwipp 120, 40468 Düsseldorf (지점 확인)","40468","식품","21.09.2026-27.09.2026","Wasa Sesam & Vollkorn","je 200-g-Pckg., (1 kg = 8,95 €)","1.79","","","8,95 €","https://www.rewe.de/angebote/duesseldorf/8322016/rewe-markt-an-der-piwipp-120/"
"2026-09-20 21:02 Europe/Berlin","REWE","REWE Markt, An der Piwipp 120, 40468 Düsseldorf (지점 확인)","40468","식품","21.09.2026-27.09.2026","Wasa Vollkorn Roggen","je 260-g-Pckg., (1 kg = 6,88 €)","1.79","","","6,88 €","https://www.rewe.de/angebote/duesseldorf/8322016/rewe-markt-an-der-piwipp-120/"
"2026-09-20 21:02 Europe/Berlin","REWE","REWE Markt, An der Piwipp 120, 40468 Düsseldorf (지점 확인)","40468","식품","21.09.2026-27.09.2026","Weihenstephan Kochsahne","je 250-g-Pckg., (1 kg = 5,16 €)","1.29","","","5,16 €","https://www.rewe.de/angebote/duesseldorf/8322016/rewe-markt-an-der-piwipp-120/"
"2026-09-20 21:02 Europe/Berlin","REWE","REWE Markt, An der Piwipp 120, 40468 Düsseldorf (지점 확인)","40468","식품","21.09.2026-27.09.2026","Weihenstephan Naturjoghurt mild","versch. Sorten, je 500-g-Becher, (1 kg = 1,98 €)","0.99","","","1,98 €","https://www.rewe.de/angebote/duesseldorf/8322016/rewe-markt-an-der-piwipp-120/"
"2026-09-20 21:02 Europe/Berlin","REWE","REWE Markt, An der Piwipp 120, 40468 Düsseldorf (지점 확인)","40468","식품","21.09.2026-27.09.2026","Wiesenhof Bruzzzler Minis","je 350-g-Pckg., (1 kg = 9,97 €)","3.49","","","9,97 €","https://www.rewe.de/angebote/duesseldorf/8322016/rewe-markt-an-der-piwipp-120/"
"2026-09-20 21:02 Europe/Berlin","REWE","REWE Markt, An der Piwipp 120, 40468 Düsseldorf (지점 확인)","40468","식품","21.09.2026-27.09.2026","Wiesenhof Bruzzzler Original","je 5 x 80-g-Pckg., (1 kg = 8,73 €)","3.49","","","8,73 €","https://www.rewe.de/angebote/duesseldorf/8322016/rewe-markt-an-der-piwipp-120/"
"2026-09-20 21:02 Europe/Berlin","REWE","REWE Markt, An der Piwipp 120, 40468 Düsseldorf (지점 확인)","40468","식품","21.09.2026-27.09.2026","Wilhelm Brandenburg Bayrischer Leberkäse","je 100 g","0.99","","","","https://www.rewe.de/angebote/duesseldorf/8322016/rewe-markt-an-der-piwipp-120/"
"2026-09-20 21:02 Europe/Berlin","REWE","REWE Markt, An der Piwipp 120, 40468 Düsseldorf (지점 확인)","40468","식품","21.09.2026-27.09.2026","Wilhelm Brandenburg Hackfleisch gemischt","vom Rind und Schwein, je 250-g-Pckg., (1 kg = 9,96 €)","2.49","","","9,96 €","https://www.rewe.de/angebote/duesseldorf/8322016/rewe-markt-an-der-piwipp-120/"
"2026-09-20 21:02 Europe/Berlin","REWE","REWE Markt, An der Piwipp 120, 40468 Düsseldorf (지점 확인)","40468","식품","21.09.2026-27.09.2026","Zentis Frühstücks-Konfitüre","versch. Sorten, je 230-g-Glas, (1 kg = 6,48 €)","1.49","","","6,48 €","https://www.rewe.de/angebote/duesseldorf/8322016/rewe-markt-an-der-piwipp-120/"
"2026-09-20 21:02 Europe/Berlin","REWE","REWE Markt, An der Piwipp 120, 40468 Düsseldorf (지점 확인)","40468","식품","21.09.2026-27.09.2026","Zwiebelbaguette","je 330-g-lose, (1 kg = 6,03 €)","1.99","","","6,03 €","https://www.rewe.de/angebote/duesseldorf/8322016/rewe-markt-an-der-piwipp-120/"
"2026-09-20 21:02 Europe/Berlin","REWE","REWE Markt, An der Piwipp 120, 40468 Düsseldorf (40474 최근접 전단 지점, 지점별 가격 미확인)","40474","음료","21.09.2026-27.09.2026","Adelholzener Mineralwasser","versch. Sorten, je 12 x 0,75-l-Fl.-Kasten, (1 l = 0,72 €), zzgl. 3,30 € Pfand","6.49","","","0,72 €","https://www.rewe.de/angebote/duesseldorf/8322016/rewe-markt-an-der-piwipp-120/"
"2026-09-20 21:02 Europe/Berlin","REWE","REWE Markt, An der Piwipp 120, 40468 Düsseldorf (40474 최근접 전단 지점, 지점별 가격 미확인)","40474","음료","21.09.2026-27.09.2026","Afri Cola Extra Koffein","koffeinhaltig, je 6 x 1-l-Fl.-Pckg., (1 l = 0,89 €), zzgl. 1,50 € Pfand","5.34","","","0,89 €","https://www.rewe.de/angebote/duesseldorf/8322016/rewe-markt-an-der-piwipp-120/"
"2026-09-20 21:02 Europe/Berlin","REWE","REWE Markt, An der Piwipp 120, 40468 Düsseldorf (40474 최근접 전단 지점, 지점별 가격 미확인)","40474","식품","21.09.2026-27.09.2026","Altenburger Ziegenrolle","je 150-g-Pckg., (1 kg = 16,60 €)","2.49","","","16,60 €","https://www.rewe.de/angebote/duesseldorf/8322016/rewe-markt-an-der-piwipp-120/"
"2026-09-20 21:02 Europe/Berlin","REWE","REWE Markt, An der Piwipp 120, 40468 Düsseldorf (40474 최근접 전단 지점, 지점별 가격 미확인)","40474","식품","21.09.2026-27.09.2026","Andros So Good - so Veggie","aus Kokosmilch, je 350-g-Becher, (1 kg = 4,26 €)","1.49","","","4,26 €","https://www.rewe.de/angebote/duesseldorf/8322016/rewe-markt-an-der-piwipp-120/"
"2026-09-20 21:02 Europe/Berlin","REWE","REWE Markt, An der Piwipp 120, 40468 Düsseldorf (40474 최근접 전단 지점, 지점별 가격 미확인)","40474","식품","21.09.2026-27.09.2026","Aoste Longhetti","Classique, je 65-g-Pckg., (1 kg = 27,54 €)","1.79","","","27,54 €","https://www.rewe.de/angebote/duesseldorf/8322016/rewe-markt-an-der-piwipp-120/"
"2026-09-20 21:02 Europe/Berlin","REWE","REWE Markt, An der Piwipp 120, 40468 Düsseldorf (40474 최근접 전단 지점, 지점별 가격 미확인)","40474","식품","21.09.2026-27.09.2026","Aoste Stickado","Classique, je 70-g-Pckg., (1 kg = 25,57 €)","1.79","","","25,57 €","https://www.rewe.de/angebote/duesseldorf/8322016/rewe-markt-an-der-piwipp-120/"
"2026-09-20 21:02 Europe/Berlin","REWE","REWE Markt, An der Piwipp 120, 40468 Düsseldorf (40474 최근접 전단 지점, 지점별 가격 미확인)","40474","식품","21.09.2026-27.09.2026","Appel Zarte Filets vom Hering","versch. Sorten, je 200-g-Dose, (1 kg = 5,55 €)","1.11","","","5,55 €","https://www.rewe.de/angebote/duesseldorf/8322016/rewe-markt-an-der-piwipp-120/"
"2026-09-20 21:02 Europe/Berlin","REWE","REWE Markt, An der Piwipp 120, 40468 Düsseldorf (40474 최근접 전단 지점, 지점별 가격 미확인)","40474","식품","21.09.2026-27.09.2026","Ayuko Ramen Nudeln","vorgekocht, je 180-g-Btl., (1 kg = 4,39 €)","0.79","","","4,39 €","https://www.rewe.de/angebote/duesseldorf/8322016/rewe-markt-an-der-piwipp-120/"
"2026-09-20 21:02 Europe/Berlin","REWE","REWE Markt, An der Piwipp 120, 40468 Düsseldorf (40474 최근접 전단 지점, 지점별 가격 미확인)","40474","식품","21.09.2026-27.09.2026","Ayuko Udon Nudeln","vorgekocht, je 200-g-Btl., (1 kg = 3,95 €)","0.79","","","3,95 €","https://www.rewe.de/angebote/duesseldorf/8322016/rewe-markt-an-der-piwipp-120/"
"2026-09-20 21:02 Europe/Berlin","REWE","REWE Markt, An der Piwipp 120, 40468 Düsseldorf (40474 최근접 전단 지점, 지점별 가격 미확인)","40474","주류","21.09.2026-27.09.2026","Bacardi Carta Blanca Superior","37,5% Vol. oder Razz 27% Vol., je 0,7-l-Fl., (1 l = 14,99 €)","10.49","","","14,99 €","https://www.rewe.de/angebote/duesseldorf/8322016/rewe-markt-an-der-piwipp-120/"
"2026-09-20 21:02 Europe/Berlin","REWE","REWE Markt, An der Piwipp 120, 40468 Düsseldorf (40474 최근접 전단 지점, 지점별 가격 미확인)","40474","식품","21.09.2026-27.09.2026","Bahlsen Pick Up!","versch. Sorten, je 5 x 28-g-Pckg., (1 kg = 14,21 €)","1.99","","","14,21 €","https://www.rewe.de/angebote/duesseldorf/8322016/rewe-markt-an-der-piwipp-120/"
"2026-09-20 21:02 Europe/Berlin","REWE","REWE Markt, An der Piwipp 120, 40468 Düsseldorf (40474 최근접 전단 지점, 지점별 가격 미확인)","40474","식품","21.09.2026-27.09.2026","Barilla Classic Pasta","versch. Ausformungen, je 500-g-Pckg., (1 kg = 1,76 €)","0.88","","","1,76 €","https://www.rewe.de/angebote/duesseldorf/8322016/rewe-markt-an-der-piwipp-120/"
"2026-09-20 21:02 Europe/Berlin","REWE","REWE Markt, An der Piwipp 120, 40468 Düsseldorf (40474 최근접 전단 지점, 지점별 가격 미확인)","40474","식품","21.09.2026-27.09.2026","Barilla Pasta Sauce","Basilico, je 400-g-Glas, (1 kg = 4,48 €)","1.79","","","4,48 €","https://www.rewe.de/angebote/duesseldorf/8322016/rewe-markt-an-der-piwipp-120/"
"2026-09-20 21:02 Europe/Berlin","REWE","REWE Markt, An der Piwipp 120, 40468 Düsseldorf (40474 최근접 전단 지점, 지점별 가격 미확인)","40474","식품","21.09.2026-27.09.2026","Barilla Pesto Rosso","je 200-g-Glas, (1 kg = 8,95 €)","1.79","","","8,95 €","https://www.rewe.de/angebote/duesseldorf/8322016/rewe-markt-an-der-piwipp-120/"
"2026-09-20 21:02 Europe/Berlin","REWE","REWE Markt, An der Piwipp 120, 40468 Düsseldorf (40474 최근접 전단 지점, 지점별 가격 미확인)","40474","식품","21.09.2026-27.09.2026","Bauli Buondi L'Originale","je 198-g-Pckg., (1 kg = 11,57 €)","2.29","","","11,57 €","https://www.rewe.de/angebote/duesseldorf/8322016/rewe-markt-an-der-piwipp-120/"
"2026-09-20 21:02 Europe/Berlin","REWE","REWE Markt, An der Piwipp 120, 40468 Düsseldorf (40474 최근접 전단 지점, 지점별 가격 미확인)","40474","식품","21.09.2026-27.09.2026","Bauli Buondi L'Originale Cacao","je 258-g-Pckg., (1 kg = 8,88 €)","2.29","","","8,88 €","https://www.rewe.de/angebote/duesseldorf/8322016/rewe-markt-an-der-piwipp-120/"
"2026-09-20 21:02 Europe/Berlin","REWE","REWE Markt, An der Piwipp 120, 40468 Düsseldorf (40474 최근접 전단 지점, 지점별 가격 미확인)","40474","주류","21.09.2026-27.09.2026","Beck’s Pils","versch. Sorten, je 20 x 0,5-l-Fl.-Kasten, (1 l = 1,10 €), zzgl. 3,10 € Pfand","10.99","","","1,10 €","https://www.rewe.de/angebote/duesseldorf/8322016/rewe-markt-an-der-piwipp-120/"
"2026-09-20 21:02 Europe/Berlin","REWE","REWE Markt, An der Piwipp 120, 40468 Düsseldorf (40474 최근접 전단 지점, 지점별 가격 미확인)","40474","식품","21.09.2026-27.09.2026","Ben & Jerry’s Ice Cream","versch. Sorten, je 465-ml-Becher, (1 l = 8,58 €)","3.99","","","8,58 €","https://www.rewe.de/angebote/duesseldorf/8322016/rewe-markt-an-der-piwipp-120/"
"2026-09-20 21:02 Europe/Berlin","REWE","REWE Markt, An der Piwipp 120, 40468 Düsseldorf (40474 최근접 전단 지점, 지점별 가격 미확인)","40474","식품","21.09.2026-27.09.2026","Bergader Bergbauern Käse würzig-nussig","Schnittkäse, 48% Fett i.Tr., je 100 g","1.69","","","","https://www.rewe.de/angebote/duesseldorf/8322016/rewe-markt-an-der-piwipp-120/"
"2026-09-20 21:02 Europe/Berlin","REWE","REWE Markt, An der Piwipp 120, 40468 Düsseldorf (40474 최근접 전단 지점, 지점별 가격 미확인)","40474","식품","21.09.2026-27.09.2026","Bille Geflügelsalami","versch. Sorten, je 100 g","1.49","","","","https://www.rewe.de/angebote/duesseldorf/8322016/rewe-markt-an-der-piwipp-120/"
"2026-09-20 21:02 Europe/Berlin","REWE","REWE Markt, An der Piwipp 120, 40468 Düsseldorf (40474 최근접 전단 지점, 지점별 가격 미확인)","40474","식품","21.09.2026-27.09.2026","Bio Mango","Sorte: siehe Etikett, Kl. II, je St.","1.99","","","","https://www.rewe.de/angebote/duesseldorf/8322016/rewe-markt-an-der-piwipp-120/"
"2026-09-20 21:02 Europe/Berlin","REWE","REWE Markt, An der Piwipp 120, 40468 Düsseldorf (40474 최근접 전단 지점, 지점별 가격 미확인)","40474","식품","21.09.2026-27.09.2026","Bio Romana Salatherzen","Kl. II, je 2 St.-Pckg.","1.59","","","","https://www.rewe.de/angebote/duesseldorf/8322016/rewe-markt-an-der-piwipp-120/"
"2026-09-20 21:02 Europe/Berlin","REWE","REWE Markt, An der Piwipp 120, 40468 Düsseldorf (40474 최근접 전단 지점, 지점별 가격 미확인)","40474","식품","21.09.2026-27.09.2026","Bio Sombra Kürbis","je 1 kg","2.29","","","","https://www.rewe.de/angebote/duesseldorf/8322016/rewe-markt-an-der-piwipp-120/"
"2026-09-20 21:02 Europe/Berlin","REWE","REWE Markt, An der Piwipp 120, 40468 Düsseldorf (40474 최근접 전단 지점, 지점별 가격 미확인)","40474","주류","21.09.2026-27.09.2026","Bitburger Premium Pils","je 0,5-l-Dose, (1 l = 1,58 €), zzgl. 0,25 € Pfand","0.79","","","1,58 €","https://www.rewe.de/angebote/duesseldorf/8322016/rewe-markt-an-der-piwipp-120/"
"2026-09-20 21:02 Europe/Berlin","REWE","REWE Markt, An der Piwipp 120, 40468 Düsseldorf (40474 최근접 전단 지점, 지점별 가격 미확인)","40474","주류","21.09.2026-27.09.2026","Blackforest Needle Dry Gin","40% Vol., je 0,5-l-Fl., (1 l = 19,98 €)","9.99","","","19,98 €","https://www.rewe.de/angebote/duesseldorf/8322016/rewe-markt-an-der-piwipp-120/"
"2026-09-20 21:02 Europe/Berlin","REWE","REWE Markt, An der Piwipp 120, 40468 Düsseldorf (40474 최근접 전단 지점, 지점별 가격 미확인)","40474","주류","21.09.2026-27.09.2026","Bombay Sapphire London Dry Gin","40% Vol., je 0,7-l-Fl., (1 l = 22,84 €)","15.99","","","22,84 €","https://www.rewe.de/angebote/duesseldorf/8322016/rewe-markt-an-der-piwipp-120/"
"2026-09-20 21:02 Europe/Berlin","REWE","REWE Markt, An der Piwipp 120, 40468 Düsseldorf (40474 최근접 전단 지점, 지점별 가격 미확인)","40474","식품","21.09.2026-27.09.2026","Bonduelle Kopfsalat","je 175-g-Btl., (1 kg = 10,23 €)","1.79","","","10,23 €","https://www.rewe.de/angebote/duesseldorf/8322016/rewe-markt-an-der-piwipp-120/"
"2026-09-20 21:02 Europe/Berlin","REWE","REWE Markt, An der Piwipp 120, 40468 Düsseldorf (40474 최근접 전단 지점, 지점별 가격 미확인)","40474","식품","21.09.2026-27.09.2026","Bonduelle Wildkräutersalat","je 110-g-Btl., (1 kg = 16,27 €)","1.79","","","16,27 €","https://www.rewe.de/angebote/duesseldorf/8322016/rewe-markt-an-der-piwipp-120/"
"2026-09-20 21:02 Europe/Berlin","REWE","REWE Markt, An der Piwipp 120, 40468 Düsseldorf (40474 최근접 전단 지점, 지점별 가격 미확인)","40474","식품","21.09.2026-27.09.2026","Breitsamer Honig Faires Frühstück","je 500-g-Glas, (1 kg = 9,98 €)","4.99","","","9,98 €","https://www.rewe.de/angebote/duesseldorf/8322016/rewe-markt-an-der-piwipp-120/"
"2026-09-20 21:02 Europe/Berlin","REWE","REWE Markt, An der Piwipp 120, 40468 Düsseldorf (40474 최근접 전단 지점, 지점별 가격 미확인)","40474","식품","21.09.2026-27.09.2026","Brunch Brotaufstrich","versch. Sorten, je 185-g-Becher, (1 kg = 6,97 €)","1.29","","","6,97 €","https://www.rewe.de/angebote/duesseldorf/8322016/rewe-markt-an-der-piwipp-120/"
"2026-09-20 21:02 Europe/Berlin","REWE","REWE Markt, An der Piwipp 120, 40468 Düsseldorf (40474 최근접 전단 지점, 지점별 가격 미확인)","40474","주류","21.09.2026-27.09.2026","Budweiser Premium Czech Lager","je 20 x 0,5-l-Fl.-Kasten, (1 l = 1,50 €), zzgl. 3,10 € Pfand","14.99","","","1,50 €","https://www.rewe.de/angebote/duesseldorf/8322016/rewe-markt-an-der-piwipp-120/"
"2026-09-20 21:02 Europe/Berlin","REWE","REWE Markt, An der Piwipp 120, 40468 Düsseldorf (40474 최근접 전단 지점, 지점별 가격 미확인)","40474","식품","21.09.2026-27.09.2026","Bürger Maultaschen","traditionell schwäbisch, je 360-g-Btl., (1 kg = 4,69 €)","1.69","","","4,69 €","https://www.rewe.de/angebote/duesseldorf/8322016/rewe-markt-an-der-piwipp-120/"
"2026-09-20 21:02 Europe/Berlin","REWE","REWE Markt, An der Piwipp 120, 40468 Düsseldorf (40474 최근접 전단 지점, 지점별 가격 미확인)","40474","식품","21.09.2026-27.09.2026","Burgis Sonntagsknödel","je 500-g-Pckg., (1 kg = 3,58 €)","1.79","","","3,58 €","https://www.rewe.de/angebote/duesseldorf/8322016/rewe-markt-an-der-piwipp-120/"
"2026-09-20 21:02 Europe/Berlin","REWE","REWE Markt, An der Piwipp 120, 40468 Düsseldorf (40474 최근접 전단 지점, 지점별 가격 미확인)","40474","음료","21.09.2026-27.09.2026","Burgwallbronn Mineralwasser","versch. Sorten, je 12 x 1-l-Fl.-Kasten, (1 l = 0,42 €), zzgl. 3,30 € Pfand","4.99","","","0,42 €","https://www.rewe.de/angebote/duesseldorf/8322016/rewe-markt-an-der-piwipp-120/"
"2026-09-20 21:02 Europe/Berlin","REWE","REWE Markt, An der Piwipp 120, 40468 Düsseldorf (40474 최근접 전단 지점, 지점별 가격 미확인)","40474","식품","21.09.2026-27.09.2026","Butcher’s Angus Irish Beef oder Beef Rindfleisch Burger Patties","je 230-g-Pckg., (1 kg = 18,65 €)","4.29","","","18,65 €","https://www.rewe.de/angebote/duesseldorf/8322016/rewe-markt-an-der-piwipp-120/"
"2026-09-20 21:02 Europe/Berlin","REWE","REWE Markt, An der Piwipp 120, 40468 Düsseldorf (40474 최근접 전단 지점, 지점별 가격 미확인)","40474","식품","21.09.2026-27.09.2026","Butcher’s Barbecue Schweine-Nackensteaks","in versch. Marinaden, je 380-g-Pckg., (1 kg = 9,97 €)","3.79","","","9,97 €","https://www.rewe.de/angebote/duesseldorf/8322016/rewe-markt-an-der-piwipp-120/"
"2026-09-20 21:02 Europe/Berlin","REWE","REWE Markt, An der Piwipp 120, 40468 Düsseldorf (40474 최근접 전단 지점, 지점별 가격 미확인)","40474","식품","21.09.2026-27.09.2026","Butter-Quarktasche","je St.","0.99","","","","https://www.rewe.de/angebote/duesseldorf/8322016/rewe-markt-an-der-piwipp-120/"
"2026-09-20 21:02 Europe/Berlin","REWE","REWE Markt, An der Piwipp 120, 40468 Düsseldorf (40474 최근접 전단 지점, 지점별 가격 미확인)","40474","식품","21.09.2026-27.09.2026","Buttermilch-Batzen","Hefefeingebäck, mild und süß-aromatisch im Geschmack, je 350-g-St., (1 kg = 4,26 €)","1.49","","","4,26 €","https://www.rewe.de/angebote/duesseldorf/8322016/rewe-markt-an-der-piwipp-120/"
"2026-09-20 21:02 Europe/Berlin","REWE","REWE Markt, An der Piwipp 120, 40468 Düsseldorf (40474 최근접 전단 지점, 지점별 가격 미확인)","40474","식품","21.09.2026-27.09.2026","Casa Modena Salame Gran Magro","feine Salamispezialität, je 100 g","2.29","","","","https://www.rewe.de/angebote/duesseldorf/8322016/rewe-markt-an-der-piwipp-120/"
"2026-09-20 21:02 Europe/Berlin","REWE","REWE Markt, An der Piwipp 120, 40468 Düsseldorf (40474 최근접 전단 지점, 지점별 가격 미확인)","40474","식품","21.09.2026-27.09.2026","Chicorée","Kl. I, je 500-g-Pckg., (1 kg = 3,18 €)","1.59","","","3,18 €","https://www.rewe.de/angebote/duesseldorf/8322016/rewe-markt-an-der-piwipp-120/"
"2026-09-20 21:02 Europe/Berlin","REWE","REWE Markt, An der Piwipp 120, 40468 Düsseldorf (40474 최근접 전단 지점, 지점별 가격 미확인)","40474","음료","21.09.2026-27.09.2026","Coca-Cola oder Coca-Cola Zero Friendspack","koffeinhaltig, je 10 x 0,33-l-Dosen-Pckg., (1 l = 1,82 €), zzgl. 2,50 € Pfand","5.99","","","1,82 €","https://www.rewe.de/angebote/duesseldorf/8322016/rewe-markt-an-der-piwipp-120/"
"2026-09-20 21:02 Europe/Berlin","REWE","REWE Markt, An der Piwipp 120, 40468 Düsseldorf (40474 최근접 전단 지점, 지점별 가격 미확인)","40474","식품","21.09.2026-27.09.2026","Coppenrath & Wiese Lust auf Kuchen Erdbeer Cheesecake","tiefgefroren, je 550-g-Pckg., (1 kg = 6,35 €)","3.49","","","6,35 €","https://www.rewe.de/angebote/duesseldorf/8322016/rewe-markt-an-der-piwipp-120/"
"2026-09-20 21:02 Europe/Berlin","REWE","REWE Markt, An der Piwipp 120, 40468 Düsseldorf (40474 최근접 전단 지점, 지점별 가격 미확인)","40474","식품","21.09.2026-27.09.2026","Coppenrath & Wiese Lust auf Vegan Mandel-Bienenstich-Torte","tiefgefroren, je 360-g-Pckg., (1 kg = 9,69 €)","3.49","","","9,69 €","https://www.rewe.de/angebote/duesseldorf/8322016/rewe-markt-an-der-piwipp-120/"
"2026-09-20 21:02 Europe/Berlin","REWE","REWE Markt, An der Piwipp 120, 40468 Düsseldorf (40474 최근접 전단 지점, 지점별 가격 미확인)","40474","식품","21.09.2026-27.09.2026","Coppenrath & Wiese Sahne Rolle","versch. Sorten, tiefgefroren, je 350-g-Pckg., (1 kg = 7,40 €)","2.59","","","7,40 €","https://www.rewe.de/angebote/duesseldorf/8322016/rewe-markt-an-der-piwipp-120/"
"2026-09-20 21:02 Europe/Berlin","REWE","REWE Markt, An der Piwipp 120, 40468 Düsseldorf (40474 최근접 전단 지점, 지점별 가격 미확인)","40474","식품","21.09.2026-27.09.2026","Corny Müsliriegel Milch Classic","je 4 x 30-g-Pckg., (1 kg = 14,92 €)","1.79","","","14,92 €","https://www.rewe.de/angebote/duesseldorf/8322016/rewe-markt-an-der-piwipp-120/"
"2026-09-20 21:02 Europe/Berlin","REWE","REWE Markt, An der Piwipp 120, 40468 Düsseldorf (40474 최근접 전단 지점, 지점별 가격 미확인)","40474","식품","21.09.2026-27.09.2026","Corny Müsliriegel Schoko","je 6 x 25-g-Pckg., (1 kg = 11,93 €)","1.79","","","11,93 €","https://www.rewe.de/angebote/duesseldorf/8322016/rewe-markt-an-der-piwipp-120/"
"2026-09-20 21:02 Europe/Berlin","REWE","REWE Markt, An der Piwipp 120, 40468 Düsseldorf (40474 최근접 전단 지점, 지점별 가격 미확인)","40474","식품","21.09.2026-27.09.2026","Costa Pacific Prawns","tiefgefroren, je 215-g-Btl., (1 kg = 37,16 €)","7.99","","","37,16 €","https://www.rewe.de/angebote/duesseldorf/8322016/rewe-markt-an-der-piwipp-120/"
"2026-09-20 21:02 Europe/Berlin","REWE","REWE Markt, An der Piwipp 120, 40468 Düsseldorf (40474 최근접 전단 지점, 지점별 가격 미확인)","40474","식품","21.09.2026-27.09.2026","Dallmayr Crema d’Oro","ganze Bohnen, je 1000-g-Pckg.","12.99","","","","https://www.rewe.de/angebote/duesseldorf/8322016/rewe-markt-an-der-piwipp-120/"
"2026-09-20 21:02 Europe/Berlin","REWE","REWE Markt, An der Piwipp 120, 40468 Düsseldorf (40474 최근접 전단 지점, 지점별 가격 미확인)","40474","식품","21.09.2026-27.09.2026","DeBeukelaer Cereola","versch. Sorten, je 150-g-Pckg., (1 kg = 9,93 €)","1.49","","","9,93 €","https://www.rewe.de/angebote/duesseldorf/8322016/rewe-markt-an-der-piwipp-120/"
"2026-09-20 21:02 Europe/Berlin","REWE","REWE Markt, An der Piwipp 120, 40468 Düsseldorf (40474 최근접 전단 지점, 지점별 가격 미확인)","40474","주류","21.09.2026-27.09.2026","Deutsches Weintor Exklusiv Qualitätswein","versch. Sorten, trocken, je 0,75-l-Fl., (1 l = 5,32 €)","3.99","","","5,32 €","https://www.rewe.de/angebote/duesseldorf/8322016/rewe-markt-an-der-piwipp-120/"
"2026-09-20 21:02 Europe/Berlin","REWE","REWE Markt, An der Piwipp 120, 40468 Düsseldorf (40474 최근접 전단 지점, 지점별 가격 미확인)","40474","식품","21.09.2026-27.09.2026","Doritos Nacho Cheese","je 110-g-Pckg., (1 kg = 9,00 €)","0.99","","","9,00 €","https://www.rewe.de/angebote/duesseldorf/8322016/rewe-markt-an-der-piwipp-120/"
"2026-09-20 21:02 Europe/Berlin","REWE","REWE Markt, An der Piwipp 120, 40468 Düsseldorf (40474 최근접 전단 지점, 지점별 가격 미확인)","40474","식품","21.09.2026-27.09.2026","Dr. Oetker Bourbon-Vanille Soße","je 250-ml-Becher, (1 l = 5,16 €)","1.29","","","5,16 €","https://www.rewe.de/angebote/duesseldorf/8322016/rewe-markt-an-der-piwipp-120/"
"2026-09-20 21:02 Europe/Berlin","REWE","REWE Markt, An der Piwipp 120, 40468 Düsseldorf (40474 최근접 전단 지점, 지점별 가격 미확인)","40474","식품","21.09.2026-27.09.2026","Dr. Oetker Götterspeise","Waldmeister mit Bourbon-Vanillesoße, je 160-g-Becher, (1 kg = 4,31 €)","0.69","","","4,31 €","https://www.rewe.de/angebote/duesseldorf/8322016/rewe-markt-an-der-piwipp-120/"
"2026-09-20 21:02 Europe/Berlin","REWE","REWE Markt, An der Piwipp 120, 40468 Düsseldorf (40474 최근접 전단 지점, 지점별 가격 미확인)","40474","식품","21.09.2026-27.09.2026","Dr. Oetker Götterspeise XXL Waldmeister","je 500-g-Becher, (1 kg = 2,58 €)","1.29","","","2,58 €","https://www.rewe.de/angebote/duesseldorf/8322016/rewe-markt-an-der-piwipp-120/"
"2026-09-20 21:02 Europe/Berlin","REWE","REWE Markt, An der Piwipp 120, 40468 Düsseldorf (40474 최근접 전단 지점, 지점별 가격 미확인)","40474","식품","21.09.2026-27.09.2026","Dr. Oetker Grießbrei","je 92-g-Btl., (1 kg = 10,76 €)","0.99","","","10,76 €","https://www.rewe.de/angebote/duesseldorf/8322016/rewe-markt-an-der-piwipp-120/"
"2026-09-20 21:02 Europe/Berlin","REWE","REWE Markt, An der Piwipp 120, 40468 Düsseldorf (40474 최근접 전단 지점, 지점별 가격 미확인)","40474","식품","21.09.2026-27.09.2026","Dr. Oetker Milchreis","je 125-g-Btl., (1 kg = 7,92 €)","0.99","","","7,92 €","https://www.rewe.de/angebote/duesseldorf/8322016/rewe-markt-an-der-piwipp-120/"
"2026-09-20 21:02 Europe/Berlin","REWE","REWE Markt, An der Piwipp 120, 40468 Düsseldorf (40474 최근접 전단 지점, 지점별 가격 미확인)","40474","식품","21.09.2026-27.09.2026","Dr. Oetker Paradiescreme Kleine Auszeit","Vanille, je 27-g-Btl., (1 kg = 29,26 €)","0.79","","","29,26 €","https://www.rewe.de/angebote/duesseldorf/8322016/rewe-markt-an-der-piwipp-120/"
"2026-09-20 21:02 Europe/Berlin","REWE","REWE Markt, An der Piwipp 120, 40468 Düsseldorf (40474 최근접 전단 지점, 지점별 가격 미확인)","40474","식품","21.09.2026-27.09.2026","Dr. Oetker Ristorante Pizza Salame","tiefgefroren, je 320-g-Pckg., (1 kg = 5,59 €)","1.79","","","5,59 €","https://www.rewe.de/angebote/duesseldorf/8322016/rewe-markt-an-der-piwipp-120/"
"2026-09-20 21:02 Europe/Berlin","REWE","REWE Markt, An der Piwipp 120, 40468 Düsseldorf (40474 최근접 전단 지점, 지점별 가격 미확인)","40474","식품","21.09.2026-27.09.2026","Dr. Oetker Ristorante Pizza Spinaci","tiefgefroren, je 390-g-Pckg., (1 kg = 4,59 €)","1.79","","","4,59 €","https://www.rewe.de/angebote/duesseldorf/8322016/rewe-markt-an-der-piwipp-120/"
"2026-09-20 21:02 Europe/Berlin","REWE","REWE Markt, An der Piwipp 120, 40468 Düsseldorf (40474 최근접 전단 지점, 지점별 가격 미확인)","40474","식품","21.09.2026-27.09.2026","Dr. Oetker Rotwein Mousse","je 100-g-Becher, (1 kg = 6,90 €)","0.69","","","6,90 €","https://www.rewe.de/angebote/duesseldorf/8322016/rewe-markt-an-der-piwipp-120/"
"2026-09-20 21:02 Europe/Berlin","REWE","REWE Markt, An der Piwipp 120, 40468 Düsseldorf (40474 최근접 전단 지점, 지점별 가격 미확인)","40474","식품","21.09.2026-27.09.2026","Dr. Oetker Seelenwärmer Tassen-Cremepudding","Schokolade, je 58-g-Pckg., (1 kg = 13,62 €)","0.79","","","13,62 €","https://www.rewe.de/angebote/duesseldorf/8322016/rewe-markt-an-der-piwipp-120/"
"2026-09-20 21:02 Europe/Berlin","REWE","REWE Markt, An der Piwipp 120, 40468 Düsseldorf (40474 최근접 전단 지점, 지점별 가격 미확인)","40474","음료","21.09.2026-27.09.2026","Dryll Elektrolyte-Getränk","versch. Sorten, je 0,33-l-Dose, (1 l = 4,52 €), zzgl. 0,25 € Pfand","1.49","","","4,52 €","https://www.rewe.de/angebote/duesseldorf/8322016/rewe-markt-an-der-piwipp-120/"
"2026-09-20 21:02 Europe/Berlin","REWE","REWE Markt, An der Piwipp 120, 40468 Düsseldorf (40474 최근접 전단 지점, 지점별 가격 미확인)","40474","음료","21.09.2026-27.09.2026","Effect Energy Drink","versch. Sorten, koffeinhaltig, je 0,33-l-Dose, (1 l = 2,09 €), zzgl. 0,25 € Pfand","0.69","","","2,09 €","https://www.rewe.de/angebote/duesseldorf/8322016/rewe-markt-an-der-piwipp-120/"
"2026-09-20 21:02 Europe/Berlin","REWE","REWE Markt, An der Piwipp 120, 40468 Düsseldorf (40474 최근접 전단 지점, 지점별 가격 미확인)","40474","식품","21.09.2026-27.09.2026","Ehrmann High Protein Pudding oder High Protein Joghurt","versch. Sorten, je 200-g-Becher, (1 kg = 4,95 €)","0.99","","","4,95 €","https://www.rewe.de/angebote/duesseldorf/8322016/rewe-markt-an-der-piwipp-120/"
"2026-09-20 21:02 Europe/Berlin","REWE","REWE Markt, An der Piwipp 120, 40468 Düsseldorf (40474 최근접 전단 지점, 지점별 가격 미확인)","40474","식품","21.09.2026-27.09.2026","Eisbergsalat","Kl. I, je St.","0.89","","","","https://www.rewe.de/angebote/duesseldorf/8322016/rewe-markt-an-der-piwipp-120/"
"2026-09-20 21:02 Europe/Berlin","REWE","REWE Markt, An der Piwipp 120, 40468 Düsseldorf (40474 최근접 전단 지점, 지점별 가격 미확인)","40474","식품","21.09.2026-27.09.2026","El Pozo Iberico Fuetec Spanische Salami","je 150-g-Pckg., (1 kg = 17,27 €)","2.59","","","17,27 €","https://www.rewe.de/angebote/duesseldorf/8322016/rewe-markt-an-der-piwipp-120/"
"2026-09-20 21:02 Europe/Berlin","REWE","REWE Markt, An der Piwipp 120, 40468 Düsseldorf (40474 최근접 전단 지점, 지점별 가격 미확인)","40474","식품","21.09.2026-27.09.2026","Elpozo Original Fuetec spanische Salami","luftgetrocknet, je 170-g-Pckg., (1 kg = 15,24 €)","2.59","","","15,24 €","https://www.rewe.de/angebote/duesseldorf/8322016/rewe-markt-an-der-piwipp-120/"
"2026-09-20 21:02 Europe/Berlin","REWE","REWE Markt, An der Piwipp 120, 40468 Düsseldorf (40474 최근접 전단 지점, 지점별 가격 미확인)","40474","식품","21.09.2026-27.09.2026","Entrecôte","vom Jungbullen, am Stück oder in Scheiben, je 100 g","3.19","","","","https://www.rewe.de/angebote/duesseldorf/8322016/rewe-markt-an-der-piwipp-120/"
"2026-09-20 21:02 Europe/Berlin","REWE","REWE Markt, An der Piwipp 120, 40468 Düsseldorf (40474 최근접 전단 지점, 지점별 가격 미확인)","40474","식품","21.09.2026-27.09.2026","Erasco Eintopf","versch. Sorten, je 800-g-Dose, (1 kg = 2,35 €)","1.88","","","2,35 €","https://www.rewe.de/angebote/duesseldorf/8322016/rewe-markt-an-der-piwipp-120/"
"2026-09-20 21:02 Europe/Berlin","REWE","REWE Markt, An der Piwipp 120, 40468 Düsseldorf (40474 최근접 전단 지점, 지점별 가격 미확인)","40474","주류","21.09.2026-27.09.2026","Erdinger Weißbier oder Brauhaus","auch alkoholfrei, je 20 x 0,5-l-Fl.-Kasten, (1 l = 1,40 €), zzgl. 3,10 € Pfand","13.99","","","1,40 €","https://www.rewe.de/angebote/duesseldorf/8322016/rewe-markt-an-der-piwipp-120/"
"2026-09-20 21:02 Europe/Berlin","REWE","REWE Markt, An der Piwipp 120, 40468 Düsseldorf (40474 최근접 전단 지점, 지점별 가격 미확인)","40474","주류","21.09.2026-27.09.2026","Finvara Irish Whiskey","43% Vol., je 0,7-l-Fl., (1 l = 28,56 €)","19.99","","","28,56 €","https://www.rewe.de/angebote/duesseldorf/8322016/rewe-markt-an-der-piwipp-120/"
"2026-09-20 21:02 Europe/Berlin","REWE","REWE Markt, An der Piwipp 120, 40468 Düsseldorf (40474 최근접 전단 지점, 지점별 가격 미확인)","40474","주류","21.09.2026-27.09.2026","Flor de Cana Rum Oro Reserva","37,5% Vol., je 0,7-l-Fl., (1 l = 14,27 €)","9.99","","","14,27 €","https://www.rewe.de/angebote/duesseldorf/8322016/rewe-markt-an-der-piwipp-120/"
"2026-09-20 21:02 Europe/Berlin","REWE","REWE Markt, An der Piwipp 120, 40468 Düsseldorf (40474 최근접 전단 지점, 지점별 가격 미확인)","40474","식품","21.09.2026-27.09.2026","Fol Epi Classic","frz. Schnittkäse, versch. Sorten, je 150-g-Pckg., (1 kg = 9,93 €)","1.49","","","9,93 €","https://www.rewe.de/angebote/duesseldorf/8322016/rewe-markt-an-der-piwipp-120/"
"2026-09-20 21:02 Europe/Berlin","REWE","REWE Markt, An der Piwipp 120, 40468 Düsseldorf (40474 최근접 전단 지점, 지점별 가격 미확인)","40474","식품","21.09.2026-27.09.2026","Followfood Bio Lachs Filets","tiefgefroren, je 200-g-Pckg., (1 kg = 39,95 €)","7.99","","","39,95 €","https://www.rewe.de/angebote/duesseldorf/8322016/rewe-markt-an-der-piwipp-120/"
"2026-09-20 21:02 Europe/Berlin","REWE","REWE Markt, An der Piwipp 120, 40468 Düsseldorf (40474 최근접 전단 지점, 지점별 가격 미확인)","40474","식품","21.09.2026-27.09.2026","Foodmaker Big Bowl","versch. Sorten, je 375-g-Schale, (1 kg = 13,31 €)","4.99","","","13,31 €","https://www.rewe.de/angebote/duesseldorf/8322016/rewe-markt-an-der-piwipp-120/"
"2026-09-20 21:02 Europe/Berlin","REWE","REWE Markt, An der Piwipp 120, 40468 Düsseldorf (40474 최근접 전단 지점, 지점별 가격 미확인)","40474","식품","21.09.2026-27.09.2026","Frico Gouda jung","holl. Schnittkäse, 51% Fett i.Tr., je 100 g","0.89","","","","https://www.rewe.de/angebote/duesseldorf/8322016/rewe-markt-an-der-piwipp-120/"
"2026-09-20 21:02 Europe/Berlin","REWE","REWE Markt, An der Piwipp 120, 40468 Düsseldorf (40474 최근접 전단 지점, 지점별 가격 미확인)","40474","식품","21.09.2026-27.09.2026","Frische Kräuter Petersilie glatt","je 40-g-Schale, (1 kg = 19,75 €)","0.79","","","19,75 €","https://www.rewe.de/angebote/duesseldorf/8322016/rewe-markt-an-der-piwipp-120/"
"2026-09-20 21:02 Europe/Berlin","REWE","REWE Markt, An der Piwipp 120, 40468 Düsseldorf (40474 최근접 전단 지점, 지점별 가격 미확인)","40474","식품","21.09.2026-27.09.2026","Frische Kräuter Schnittlauch","je 25-g-Schale, (1 kg = 31,60 €)","0.79","","","31,60 €","https://www.rewe.de/angebote/duesseldorf/8322016/rewe-markt-an-der-piwipp-120/"
"2026-09-20 21:02 Europe/Berlin","REWE","REWE Markt, An der Piwipp 120, 40468 Düsseldorf (40474 최근접 전단 지점, 지점별 가격 미확인)","40474","식품","21.09.2026-27.09.2026","Frisches Hähnchen-Brustfilet","natur, je 100 g","1.59","","","","https://www.rewe.de/angebote/duesseldorf/8322016/rewe-markt-an-der-piwipp-120/"
"2026-09-20 21:02 Europe/Berlin","REWE","REWE Markt, An der Piwipp 120, 40468 Düsseldorf (40474 최근접 전단 지점, 지점별 가격 미확인)","40474","식품","21.09.2026-27.09.2026","Frisches Oktoberfest-Hendl","gewürzt, SB-verpackt, je 1 kg","6.99","","","","https://www.rewe.de/angebote/duesseldorf/8322016/rewe-markt-an-der-piwipp-120/"
"2026-09-20 21:02 Europe/Berlin","REWE","REWE Markt, An der Piwipp 120, 40468 Düsseldorf (40474 최근접 전단 지점, 지점별 가격 미확인)","40474","식품","21.09.2026-27.09.2026","Frischkäsecreme »Elsässer Art«","je 100 g","1.79","","","","https://www.rewe.de/angebote/duesseldorf/8322016/rewe-markt-an-der-piwipp-120/"
"2026-09-20 21:02 Europe/Berlin","REWE","REWE Markt, An der Piwipp 120, 40468 Düsseldorf (40474 최근접 전단 지점, 지점별 가격 미확인)","40474","식품","21.09.2026-27.09.2026","Frosta Gemüsepfanne alla Toscana","tiefgefroren, je 480-g-Btl., (1 kg = 4,15 €)","1.99","","","4,15 €","https://www.rewe.de/angebote/duesseldorf/8322016/rewe-markt-an-der-piwipp-120/"
"2026-09-20 21:02 Europe/Berlin","REWE","REWE Markt, An der Piwipp 120, 40468 Düsseldorf (40474 최근접 전단 지점, 지점별 가격 미확인)","40474","식품","21.09.2026-27.09.2026","Frosta Rahm Geschnetzeltes","tiefgefroren, je 375-g-Btl., (1 kg = 5,31 €)","1.99","","","5,31 €","https://www.rewe.de/angebote/duesseldorf/8322016/rewe-markt-an-der-piwipp-120/"
"2026-09-20 21:02 Europe/Berlin","REWE","REWE Markt, An der Piwipp 120, 40468 Düsseldorf (40474 최근접 전단 지점, 지점별 가격 미확인)","40474","주류","21.09.2026-27.09.2026","Fürst Bismarck Mineralwasser","versch. Sorten, je 12 x 1-l-Fl.-Kasten, (1 l = 0,46 €), zzgl. 4,50 € Pfand","5.49","","","0,46 €","https://www.rewe.de/angebote/duesseldorf/8322016/rewe-markt-an-der-piwipp-120/"
"2026-09-20 21:02 Europe/Berlin","REWE","REWE Markt, An der Piwipp 120, 40468 Düsseldorf (40474 최근접 전단 지점, 지점별 가격 미확인)","40474","식품","21.09.2026-27.09.2026","Galbani Mozzarella Classic","je 225-g-Pckg., (1 kg = 8,88 €), 125 g Abtropfgewicht","1.11","","","8,88 €","https://www.rewe.de/angebote/duesseldorf/8322016/rewe-markt-an-der-piwipp-120/"
"2026-09-20 21:02 Europe/Berlin","REWE","REWE Markt, An der Piwipp 120, 40468 Düsseldorf (40474 최근접 전단 지점, 지점별 가격 미확인)","40474","식품","21.09.2026-27.09.2026","Garden Gourmet Vegane Filetstreifen","je 175-g-Pckg., (1 kg = 14,23 €)","2.49","","","14,23 €","https://www.rewe.de/angebote/duesseldorf/8322016/rewe-markt-an-der-piwipp-120/"
"2026-09-20 21:02 Europe/Berlin","REWE","REWE Markt, An der Piwipp 120, 40468 Düsseldorf (40474 최근접 전단 지점, 지점별 가격 미확인)","40474","식품","21.09.2026-27.09.2026","Garden Gourmet Vegetarische Gemüsebällchen","je 200-g-Pckg., (1 kg = 12,45 €)","2.49","","","12,45 €","https://www.rewe.de/angebote/duesseldorf/8322016/rewe-markt-an-der-piwipp-120/"
"2026-09-20 21:02 Europe/Berlin","REWE","REWE Markt, An der Piwipp 120, 40468 Düsseldorf (40474 최근접 전단 지점, 지점별 가격 미확인)","40474","식품","21.09.2026-27.09.2026","Gelbe Speisezwiebeln","Kl. II, je 1,5-kg-Netz, (1 kg = 0,79 €)","1.19","","","0,79 €","https://www.rewe.de/angebote/duesseldorf/8322016/rewe-markt-an-der-piwipp-120/"
"2026-09-20 21:02 Europe/Berlin","REWE","REWE Markt, An der Piwipp 120, 40468 Düsseldorf (40474 최근접 전단 지점, 지점별 가격 미확인)","40474","식품","21.09.2026-27.09.2026","Géramont Scheiben mit Skyr","je 150-g-Pckg., (1 kg = 15,26 €)","2.29","","","15,26 €","https://www.rewe.de/angebote/duesseldorf/8322016/rewe-markt-an-der-piwipp-120/"
"2026-09-20 21:02 Europe/Berlin","REWE","REWE Markt, An der Piwipp 120, 40468 Düsseldorf (40474 최근접 전단 지점, 지점별 가격 미확인)","40474","식품","21.09.2026-27.09.2026","Géramont Weichkäse","je 200-g-Pckg., (1 kg = 11,45 €)","2.29","","","11,45 €","https://www.rewe.de/angebote/duesseldorf/8322016/rewe-markt-an-der-piwipp-120/"
"2026-09-20 21:02 Europe/Berlin","REWE","REWE Markt, An der Piwipp 120, 40468 Düsseldorf (40474 최근접 전단 지점, 지점별 가격 미확인)","40474","음료","21.09.2026-27.09.2026","Gerolsteiner Mineralwasser","versch. Sorten, je 6 x 1-l-Fl.-Kasten, (1 l = 0,83 €), zzgl. 2,40 € Pfand","4.99","","","0,83 €","https://www.rewe.de/angebote/duesseldorf/8322016/rewe-markt-an-der-piwipp-120/"
"2026-09-20 21:02 Europe/Berlin","REWE","REWE Markt, An der Piwipp 120, 40468 Düsseldorf (40474 최근접 전단 지점, 지점별 가격 미확인)","40474","음료","21.09.2026-27.09.2026","Gönrgy Energy Drink","versch. Sorten, koffeinhaltig, je 0,5-l-Dose, (1 l = 1,98 €), zzgl. 0,25 € Pfand","0.99","","","1,98 €","https://www.rewe.de/angebote/duesseldorf/8322016/rewe-markt-an-der-piwipp-120/"
"2026-09-20 21:02 Europe/Berlin","REWE","REWE Markt, An der Piwipp 120, 40468 Düsseldorf (40474 최근접 전단 지점, 지점별 가격 미확인)","40474","식품","21.09.2026-27.09.2026","Granatapfelkerne","je 80-g-Schale, (1 kg = 21,13 €)","1.69","","","21,13 €","https://www.rewe.de/angebote/duesseldorf/8322016/rewe-markt-an-der-piwipp-120/"
"2026-09-20 21:02 Europe/Berlin","REWE","REWE Markt, An der Piwipp 120, 40468 Düsseldorf (40474 최근접 전단 지점, 지점별 가격 미확인)","40474","주류","21.09.2026-27.09.2026","Grand Sud Vin de France","versch. Sorten, trocken, je 1-l-Fl.","2.99","","","","https://www.rewe.de/angebote/duesseldorf/8322016/rewe-markt-an-der-piwipp-120/"
"2026-09-20 21:02 Europe/Berlin","REWE","REWE Markt, An der Piwipp 120, 40468 Düsseldorf (40474 최근접 전단 지점, 지점별 가격 미확인)","40474","음료","21.09.2026-27.09.2026","Granini Die Limo","versch. Sorten, je 1-l-Fl., zzgl. 0,25 € Pfand","1.29","","","","https://www.rewe.de/angebote/duesseldorf/8322016/rewe-markt-an-der-piwipp-120/"
"2026-09-20 21:02 Europe/Berlin","REWE","REWE Markt, An der Piwipp 120, 40468 Düsseldorf (40474 최근접 전단 지점, 지점별 가격 미확인)","40474","음료","21.09.2026-27.09.2026","Granini Fresh","versch. Sorten, je 0,75-l-Fl., (1 l = 1,72 €), zzgl. 0,25 € Pfand","1.29","","","1,72 €","https://www.rewe.de/angebote/duesseldorf/8322016/rewe-markt-an-der-piwipp-120/"
"2026-09-20 21:02 Europe/Berlin","REWE","REWE Markt, An der Piwipp 120, 40468 Düsseldorf (40474 최근접 전단 지점, 지점별 가격 미확인)","40474","주류","21.09.2026-27.09.2026","Grasovka Vodka","38% Vol., je 0,7-l-Fl., (1 l = 14,27 €)","9.99","","","14,27 €","https://www.rewe.de/angebote/duesseldorf/8322016/rewe-markt-an-der-piwipp-120/"
"2026-09-20 21:02 Europe/Berlin","REWE","REWE Markt, An der Piwipp 120, 40468 Düsseldorf (40474 최근접 전단 지점, 지점별 가격 미확인)","40474","식품","21.09.2026-27.09.2026","Grillspieß Dönerstyle","je 320-g-Pckg., (1 kg = 12,47 €)","3.99","","","12,47 €","https://www.rewe.de/angebote/duesseldorf/8322016/rewe-markt-an-der-piwipp-120/"
"2026-09-20 21:02 Europe/Berlin","REWE","REWE Markt, An der Piwipp 120, 40468 Düsseldorf (40474 최근접 전단 지점, 지점별 가격 미확인)","40474","식품","21.09.2026-27.09.2026","Grüne Kiwi","Kl. I, je St.","0.39","","","","https://www.rewe.de/angebote/duesseldorf/8322016/rewe-markt-an-der-piwipp-120/"
"2026-09-20 21:02 Europe/Berlin","REWE","REWE Markt, An der Piwipp 120, 40468 Düsseldorf (40474 최근접 전단 지점, 지점별 가격 미확인)","40474","식품","21.09.2026-27.09.2026","Grüne Tafelbirnen","Sorte: siehe Etikett, Kl. I, je 1-kg-Schale","1.49","","","","https://www.rewe.de/angebote/duesseldorf/8322016/rewe-markt-an-der-piwipp-120/"
"2026-09-20 21:02 Europe/Berlin","REWE","REWE Markt, An der Piwipp 120, 40468 Düsseldorf (40474 최근접 전단 지점, 지점별 가격 미확인)","40474","식품","21.09.2026-27.09.2026","Grünländer mild & nussig","Schnittkäse, 48% Fett i.Tr., je 100 g","1.19","","","","https://www.rewe.de/angebote/duesseldorf/8322016/rewe-markt-an-der-piwipp-120/"
"2026-09-20 21:02 Europe/Berlin","REWE","REWE Markt, An der Piwipp 120, 40468 Düsseldorf (40474 최근접 전단 지점, 지점별 가격 미확인)","40474","식품","21.09.2026-27.09.2026","Gustavo Gusto Pizza Amore Napoli Mozzarella","tiefgefroren, je 320-g-Pckg., (1 kg = 9,34 €)","2.99","","","9,34 €","https://www.rewe.de/angebote/duesseldorf/8322016/rewe-markt-an-der-piwipp-120/"
"2026-09-20 21:02 Europe/Berlin","REWE","REWE Markt, An der Piwipp 120, 40468 Düsseldorf (40474 최근접 전단 지점, 지점별 가격 미확인)","40474","식품","21.09.2026-27.09.2026","Gustavo Gusto Pizza Amore Napoli Salame","tiefgefroren, je 315-g-Pckg., (1 kg = 9,49 €)","2.99","","","9,49 €","https://www.rewe.de/angebote/duesseldorf/8322016/rewe-markt-an-der-piwipp-120/"
"2026-09-20 21:02 Europe/Berlin","REWE","REWE Markt, An der Piwipp 120, 40468 Düsseldorf (40474 최근접 전단 지점, 지점별 가격 미확인)","40474","식품","21.09.2026-27.09.2026","Gutfried Geflügel-Fleischwurst","fein-würzig, je 400-g-Pckg., (1 kg = 6,98 €)","2.79","","","6,98 €","https://www.rewe.de/angebote/duesseldorf/8322016/rewe-markt-an-der-piwipp-120/"
"2026-09-20 21:02 Europe/Berlin","REWE","REWE Markt, An der Piwipp 120, 40468 Düsseldorf (40474 최근접 전단 지점, 지점별 가격 미확인)","40474","식품","21.09.2026-27.09.2026","Gutfried Hähnchen-Fleischwurst","würzig-frisch, je 350-g-Pckg., (1 kg = 7,97 €)","2.79","","","7,97 €","https://www.rewe.de/angebote/duesseldorf/8322016/rewe-markt-an-der-piwipp-120/"
"2026-09-20 21:02 Europe/Berlin","REWE","REWE Markt, An der Piwipp 120, 40468 Düsseldorf (40474 최근접 전단 지점, 지점별 가격 미확인)","40474","식품","21.09.2026-27.09.2026","Hähnchenbrust Ceprese","je 100 g","1.69","","","","https://www.rewe.de/angebote/duesseldorf/8322016/rewe-markt-an-der-piwipp-120/"
"2026-09-20 21:02 Europe/Berlin","REWE","REWE Markt, An der Piwipp 120, 40468 Düsseldorf (40474 최근접 전단 지점, 지점별 가격 미확인)","40474","식품","21.09.2026-27.09.2026","Harry Airfryer Brot","versch. Sorten, je 300-g-Btl., (1 kg = 4,97 €)","1.49","","","4,97 €","https://www.rewe.de/angebote/duesseldorf/8322016/rewe-markt-an-der-piwipp-120/"
"2026-09-20 21:02 Europe/Berlin","REWE","REWE Markt, An der Piwipp 120, 40468 Düsseldorf (40474 최근접 전단 지점, 지점별 가격 미확인)","40474","식품","21.09.2026-27.09.2026","Hein Gebratene Mini-Haxen","kalt und warm ein Genuss, je 100 g","1.29","","","","https://www.rewe.de/angebote/duesseldorf/8322016/rewe-markt-an-der-piwipp-120/"
"2026-09-20 21:02 Europe/Berlin","REWE","REWE Markt, An der Piwipp 120, 40468 Düsseldorf (40474 최근접 전단 지점, 지점별 가격 미확인)","40474","주류","21.09.2026-27.09.2026","Heineken Premium Beer oder alkoholfrei","versch. Sorten, je 6 x 0,33-l-Fl.-Sixpack, (1 l = 2,52 €), zzgl. 0,48 € Pfand","4.99","","","2,52 €","https://www.rewe.de/angebote/duesseldorf/8322016/rewe-markt-an-der-piwipp-120/"
"2026-09-20 21:02 Europe/Berlin","REWE","REWE Markt, An der Piwipp 120, 40468 Düsseldorf (40474 최근접 전단 지점, 지점별 가격 미확인)","40474","음료","21.09.2026-27.09.2026","Hella Near Water","versch. Sorten, je 0,75-l-Fl., (1 l = 0,79 €), zzgl. 0,25 € Pfand","0.59","","","0,79 €","https://www.rewe.de/angebote/duesseldorf/8322016/rewe-markt-an-der-piwipp-120/"
"2026-09-20 21:02 Europe/Berlin","REWE","REWE Markt, An der Piwipp 120, 40468 Düsseldorf (40474 최근접 전단 지점, 지점별 가격 미확인)","40474","식품","21.09.2026-27.09.2026","Hellmann’s Mayonnaise Die Cremige oder Chunky Burger Sauce","je 250-ml-Fl., (1 l = 5,96 €)","1.49","","","5,96 €","https://www.rewe.de/angebote/duesseldorf/8322016/rewe-markt-an-der-piwipp-120/"
"2026-09-20 21:02 Europe/Berlin","REWE","REWE Markt, An der Piwipp 120, 40468 Düsseldorf (40474 최근접 전단 지점, 지점별 가격 미확인)","40474","식품","21.09.2026-27.09.2026","Henglein Gnocchi","je 500-g-Pckg., (1 kg = 3,78 €)","1.89","","","3,78 €","https://www.rewe.de/angebote/duesseldorf/8322016/rewe-markt-an-der-piwipp-120/"
"2026-09-20 21:02 Europe/Berlin","REWE","REWE Markt, An der Piwipp 120, 40468 Düsseldorf (40474 최근접 전단 지점, 지점별 가격 미확인)","40474","식품","21.09.2026-27.09.2026","Herta Finesse","versch. Sorten, je 100-g-Pckg., (1 kg = 13,90 €)","1.39","","","13,90 €","https://www.rewe.de/angebote/duesseldorf/8322016/rewe-markt-an-der-piwipp-120/"
"2026-09-20 21:02 Europe/Berlin","REWE","REWE Markt, An der Piwipp 120, 40468 Düsseldorf (40474 최근접 전단 지점, 지점별 가격 미확인)","40474","식품","21.09.2026-27.09.2026","Hinterhaxe","je 100 g","0.55","","","","https://www.rewe.de/angebote/duesseldorf/8322016/rewe-markt-an-der-piwipp-120/"
"2026-09-20 21:02 Europe/Berlin","REWE","REWE Markt, An der Piwipp 120, 40468 Düsseldorf (40474 최근접 전단 지점, 지점별 가격 미확인)","40474","음료","21.09.2026-27.09.2026","Hohes C Saft","versch. Sorten, inkl. 100% Orangensäfte, je 1-l-Fl., zzgl. 0,25 € Pfand","1.79","","","","https://www.rewe.de/angebote/duesseldorf/8322016/rewe-markt-an-der-piwipp-120/"
"2026-09-20 21:02 Europe/Berlin","REWE","REWE Markt, An der Piwipp 120, 40468 Düsseldorf (40474 최근접 전단 지점, 지점별 가격 미확인)","40474","식품","21.09.2026-27.09.2026","Houdek Kabanos Klassik oder Knabber Kabanos","je 100 g","1.49","","","","https://www.rewe.de/angebote/duesseldorf/8322016/rewe-markt-an-der-piwipp-120/"
"2026-09-20 21:02 Europe/Berlin","REWE","REWE Markt, An der Piwipp 120, 40468 Düsseldorf (40474 최근접 전단 지점, 지점별 가격 미확인)","40474","식품","21.09.2026-27.09.2026","Iglo 13 Backfischstäbchen","tiefgefroren, je 364-g-Pckg., (1 kg = 8,21 €)","2.99","","","8,21 €","https://www.rewe.de/angebote/duesseldorf/8322016/rewe-markt-an-der-piwipp-120/"
"2026-09-20 21:02 Europe/Berlin","REWE","REWE Markt, An der Piwipp 120, 40468 Düsseldorf (40474 최근접 전단 지점, 지점별 가격 미확인)","40474","식품","21.09.2026-27.09.2026","Iglo 15 Fischstäbchen","tiefgefroren, je 450-g-Pckg., (1 kg = 6,64 €)","2.99","","","6,64 €","https://www.rewe.de/angebote/duesseldorf/8322016/rewe-markt-an-der-piwipp-120/"
"2026-09-20 21:02 Europe/Berlin","REWE","REWE Markt, An der Piwipp 120, 40468 Düsseldorf (40474 최근접 전단 지점, 지점별 가격 미확인)","40474","식품","21.09.2026-27.09.2026","Iglo Chicken Nuggets","versch. Sorten, tiefgefroren, je 250-g-Pckg., (1 kg = 11,96 €)","2.99","","","11,96 €","https://www.rewe.de/angebote/duesseldorf/8322016/rewe-markt-an-der-piwipp-120/"
"2026-09-20 21:02 Europe/Berlin","REWE","REWE Markt, An der Piwipp 120, 40468 Düsseldorf (40474 최근접 전단 지점, 지점별 가격 미확인)","40474","식품","21.09.2026-27.09.2026","Iglo Chicken Stripes","tiefgefroren, je 220-g-Pckg., (1 kg = 13,59 €)","2.99","","","13,59 €","https://www.rewe.de/angebote/duesseldorf/8322016/rewe-markt-an-der-piwipp-120/"
"2026-09-20 21:02 Europe/Berlin","REWE","REWE Markt, An der Piwipp 120, 40468 Düsseldorf (40474 최근접 전단 지점, 지점별 가격 미확인)","40474","식품","21.09.2026-27.09.2026","ja! Backpapier-Zuschnitte","je 30 St.-Pckg.","0.95","","","","https://www.rewe.de/angebote/duesseldorf/8322016/rewe-markt-an-der-piwipp-120/"
"2026-09-20 21:02 Europe/Berlin","REWE","REWE Markt, An der Piwipp 120, 40468 Düsseldorf (40474 최근접 전단 지점, 지점별 가격 미확인)","40474","식품","21.09.2026-27.09.2026","ja! Cheddar in Scheiben","je 175-g-Pckg., (1 kg = 12,51 €)","2.19","","","12,51 €","https://www.rewe.de/angebote/duesseldorf/8322016/rewe-markt-an-der-piwipp-120/"
"2026-09-20 21:02 Europe/Berlin","REWE","REWE Markt, An der Piwipp 120, 40468 Düsseldorf (40474 최근접 전단 지점, 지점별 가격 미확인)","40474","식품","21.09.2026-27.09.2026","ja! Frische Hähnchen-Schenkel","Hkl. A, mit Rückenstück, SB-verpackt, je 1 kg","4.81","","","","https://www.rewe.de/angebote/duesseldorf/8322016/rewe-markt-an-der-piwipp-120/"
"2026-09-20 21:02 Europe/Berlin","REWE","REWE Markt, An der Piwipp 120, 40468 Düsseldorf (40474 최근접 전단 지점, 지점별 가격 미확인)","40474","식품","21.09.2026-27.09.2026","ja! Granduett","versch. Sorten, je 190-g-Becher, (1 kg = 2,58 €)","0.49","","","2,58 €","https://www.rewe.de/angebote/duesseldorf/8322016/rewe-markt-an-der-piwipp-120/"
"2026-09-20 21:02 Europe/Berlin","REWE","REWE Markt, An der Piwipp 120, 40468 Düsseldorf (40474 최근접 전단 지점, 지점별 가격 미확인)","40474","식품","21.09.2026-27.09.2026","ja! Karamell Keks Creme","je 100-g-Tafel, (1 kg = 9,90 €)","0.99","","","9,90 €","https://www.rewe.de/angebote/duesseldorf/8322016/rewe-markt-an-der-piwipp-120/"
"2026-09-20 21:02 Europe/Berlin","REWE","REWE Markt, An der Piwipp 120, 40468 Düsseldorf (40474 최근접 전단 지점, 지점별 가격 미확인)","40474","식품","21.09.2026-27.09.2026","ja! Käseaufschnitt","Edamer, Tilsiter & Emmentaler, 45% Fett i.Tr., je 250-g-Pckg., (1 kg = 7,56 €)","1.89","","","7,56 €","https://www.rewe.de/angebote/duesseldorf/8322016/rewe-markt-an-der-piwipp-120/"
"2026-09-20 21:02 Europe/Berlin","REWE","REWE Markt, An der Piwipp 120, 40468 Düsseldorf (40474 최근접 전단 지점, 지점별 가격 미확인)","40474","식품","21.09.2026-27.09.2026","ja! Mandeln","versch. Sorten, je 200-g-Btl., (1 kg = 12,45 €)","2.49","","","12,45 €","https://www.rewe.de/angebote/duesseldorf/8322016/rewe-markt-an-der-piwipp-120/"
"2026-09-20 21:02 Europe/Berlin","REWE","REWE Markt, An der Piwipp 120, 40468 Düsseldorf (40474 최근접 전단 지점, 지점별 가격 미확인)","40474","식품","21.09.2026-27.09.2026","ja! Mini Pizza","versch. Sorten, tiefgefroren, je 360-g-Pckg., (1 kg = 6,92 €)","2.49","","","6,92 €","https://www.rewe.de/angebote/duesseldorf/8322016/rewe-markt-an-der-piwipp-120/"
"2026-09-20 21:02 Europe/Berlin","REWE","REWE Markt, An der Piwipp 120, 40468 Düsseldorf (40474 최근접 전단 지점, 지점별 가격 미확인)","40474","식품","21.09.2026-27.09.2026","ja! Rinder-Cevapcici","je 400-g-Pckg., (1 kg = 13,23 €)","5.29","","","13,23 €","https://www.rewe.de/angebote/duesseldorf/8322016/rewe-markt-an-der-piwipp-120/"
"2026-09-20 21:02 Europe/Berlin","REWE","REWE Markt, An der Piwipp 120, 40468 Düsseldorf (40474 최근접 전단 지점, 지점별 가격 미확인)","40474","식품","21.09.2026-27.09.2026","ja! Sandwichwaffeln","je 128-g-Pckg., (1 kg = 13,98 €)","1.79","","","13,98 €","https://www.rewe.de/angebote/duesseldorf/8322016/rewe-markt-an-der-piwipp-120/"
"2026-09-20 21:02 Europe/Berlin","REWE","REWE Markt, An der Piwipp 120, 40468 Düsseldorf (40474 최근접 전단 지점, 지점별 가격 미확인)","40474","식품","21.09.2026-27.09.2026","ja! Schweine-Nackenkotelett","je 700-g-Pckg., (1 kg = 6,13 €)","4.29","","","6,13 €","https://www.rewe.de/angebote/duesseldorf/8322016/rewe-markt-an-der-piwipp-120/"
"2026-09-20 21:02 Europe/Berlin","REWE","REWE Markt, An der Piwipp 120, 40468 Düsseldorf (40474 최근접 전단 지점, 지점별 가격 미확인)","40474","식품","21.09.2026-27.09.2026","ja! Senf","mittelscharf, je 250-ml-Glas, (1 l = 2,36 €)","0.59","","","2,36 €","https://www.rewe.de/angebote/duesseldorf/8322016/rewe-markt-an-der-piwipp-120/"
"2026-09-20 21:02 Europe/Berlin","REWE","REWE Markt, An der Piwipp 120, 40468 Düsseldorf (40474 최근접 전단 지점, 지점별 가격 미확인)","40474","식품","21.09.2026-27.09.2026","ja! Westfälischer Pumpernickel","aus Roggenvollkornschrot, je 500-g-Pckg., (1 kg = 2,98 €)","1.49","","","2,98 €","https://www.rewe.de/angebote/duesseldorf/8322016/rewe-markt-an-der-piwipp-120/"
"2026-09-20 21:02 Europe/Berlin","REWE","REWE Markt, An der Piwipp 120, 40468 Düsseldorf (40474 최근접 전단 지점, 지점별 가격 미확인)","40474","주류","21.09.2026-27.09.2026","Jack Daniel’s Coca-Cola oder Southern Peach","10% Vol., teilw. koffeinhaltig, je 0,33-l-Dose, (1 l = 6,03 €), zzgl. 0,25 € Pfand","1.99","","","6,03 €","https://www.rewe.de/angebote/duesseldorf/8322016/rewe-markt-an-der-piwipp-120/"
"2026-09-20 21:02 Europe/Berlin","REWE","REWE Markt, An der Piwipp 120, 40468 Düsseldorf (40474 최근접 전단 지점, 지점별 가격 미확인)","40474","식품","21.09.2026-27.09.2026","Jacobs 2in1 Classic","je 124-g-Pckg., (1 kg = 16,05 €)","1.99","","","16,05 €","https://www.rewe.de/angebote/duesseldorf/8322016/rewe-markt-an-der-piwipp-120/"
"2026-09-20 21:02 Europe/Berlin","REWE","REWE Markt, An der Piwipp 120, 40468 Düsseldorf (40474 최근접 전단 지점, 지점별 가격 미확인)","40474","식품","21.09.2026-27.09.2026","Jacobs 3in1 Classic","je 120-g-Pckg., (1 kg = 16,58 €)","1.99","","","16,58 €","https://www.rewe.de/angebote/duesseldorf/8322016/rewe-markt-an-der-piwipp-120/"
"2026-09-20 21:02 Europe/Berlin","REWE","REWE Markt, An der Piwipp 120, 40468 Düsseldorf (40474 최근접 전단 지점, 지점별 가격 미확인)","40474","식품","21.09.2026-27.09.2026","Jacobs Krönung","versch. Sorten, gemahlener Bohnenkaffee, je 500-g-Pckg., (1 kg = 11,98 €)","5.99","","","11,98 €","https://www.rewe.de/angebote/duesseldorf/8322016/rewe-markt-an-der-piwipp-120/"
"2026-09-20 21:02 Europe/Berlin","REWE","REWE Markt, An der Piwipp 120, 40468 Düsseldorf (40474 최근접 전단 지점, 지점별 가격 미확인)","40474","주류","21.09.2026-27.09.2026","Johnnie Walker Red Label Blended Scotch Whisky","40% Vol., je 0,7-l-Fl., (1 l = 15,70 €)","10.99","","","15,70 €","https://www.rewe.de/angebote/duesseldorf/8322016/rewe-markt-an-der-piwipp-120/"
"2026-09-20 21:02 Europe/Berlin","REWE","REWE Markt, An der Piwipp 120, 40468 Düsseldorf (40474 최근접 전단 지점, 지점별 가격 미확인)","40474","주류","21.09.2026-27.09.2026","Jules Mumm Sekt","versch. Sorten, je 0,75-l-Fl., (1 l = 5,32 €)","3.99","","","5,32 €","https://www.rewe.de/angebote/duesseldorf/8322016/rewe-markt-an-der-piwipp-120/"
"2026-09-20 21:02 Europe/Berlin","REWE","REWE Markt, An der Piwipp 120, 40468 Düsseldorf (40474 최근접 전단 지점, 지점별 가격 미확인)","40474","식품","21.09.2026-27.09.2026","Kalbs-Leber","je 100 g","1.99","","","","https://www.rewe.de/angebote/duesseldorf/8322016/rewe-markt-an-der-piwipp-120/"
"2026-09-20 21:02 Europe/Berlin","REWE","REWE Markt, An der Piwipp 120, 40468 Düsseldorf (40474 최근접 전단 지점, 지점별 가격 미확인)","40474","주류","21.09.2026-27.09.2026","Karlsberg Mixery","versch. Sorten, teilw. koffeinhaltig, je 6 x 0,33-l-Fl.-Sixpack, (1 l = 2,02 €), zzgl. 0,48 € Pfand","3.99","","","2,02 €","https://www.rewe.de/angebote/duesseldorf/8322016/rewe-markt-an-der-piwipp-120/"
"2026-09-20 21:02 Europe/Berlin","REWE","REWE Markt, An der Piwipp 120, 40468 Düsseldorf (40474 최근접 전단 지점, 지점별 가격 미확인)","40474","식품","21.09.2026-27.09.2026","Käserebellen Berg Rebell","Hartkäse, 50% Fett i.Tr., je 100 g","1.99","","","","https://www.rewe.de/angebote/duesseldorf/8322016/rewe-markt-an-der-piwipp-120/"
"2026-09-20 21:02 Europe/Berlin","REWE","REWE Markt, An der Piwipp 120, 40468 Düsseldorf (40474 최근접 전단 지점, 지점별 가격 미확인)","40474","식품","21.09.2026-27.09.2026","Kasseler Nacken","vom Schwein, ohne Knochen, am Stück oder in Scheiben, je 100 g","0.99","","","","https://www.rewe.de/angebote/duesseldorf/8322016/rewe-markt-an-der-piwipp-120/"
"2026-09-20 21:02 Europe/Berlin","REWE","REWE Markt, An der Piwipp 120, 40468 Düsseldorf (40474 최근접 전단 지점, 지점별 가격 미확인)","40474","식품","21.09.2026-27.09.2026","Kernlose Tafeltrauben","Sorte: siehe Etikett, Kl. I, je 1 kg","3.99","","","","https://www.rewe.de/angebote/duesseldorf/8322016/rewe-markt-an-der-piwipp-120/"
"2026-09-20 21:02 Europe/Berlin","REWE","REWE Markt, An der Piwipp 120, 40468 Düsseldorf (40474 최근접 전단 지점, 지점별 가격 미확인)","40474","식품","21.09.2026-27.09.2026","Kerrygold Cheddar gerieben","je 150-g-Btl., (1 kg = 10,60 €)","1.59","","","10,60 €","https://www.rewe.de/angebote/duesseldorf/8322016/rewe-markt-an-der-piwipp-120/"
"2026-09-20 21:02 Europe/Berlin","REWE","REWE Markt, An der Piwipp 120, 40468 Düsseldorf (40474 최근접 전단 지점, 지점별 가격 미확인)","40474","식품","21.09.2026-27.09.2026","Kerrygold Cheddar Käse Scheiben","je 130-g-Pckg., (1 kg = 12,23 €)","1.59","","","12,23 €","https://www.rewe.de/angebote/duesseldorf/8322016/rewe-markt-an-der-piwipp-120/"
"2026-09-20 21:02 Europe/Berlin","REWE","REWE Markt, An der Piwipp 120, 40468 Düsseldorf (40474 최근접 전단 지점, 지점별 가격 미확인)","40474","식품","21.09.2026-27.09.2026","Kerrygold Original Irische Butter oder Extra","versch. Sorten, je 250-g-Pckg. / 250-g-Becher, (1 kg = 7,16 €)","1.79","","","7,16 €","https://www.rewe.de/angebote/duesseldorf/8322016/rewe-markt-an-der-piwipp-120/"
"2026-09-20 21:02 Europe/Berlin","REWE","REWE Markt, An der Piwipp 120, 40468 Düsseldorf (40474 최근접 전단 지점, 지점별 가격 미확인)","40474","식품","21.09.2026-27.09.2026","Kinder Bueno","je 10 x 21,5-g-Pckg., (1 kg = 13,91 €)","2.99","","","13,91 €","https://www.rewe.de/angebote/duesseldorf/8322016/rewe-markt-an-der-piwipp-120/"
"2026-09-20 21:02 Europe/Berlin","REWE","REWE Markt, An der Piwipp 120, 40468 Düsseldorf (40474 최근접 전단 지점, 지점별 가격 미확인)","40474","식품","21.09.2026-27.09.2026","Kinder Schoko-Bons","je 200-g-Btl., (1 kg = 14,95 €)","2.99","","","14,95 €","https://www.rewe.de/angebote/duesseldorf/8322016/rewe-markt-an-der-piwipp-120/"
"2026-09-20 21:02 Europe/Berlin","REWE","REWE Markt, An der Piwipp 120, 40468 Düsseldorf (40474 최근접 전단 지점, 지점별 가격 미확인)","40474","식품","21.09.2026-27.09.2026","King Cuisine Hummus","je 175-g-Schale, (1 kg = 10,23 €)","1.79","","","10,23 €","https://www.rewe.de/angebote/duesseldorf/8322016/rewe-markt-an-der-piwipp-120/"
"2026-09-20 21:02 Europe/Berlin","REWE","REWE Markt, An der Piwipp 120, 40468 Düsseldorf (40474 최근접 전단 지점, 지점별 가격 미확인)","40474","식품","21.09.2026-27.09.2026","Kiri Dippi","je 105-g-Pckg., (1 kg = 18,95 €)","1.99","","","18,95 €","https://www.rewe.de/angebote/duesseldorf/8322016/rewe-markt-an-der-piwipp-120/"
"2026-09-20 21:02 Europe/Berlin","REWE","REWE Markt, An der Piwipp 120, 40468 Düsseldorf (40474 최근접 전단 지점, 지점별 가격 미확인)","40474","식품","21.09.2026-27.09.2026","Kiri Portionen","je 108-g-Pckg., (1 kg = 18,43 €)","1.99","","","18,43 €","https://www.rewe.de/angebote/duesseldorf/8322016/rewe-markt-an-der-piwipp-120/"
"2026-09-20 21:02 Europe/Berlin","REWE","REWE Markt, An der Piwipp 120, 40468 Düsseldorf (40474 최근접 전단 지점, 지점별 가격 미확인)","40474","식품","21.09.2026-27.09.2026","Knorr Soße 3er-Pack","versch. Sorten, ausreichend für 3 x 250 ml, je Pckg.","0.89","","","","https://www.rewe.de/angebote/duesseldorf/8322016/rewe-markt-an-der-piwipp-120/"
"2026-09-20 21:02 Europe/Berlin","REWE","REWE Markt, An der Piwipp 120, 40468 Düsseldorf (40474 최근접 전단 지점, 지점별 가격 미확인)","40474","식품","21.09.2026-27.09.2026","Krone Räucher-Lachs","je 150-g-Pckg., (1 kg = 26,60 €)","3.99","","","26,60 €","https://www.rewe.de/angebote/duesseldorf/8322016/rewe-markt-an-der-piwipp-120/"
"2026-09-20 21:02 Europe/Berlin","REWE","REWE Markt, An der Piwipp 120, 40468 Düsseldorf (40474 최근접 전단 지점, 지점별 가격 미확인)","40474","식품","21.09.2026-27.09.2026","Krustenbraten","vom Schweineschinken, je 100 g","0.66","","","","https://www.rewe.de/angebote/duesseldorf/8322016/rewe-markt-an-der-piwipp-120/"
"2026-09-20 21:02 Europe/Berlin","REWE","REWE Markt, An der Piwipp 120, 40468 Düsseldorf (40474 최근접 전단 지점, 지점별 가격 미확인)","40474","주류","21.09.2026-27.09.2026","Lamberti Pinot Grigio DOC","trocken, je 0,75-l-Fl., (1 l = 5,32 €)","3.99","","","5,32 €","https://www.rewe.de/angebote/duesseldorf/8322016/rewe-markt-an-der-piwipp-120/"
"2026-09-20 21:02 Europe/Berlin","REWE","REWE Markt, An der Piwipp 120, 40468 Düsseldorf (40474 최근접 전단 지점, 지점별 가격 미확인)","40474","식품","21.09.2026-27.09.2026","Lambertz Amerikaner","je 220-g-Pckg., (1 kg = 9,05 €)","1.99","","","9,05 €","https://www.rewe.de/angebote/duesseldorf/8322016/rewe-markt-an-der-piwipp-120/"
"2026-09-20 21:02 Europe/Berlin","REWE","REWE Markt, An der Piwipp 120, 40468 Düsseldorf (40474 최근접 전단 지점, 지점별 가격 미확인)","40474","식품","21.09.2026-27.09.2026","Landliebe Joghurt","versch. Sorten, je 500-g-Glas, (1 kg = 2,22 €), zzgl. 0,15 € Pfand","1.11","","","2,22 €","https://www.rewe.de/angebote/duesseldorf/8322016/rewe-markt-an-der-piwipp-120/"
"2026-09-20 21:02 Europe/Berlin","REWE","REWE Markt, An der Piwipp 120, 40468 Düsseldorf (40474 최근접 전단 지점, 지점별 가격 미확인)","40474","식품","21.09.2026-27.09.2026","Landliebe Sahnepudding","Schokolade, je 150-g-Becher, (1 kg = 3,27 €)","0.49","","","3,27 €","https://www.rewe.de/angebote/duesseldorf/8322016/rewe-markt-an-der-piwipp-120/"
"2026-09-20 21:02 Europe/Berlin","REWE","REWE Markt, An der Piwipp 120, 40468 Düsseldorf (40474 최근접 전단 지점, 지점별 가격 미확인)","40474","식품","21.09.2026-27.09.2026","Landliebe Vollmilchpudding","Schoko, je 225-g-Becher, (1 kg = 2,18 €)","0.49","","","2,18 €","https://www.rewe.de/angebote/duesseldorf/8322016/rewe-markt-an-der-piwipp-120/"
"2026-09-20 21:02 Europe/Berlin","REWE","REWE Markt, An der Piwipp 120, 40468 Düsseldorf (40474 최근접 전단 지점, 지점별 가격 미확인)","40474","식품","21.09.2026-27.09.2026","Laugenzopf Elsässer Art","je St.","0.99","","","","https://www.rewe.de/angebote/duesseldorf/8322016/rewe-markt-an-der-piwipp-120/"
"2026-09-20 21:02 Europe/Berlin","REWE","REWE Markt, An der Piwipp 120, 40468 Düsseldorf (40474 최근접 전단 지점, 지점별 가격 미확인)","40474","식품","21.09.2026-27.09.2026","Lay’s Chips","gesalzen, je 150-g-Pckg., (1 kg = 6,60 €)","0.99","","","6,60 €","https://www.rewe.de/angebote/duesseldorf/8322016/rewe-markt-an-der-piwipp-120/"
"2026-09-20 21:02 Europe/Berlin","REWE","REWE Markt, An der Piwipp 120, 40468 Düsseldorf (40474 최근접 전단 지점, 지점별 가격 미확인)","40474","식품","21.09.2026-27.09.2026","Leerdammer Käsescheiben","versch. Sorten, je 140-g-Pckg., (1 kg = 12,07 €)","1.69","","","12,07 €","https://www.rewe.de/angebote/duesseldorf/8322016/rewe-markt-an-der-piwipp-120/"
"2026-09-20 21:02 Europe/Berlin","REWE","REWE Markt, An der Piwipp 120, 40468 Düsseldorf (40474 최근접 전단 지점, 지점별 가격 미확인)","40474","식품","21.09.2026-27.09.2026","Limetten","Ursprung und Sorte: siehe Etikett, Kl. I, je 4 St.-Schale","1.19","","","","https://www.rewe.de/angebote/duesseldorf/8322016/rewe-markt-an-der-piwipp-120/"
"2026-09-20 21:02 Europe/Berlin","REWE","REWE Markt, An der Piwipp 120, 40468 Düsseldorf (40474 최근접 전단 지점, 지점별 가격 미확인)","40474","식품","21.09.2026-27.09.2026","Lysell Feinmarinaden","versch. Sorten, je 125-g-Dose, (1 kg = 13,52 €)","1.69","","","13,52 €","https://www.rewe.de/angebote/duesseldorf/8322016/rewe-markt-an-der-piwipp-120/"
"2026-09-20 21:02 Europe/Berlin","REWE","REWE Markt, An der Piwipp 120, 40468 Düsseldorf (40474 최근접 전단 지점, 지점별 가격 미확인)","40474","식품","21.09.2026-27.09.2026","Maggi Fix Airfryer Paprika Pommes Frites","je 34-g-Btl., (1 kg = 12,94 €)","0.44","","","12,94 €","https://www.rewe.de/angebote/duesseldorf/8322016/rewe-markt-an-der-piwipp-120/"
"2026-09-20 21:02 Europe/Berlin","REWE","REWE Markt, An der Piwipp 120, 40468 Düsseldorf (40474 최근접 전단 지점, 지점별 가격 미확인)","40474","식품","21.09.2026-27.09.2026","Maggi Fix Nudel-Schinken Gratin","je 33-g-Btl., (1 kg = 13,33 €)","0.44","","","13,33 €","https://www.rewe.de/angebote/duesseldorf/8322016/rewe-markt-an-der-piwipp-120/"
"2026-09-20 21:02 Europe/Berlin","REWE","REWE Markt, An der Piwipp 120, 40468 Düsseldorf (40474 최근접 전단 지점, 지점별 가격 미확인)","40474","식품","21.09.2026-27.09.2026","Maggi Für Genießer Pfefferrahmsauce","ausreichend für 250 ml, je Btl.","0.79","","","","https://www.rewe.de/angebote/duesseldorf/8322016/rewe-markt-an-der-piwipp-120/"
"2026-09-20 21:02 Europe/Berlin","REWE","REWE Markt, An der Piwipp 120, 40468 Düsseldorf (40474 최근접 전단 지점, 지점별 가격 미확인)","40474","식품","21.09.2026-27.09.2026","Maggi Für Genießer Zwiebelsuppe","ausreichend für 750 ml, je Btl.","0.79","","","","https://www.rewe.de/angebote/duesseldorf/8322016/rewe-markt-an-der-piwipp-120/"
"2026-09-20 21:02 Europe/Berlin","REWE","REWE Markt, An der Piwipp 120, 40468 Düsseldorf (40474 최근접 전단 지점, 지점별 가격 미확인)","40474","식품","21.09.2026-27.09.2026","Maggi Ravioli","in Tomatensauce, je 800-g-Dose, (1 kg = 2,49 €)","1.99","","","2,49 €","https://www.rewe.de/angebote/duesseldorf/8322016/rewe-markt-an-der-piwipp-120/"
"2026-09-20 21:02 Europe/Berlin","REWE","REWE Markt, An der Piwipp 120, 40468 Düsseldorf (40474 최근접 전단 지점, 지점별 가격 미확인)","40474","식품","21.09.2026-27.09.2026","Magnum Almond","je 6 x 100-ml-Pckg., (1 l = 4,98 €)","2.99","","","4,98 €","https://www.rewe.de/angebote/duesseldorf/8322016/rewe-markt-an-der-piwipp-120/"
"2026-09-20 21:02 Europe/Berlin","REWE","REWE Markt, An der Piwipp 120, 40468 Düsseldorf (40474 최근접 전단 지점, 지점별 가격 미확인)","40474","식품","21.09.2026-27.09.2026","Magnum Crackables Pistachio","je 440-ml-Becher, (1 l = 6,80 €)","2.99","","","6,80 €","https://www.rewe.de/angebote/duesseldorf/8322016/rewe-markt-an-der-piwipp-120/"
"2026-09-20 21:02 Europe/Berlin","REWE","REWE Markt, An der Piwipp 120, 40468 Düsseldorf (40474 최근접 전단 지점, 지점별 가격 미확인)","40474","식품","21.09.2026-27.09.2026","Mälzer & Fu Ice Cream Creations","versch. Sorten, je 4 x 120-ml-Pckg., (1 l = 8,31 €)","3.99","","","8,31 €","https://www.rewe.de/angebote/duesseldorf/8322016/rewe-markt-an-der-piwipp-120/"
"2026-09-20 21:02 Europe/Berlin","REWE","REWE Markt, An der Piwipp 120, 40468 Düsseldorf (40474 최근접 전단 지점, 지점별 가격 미확인)","40474","식품","21.09.2026-27.09.2026","Matthews Hähnchen Filetstreifen","Klassik, je 125-g-Pckg., (1 kg = 18,32 €)","2.29","","","18,32 €","https://www.rewe.de/angebote/duesseldorf/8322016/rewe-markt-an-der-piwipp-120/"
"2026-09-20 21:02 Europe/Berlin","REWE","REWE Markt, An der Piwipp 120, 40468 Düsseldorf (40474 최근접 전단 지점, 지점별 가격 미확인)","40474","식품","21.09.2026-27.09.2026","Matthews Hähnchenbrust Filetstücke","Paprika, je 150-g-Pckg., (1 kg = 15,27 €)","2.29","","","15,27 €","https://www.rewe.de/angebote/duesseldorf/8322016/rewe-markt-an-der-piwipp-120/"
"2026-09-20 21:02 Europe/Berlin","REWE","REWE Markt, An der Piwipp 120, 40468 Düsseldorf (40474 최근접 전단 지점, 지점별 가격 미확인)","40474","식품","21.09.2026-27.09.2026","McCain 1-2-3 Frites Original","tiefgefroren, je 1500-g-Btl., (1 kg = 1,99 €)","2.99","","","1,99 €","https://www.rewe.de/angebote/duesseldorf/8322016/rewe-markt-an-der-piwipp-120/"
"2026-09-20 21:02 Europe/Berlin","REWE","REWE Markt, An der Piwipp 120, 40468 Düsseldorf (40474 최근접 전단 지점, 지점별 가격 미확인)","40474","식품","21.09.2026-27.09.2026","McCain Golden Longs","tiefgefroren, je 1000-g-Btl.","2.99","","","","https://www.rewe.de/angebote/duesseldorf/8322016/rewe-markt-an-der-piwipp-120/"
"2026-09-20 21:02 Europe/Berlin","REWE","REWE Markt, An der Piwipp 120, 40468 Düsseldorf (40474 최근접 전단 지점, 지점별 가격 미확인)","40474","주류","21.09.2026-27.09.2026","Meat Master Cuvée rot","samtig und weich, je 0,75-l-Fl., (1 l = 7,99 €)","5.99","","","7,99 €","https://www.rewe.de/angebote/duesseldorf/8322016/rewe-markt-an-der-piwipp-120/"
"2026-09-20 21:02 Europe/Berlin","REWE","REWE Markt, An der Piwipp 120, 40468 Düsseldorf (40474 최근접 전단 지점, 지점별 가격 미확인)","40474","주류","21.09.2026-27.09.2026","Meat Master Grauburgunder","frisch und fruchtig, je 0,75-l-Fl., (1 l = 7,99 €)","5.99","","","7,99 €","https://www.rewe.de/angebote/duesseldorf/8322016/rewe-markt-an-der-piwipp-120/"
"2026-09-20 21:02 Europe/Berlin","REWE","REWE Markt, An der Piwipp 120, 40468 Düsseldorf (40474 최근접 전단 지점, 지점별 가격 미확인)","40474","주류","21.09.2026-27.09.2026","Meat Master Spätburgunder Rosé","frisch und fruchtig, je 0,75-l-Fl., (1 l = 7,99 €)","5.99","","","7,99 €","https://www.rewe.de/angebote/duesseldorf/8322016/rewe-markt-an-der-piwipp-120/"
"2026-09-20 21:02 Europe/Berlin","REWE","REWE Markt, An der Piwipp 120, 40468 Düsseldorf (40474 최근접 전단 지점, 지점별 가격 미확인)","40474","주류","21.09.2026-27.09.2026","Mederano de Freixenet oder Mia Wein","versch. Sorten, halbtrocken, je 0,75-l-Fl., (1 l = 3,99 €)","2.99","","","3,99 €","https://www.rewe.de/angebote/duesseldorf/8322016/rewe-markt-an-der-piwipp-120/"
"2026-09-20 21:02 Europe/Berlin","REWE","REWE Markt, An der Piwipp 120, 40468 Düsseldorf (40474 최근접 전단 지점, 지점별 가격 미확인)","40474","식품","21.09.2026-27.09.2026","Metten Rindfleischsalami","je 100 g","2.49","","","","https://www.rewe.de/angebote/duesseldorf/8322016/rewe-markt-an-der-piwipp-120/"
"2026-09-20 21:02 Europe/Berlin","REWE","REWE Markt, An der Piwipp 120, 40468 Düsseldorf (40474 최근접 전단 지점, 지점별 가격 미확인)","40474","식품","21.09.2026-27.09.2026","Milka Alpenmilch Schokolade","je 250-g-Tafel, (1 kg = 11,16 €)","2.79","","","11,16 €","https://www.rewe.de/angebote/duesseldorf/8322016/rewe-markt-an-der-piwipp-120/"
"2026-09-20 21:02 Europe/Berlin","REWE","REWE Markt, An der Piwipp 120, 40468 Düsseldorf (40474 최근접 전단 지점, 지점별 가격 미확인)","40474","식품","21.09.2026-27.09.2026","Milka Gingerbread","je 300-g-Tafel, (1 kg = 9,30 €)","2.79","","","9,30 €","https://www.rewe.de/angebote/duesseldorf/8322016/rewe-markt-an-der-piwipp-120/"
"2026-09-20 21:02 Europe/Berlin","REWE","REWE Markt, An der Piwipp 120, 40468 Düsseldorf (40474 최근접 전단 지점, 지점별 가격 미확인)","40474","식품","21.09.2026-27.09.2026","Milka Pralinés Alles Gute","je 110-g-Pckg., (1 kg = 18,09 €)","1.99","","","18,09 €","https://www.rewe.de/angebote/duesseldorf/8322016/rewe-markt-an-der-piwipp-120/"
"2026-09-20 21:02 Europe/Berlin","REWE","REWE Markt, An der Piwipp 120, 40468 Düsseldorf (40474 최근접 전단 지점, 지점별 가격 미확인)","40474","식품","21.09.2026-27.09.2026","Milka Pralinés Dankeschön","je 111-g-Pckg., (1 kg = 17,93 €)","1.99","","","17,93 €","https://www.rewe.de/angebote/duesseldorf/8322016/rewe-markt-an-der-piwipp-120/"
"2026-09-20 21:02 Europe/Berlin","REWE","REWE Markt, An der Piwipp 120, 40468 Düsseldorf (40474 최근접 전단 지점, 지점별 가격 미확인)","40474","식품","21.09.2026-27.09.2026","Milram Dessertsoße Vanille","sahnig lecker, je 500-ml-Pckg., (1 l = 3,38 €)","1.69","","","3,38 €","https://www.rewe.de/angebote/duesseldorf/8322016/rewe-markt-an-der-piwipp-120/"
"2026-09-20 21:02 Europe/Berlin","REWE","REWE Markt, An der Piwipp 120, 40468 Düsseldorf (40474 최근접 전단 지점, 지점별 가격 미확인)","40474","식품","21.09.2026-27.09.2026","Mini Babybel 5er","45% Fett i.Tr., je 100-g-Netz, (1 kg = 17,90 €)","1.79","","","17,90 €","https://www.rewe.de/angebote/duesseldorf/8322016/rewe-markt-an-der-piwipp-120/"
"2026-09-20 21:02 Europe/Berlin","REWE","REWE Markt, An der Piwipp 120, 40468 Düsseldorf (40474 최근접 전단 지점, 지점별 가격 미확인)","40474","식품","21.09.2026-27.09.2026","Möhrenstifte","je 200-g-Btl., (1 kg = 3,95 €)","0.79","","","3,95 €","https://www.rewe.de/angebote/duesseldorf/8322016/rewe-markt-an-der-piwipp-120/"
"2026-09-20 21:02 Europe/Berlin","REWE","REWE Markt, An der Piwipp 120, 40468 Düsseldorf (40474 최근접 전단 지점, 지점별 가격 미확인)","40474","식품","21.09.2026-27.09.2026","Morawitzky Pfefferbeißer oder Mettenden","je 100 g","1.49","","","","https://www.rewe.de/angebote/duesseldorf/8322016/rewe-markt-an-der-piwipp-120/"
"2026-09-20 21:02 Europe/Berlin","REWE","REWE Markt, An der Piwipp 120, 40468 Düsseldorf (40474 최근접 전단 지점, 지점별 가격 미확인)","40474","식품","21.09.2026-27.09.2026","Müller Froop","versch. Sorten, je 150-g-Becher, (1 kg = 2,93 €)","0.44","","","2,93 €","https://www.rewe.de/angebote/duesseldorf/8322016/rewe-markt-an-der-piwipp-120/"
"2026-09-20 21:02 Europe/Berlin","REWE","REWE Markt, An der Piwipp 120, 40468 Düsseldorf (40474 최근접 전단 지점, 지점별 가격 미확인)","40474","식품","21.09.2026-27.09.2026","Müller Müllermilch","versch. Sorten, je 400-ml-Fl., (1 l = 1,98 €), zzgl. 0,25 € Pfand","0.79","","","1,98 €","https://www.rewe.de/angebote/duesseldorf/8322016/rewe-markt-an-der-piwipp-120/"
"2026-09-20 21:02 Europe/Berlin","REWE","REWE Markt, An der Piwipp 120, 40468 Düsseldorf (40474 최근접 전단 지점, 지점별 가격 미확인)","40474","식품","21.09.2026-27.09.2026","Mutti geschälte italienische Tomaten","je 400-g-Dose, (1 kg = 4,27 €), 260 g Abtropfgewicht","1.11","","","4,27 €","https://www.rewe.de/angebote/duesseldorf/8322016/rewe-markt-an-der-piwipp-120/"
"2026-09-20 21:02 Europe/Berlin","REWE","REWE Markt, An der Piwipp 120, 40468 Düsseldorf (40474 최근접 전단 지점, 지점별 가격 미확인)","40474","식품","21.09.2026-27.09.2026","Mutti Polpa","feinstes Tomatenfruchtfleisch, je 400-g-Dose, (1 kg = 2,78 €)","1.11","","","2,78 €","https://www.rewe.de/angebote/duesseldorf/8322016/rewe-markt-an-der-piwipp-120/"
"2026-09-20 21:02 Europe/Berlin","REWE","REWE Markt, An der Piwipp 120, 40468 Düsseldorf (40474 최근접 전단 지점, 지점별 가격 미확인)","40474","식품","21.09.2026-27.09.2026","Nergi Kiwibeeren","je 125-g-Schale, (1 kg = 15,92 €)","1.99","","","15,92 €","https://www.rewe.de/angebote/duesseldorf/8322016/rewe-markt-an-der-piwipp-120/"
"2026-09-20 21:02 Europe/Berlin","REWE","REWE Markt, An der Piwipp 120, 40468 Düsseldorf (40474 최근접 전단 지점, 지점별 가격 미확인)","40474","식품","21.09.2026-27.09.2026","Nescafé Classic","löslicher Bohnenkaffee, je 200-g-Glas, (1 kg = 29,95 €)","5.99","","","29,95 €","https://www.rewe.de/angebote/duesseldorf/8322016/rewe-markt-an-der-piwipp-120/"
"2026-09-20 21:02 Europe/Berlin","REWE","REWE Markt, An der Piwipp 120, 40468 Düsseldorf (40474 최근접 전단 지점, 지점별 가격 미확인)","40474","식품","21.09.2026-27.09.2026","Nestlé Cini Minis","je 375-g-Pckg., (1 kg = 6,64 €)","2.49","","","6,64 €","https://www.rewe.de/angebote/duesseldorf/8322016/rewe-markt-an-der-piwipp-120/"
"2026-09-20 21:02 Europe/Berlin","REWE","REWE Markt, An der Piwipp 120, 40468 Düsseldorf (40474 최근접 전단 지점, 지점별 가격 미확인)","40474","식품","21.09.2026-27.09.2026","Nestlé Nesquik","je 330-g-Pckg., (1 kg = 7,55 €)","2.49","","","7,55 €","https://www.rewe.de/angebote/duesseldorf/8322016/rewe-markt-an-der-piwipp-120/"
"2026-09-20 21:02 Europe/Berlin","REWE","REWE Markt, An der Piwipp 120, 40468 Düsseldorf (40474 최근접 전단 지점, 지점별 가격 미확인)","40474","식품","21.09.2026-27.09.2026","Nimm 2 Lachgummi","versch. Sorten, je 250-g-Btl., (1 kg = 3,96 €)","0.99","","","3,96 €","https://www.rewe.de/angebote/duesseldorf/8322016/rewe-markt-an-der-piwipp-120/"
"2026-09-20 21:02 Europe/Berlin","REWE","REWE Markt, An der Piwipp 120, 40468 Düsseldorf (40474 최근접 전단 지점, 지점별 가격 미확인)","40474","식품","21.09.2026-27.09.2026","Nuii Ice Cream Salted Caramel & Australian Macadamia oder Milka Vanilla & Chocolate Swirl","je 3 x 90-ml-Pckg., (1 l = 8,22 €)","2.22","","","8,22 €","https://www.rewe.de/angebote/duesseldorf/8322016/rewe-markt-an-der-piwipp-120/"
"2026-09-20 21:02 Europe/Berlin","REWE","REWE Markt, An der Piwipp 120, 40468 Düsseldorf (40474 최근접 전단 지점, 지점별 가격 미확인)","40474","식품","21.09.2026-27.09.2026","Nutella","je 450-g-Glas, (1 kg = 5,98 €)","2.69","","","5,98 €","https://www.rewe.de/angebote/duesseldorf/8322016/rewe-markt-an-der-piwipp-120/"
"2026-09-20 21:02 Europe/Berlin","REWE","REWE Markt, An der Piwipp 120, 40468 Düsseldorf (40474 최근접 전단 지점, 지점별 가격 미확인)","40474","식품","21.09.2026-27.09.2026","Nutella Plant Based","je 350-g-Glas, (1 kg = 7,69 €)","2.69","","","7,69 €","https://www.rewe.de/angebote/duesseldorf/8322016/rewe-markt-an-der-piwipp-120/"
"2026-09-20 21:02 Europe/Berlin","REWE","REWE Markt, An der Piwipp 120, 40468 Düsseldorf (40474 최근접 전단 지점, 지점별 가격 미확인)","40474","식품","21.09.2026-27.09.2026","Odenwald Apfelmus","0% Zuckerzusatz, 100% Frucht, je 355-g-Glas, (1 kg = 4,20 €)","1.49","","","4,20 €","https://www.rewe.de/angebote/duesseldorf/8322016/rewe-markt-an-der-piwipp-120/"
"2026-09-20 21:02 Europe/Berlin","REWE","REWE Markt, An der Piwipp 120, 40468 Düsseldorf (40474 최근접 전단 지점, 지점별 가격 미확인)","40474","식품","21.09.2026-27.09.2026","Orangen","Sorte: siehe Etikett, Kl. I, je 1,5-kg-Netz, (1 kg = 1,66 €)","2.49","","","1,66 €","https://www.rewe.de/angebote/duesseldorf/8322016/rewe-markt-an-der-piwipp-120/"
"2026-09-20 21:02 Europe/Berlin","REWE","REWE Markt, An der Piwipp 120, 40468 Düsseldorf (40474 최근접 전단 지점, 지점별 가격 미확인)","40474","식품","21.09.2026-27.09.2026","Oreo Kekse","Original, je 154-g-Rolle, (1 kg = 8,38 €)","1.29","","","8,38 €","https://www.rewe.de/angebote/duesseldorf/8322016/rewe-markt-an-der-piwipp-120/"
"2026-09-20 21:02 Europe/Berlin","REWE","REWE Markt, An der Piwipp 120, 40468 Düsseldorf (40474 최근접 전단 지점, 지점별 가격 미확인)","40474","식품","21.09.2026-27.09.2026","Oreo Kekse","BTS, je 157-g-Rolle, (1 kg = 8,22 €)","1.29","","","8,22 €","https://www.rewe.de/angebote/duesseldorf/8322016/rewe-markt-an-der-piwipp-120/"
"2026-09-20 21:02 Europe/Berlin","REWE","REWE Markt, An der Piwipp 120, 40468 Düsseldorf (40474 최근접 전단 지점, 지점별 가격 미확인)","40474","식품","21.09.2026-27.09.2026","Ostmann Let’s do","versch. Sorten, je 70-g-Dose, (1 kg = 42,71 €)","2.99","","","42,71 €","https://www.rewe.de/angebote/duesseldorf/8322016/rewe-markt-an-der-piwipp-120/"
"2026-09-20 21:02 Europe/Berlin","REWE","REWE Markt, An der Piwipp 120, 40468 Düsseldorf (40474 최근접 전단 지점, 지점별 가격 미확인)","40474","식품","21.09.2026-27.09.2026","Pema Haferbrot Vital+","je 250-g-Pckg., (1 kg = 6,36 €)","1.59","","","6,36 €","https://www.rewe.de/angebote/duesseldorf/8322016/rewe-markt-an-der-piwipp-120/"
"2026-09-20 21:02 Europe/Berlin","REWE","REWE Markt, An der Piwipp 120, 40468 Düsseldorf (40474 최근접 전단 지점, 지점별 가격 미확인)","40474","주류","21.09.2026-27.09.2026","Peter & Peter Riesling oder Grauburgunder Qualitätswein","feinherb, trocken, je 0,75-l-Fl., (1 l = 5,32 €)","3.99","","","5,32 €","https://www.rewe.de/angebote/duesseldorf/8322016/rewe-markt-an-der-piwipp-120/"
"2026-09-20 21:02 Europe/Berlin","REWE","REWE Markt, An der Piwipp 120, 40468 Düsseldorf (40474 최근접 전단 지점, 지점별 가격 미확인)","40474","식품","21.09.2026-27.09.2026","Pfanni Kartoffel Püree","das Lockere, je 240-g-Pckg., (1 kg = 6,21 €)","1.49","","","6,21 €","https://www.rewe.de/angebote/duesseldorf/8322016/rewe-markt-an-der-piwipp-120/"
"2026-09-20 21:02 Europe/Berlin","REWE","REWE Markt, An der Piwipp 120, 40468 Düsseldorf (40474 최근접 전단 지점, 지점별 가격 미확인)","40474","식품","21.09.2026-27.09.2026","Pfanni Kartoffel Püree","das Komplette, je 283,5-g-Pckg., (1 kg = 5,26 €)","1.49","","","5,26 €","https://www.rewe.de/angebote/duesseldorf/8322016/rewe-markt-an-der-piwipp-120/"
"2026-09-20 21:02 Europe/Berlin","REWE","REWE Markt, An der Piwipp 120, 40468 Düsseldorf (40474 최근접 전단 지점, 지점별 가격 미확인)","40474","식품","21.09.2026-27.09.2026","Pfanni Knödel","versch. Sorten, je 200-g-Pckg., (1 kg = 7,45 €)","1.49","","","7,45 €","https://www.rewe.de/angebote/duesseldorf/8322016/rewe-markt-an-der-piwipp-120/"
"2026-09-20 21:02 Europe/Berlin","REWE","REWE Markt, An der Piwipp 120, 40468 Düsseldorf (40474 최근접 전단 지점, 지점별 가격 미확인)","40474","식품","21.09.2026-27.09.2026","Philadelphia","Natur, je 195-g-Pckg., (1 kg = 5,69 €)","1.11","","","5,69 €","https://www.rewe.de/angebote/duesseldorf/8322016/rewe-markt-an-der-piwipp-120/"
"2026-09-20 21:02 Europe/Berlin","REWE","REWE Markt, An der Piwipp 120, 40468 Düsseldorf (40474 최근접 전단 지점, 지점별 가격 미확인)","40474","식품","21.09.2026-27.09.2026","Pizzadonut Flammkuchen","je St.","0.99","","","","https://www.rewe.de/angebote/duesseldorf/8322016/rewe-markt-an-der-piwipp-120/"
"2026-09-20 21:02 Europe/Berlin","REWE","REWE Markt, An der Piwipp 120, 40468 Düsseldorf (40474 최근접 전단 지점, 지점별 가격 미확인)","40474","식품","21.09.2026-27.09.2026","Popp Brotaufstrich","versch. Sorten, je 150-g-Becher, (1 kg = 8,60 €)","1.29","","","8,60 €","https://www.rewe.de/angebote/duesseldorf/8322016/rewe-markt-an-der-piwipp-120/"
"2026-09-20 21:02 Europe/Berlin","REWE","REWE Markt, An der Piwipp 120, 40468 Düsseldorf (40474 최근접 전단 지점, 지점별 가격 미확인)","40474","음료","21.09.2026-27.09.2026","Powerade Mountain Blast","je 1-l-Fl., zzgl. 0,25 € Pfand","1.59","","","","https://www.rewe.de/angebote/duesseldorf/8322016/rewe-markt-an-der-piwipp-120/"
"2026-09-20 21:02 Europe/Berlin","REWE","REWE Markt, An der Piwipp 120, 40468 Düsseldorf (40474 최근접 전단 지점, 지점별 가격 미확인)","40474","식품","21.09.2026-27.09.2026","Premium Geflügelrolle","gefüllt mit einer saftigen Hähnchenwurst, je St.","1.00","","","","https://www.rewe.de/angebote/duesseldorf/8322016/rewe-markt-an-der-piwipp-120/"
"2026-09-20 21:02 Europe/Berlin","REWE","REWE Markt, An der Piwipp 120, 40468 Düsseldorf (40474 최근접 전단 지점, 지점별 가격 미확인)","40474","식품","21.09.2026-27.09.2026","Puten Oberkeule","je 100 g","0.99","","","","https://www.rewe.de/angebote/duesseldorf/8322016/rewe-markt-an-der-piwipp-120/"
"2026-09-20 21:02 Europe/Berlin","REWE","REWE Markt, An der Piwipp 120, 40468 Düsseldorf (40474 최근접 전단 지점, 지점별 가격 미확인)","40474","식품","21.09.2026-27.09.2026","Quäse Körniger Frischkäse","je 200-g-Becher, (1 kg = 7,45 €)","1.49","","","7,45 €","https://www.rewe.de/angebote/duesseldorf/8322016/rewe-markt-an-der-piwipp-120/"
"2026-09-20 21:02 Europe/Berlin","REWE","REWE Markt, An der Piwipp 120, 40468 Düsseldorf (40474 최근접 전단 지점, 지점별 가격 미확인)","40474","주류","21.09.2026-27.09.2026","Radeberger Pilsner","je 20 x 0,5-l-Fl.-Kasten, (1 l = 1,10 €), zzgl. 3,10 € Pfand","10.99","","","1,10 €","https://www.rewe.de/angebote/duesseldorf/8322016/rewe-markt-an-der-piwipp-120/"
"2026-09-20 21:02 Europe/Berlin","REWE","REWE Markt, An der Piwipp 120, 40468 Düsseldorf (40474 최근접 전단 지점, 지점별 가격 미확인)","40474","식품","21.09.2026-27.09.2026","Rama mit Butter","je 250-g-Pckg., (1 kg = 5,16 €)","1.29","","","5,16 €","https://www.rewe.de/angebote/duesseldorf/8322016/rewe-markt-an-der-piwipp-120/"
"2026-09-20 21:02 Europe/Berlin","REWE","REWE Markt, An der Piwipp 120, 40468 Düsseldorf (40474 최근접 전단 지점, 지점별 가격 미확인)","40474","식품","21.09.2026-27.09.2026","Rama zum Streichen, Backen & Kochen","je 400-g-Becher, (1 kg = 3,23 €)","1.29","","","3,23 €","https://www.rewe.de/angebote/duesseldorf/8322016/rewe-markt-an-der-piwipp-120/"
"2026-09-20 21:02 Europe/Berlin","REWE","REWE Markt, An der Piwipp 120, 40468 Düsseldorf (40474 최근접 전단 지점, 지점별 가격 미확인)","40474","식품","21.09.2026-27.09.2026","Rapso Rapsöl","100% rein, aus kontrolliertem Anbau, je 750-ml-Fl., (1 l = 4,65 €)","3.49","","","4,65 €","https://www.rewe.de/angebote/duesseldorf/8322016/rewe-markt-an-der-piwipp-120/"
"2026-09-20 21:02 Europe/Berlin","REWE","REWE Markt, An der Piwipp 120, 40468 Düsseldorf (40474 최근접 전단 지점, 지점별 가격 미확인)","40474","음료","21.09.2026-27.09.2026","Red Bull Energy Drink","versch. Sorten, koffeinhaltig, je 0,25-l-Dose, (1 l = 3,52 €), zzgl. 0,25 € Pfand","0.88","","","3,52 €","https://www.rewe.de/angebote/duesseldorf/8322016/rewe-markt-an-der-piwipp-120/"
"2026-09-20 21:02 Europe/Berlin","REWE","REWE Markt, An der Piwipp 120, 40468 Düsseldorf (40474 최근접 전단 지점, 지점별 가격 미확인)","40474","식품","21.09.2026-27.09.2026","Reinert Klosterschinken","je 100 g","1.49","","","","https://www.rewe.de/angebote/duesseldorf/8322016/rewe-markt-an-der-piwipp-120/"
"2026-09-20 21:02 Europe/Berlin","REWE","REWE Markt, An der Piwipp 120, 40468 Düsseldorf (40474 최근접 전단 지점, 지점별 가격 미확인)","40474","식품","21.09.2026-27.09.2026","Rinder-Filet","vom Jungbullen, am Stück oder in Scheiben, je 100 g","5.29","","","","https://www.rewe.de/angebote/duesseldorf/8322016/rewe-markt-an-der-piwipp-120/"
"2026-09-20 21:02 Europe/Berlin","REWE","REWE Markt, An der Piwipp 120, 40468 Düsseldorf (40474 최근접 전단 지점, 지점별 가격 미확인)","40474","식품","21.09.2026-27.09.2026","Ritter Sport Schokolade","versch. Sorten, je 100-g-Tafel, (1 kg = 11,10 €)","1.11","","","11,10 €","https://www.rewe.de/angebote/duesseldorf/8322016/rewe-markt-an-der-piwipp-120/"
"2026-09-20 21:02 Europe/Berlin","REWE","REWE Markt, An der Piwipp 120, 40468 Düsseldorf (40474 최근접 전단 지점, 지점별 가격 미확인)","40474","식품","21.09.2026-27.09.2026","Roastbeef","am Stück oder in Scheiben, je 100 g","3.19","","","","https://www.rewe.de/angebote/duesseldorf/8322016/rewe-markt-an-der-piwipp-120/"
"2026-09-20 21:02 Europe/Berlin","REWE","REWE Markt, An der Piwipp 120, 40468 Düsseldorf (40474 최근접 전단 지점, 지점별 가격 미확인)","40474","식품","21.09.2026-27.09.2026","Rochebaron oder Peyrigoux","frz. Weichkäse, versch. Sorten, je 100 g","2.69","","","","https://www.rewe.de/angebote/duesseldorf/8322016/rewe-markt-an-der-piwipp-120/"
"2026-09-20 21:02 Europe/Berlin","REWE","REWE Markt, An der Piwipp 120, 40468 Düsseldorf (40474 최근접 전단 지점, 지점별 가격 미확인)","40474","식품","21.09.2026-27.09.2026","Rote Tafeläpfel","»Nicoter«, Kl. I, je 760-g-Schale, (1 kg = 2,62 €)","1.99","","","2,62 €","https://www.rewe.de/angebote/duesseldorf/8322016/rewe-markt-an-der-piwipp-120/"
"2026-09-20 21:02 Europe/Berlin","REWE","REWE Markt, An der Piwipp 120, 40468 Düsseldorf (40474 최근접 전단 지점, 지점별 가격 미확인)","40474","식품","21.09.2026-27.09.2026","Rügenwalder Mühle Pommersche Gutsleberwurst","versch. Sorten, je 100 g","1.79","","","","https://www.rewe.de/angebote/duesseldorf/8322016/rewe-markt-an-der-piwipp-120/"
"2026-09-20 21:02 Europe/Berlin","REWE","REWE Markt, An der Piwipp 120, 40468 Düsseldorf (40474 최근접 전단 지점, 지점별 가격 미확인)","40474","식품","21.09.2026-27.09.2026","Saupiquet Thunfisch-Filets","in Olivenöl, je 2 x 80-g-Dosen-Pckg., (1 kg = 23,94 €), 104 g Abtropfgewicht","2.49","","","23,94 €","https://www.rewe.de/angebote/duesseldorf/8322016/rewe-markt-an-der-piwipp-120/"
"2026-09-20 21:02 Europe/Berlin","REWE","REWE Markt, An der Piwipp 120, 40468 Düsseldorf (40474 최근접 전단 지점, 지점별 가격 미확인)","40474","식품","21.09.2026-27.09.2026","Saupiquet Thunfisch-Filets","Naturale, je 2 x 80-g-Dosen-Pckg., (1 kg = 22,23 €), 112 g Abtropfgewicht","2.49","","","22,23 €","https://www.rewe.de/angebote/duesseldorf/8322016/rewe-markt-an-der-piwipp-120/"
"2026-09-20 21:02 Europe/Berlin","REWE","REWE Markt, An der Piwipp 120, 40468 Düsseldorf (40474 최근접 전단 지점, 지점별 가격 미확인)","40474","주류","21.09.2026-27.09.2026","Scavi & Ray Prosecco Frizzante","je 0,75-l-Fl., (1 l = 7,99 €)","5.99","","","7,99 €","https://www.rewe.de/angebote/duesseldorf/8322016/rewe-markt-an-der-piwipp-120/"
"2026-09-20 21:02 Europe/Berlin","REWE","REWE Markt, An der Piwipp 120, 40468 Düsseldorf (40474 최근접 전단 지점, 지점별 가격 미확인)","40474","주류","21.09.2026-27.09.2026","Schmackes Hell oder alkoholfrei 0,0%","versch. Sorten, je 6 x 0,33-l-Fl.-Sixpack, (1 l = 1,76 €), zzgl. 0,48 € Pfand","3.49","","","1,76 €","https://www.rewe.de/angebote/duesseldorf/8322016/rewe-markt-an-der-piwipp-120/"
"2026-09-20 21:02 Europe/Berlin","REWE","REWE Markt, An der Piwipp 120, 40468 Düsseldorf (40474 최근접 전단 지점, 지점별 가격 미확인)","40474","식품","21.09.2026-27.09.2026","Schweine-Stielkotelett","je 100 g","0.89","","","","https://www.rewe.de/angebote/duesseldorf/8322016/rewe-markt-an-der-piwipp-120/"
"2026-09-20 21:02 Europe/Berlin","REWE","REWE Markt, An der Piwipp 120, 40468 Düsseldorf (40474 최근접 전단 지점, 지점별 가격 미확인)","40474","음료","21.09.2026-27.09.2026","Sinalco Limonade","versch. Sorten, teilw. koffeinhaltig, je 1,25-l-Fl., (1 l = 0,63 €), zzgl. 0,25 € Pfand","0.79","","","0,63 €","https://www.rewe.de/angebote/duesseldorf/8322016/rewe-markt-an-der-piwipp-120/"
"2026-09-20 21:02 Europe/Berlin","REWE","REWE Markt, An der Piwipp 120, 40468 Düsseldorf (40474 최근접 전단 지점, 지점별 가격 미확인)","40474","식품","21.09.2026-27.09.2026","Snickers Original Ice Cream","je 251,5-ml-Pckg., (1 l = 9,11 €)","2.29","","","9,11 €","https://www.rewe.de/angebote/duesseldorf/8322016/rewe-markt-an-der-piwipp-120/"
"2026-09-20 21:02 Europe/Berlin","REWE","REWE Markt, An der Piwipp 120, 40468 Düsseldorf (40474 최근접 전단 지점, 지점별 가격 미확인)","40474","주류","21.09.2026-27.09.2026","Spaten Münchner Hell","je 20 x 0,5-l-Fl.-Kasten, (1 l = 1,50 €), zzgl. 3,10 € Pfand","14.99","","","1,50 €","https://www.rewe.de/angebote/duesseldorf/8322016/rewe-markt-an-der-piwipp-120/"
"2026-09-20 21:02 Europe/Berlin","REWE","REWE Markt, An der Piwipp 120, 40468 Düsseldorf (40474 최근접 전단 지점, 지점별 가격 미확인)","40474","식품","21.09.2026-27.09.2026","Speisekartoffeln","Sorte und Kocheigenschaft: siehe Etikett, Qualität I, je 2,5-kg-Btl., (1 kg = 0,76 €)","1.89","","","0,76 €","https://www.rewe.de/angebote/duesseldorf/8322016/rewe-markt-an-der-piwipp-120/"
"2026-09-20 21:02 Europe/Berlin","REWE","REWE Markt, An der Piwipp 120, 40468 Düsseldorf (40474 최근접 전단 지점, 지점별 가격 미확인)","40474","식품","21.09.2026-27.09.2026","Speisemöhren","Kl. I, je 1,5-kg-Btl., (1 kg = 0,74 €)","1.11","","","0,74 €","https://www.rewe.de/angebote/duesseldorf/8322016/rewe-markt-an-der-piwipp-120/"
"2026-09-20 21:02 Europe/Berlin","REWE","REWE Markt, An der Piwipp 120, 40468 Düsseldorf (40474 최근접 전단 지점, 지점별 가격 미확인)","40474","식품","21.09.2026-27.09.2026","Spreewaldhof Spreelinge Gewürzgurken","je 670-g-Glas, (1 kg = 4,69 €), 360 g Abtropfgewicht","1.69","","","4,69 €","https://www.rewe.de/angebote/duesseldorf/8322016/rewe-markt-an-der-piwipp-120/"
"2026-09-20 21:02 Europe/Berlin","REWE","REWE Markt, An der Piwipp 120, 40468 Düsseldorf (40474 최근접 전단 지점, 지점별 가격 미확인)","40474","식품","21.09.2026-27.09.2026","St. Michel Choco Crepes","je 180-g-Btl., (1 kg = 8,28 €)","1.49","","","8,28 €","https://www.rewe.de/angebote/duesseldorf/8322016/rewe-markt-an-der-piwipp-120/"
"2026-09-20 21:02 Europe/Berlin","REWE","REWE Markt, An der Piwipp 120, 40468 Düsseldorf (40474 최근접 전단 지점, 지점별 가격 미확인)","40474","식품","21.09.2026-27.09.2026","Starbucks House Blend Kaffeekapseln","Lungo, je 52-g-Pckg., (1 kg = 70,96 €)","3.69","","","70,96 €","https://www.rewe.de/angebote/duesseldorf/8322016/rewe-markt-an-der-piwipp-120/"
"2026-09-20 21:02 Europe/Berlin","REWE","REWE Markt, An der Piwipp 120, 40468 Düsseldorf (40474 최근접 전단 지점, 지점별 가격 미확인)","40474","식품","21.09.2026-27.09.2026","Starbucks Smooth Caramel Kaffeekapseln","je 51-g-Pckg., (1 kg = 72,35 €)","3.69","","","72,35 €","https://www.rewe.de/angebote/duesseldorf/8322016/rewe-markt-an-der-piwipp-120/"
"2026-09-20 21:02 Europe/Berlin","REWE","REWE Markt, An der Piwipp 120, 40468 Düsseldorf (40474 최근접 전단 지점, 지점별 가격 미확인)","40474","식품","21.09.2026-27.09.2026","Storck Toffifee","versch. Sorten, je 125-g-Pckg., (1 kg = 8,88 €)","1.11","","","8,88 €","https://www.rewe.de/angebote/duesseldorf/8322016/rewe-markt-an-der-piwipp-120/"
"2026-09-20 21:02 Europe/Berlin","REWE","REWE Markt, An der Piwipp 120, 40468 Düsseldorf (40474 최근접 전단 지점, 지점별 가격 미확인)","40474","식품","21.09.2026-27.09.2026","Strohwohl Frischwurst-Aufschnitt","versch. Sorten, je 100 g","1.39","","","","https://www.rewe.de/angebote/duesseldorf/8322016/rewe-markt-an-der-piwipp-120/"
"2026-09-20 21:02 Europe/Berlin","REWE","REWE Markt, An der Piwipp 120, 40468 Düsseldorf (40474 최근접 전단 지점, 지점별 가격 미확인)","40474","주류","21.09.2026-27.09.2026","Süss & Fruchtig oder Trollinger Qualitätswein","versch. Sorten, je 0,75-l-Fl., (1 l = 3,99 €)","2.99","","","3,99 €","https://www.rewe.de/angebote/duesseldorf/8322016/rewe-markt-an-der-piwipp-120/"
"2026-09-20 21:02 Europe/Berlin","REWE","REWE Markt, An der Piwipp 120, 40468 Düsseldorf (40474 최근접 전단 지점, 지점별 가격 미확인)","40474","주류","21.09.2026-27.09.2026","Tamnavulin Speyside Sherry","40% Vol., je 0,7-l-Fl., (1 l = 28,56 €)","19.99","","","28,56 €","https://www.rewe.de/angebote/duesseldorf/8322016/rewe-markt-an-der-piwipp-120/"
"2026-09-20 21:02 Europe/Berlin","REWE","REWE Markt, An der Piwipp 120, 40468 Düsseldorf (40474 최근접 전단 지점, 지점별 가격 미확인)","40474","식품","21.09.2026-27.09.2026","Thomy Delikatess Mayonnaise","je 250-ml-Glas, (1 l = 7,16 €)","1.79","","","7,16 €","https://www.rewe.de/angebote/duesseldorf/8322016/rewe-markt-an-der-piwipp-120/"
"2026-09-20 21:02 Europe/Berlin","REWE","REWE Markt, An der Piwipp 120, 40468 Düsseldorf (40474 최근접 전단 지점, 지점별 가격 미확인)","40474","식품","21.09.2026-27.09.2026","Thomy Delikatess Mayonnaise","je 200-ml-Tube, (1 l = 8,95 €)","1.79","","","8,95 €","https://www.rewe.de/angebote/duesseldorf/8322016/rewe-markt-an-der-piwipp-120/"
"2026-09-20 21:02 Europe/Berlin","REWE","REWE Markt, An der Piwipp 120, 40468 Düsseldorf (40474 최근접 전단 지점, 지점별 가격 미확인)","40474","식품","21.09.2026-27.09.2026","Timmendorfer Rügenwalder Teewurst","versch. Sorten, je 100 g","1.79","","","","https://www.rewe.de/angebote/duesseldorf/8322016/rewe-markt-an-der-piwipp-120/"
"2026-09-20 21:02 Europe/Berlin","REWE","REWE Markt, An der Piwipp 120, 40468 Düsseldorf (40474 최근접 전단 지점, 지점별 가격 미확인)","40474","식품","21.09.2026-27.09.2026","Tony’s Schokolade","versch. Sorten, je 180-g-Pckg., (1 kg = 16,61 €)","2.99","","","16,61 €","https://www.rewe.de/angebote/duesseldorf/8322016/rewe-markt-an-der-piwipp-120/"
"2026-09-20 21:02 Europe/Berlin","REWE","REWE Markt, An der Piwipp 120, 40468 Düsseldorf (40474 최근접 전단 지점, 지점별 가격 미확인)","40474","식품","21.09.2026-27.09.2026","Trumpf Edle Tropfen Obstbrände","je 200-g-Pckg., (1 kg = 14,95 €)","2.99","","","14,95 €","https://www.rewe.de/angebote/duesseldorf/8322016/rewe-markt-an-der-piwipp-120/"
"2026-09-20 21:02 Europe/Berlin","REWE","REWE Markt, An der Piwipp 120, 40468 Düsseldorf (40474 최근접 전단 지점, 지점별 가격 미확인)","40474","식품","21.09.2026-27.09.2026","Ültje Erdnüsse","geröstet & gesalzen, je 180-g-Dose, (1 kg = 9,39 €)","1.69","","","9,39 €","https://www.rewe.de/angebote/duesseldorf/8322016/rewe-markt-an-der-piwipp-120/"
"2026-09-20 21:02 Europe/Berlin","REWE","REWE Markt, An der Piwipp 120, 40468 Düsseldorf (40474 최근접 전단 지점, 지점별 가격 미확인)","40474","식품","21.09.2026-27.09.2026","Ültje Fusion Peanuts","Paprika Flamed Style, je 150-g-Btl., (1 kg = 11,27 €)","1.69","","","11,27 €","https://www.rewe.de/angebote/duesseldorf/8322016/rewe-markt-an-der-piwipp-120/"
"2026-09-20 21:02 Europe/Berlin","REWE","REWE Markt, An der Piwipp 120, 40468 Düsseldorf (40474 최근접 전단 지점, 지점별 가격 미확인)","40474","식품","21.09.2026-27.09.2026","Vita Coco Kokosnusswasser","versch. Sorten, je 330-ml-Pckg., (1 l = 4,82 €)","1.59","","","4,82 €","https://www.rewe.de/angebote/duesseldorf/8322016/rewe-markt-an-der-piwipp-120/"
"2026-09-20 21:02 Europe/Berlin","REWE","REWE Markt, An der Piwipp 120, 40468 Düsseldorf (40474 최근접 전단 지점, 지점별 가격 미확인)","40474","음료","21.09.2026-27.09.2026","Volvic Touch oder Tee","versch. Sorten, je 1,5-l-Fl., (1 l = 0,74 €), zzgl. 0,25 € Pfand","1.11","","","0,74 €","https://www.rewe.de/angebote/duesseldorf/8322016/rewe-markt-an-der-piwipp-120/"
"2026-09-20 21:02 Europe/Berlin","REWE","REWE Markt, An der Piwipp 120, 40468 Düsseldorf (40474 최근접 전단 지점, 지점별 가격 미확인)","40474","음료","21.09.2026-27.09.2026","Vöslauer Flavour Mineralwasser","versch. Sorten, je 6 x 1-l-Fl.-Pckg., (1 l = 0,79 €), zzgl. 1,50 € Pfand","4.74","","","0,79 €","https://www.rewe.de/angebote/duesseldorf/8322016/rewe-markt-an-der-piwipp-120/"
"2026-09-20 21:02 Europe/Berlin","REWE","REWE Markt, An der Piwipp 120, 40468 Düsseldorf (40474 최근접 전단 지점, 지점별 가격 미확인)","40474","식품","21.09.2026-27.09.2026","Wasa Sesam & Vollkorn","je 200-g-Pckg., (1 kg = 8,95 €)","1.79","","","8,95 €","https://www.rewe.de/angebote/duesseldorf/8322016/rewe-markt-an-der-piwipp-120/"
"2026-09-20 21:02 Europe/Berlin","REWE","REWE Markt, An der Piwipp 120, 40468 Düsseldorf (40474 최근접 전단 지점, 지점별 가격 미확인)","40474","식품","21.09.2026-27.09.2026","Wasa Vollkorn Roggen","je 260-g-Pckg., (1 kg = 6,88 €)","1.79","","","6,88 €","https://www.rewe.de/angebote/duesseldorf/8322016/rewe-markt-an-der-piwipp-120/"
"2026-09-20 21:02 Europe/Berlin","REWE","REWE Markt, An der Piwipp 120, 40468 Düsseldorf (40474 최근접 전단 지점, 지점별 가격 미확인)","40474","식품","21.09.2026-27.09.2026","Weihenstephan Kochsahne","je 250-g-Pckg., (1 kg = 5,16 €)","1.29","","","5,16 €","https://www.rewe.de/angebote/duesseldorf/8322016/rewe-markt-an-der-piwipp-120/"
"2026-09-20 21:02 Europe/Berlin","REWE","REWE Markt, An der Piwipp 120, 40468 Düsseldorf (40474 최근접 전단 지점, 지점별 가격 미확인)","40474","식품","21.09.2026-27.09.2026","Weihenstephan Naturjoghurt mild","versch. Sorten, je 500-g-Becher, (1 kg = 1,98 €)","0.99","","","1,98 €","https://www.rewe.de/angebote/duesseldorf/8322016/rewe-markt-an-der-piwipp-120/"
"2026-09-20 21:02 Europe/Berlin","REWE","REWE Markt, An der Piwipp 120, 40468 Düsseldorf (40474 최근접 전단 지점, 지점별 가격 미확인)","40474","식품","21.09.2026-27.09.2026","Wiesenhof Bruzzzler Minis","je 350-g-Pckg., (1 kg = 9,97 €)","3.49","","","9,97 €","https://www.rewe.de/angebote/duesseldorf/8322016/rewe-markt-an-der-piwipp-120/"
"2026-09-20 21:02 Europe/Berlin","REWE","REWE Markt, An der Piwipp 120, 40468 Düsseldorf (40474 최근접 전단 지점, 지점별 가격 미확인)","40474","식품","21.09.2026-27.09.2026","Wiesenhof Bruzzzler Original","je 5 x 80-g-Pckg., (1 kg = 8,73 €)","3.49","","","8,73 €","https://www.rewe.de/angebote/duesseldorf/8322016/rewe-markt-an-der-piwipp-120/"
"2026-09-20 21:02 Europe/Berlin","REWE","REWE Markt, An der Piwipp 120, 40468 Düsseldorf (40474 최근접 전단 지점, 지점별 가격 미확인)","40474","식품","21.09.2026-27.09.2026","Wilhelm Brandenburg Bayrischer Leberkäse","je 100 g","0.99","","","","https://www.rewe.de/angebote/duesseldorf/8322016/rewe-markt-an-der-piwipp-120/"
"2026-09-20 21:02 Europe/Berlin","REWE","REWE Markt, An der Piwipp 120, 40468 Düsseldorf (40474 최근접 전단 지점, 지점별 가격 미확인)","40474","식품","21.09.2026-27.09.2026","Wilhelm Brandenburg Hackfleisch gemischt","vom Rind und Schwein, je 250-g-Pckg., (1 kg = 9,96 €)","2.49","","","9,96 €","https://www.rewe.de/angebote/duesseldorf/8322016/rewe-markt-an-der-piwipp-120/"
"2026-09-20 21:02 Europe/Berlin","REWE","REWE Markt, An der Piwipp 120, 40468 Düsseldorf (40474 최근접 전단 지점, 지점별 가격 미확인)","40474","식품","21.09.2026-27.09.2026","Zentis Frühstücks-Konfitüre","versch. Sorten, je 230-g-Glas, (1 kg = 6,48 €)","1.49","","","6,48 €","https://www.rewe.de/angebote/duesseldorf/8322016/rewe-markt-an-der-piwipp-120/"
"2026-09-20 21:02 Europe/Berlin","REWE","REWE Markt, An der Piwipp 120, 40468 Düsseldorf (40474 최근접 전단 지점, 지점별 가격 미확인)","40474","식품","21.09.2026-27.09.2026","Zwiebelbaguette","je 330-g-lose, (1 kg = 6,03 €)","1.99","","","6,03 €","https://www.rewe.de/angebote/duesseldorf/8322016/rewe-markt-an-der-piwipp-120/"
"2026-09-20 21:02 Europe/Berlin","REWE","REWE H. Amshove, Varziner Str. 7-17, 44369 Dortmund (지점 확인)","44369","식품","21.09.2026-27.09.2026","Abraham Kernschinken","geräuchert oder luftgetrocknet, je 100 g","1.79","","","","https://www.rewe.de/angebote/dortmund/1762800/rewe-markt-varziner-str-7-17/"
"2026-09-20 21:02 Europe/Berlin","REWE","REWE H. Amshove, Varziner Str. 7-17, 44369 Dortmund (지점 확인)","44369","음료","21.09.2026-27.09.2026","Adelholzener Mineralwasser","versch. Sorten, je 12 x 0,75-l-Fl.-Kasten, (1 l = 0,72 €), zzgl. 3,30 € Pfand","6.49","","","0,72 €","https://www.rewe.de/angebote/dortmund/1762800/rewe-markt-varziner-str-7-17/"
"2026-09-20 21:02 Europe/Berlin","REWE","REWE H. Amshove, Varziner Str. 7-17, 44369 Dortmund (지점 확인)","44369","음료","21.09.2026-27.09.2026","Afri Cola Extra Koffein","koffeinhaltig, je 6 x 1-l-Fl.-Pckg., (1 l = 0,89 €), zzgl. 1,50 € Pfand","5.34","","","0,89 €","https://www.rewe.de/angebote/dortmund/1762800/rewe-markt-varziner-str-7-17/"
"2026-09-20 21:02 Europe/Berlin","REWE","REWE H. Amshove, Varziner Str. 7-17, 44369 Dortmund (지점 확인)","44369","식품","21.09.2026-27.09.2026","Alt Westfälischer Metzgerschinken","gekocht, je 100 g","1.99","","","","https://www.rewe.de/angebote/dortmund/1762800/rewe-markt-varziner-str-7-17/"
"2026-09-20 21:02 Europe/Berlin","REWE","REWE H. Amshove, Varziner Str. 7-17, 44369 Dortmund (지점 확인)","44369","식품","21.09.2026-27.09.2026","Altenburger Ziegenrolle","je 150-g-Pckg., (1 kg = 16,60 €)","2.49","","","16,60 €","https://www.rewe.de/angebote/dortmund/1762800/rewe-markt-varziner-str-7-17/"
"2026-09-20 21:02 Europe/Berlin","REWE","REWE H. Amshove, Varziner Str. 7-17, 44369 Dortmund (지점 확인)","44369","식품","21.09.2026-27.09.2026","Andros So Good - so Veggie","aus Kokosmilch, je 350-g-Becher, (1 kg = 4,26 €)","1.49","","","4,26 €","https://www.rewe.de/angebote/dortmund/1762800/rewe-markt-varziner-str-7-17/"
"2026-09-20 21:02 Europe/Berlin","REWE","REWE H. Amshove, Varziner Str. 7-17, 44369 Dortmund (지점 확인)","44369","식품","21.09.2026-27.09.2026","Aoste Longhetti","Classique, je 65-g-Pckg., (1 kg = 27,54 €)","1.79","","","27,54 €","https://www.rewe.de/angebote/dortmund/1762800/rewe-markt-varziner-str-7-17/"
"2026-09-20 21:02 Europe/Berlin","REWE","REWE H. Amshove, Varziner Str. 7-17, 44369 Dortmund (지점 확인)","44369","식품","21.09.2026-27.09.2026","Aoste Stickado","Classique, je 70-g-Pckg., (1 kg = 25,57 €)","1.79","","","25,57 €","https://www.rewe.de/angebote/dortmund/1762800/rewe-markt-varziner-str-7-17/"
"2026-09-20 21:02 Europe/Berlin","REWE","REWE H. Amshove, Varziner Str. 7-17, 44369 Dortmund (지점 확인)","44369","식품","21.09.2026-27.09.2026","Appel Zarte Filets vom Hering","versch. Sorten, je 200-g-Dose, (1 kg = 5,55 €)","1.11","","","5,55 €","https://www.rewe.de/angebote/dortmund/1762800/rewe-markt-varziner-str-7-17/"
"2026-09-20 21:02 Europe/Berlin","REWE","REWE H. Amshove, Varziner Str. 7-17, 44369 Dortmund (지점 확인)","44369","식품","21.09.2026-27.09.2026","Appenzeller kräftig-würzig","Schweizer Hartkäse, 48% Fett i.Tr., je 100 g","2.29","","","","https://www.rewe.de/angebote/dortmund/1762800/rewe-markt-varziner-str-7-17/"
"2026-09-20 21:02 Europe/Berlin","REWE","REWE H. Amshove, Varziner Str. 7-17, 44369 Dortmund (지점 확인)","44369","주류","21.09.2026-27.09.2026","Astra","versch. Sorten, je 6 x 0,33-l-Fl.-Sixpack, (1 l = 2,27 €), zzgl. 0,48 € Pfand","4.49","","","2,27 €","https://www.rewe.de/angebote/dortmund/1762800/rewe-markt-varziner-str-7-17/"
"2026-09-20 21:02 Europe/Berlin","REWE","REWE H. Amshove, Varziner Str. 7-17, 44369 Dortmund (지점 확인)","44369","식품","21.09.2026-27.09.2026","Ayuko Ramen Nudeln","vorgekocht, je 180-g-Btl., (1 kg = 4,39 €)","0.79","","","4,39 €","https://www.rewe.de/angebote/dortmund/1762800/rewe-markt-varziner-str-7-17/"
"2026-09-20 21:02 Europe/Berlin","REWE","REWE H. Amshove, Varziner Str. 7-17, 44369 Dortmund (지점 확인)","44369","식품","21.09.2026-27.09.2026","Ayuko Udon Nudeln","vorgekocht, je 200-g-Btl., (1 kg = 3,95 €)","0.79","","","3,95 €","https://www.rewe.de/angebote/dortmund/1762800/rewe-markt-varziner-str-7-17/"
"2026-09-20 21:02 Europe/Berlin","REWE","REWE H. Amshove, Varziner Str. 7-17, 44369 Dortmund (지점 확인)","44369","주류","21.09.2026-27.09.2026","Bacardi Carta Blanca Superior","37,5% Vol. oder Razz 27% Vol., je 0,7-l-Fl., (1 l = 14,99 €)","10.49","","","14,99 €","https://www.rewe.de/angebote/dortmund/1762800/rewe-markt-varziner-str-7-17/"
"2026-09-20 21:02 Europe/Berlin","REWE","REWE H. Amshove, Varziner Str. 7-17, 44369 Dortmund (지점 확인)","44369","식품","21.09.2026-27.09.2026","Badisches Vespermett","Hausmacher Brühwurstspezialität, nach Art eines gekochten Schinkenmetts, ummantelt von würzigem Gelee, je 100 g","1.59","","","","https://www.rewe.de/angebote/dortmund/1762800/rewe-markt-varziner-str-7-17/"
"2026-09-20 21:02 Europe/Berlin","REWE","REWE H. Amshove, Varziner Str. 7-17, 44369 Dortmund (지점 확인)","44369","식품","21.09.2026-27.09.2026","Bahlsen Pick Up!","versch. Sorten, je 5 x 28-g-Pckg., (1 kg = 14,21 €)","1.99","","","14,21 €","https://www.rewe.de/angebote/dortmund/1762800/rewe-markt-varziner-str-7-17/"
"2026-09-20 21:02 Europe/Berlin","REWE","REWE H. Amshove, Varziner Str. 7-17, 44369 Dortmund (지점 확인)","44369","식품","21.09.2026-27.09.2026","Barilla Classic Pasta","versch. Ausformungen, je 500-g-Pckg., (1 kg = 1,76 €)","0.88","","","1,76 €","https://www.rewe.de/angebote/dortmund/1762800/rewe-markt-varziner-str-7-17/"
"2026-09-20 21:02 Europe/Berlin","REWE","REWE H. Amshove, Varziner Str. 7-17, 44369 Dortmund (지점 확인)","44369","식품","21.09.2026-27.09.2026","Barilla Pasta Sauce","Basilico, je 400-g-Glas, (1 kg = 4,48 €)","1.79","","","4,48 €","https://www.rewe.de/angebote/dortmund/1762800/rewe-markt-varziner-str-7-17/"
"2026-09-20 21:02 Europe/Berlin","REWE","REWE H. Amshove, Varziner Str. 7-17, 44369 Dortmund (지점 확인)","44369","식품","21.09.2026-27.09.2026","Barilla Pesto Rosso","je 200-g-Glas, (1 kg = 8,95 €)","1.79","","","8,95 €","https://www.rewe.de/angebote/dortmund/1762800/rewe-markt-varziner-str-7-17/"
"2026-09-20 21:02 Europe/Berlin","REWE","REWE H. Amshove, Varziner Str. 7-17, 44369 Dortmund (지점 확인)","44369","주류","21.09.2026-27.09.2026","Beck’s Pils","versch. Sorten, je 20 x 0,5-l-Fl.-Kasten, (1 l = 1,10 €), zzgl. 3,10 € Pfand","10.99","","","1,10 €","https://www.rewe.de/angebote/dortmund/1762800/rewe-markt-varziner-str-7-17/"
"2026-09-20 21:02 Europe/Berlin","REWE","REWE H. Amshove, Varziner Str. 7-17, 44369 Dortmund (지점 확인)","44369","식품","21.09.2026-27.09.2026","Beemster Graskaas Pikant","holl. Schnittkäse, aus der ersten Frühlings-Weidemilch, danach 4 Monate gereift, 48% Fett i.Tr., je 100 g","1.29","","","","https://www.rewe.de/angebote/dortmund/1762800/rewe-markt-varziner-str-7-17/"
"2026-09-20 21:02 Europe/Berlin","REWE","REWE H. Amshove, Varziner Str. 7-17, 44369 Dortmund (지점 확인)","44369","식품","21.09.2026-27.09.2026","Ben & Jerry’s Ice Cream","versch. Sorten, je 465-ml-Becher, (1 l = 8,58 €)","3.99","","","8,58 €","https://www.rewe.de/angebote/dortmund/1762800/rewe-markt-varziner-str-7-17/"
"2026-09-20 21:02 Europe/Berlin","REWE","REWE H. Amshove, Varziner Str. 7-17, 44369 Dortmund (지점 확인)","44369","식품","21.09.2026-27.09.2026","Bio Datteln","mit Stein, je 250-g-Schale, (1 kg = 7,16 €)","1.79","","","7,16 €","https://www.rewe.de/angebote/dortmund/1762800/rewe-markt-varziner-str-7-17/"
"2026-09-20 21:02 Europe/Berlin","REWE","REWE H. Amshove, Varziner Str. 7-17, 44369 Dortmund (지점 확인)","44369","식품","21.09.2026-27.09.2026","Bio Mango","Sorte: siehe Etikett, Kl. II, je St.","1.99","","","","https://www.rewe.de/angebote/dortmund/1762800/rewe-markt-varziner-str-7-17/"
"2026-09-20 21:02 Europe/Berlin","REWE","REWE H. Amshove, Varziner Str. 7-17, 44369 Dortmund (지점 확인)","44369","식품","21.09.2026-27.09.2026","Bio Romana Salatherzen","Kl. II, je 2 St.-Pckg.","1.59","","","","https://www.rewe.de/angebote/dortmund/1762800/rewe-markt-varziner-str-7-17/"
"2026-09-20 21:02 Europe/Berlin","REWE","REWE H. Amshove, Varziner Str. 7-17, 44369 Dortmund (지점 확인)","44369","주류","21.09.2026-27.09.2026","Bitburger Premium Pils","je 0,5-l-Dose, (1 l = 1,58 €), zzgl. 0,25 € Pfand","0.79","","","1,58 €","https://www.rewe.de/angebote/dortmund/1762800/rewe-markt-varziner-str-7-17/"
"2026-09-20 21:02 Europe/Berlin","REWE","REWE H. Amshove, Varziner Str. 7-17, 44369 Dortmund (지점 확인)","44369","주류","21.09.2026-27.09.2026","Bombay Sapphire London Dry Gin","40% Vol., je 0,7-l-Fl., (1 l = 22,84 €)","15.99","","","22,84 €","https://www.rewe.de/angebote/dortmund/1762800/rewe-markt-varziner-str-7-17/"
"2026-09-20 21:02 Europe/Berlin","REWE","REWE H. Amshove, Varziner Str. 7-17, 44369 Dortmund (지점 확인)","44369","식품","21.09.2026-27.09.2026","Bonduelle Kopfsalat","je 175-g-Btl., (1 kg = 10,23 €)","1.79","","","10,23 €","https://www.rewe.de/angebote/dortmund/1762800/rewe-markt-varziner-str-7-17/"
"2026-09-20 21:02 Europe/Berlin","REWE","REWE H. Amshove, Varziner Str. 7-17, 44369 Dortmund (지점 확인)","44369","식품","21.09.2026-27.09.2026","Bonduelle Wildkräutersalat","je 110-g-Btl., (1 kg = 16,27 €)","1.79","","","16,27 €","https://www.rewe.de/angebote/dortmund/1762800/rewe-markt-varziner-str-7-17/"
"2026-09-20 21:02 Europe/Berlin","REWE","REWE H. Amshove, Varziner Str. 7-17, 44369 Dortmund (지점 확인)","44369","식품","21.09.2026-27.09.2026","Breitsamer Honig Faires Frühstück","je 500-g-Glas, (1 kg = 9,98 €)","4.99","","","9,98 €","https://www.rewe.de/angebote/dortmund/1762800/rewe-markt-varziner-str-7-17/"
"2026-09-20 21:02 Europe/Berlin","REWE","REWE H. Amshove, Varziner Str. 7-17, 44369 Dortmund (지점 확인)","44369","식품","21.09.2026-27.09.2026","Brunch Brotaufstrich","versch. Sorten, je 185-g-Becher, (1 kg = 6,97 €)","1.29","","","6,97 €","https://www.rewe.de/angebote/dortmund/1762800/rewe-markt-varziner-str-7-17/"
"2026-09-20 21:02 Europe/Berlin","REWE","REWE H. Amshove, Varziner Str. 7-17, 44369 Dortmund (지점 확인)","44369","주류","21.09.2026-27.09.2026","Budweiser Premium Czech Lager","je 20 x 0,5-l-Fl.-Kasten, (1 l = 1,50 €), zzgl. 3,10 € Pfand","14.99","","","1,50 €","https://www.rewe.de/angebote/dortmund/1762800/rewe-markt-varziner-str-7-17/"
"2026-09-20 21:02 Europe/Berlin","REWE","REWE H. Amshove, Varziner Str. 7-17, 44369 Dortmund (지점 확인)","44369","식품","21.09.2026-27.09.2026","Bürger Maultaschen","traditionell schwäbisch, je 360-g-Btl., (1 kg = 4,69 €)","1.69","","","4,69 €","https://www.rewe.de/angebote/dortmund/1762800/rewe-markt-varziner-str-7-17/"
"2026-09-20 21:02 Europe/Berlin","REWE","REWE H. Amshove, Varziner Str. 7-17, 44369 Dortmund (지점 확인)","44369","식품","21.09.2026-27.09.2026","Burgis Sonntagsknödel","je 500-g-Pckg., (1 kg = 3,58 €)","1.79","","","3,58 €","https://www.rewe.de/angebote/dortmund/1762800/rewe-markt-varziner-str-7-17/"
"2026-09-20 21:02 Europe/Berlin","REWE","REWE H. Amshove, Varziner Str. 7-17, 44369 Dortmund (지점 확인)","44369","식품","21.09.2026-27.09.2026","Butcher’s Barbecue Schweine-Nackensteaks","SB-verpackt, in versch. Marinaden, z.B. Smoked Paprika oder Kräuterbutter, je 380-g-Pckg., (1 kg = 9,97 €)","3.79","","","9,97 €","https://www.rewe.de/angebote/dortmund/1762800/rewe-markt-varziner-str-7-17/"
"2026-09-20 21:02 Europe/Berlin","REWE","REWE H. Amshove, Varziner Str. 7-17, 44369 Dortmund (지점 확인)","44369","식품","21.09.2026-27.09.2026","Chicorée","Kl. I, je 500-g-Pckg., (1 kg = 3,18 €)","1.59","","","3,18 €","https://www.rewe.de/angebote/dortmund/1762800/rewe-markt-varziner-str-7-17/"
"2026-09-20 21:02 Europe/Berlin","REWE","REWE H. Amshove, Varziner Str. 7-17, 44369 Dortmund (지점 확인)","44369","음료","21.09.2026-27.09.2026","Coca-Cola oder Coca-Cola Zero Friendspack","koffeinhaltig, je 10 x 0,33-l-Dosen-Pckg., (1 l = 1,82 €), zzgl. 2,50 € Pfand","5.99","","","1,82 €","https://www.rewe.de/angebote/dortmund/1762800/rewe-markt-varziner-str-7-17/"
"2026-09-20 21:02 Europe/Berlin","REWE","REWE H. Amshove, Varziner Str. 7-17, 44369 Dortmund (지점 확인)","44369","식품","21.09.2026-27.09.2026","Comté","frz. Hartkäse, 8 Monate gereift, 50% Fett i.Tr., je 100 g","2.99","","","","https://www.rewe.de/angebote/dortmund/1762800/rewe-markt-varziner-str-7-17/"
"2026-09-20 21:02 Europe/Berlin","REWE","REWE H. Amshove, Varziner Str. 7-17, 44369 Dortmund (지점 확인)","44369","식품","21.09.2026-27.09.2026","Coppenrath & Wiese Lust auf Kuchen Erdbeer Cheesecake","tiefgefroren, je 550-g-Pckg., (1 kg = 6,35 €)","3.49","","","6,35 €","https://www.rewe.de/angebote/dortmund/1762800/rewe-markt-varziner-str-7-17/"
"2026-09-20 21:02 Europe/Berlin","REWE","REWE H. Amshove, Varziner Str. 7-17, 44369 Dortmund (지점 확인)","44369","식품","21.09.2026-27.09.2026","Coppenrath & Wiese Lust auf Vegan Mandel-Bienenstich-Torte","tiefgefroren, je 360-g-Pckg., (1 kg = 9,69 €)","3.49","","","9,69 €","https://www.rewe.de/angebote/dortmund/1762800/rewe-markt-varziner-str-7-17/"
"2026-09-20 21:02 Europe/Berlin","REWE","REWE H. Amshove, Varziner Str. 7-17, 44369 Dortmund (지점 확인)","44369","식품","21.09.2026-27.09.2026","Coppenrath & Wiese Sahne Rolle","versch. Sorten, tiefgefroren, je 350-g-Pckg., (1 kg = 7,40 €)","2.59","","","7,40 €","https://www.rewe.de/angebote/dortmund/1762800/rewe-markt-varziner-str-7-17/"
"2026-09-20 21:02 Europe/Berlin","REWE","REWE H. Amshove, Varziner Str. 7-17, 44369 Dortmund (지점 확인)","44369","식품","21.09.2026-27.09.2026","Corny Müsliriegel Milch Classic","je 4 x 30-g-Pckg., (1 kg = 14,92 €)","1.79","","","14,92 €","https://www.rewe.de/angebote/dortmund/1762800/rewe-markt-varziner-str-7-17/"
"2026-09-20 21:02 Europe/Berlin","REWE","REWE H. Amshove, Varziner Str. 7-17, 44369 Dortmund (지점 확인)","44369","식품","21.09.2026-27.09.2026","Corny Müsliriegel Schoko","je 6 x 25-g-Pckg., (1 kg = 11,93 €)","1.79","","","11,93 €","https://www.rewe.de/angebote/dortmund/1762800/rewe-markt-varziner-str-7-17/"
"2026-09-20 21:02 Europe/Berlin","REWE","REWE H. Amshove, Varziner Str. 7-17, 44369 Dortmund (지점 확인)","44369","식품","21.09.2026-27.09.2026","Costa Pacific Prawns","tiefgefroren, je 215-g-Btl., (1 kg = 37,16 €)","7.99","","","37,16 €","https://www.rewe.de/angebote/dortmund/1762800/rewe-markt-varziner-str-7-17/"
"2026-09-20 21:02 Europe/Berlin","REWE","REWE H. Amshove, Varziner Str. 7-17, 44369 Dortmund (지점 확인)","44369","식품","21.09.2026-27.09.2026","Dallmayr Crema d’Oro","ganze Bohnen, je 1000-g-Pckg.","12.99","","","","https://www.rewe.de/angebote/dortmund/1762800/rewe-markt-varziner-str-7-17/"
"2026-09-20 21:02 Europe/Berlin","REWE","REWE H. Amshove, Varziner Str. 7-17, 44369 Dortmund (지점 확인)","44369","식품","21.09.2026-27.09.2026","DeBeukelaer Cereola","versch. Sorten, je 150-g-Pckg., (1 kg = 9,93 €)","1.49","","","9,93 €","https://www.rewe.de/angebote/dortmund/1762800/rewe-markt-varziner-str-7-17/"
"2026-09-20 21:02 Europe/Berlin","REWE","REWE H. Amshove, Varziner Str. 7-17, 44369 Dortmund (지점 확인)","44369","식품","21.09.2026-27.09.2026","Dodoni Feta","je 150-g-Pckg., (1 kg = 13,27 €)","1.99","","","13,27 €","https://www.rewe.de/angebote/dortmund/1762800/rewe-markt-varziner-str-7-17/"
"2026-09-20 21:02 Europe/Berlin","REWE","REWE H. Amshove, Varziner Str. 7-17, 44369 Dortmund (지점 확인)","44369","식품","21.09.2026-27.09.2026","Doritos Nacho Cheese","je 110-g-Pckg., (1 kg = 9,00 €)","0.99","","","9,00 €","https://www.rewe.de/angebote/dortmund/1762800/rewe-markt-varziner-str-7-17/"
"2026-09-20 21:02 Europe/Berlin","REWE","REWE H. Amshove, Varziner Str. 7-17, 44369 Dortmund (지점 확인)","44369","식품","21.09.2026-27.09.2026","Dr. Oetker Bourbon-Vanille Soße","je 250-ml-Becher, (1 l = 5,16 €)","1.29","","","5,16 €","https://www.rewe.de/angebote/dortmund/1762800/rewe-markt-varziner-str-7-17/"
"2026-09-20 21:02 Europe/Berlin","REWE","REWE H. Amshove, Varziner Str. 7-17, 44369 Dortmund (지점 확인)","44369","식품","21.09.2026-27.09.2026","Dr. Oetker Götterspeise","Waldmeister mit Bourbon-Vanillesoße, je 160-g-Becher, (1 kg = 4,31 €)","0.69","","","4,31 €","https://www.rewe.de/angebote/dortmund/1762800/rewe-markt-varziner-str-7-17/"
"2026-09-20 21:02 Europe/Berlin","REWE","REWE H. Amshove, Varziner Str. 7-17, 44369 Dortmund (지점 확인)","44369","식품","21.09.2026-27.09.2026","Dr. Oetker Götterspeise XXL Waldmeister","je 500-g-Becher, (1 kg = 2,58 €)","1.29","","","2,58 €","https://www.rewe.de/angebote/dortmund/1762800/rewe-markt-varziner-str-7-17/"
"2026-09-20 21:02 Europe/Berlin","REWE","REWE H. Amshove, Varziner Str. 7-17, 44369 Dortmund (지점 확인)","44369","식품","21.09.2026-27.09.2026","Dr. Oetker Grießbrei","je 92-g-Btl., (1 kg = 10,76 €)","0.99","","","10,76 €","https://www.rewe.de/angebote/dortmund/1762800/rewe-markt-varziner-str-7-17/"
"2026-09-20 21:02 Europe/Berlin","REWE","REWE H. Amshove, Varziner Str. 7-17, 44369 Dortmund (지점 확인)","44369","식품","21.09.2026-27.09.2026","Dr. Oetker Milchreis","je 125-g-Btl., (1 kg = 7,92 €)","0.99","","","7,92 €","https://www.rewe.de/angebote/dortmund/1762800/rewe-markt-varziner-str-7-17/"
"2026-09-20 21:02 Europe/Berlin","REWE","REWE H. Amshove, Varziner Str. 7-17, 44369 Dortmund (지점 확인)","44369","식품","21.09.2026-27.09.2026","Dr. Oetker Paradiescreme Kleine Auszeit","Vanille, je 27-g-Btl., (1 kg = 29,26 €)","0.79","","","29,26 €","https://www.rewe.de/angebote/dortmund/1762800/rewe-markt-varziner-str-7-17/"
"2026-09-20 21:02 Europe/Berlin","REWE","REWE H. Amshove, Varziner Str. 7-17, 44369 Dortmund (지점 확인)","44369","식품","21.09.2026-27.09.2026","Dr. Oetker Ristorante Pizza Salame","tiefgefroren, je 320-g-Pckg., (1 kg = 5,59 €)","1.79","","","5,59 €","https://www.rewe.de/angebote/dortmund/1762800/rewe-markt-varziner-str-7-17/"
"2026-09-20 21:02 Europe/Berlin","REWE","REWE H. Amshove, Varziner Str. 7-17, 44369 Dortmund (지점 확인)","44369","식품","21.09.2026-27.09.2026","Dr. Oetker Ristorante Pizza Spinaci","tiefgefroren, je 390-g-Pckg., (1 kg = 4,59 €)","1.79","","","4,59 €","https://www.rewe.de/angebote/dortmund/1762800/rewe-markt-varziner-str-7-17/"
"2026-09-20 21:02 Europe/Berlin","REWE","REWE H. Amshove, Varziner Str. 7-17, 44369 Dortmund (지점 확인)","44369","식품","21.09.2026-27.09.2026","Dr. Oetker Rotwein Mousse","je 100-g-Becher, (1 kg = 6,90 €)","0.69","","","6,90 €","https://www.rewe.de/angebote/dortmund/1762800/rewe-markt-varziner-str-7-17/"
"2026-09-20 21:02 Europe/Berlin","REWE","REWE H. Amshove, Varziner Str. 7-17, 44369 Dortmund (지점 확인)","44369","식품","21.09.2026-27.09.2026","Dr. Oetker Seelenwärmer Tassen-Cremepudding","Schokolade, je 58-g-Pckg., (1 kg = 13,62 €)","0.79","","","13,62 €","https://www.rewe.de/angebote/dortmund/1762800/rewe-markt-varziner-str-7-17/"
"2026-09-20 21:02 Europe/Berlin","REWE","REWE H. Amshove, Varziner Str. 7-17, 44369 Dortmund (지점 확인)","44369","음료","21.09.2026-27.09.2026","Dryll Elektrolyte-Getränk","versch. Sorten, je 0,33-l-Dose, (1 l = 4,52 €), zzgl. 0,25 € Pfand","1.49","","","4,52 €","https://www.rewe.de/angebote/dortmund/1762800/rewe-markt-varziner-str-7-17/"
"2026-09-20 21:02 Europe/Berlin","REWE","REWE H. Amshove, Varziner Str. 7-17, 44369 Dortmund (지점 확인)","44369","음료","21.09.2026-27.09.2026","Effect Energy Drink","versch. Sorten, koffeinhaltig, je 0,33-l-Dose, (1 l = 2,09 €), zzgl. 0,25 € Pfand","0.69","","","2,09 €","https://www.rewe.de/angebote/dortmund/1762800/rewe-markt-varziner-str-7-17/"
"2026-09-20 21:02 Europe/Berlin","REWE","REWE H. Amshove, Varziner Str. 7-17, 44369 Dortmund (지점 확인)","44369","식품","21.09.2026-27.09.2026","Ehrmann High Protein Pudding oder High Protein Joghurt","versch. Sorten, je 200-g-Becher, (1 kg = 4,95 €)","0.99","","","4,95 €","https://www.rewe.de/angebote/dortmund/1762800/rewe-markt-varziner-str-7-17/"
"2026-09-20 21:02 Europe/Berlin","REWE","REWE H. Amshove, Varziner Str. 7-17, 44369 Dortmund (지점 확인)","44369","식품","21.09.2026-27.09.2026","Eisbergsalat","Kl. I, je St.","0.89","","","","https://www.rewe.de/angebote/dortmund/1762800/rewe-markt-varziner-str-7-17/"
"2026-09-20 21:02 Europe/Berlin","REWE","REWE H. Amshove, Varziner Str. 7-17, 44369 Dortmund (지점 확인)","44369","식품","21.09.2026-27.09.2026","El Pozo Iberico Fuetec Spanische Salami","je 150-g-Pckg., (1 kg = 17,27 €)","2.59","","","17,27 €","https://www.rewe.de/angebote/dortmund/1762800/rewe-markt-varziner-str-7-17/"
"2026-09-20 21:02 Europe/Berlin","REWE","REWE H. Amshove, Varziner Str. 7-17, 44369 Dortmund (지점 확인)","44369","식품","21.09.2026-27.09.2026","Elpozo Original Fuetec spanische Salami","luftgetrocknet, je 170-g-Pckg., (1 kg = 15,24 €)","2.59","","","15,24 €","https://www.rewe.de/angebote/dortmund/1762800/rewe-markt-varziner-str-7-17/"
"2026-09-20 21:02 Europe/Berlin","REWE","REWE H. Amshove, Varziner Str. 7-17, 44369 Dortmund (지점 확인)","44369","식품","21.09.2026-27.09.2026","Erasco Eintopf","versch. Sorten, je 800-g-Dose, (1 kg = 2,35 €)","1.88","","","2,35 €","https://www.rewe.de/angebote/dortmund/1762800/rewe-markt-varziner-str-7-17/"
"2026-09-20 21:02 Europe/Berlin","REWE","REWE H. Amshove, Varziner Str. 7-17, 44369 Dortmund (지점 확인)","44369","주류","21.09.2026-27.09.2026","Erdinger Weißbier oder Brauhaus","auch alkoholfrei, je 20 x 0,5-l-Fl.-Kasten, (1 l = 1,40 €), zzgl. 3,10 € Pfand","13.99","","","1,40 €","https://www.rewe.de/angebote/dortmund/1762800/rewe-markt-varziner-str-7-17/"
"2026-09-20 21:02 Europe/Berlin","REWE","REWE H. Amshove, Varziner Str. 7-17, 44369 Dortmund (지점 확인)","44369","식품","21.09.2026-27.09.2026","Ferrero Kinder Pingui","je 8 x 30-g-Pckg., (1 kg = 9,25 €)","2.22","","","9,25 €","https://www.rewe.de/angebote/dortmund/1762800/rewe-markt-varziner-str-7-17/"
"2026-09-20 21:02 Europe/Berlin","REWE","REWE H. Amshove, Varziner Str. 7-17, 44369 Dortmund (지점 확인)","44369","식품","21.09.2026-27.09.2026","Ferrero Milchschnitte","je 11 x 28-g-Pckg., (1 kg = 7,21 €)","2.22","","","7,21 €","https://www.rewe.de/angebote/dortmund/1762800/rewe-markt-varziner-str-7-17/"
"2026-09-20 21:02 Europe/Berlin","REWE","REWE H. Amshove, Varziner Str. 7-17, 44369 Dortmund (지점 확인)","44369","주류","21.09.2026-27.09.2026","Finvara Irish Whiskey","43% Vol., je 0,7-l-Fl., (1 l = 28,56 €)","19.99","","","28,56 €","https://www.rewe.de/angebote/dortmund/1762800/rewe-markt-varziner-str-7-17/"
"2026-09-20 21:02 Europe/Berlin","REWE","REWE H. Amshove, Varziner Str. 7-17, 44369 Dortmund (지점 확인)","44369","주류","21.09.2026-27.09.2026","Flor de Cana Rum Oro Reserva","37,5% Vol., je 0,7-l-Fl., (1 l = 14,27 €)","9.99","","","14,27 €","https://www.rewe.de/angebote/dortmund/1762800/rewe-markt-varziner-str-7-17/"
"2026-09-20 21:02 Europe/Berlin","REWE","REWE H. Amshove, Varziner Str. 7-17, 44369 Dortmund (지점 확인)","44369","식품","21.09.2026-27.09.2026","Fol Epi Classic","frz. Schnittkäse, versch. Sorten, je 150-g-Pckg., (1 kg = 9,93 €)","1.49","","","9,93 €","https://www.rewe.de/angebote/dortmund/1762800/rewe-markt-varziner-str-7-17/"
"2026-09-20 21:02 Europe/Berlin","REWE","REWE H. Amshove, Varziner Str. 7-17, 44369 Dortmund (지점 확인)","44369","식품","21.09.2026-27.09.2026","Followfood Bio Lachs Filets","tiefgefroren, je 200-g-Pckg., (1 kg = 39,95 €)","7.99","","","39,95 €","https://www.rewe.de/angebote/dortmund/1762800/rewe-markt-varziner-str-7-17/"
"2026-09-20 21:02 Europe/Berlin","REWE","REWE H. Amshove, Varziner Str. 7-17, 44369 Dortmund (지점 확인)","44369","식품","21.09.2026-27.09.2026","Foodmaker Big Bowl","versch. Sorten, je 375-g-Schale, (1 kg = 13,31 €)","4.99","","","13,31 €","https://www.rewe.de/angebote/dortmund/1762800/rewe-markt-varziner-str-7-17/"
"2026-09-20 21:02 Europe/Berlin","REWE","REWE H. Amshove, Varziner Str. 7-17, 44369 Dortmund (지점 확인)","44369","음료","21.09.2026-27.09.2026","Forstetal Mineralwasser","versch. Sorten, je 12 x 1-l-Fl.-Kasten PET, (1 l = 0,50 €), zzgl. 3,30 € Pfand","5.99","","","0,50 €","https://www.rewe.de/angebote/dortmund/1762800/rewe-markt-varziner-str-7-17/"
"2026-09-20 21:02 Europe/Berlin","REWE","REWE H. Amshove, Varziner Str. 7-17, 44369 Dortmund (지점 확인)","44369","식품","21.09.2026-27.09.2026","Frische Beinscheibe","für die klare Brühe oder den deftigen Eintopf, je 100 g","0.89","","","","https://www.rewe.de/angebote/dortmund/1762800/rewe-markt-varziner-str-7-17/"
"2026-09-20 21:02 Europe/Berlin","REWE","REWE H. Amshove, Varziner Str. 7-17, 44369 Dortmund (지점 확인)","44369","식품","21.09.2026-27.09.2026","Frische Bratwurst oder Chorizo-Bratwurst","pikant gewürzt, mehrmals täglich frisch hergestellt, je 100 g","0.59","","","","https://www.rewe.de/angebote/dortmund/1762800/rewe-markt-varziner-str-7-17/"
"2026-09-20 21:02 Europe/Berlin","REWE","REWE H. Amshove, Varziner Str. 7-17, 44369 Dortmund (지점 확인)","44369","식품","21.09.2026-27.09.2026","Frische deutsche Hähnchenschenkel mit Rückenstück","Hkl. A, je 100 g","0.33","","","","https://www.rewe.de/angebote/dortmund/1762800/rewe-markt-varziner-str-7-17/"
"2026-09-20 21:02 Europe/Berlin","REWE","REWE H. Amshove, Varziner Str. 7-17, 44369 Dortmund (지점 확인)","44369","식품","21.09.2026-27.09.2026","Frische Hähncheninnenfilets","besonders zart und kalorienarm, je 100 g","0.99","","","","https://www.rewe.de/angebote/dortmund/1762800/rewe-markt-varziner-str-7-17/"
"2026-09-20 21:02 Europe/Berlin","REWE","REWE H. Amshove, Varziner Str. 7-17, 44369 Dortmund (지점 확인)","44369","식품","21.09.2026-27.09.2026","Frische Kräuter Petersilie glatt","je 40-g-Pckg., (1 kg = 17,25 €)","0.69","","","17,25 €","https://www.rewe.de/angebote/dortmund/1762800/rewe-markt-varziner-str-7-17/"
"2026-09-20 21:02 Europe/Berlin","REWE","REWE H. Amshove, Varziner Str. 7-17, 44369 Dortmund (지점 확인)","44369","식품","21.09.2026-27.09.2026","Frische Kräuter Schnittlauch","je 25-g-Pckg., (1 kg = 27,60 €)","0.69","","","27,60 €","https://www.rewe.de/angebote/dortmund/1762800/rewe-markt-varziner-str-7-17/"
"2026-09-20 21:02 Europe/Berlin","REWE","REWE H. Amshove, Varziner Str. 7-17, 44369 Dortmund (지점 확인)","44369","식품","21.09.2026-27.09.2026","Frische Spareribs, natur oder mariniert","Kotelettrippe vom Schwein, ideal für den Grill, je 100 g","0.89","","","","https://www.rewe.de/angebote/dortmund/1762800/rewe-markt-varziner-str-7-17/"
"2026-09-20 21:02 Europe/Berlin","REWE","REWE H. Amshove, Varziner Str. 7-17, 44369 Dortmund (지점 확인)","44369","식품","21.09.2026-27.09.2026","Frische Stielkoteletts oder Grillkoteletts »Kentucky«","ideal zum Braten in der Pfanne oder für den Grill, je 100 g","0.59","","","","https://www.rewe.de/angebote/dortmund/1762800/rewe-markt-varziner-str-7-17/"
"2026-09-20 21:02 Europe/Berlin","REWE","REWE H. Amshove, Varziner Str. 7-17, 44369 Dortmund (지점 확인)","44369","식품","21.09.2026-27.09.2026","Frischer Tafelspitz","vom Rind, ein edles Stück aus der Keule, perfekt als Kochfleisch in Meerrettich Soße, je 100 g","1.49","","","","https://www.rewe.de/angebote/dortmund/1762800/rewe-markt-varziner-str-7-17/"
"2026-09-20 21:02 Europe/Berlin","REWE","REWE H. Amshove, Varziner Str. 7-17, 44369 Dortmund (지점 확인)","44369","식품","21.09.2026-27.09.2026","Frisches gemischtes Hackfleisch","zum Braten, aus Schweine- und Rindfleisch, stets frisch hergestellt, je 100 g","0.77","","","","https://www.rewe.de/angebote/dortmund/1762800/rewe-markt-varziner-str-7-17/"
"2026-09-20 21:02 Europe/Berlin","REWE","REWE H. Amshove, Varziner Str. 7-17, 44369 Dortmund (지점 확인)","44369","식품","21.09.2026-27.09.2026","Frisches Porc Duroc Rack","der besondere Braten, auch als Kotelett, für den Genuss der Extraklasse, je 100 g","1.99","","","","https://www.rewe.de/angebote/dortmund/1762800/rewe-markt-varziner-str-7-17/"
"2026-09-20 21:02 Europe/Berlin","REWE","REWE H. Amshove, Varziner Str. 7-17, 44369 Dortmund (지점 확인)","44369","식품","21.09.2026-27.09.2026","Frisches Schweinemett","pikant gewürzt, mehrmals täglich frisch hergestellt, je 100 g","0.59","","","","https://www.rewe.de/angebote/dortmund/1762800/rewe-markt-varziner-str-7-17/"
"2026-09-20 21:02 Europe/Berlin","REWE","REWE H. Amshove, Varziner Str. 7-17, 44369 Dortmund (지점 확인)","44369","식품","21.09.2026-27.09.2026","Frosta Gemüsepfanne alla Toscana","tiefgefroren, je 480-g-Btl., (1 kg = 4,15 €)","1.99","","","4,15 €","https://www.rewe.de/angebote/dortmund/1762800/rewe-markt-varziner-str-7-17/"
"2026-09-20 21:02 Europe/Berlin","REWE","REWE H. Amshove, Varziner Str. 7-17, 44369 Dortmund (지점 확인)","44369","식품","21.09.2026-27.09.2026","Frosta High Protein Fertiggerichte","versch. Sorten, tiefgefroren, je 500-g-Btl., (1 kg = 8,88 €)","4.44","","","8,88 €","https://www.rewe.de/angebote/dortmund/1762800/rewe-markt-varziner-str-7-17/"
"2026-09-20 21:02 Europe/Berlin","REWE","REWE H. Amshove, Varziner Str. 7-17, 44369 Dortmund (지점 확인)","44369","식품","21.09.2026-27.09.2026","Frosta Rahm Geschnetzeltes","tiefgefroren, je 375-g-Btl., (1 kg = 5,31 €)","1.99","","","5,31 €","https://www.rewe.de/angebote/dortmund/1762800/rewe-markt-varziner-str-7-17/"
"2026-09-20 21:02 Europe/Berlin","REWE","REWE H. Amshove, Varziner Str. 7-17, 44369 Dortmund (지점 확인)","44369","식품","21.09.2026-27.09.2026","Galbani Mozzarella Classic","je 225-g-Pckg., (1 kg = 8,88 €), 125 g Abtropfgewicht","1.11","","","8,88 €","https://www.rewe.de/angebote/dortmund/1762800/rewe-markt-varziner-str-7-17/"
"2026-09-20 21:02 Europe/Berlin","REWE","REWE H. Amshove, Varziner Str. 7-17, 44369 Dortmund (지점 확인)","44369","식품","21.09.2026-27.09.2026","Garden Gourmet Vegane Filetstreifen","je 175-g-Pckg., (1 kg = 14,23 €)","2.49","","","14,23 €","https://www.rewe.de/angebote/dortmund/1762800/rewe-markt-varziner-str-7-17/"
"2026-09-20 21:02 Europe/Berlin","REWE","REWE H. Amshove, Varziner Str. 7-17, 44369 Dortmund (지점 확인)","44369","식품","21.09.2026-27.09.2026","Garden Gourmet Vegetarische Gemüsebällchen","je 200-g-Pckg., (1 kg = 12,45 €)","2.49","","","12,45 €","https://www.rewe.de/angebote/dortmund/1762800/rewe-markt-varziner-str-7-17/"
"2026-09-20 21:02 Europe/Berlin","REWE","REWE H. Amshove, Varziner Str. 7-17, 44369 Dortmund (지점 확인)","44369","식품","21.09.2026-27.09.2026","Gelbe Speisezwiebeln","Kl. II, je 1,5-kg-Netz, (1 kg = 0,79 €)","1.19","","","0,79 €","https://www.rewe.de/angebote/dortmund/1762800/rewe-markt-varziner-str-7-17/"
"2026-09-20 21:02 Europe/Berlin","REWE","REWE H. Amshove, Varziner Str. 7-17, 44369 Dortmund (지점 확인)","44369","식품","21.09.2026-27.09.2026","Géramont Scheiben mit Skyr","je 150-g-Pckg., (1 kg = 15,26 €)","2.29","","","15,26 €","https://www.rewe.de/angebote/dortmund/1762800/rewe-markt-varziner-str-7-17/"
"2026-09-20 21:02 Europe/Berlin","REWE","REWE H. Amshove, Varziner Str. 7-17, 44369 Dortmund (지점 확인)","44369","식품","21.09.2026-27.09.2026","Géramont Weichkäse","je 200-g-Pckg., (1 kg = 11,45 €)","2.29","","","11,45 €","https://www.rewe.de/angebote/dortmund/1762800/rewe-markt-varziner-str-7-17/"
"2026-09-20 21:02 Europe/Berlin","REWE","REWE H. Amshove, Varziner Str. 7-17, 44369 Dortmund (지점 확인)","44369","음료","21.09.2026-27.09.2026","Gerolsteiner Mineralwasser","versch. Sorten, je 6 x 1-l-Fl.-Kasten, (1 l = 0,83 €), zzgl. 2,40 € Pfand","4.99","","","0,83 €","https://www.rewe.de/angebote/dortmund/1762800/rewe-markt-varziner-str-7-17/"
"2026-09-20 21:02 Europe/Berlin","REWE","REWE H. Amshove, Varziner Str. 7-17, 44369 Dortmund (지점 확인)","44369","음료","21.09.2026-27.09.2026","Gönrgy Energy Drink","versch. Sorten, koffeinhaltig, je 0,5-l-Dose, (1 l = 1,98 €), zzgl. 0,25 € Pfand","0.99","","","1,98 €","https://www.rewe.de/angebote/dortmund/1762800/rewe-markt-varziner-str-7-17/"
"2026-09-20 21:02 Europe/Berlin","REWE","REWE H. Amshove, Varziner Str. 7-17, 44369 Dortmund (지점 확인)","44369","식품","21.09.2026-27.09.2026","Gourmetspieß","zartes Schweinefleisch mit Grillkäse in Bacon gewickelt, herzhaft mariniert, je 100 g","1.99","","","","https://www.rewe.de/angebote/dortmund/1762800/rewe-markt-varziner-str-7-17/"
"2026-09-20 21:02 Europe/Berlin","REWE","REWE H. Amshove, Varziner Str. 7-17, 44369 Dortmund (지점 확인)","44369","식품","21.09.2026-27.09.2026","Granatapfelkerne","je 80-g-Schale, (1 kg = 21,13 €)","1.69","","","21,13 €","https://www.rewe.de/angebote/dortmund/1762800/rewe-markt-varziner-str-7-17/"
"2026-09-20 21:02 Europe/Berlin","REWE","REWE H. Amshove, Varziner Str. 7-17, 44369 Dortmund (지점 확인)","44369","주류","21.09.2026-27.09.2026","Grand Sud Vin de France","versch. Sorten, trocken, je 1-l-Fl.","2.99","","","","https://www.rewe.de/angebote/dortmund/1762800/rewe-markt-varziner-str-7-17/"
"2026-09-20 21:02 Europe/Berlin","REWE","REWE H. Amshove, Varziner Str. 7-17, 44369 Dortmund (지점 확인)","44369","음료","21.09.2026-27.09.2026","Granini Die Limo","versch. Sorten, je 1-l-Fl., zzgl. 0,25 € Pfand","1.29","","","","https://www.rewe.de/angebote/dortmund/1762800/rewe-markt-varziner-str-7-17/"
"2026-09-20 21:02 Europe/Berlin","REWE","REWE H. Amshove, Varziner Str. 7-17, 44369 Dortmund (지점 확인)","44369","음료","21.09.2026-27.09.2026","Granini Fresh","versch. Sorten, je 0,75-l-Fl., (1 l = 1,72 €), zzgl. 0,25 € Pfand","1.29","","","1,72 €","https://www.rewe.de/angebote/dortmund/1762800/rewe-markt-varziner-str-7-17/"
"2026-09-20 21:02 Europe/Berlin","REWE","REWE H. Amshove, Varziner Str. 7-17, 44369 Dortmund (지점 확인)","44369","주류","21.09.2026-27.09.2026","Grasovka Vodka","38% Vol., je 0,7-l-Fl., (1 l = 14,27 €)","9.99","","","14,27 €","https://www.rewe.de/angebote/dortmund/1762800/rewe-markt-varziner-str-7-17/"
"2026-09-20 21:02 Europe/Berlin","REWE","REWE H. Amshove, Varziner Str. 7-17, 44369 Dortmund (지점 확인)","44369","식품","21.09.2026-27.09.2026","Grillhaxe","verzehrfertig vorbereitet und fertig gegart, je St.","5.50","","","","https://www.rewe.de/angebote/dortmund/1762800/rewe-markt-varziner-str-7-17/"
"2026-09-20 21:02 Europe/Berlin","REWE","REWE H. Amshove, Varziner Str. 7-17, 44369 Dortmund (지점 확인)","44369","식품","21.09.2026-27.09.2026","Grüne Kiwi","Kl. I, je St.","0.39","","","","https://www.rewe.de/angebote/dortmund/1762800/rewe-markt-varziner-str-7-17/"
"2026-09-20 21:02 Europe/Berlin","REWE","REWE H. Amshove, Varziner Str. 7-17, 44369 Dortmund (지점 확인)","44369","식품","21.09.2026-27.09.2026","Grüne Tafelbirnen","Sorte: siehe Etikett, Kl. I, je 1-kg-Schale","1.49","","","","https://www.rewe.de/angebote/dortmund/1762800/rewe-markt-varziner-str-7-17/"
"2026-09-20 21:02 Europe/Berlin","REWE","REWE H. Amshove, Varziner Str. 7-17, 44369 Dortmund (지점 확인)","44369","식품","21.09.2026-27.09.2026","Grünländer mild & nussig","Schnittkäse, 48% Fett i.Tr., je 100 g","1.19","","","","https://www.rewe.de/angebote/dortmund/1762800/rewe-markt-varziner-str-7-17/"
"2026-09-20 21:02 Europe/Berlin","REWE","REWE H. Amshove, Varziner Str. 7-17, 44369 Dortmund (지점 확인)","44369","식품","21.09.2026-27.09.2026","Gustavo Gusto Pizza Amore Napoli Mozzarella","tiefgefroren, je 320-g-Pckg., (1 kg = 9,34 €)","2.99","","","9,34 €","https://www.rewe.de/angebote/dortmund/1762800/rewe-markt-varziner-str-7-17/"
"2026-09-20 21:02 Europe/Berlin","REWE","REWE H. Amshove, Varziner Str. 7-17, 44369 Dortmund (지점 확인)","44369","식품","21.09.2026-27.09.2026","Gustavo Gusto Pizza Amore Napoli Salame","tiefgefroren, je 315-g-Pckg., (1 kg = 9,49 €)","2.99","","","9,49 €","https://www.rewe.de/angebote/dortmund/1762800/rewe-markt-varziner-str-7-17/"
"2026-09-20 21:02 Europe/Berlin","REWE","REWE H. Amshove, Varziner Str. 7-17, 44369 Dortmund (지점 확인)","44369","식품","21.09.2026-27.09.2026","Gutfried Geflügel-Fleischwurst","fein-würzig, je 400-g-Pckg., (1 kg = 6,98 €)","2.79","","","6,98 €","https://www.rewe.de/angebote/dortmund/1762800/rewe-markt-varziner-str-7-17/"
"2026-09-20 21:02 Europe/Berlin","REWE","REWE H. Amshove, Varziner Str. 7-17, 44369 Dortmund (지점 확인)","44369","식품","21.09.2026-27.09.2026","Gutfried Hähnchen-Fleischwurst","würzig-frisch, je 350-g-Pckg., (1 kg = 7,97 €)","2.79","","","7,97 €","https://www.rewe.de/angebote/dortmund/1762800/rewe-markt-varziner-str-7-17/"
"2026-09-20 21:02 Europe/Berlin","REWE","REWE H. Amshove, Varziner Str. 7-17, 44369 Dortmund (지점 확인)","44369","식품","21.09.2026-27.09.2026","Hähnchen Pollo Fino","zartes Hähnchenoberkeulen- fleisch ohne Knochen, natur oder versch. mariniert, z.B. »Chili Cheese« oder »Kentucky«, je 100 g","0.79","","","","https://www.rewe.de/angebote/dortmund/1762800/rewe-markt-varziner-str-7-17/"
"2026-09-20 21:02 Europe/Berlin","REWE","REWE H. Amshove, Varziner Str. 7-17, 44369 Dortmund (지점 확인)","44369","식품","21.09.2026-27.09.2026","Harry »1688« Mehrkornbrot","geschnitten, je 500-g-Pckg., (1 kg = 2,98 €)","1.49","","","2,98 €","https://www.rewe.de/angebote/dortmund/1762800/rewe-markt-varziner-str-7-17/"
"2026-09-20 21:02 Europe/Berlin","REWE","REWE H. Amshove, Varziner Str. 7-17, 44369 Dortmund (지점 확인)","44369","식품","21.09.2026-27.09.2026","Heimatschwein Filet","das zarteste Stück Fleisch vom Schwein, je 100 g","0.89","","","","https://www.rewe.de/angebote/dortmund/1762800/rewe-markt-varziner-str-7-17/"
"2026-09-20 21:02 Europe/Berlin","REWE","REWE H. Amshove, Varziner Str. 7-17, 44369 Dortmund (지점 확인)","44369","주류","21.09.2026-27.09.2026","Heineken Premium Beer oder alkoholfrei","versch. Sorten, je 6 x 0,33-l-Fl.-Sixpack, (1 l = 2,52 €), zzgl. 0,48 € Pfand","4.99","","","2,52 €","https://www.rewe.de/angebote/dortmund/1762800/rewe-markt-varziner-str-7-17/"
"2026-09-20 21:02 Europe/Berlin","REWE","REWE H. Amshove, Varziner Str. 7-17, 44369 Dortmund (지점 확인)","44369","음료","21.09.2026-27.09.2026","Hella Near Water","versch. Sorten, je 0,75-l-Fl., (1 l = 0,79 €), zzgl. 0,25 € Pfand","0.59","","","0,79 €","https://www.rewe.de/angebote/dortmund/1762800/rewe-markt-varziner-str-7-17/"
"2026-09-20 21:02 Europe/Berlin","REWE","REWE H. Amshove, Varziner Str. 7-17, 44369 Dortmund (지점 확인)","44369","식품","21.09.2026-27.09.2026","Hellmann’s Mayonnaise Die Cremige oder Chunky Burger Sauce","je 250-ml-Fl., (1 l = 5,96 €)","1.49","","","5,96 €","https://www.rewe.de/angebote/dortmund/1762800/rewe-markt-varziner-str-7-17/"
"2026-09-20 21:02 Europe/Berlin","REWE","REWE H. Amshove, Varziner Str. 7-17, 44369 Dortmund (지점 확인)","44369","식품","21.09.2026-27.09.2026","Henglein Gnocchi","je 500-g-Pckg., (1 kg = 3,78 €)","1.89","","","3,78 €","https://www.rewe.de/angebote/dortmund/1762800/rewe-markt-varziner-str-7-17/"
"2026-09-20 21:02 Europe/Berlin","REWE","REWE H. Amshove, Varziner Str. 7-17, 44369 Dortmund (지점 확인)","44369","식품","21.09.2026-27.09.2026","Herta Finesse","versch. Sorten, je 100-g-Pckg., (1 kg = 13,90 €)","1.39","","","13,90 €","https://www.rewe.de/angebote/dortmund/1762800/rewe-markt-varziner-str-7-17/"
"2026-09-20 21:02 Europe/Berlin","REWE","REWE H. Amshove, Varziner Str. 7-17, 44369 Dortmund (지점 확인)","44369","음료","21.09.2026-27.09.2026","Hohes C Saft","versch. Sorten, inkl. 100% Orangensäfte, je 1-l-Fl., zzgl. 0,25 € Pfand","1.79","","","","https://www.rewe.de/angebote/dortmund/1762800/rewe-markt-varziner-str-7-17/"
"2026-09-20 21:02 Europe/Berlin","REWE","REWE H. Amshove, Varziner Str. 7-17, 44369 Dortmund (지점 확인)","44369","식품","21.09.2026-27.09.2026","Holländischer Gouda mittelalt","6 Monate gereift, würzig und cremig, 48% Fett i.Tr., je 100 g","0.79","","","","https://www.rewe.de/angebote/dortmund/1762800/rewe-markt-varziner-str-7-17/"
"2026-09-20 21:02 Europe/Berlin","REWE","REWE H. Amshove, Varziner Str. 7-17, 44369 Dortmund (지점 확인)","44369","식품","21.09.2026-27.09.2026","Houdek Kabanos","im Heißrauch gegart, ca. 250 g Stücke, je 100 g","1.49","","","","https://www.rewe.de/angebote/dortmund/1762800/rewe-markt-varziner-str-7-17/"
"2026-09-20 21:02 Europe/Berlin","REWE","REWE H. Amshove, Varziner Str. 7-17, 44369 Dortmund (지점 확인)","44369","식품","21.09.2026-27.09.2026","Hüttnschnitzel","frische rohe Schweinerückenschnitzel, flüssig gewürzt, gefüllt mit Semmelknödelteig und paniert mit Kürbiskernpanade, je 100 g","1.29","","","","https://www.rewe.de/angebote/dortmund/1762800/rewe-markt-varziner-str-7-17/"
"2026-09-20 21:02 Europe/Berlin","REWE","REWE H. Amshove, Varziner Str. 7-17, 44369 Dortmund (지점 확인)","44369","식품","21.09.2026-27.09.2026","Iglo 13 Backfischstäbchen","tiefgefroren, je 364-g-Pckg., (1 kg = 8,21 €)","2.99","","","8,21 €","https://www.rewe.de/angebote/dortmund/1762800/rewe-markt-varziner-str-7-17/"
"2026-09-20 21:02 Europe/Berlin","REWE","REWE H. Amshove, Varziner Str. 7-17, 44369 Dortmund (지점 확인)","44369","식품","21.09.2026-27.09.2026","Iglo 15 Fischstäbchen","tiefgefroren, je 450-g-Pckg., (1 kg = 6,64 €)","2.99","","","6,64 €","https://www.rewe.de/angebote/dortmund/1762800/rewe-markt-varziner-str-7-17/"
"2026-09-20 21:02 Europe/Berlin","REWE","REWE H. Amshove, Varziner Str. 7-17, 44369 Dortmund (지점 확인)","44369","식품","21.09.2026-27.09.2026","Iglo Chicken Nuggets","versch. Sorten, tiefgefroren, je 250-g-Pckg., (1 kg = 11,96 €)","2.99","","","11,96 €","https://www.rewe.de/angebote/dortmund/1762800/rewe-markt-varziner-str-7-17/"
"2026-09-20 21:02 Europe/Berlin","REWE","REWE H. Amshove, Varziner Str. 7-17, 44369 Dortmund (지점 확인)","44369","식품","21.09.2026-27.09.2026","Iglo Chicken Stripes","tiefgefroren, je 220-g-Pckg., (1 kg = 13,59 €)","2.99","","","13,59 €","https://www.rewe.de/angebote/dortmund/1762800/rewe-markt-varziner-str-7-17/"
"2026-09-20 21:02 Europe/Berlin","REWE","REWE H. Amshove, Varziner Str. 7-17, 44369 Dortmund (지점 확인)","44369","식품","21.09.2026-27.09.2026","Imperial Hähnchen-Salami","aus 100% Hähnchenfleisch, hergestellt mit Pflanzenfett, 3 Wochen gereift, je 100 g","1.79","","","","https://www.rewe.de/angebote/dortmund/1762800/rewe-markt-varziner-str-7-17/"
"2026-09-20 21:02 Europe/Berlin","REWE","REWE H. Amshove, Varziner Str. 7-17, 44369 Dortmund (지점 확인)","44369","식품","21.09.2026-27.09.2026","ja! Backpapier-Zuschnitte","je 30 St.-Pckg.","0.95","","","","https://www.rewe.de/angebote/dortmund/1762800/rewe-markt-varziner-str-7-17/"
"2026-09-20 21:02 Europe/Berlin","REWE","REWE H. Amshove, Varziner Str. 7-17, 44369 Dortmund (지점 확인)","44369","식품","21.09.2026-27.09.2026","ja! Cheddar in Scheiben","je 175-g-Pckg., (1 kg = 12,51 €)","2.19","","","12,51 €","https://www.rewe.de/angebote/dortmund/1762800/rewe-markt-varziner-str-7-17/"
"2026-09-20 21:02 Europe/Berlin","REWE","REWE H. Amshove, Varziner Str. 7-17, 44369 Dortmund (지점 확인)","44369","식품","21.09.2026-27.09.2026","ja! Granduett","versch. Sorten, je 190-g-Becher, (1 kg = 2,58 €)","0.49","","","2,58 €","https://www.rewe.de/angebote/dortmund/1762800/rewe-markt-varziner-str-7-17/"
"2026-09-20 21:02 Europe/Berlin","REWE","REWE H. Amshove, Varziner Str. 7-17, 44369 Dortmund (지점 확인)","44369","식품","21.09.2026-27.09.2026","ja! Karamell Keks Creme","je 100-g-Tafel, (1 kg = 9,90 €)","0.99","","","9,90 €","https://www.rewe.de/angebote/dortmund/1762800/rewe-markt-varziner-str-7-17/"
"2026-09-20 21:02 Europe/Berlin","REWE","REWE H. Amshove, Varziner Str. 7-17, 44369 Dortmund (지점 확인)","44369","식품","21.09.2026-27.09.2026","ja! Käseaufschnitt","Edamer, Tilsiter & Emmentaler, 45% Fett i.Tr., je 250-g-Pckg., (1 kg = 7,56 €)","1.89","","","7,56 €","https://www.rewe.de/angebote/dortmund/1762800/rewe-markt-varziner-str-7-17/"
"2026-09-20 21:02 Europe/Berlin","REWE","REWE H. Amshove, Varziner Str. 7-17, 44369 Dortmund (지점 확인)","44369","식품","21.09.2026-27.09.2026","ja! Mandeln","versch. Sorten, je 200-g-Btl., (1 kg = 12,45 €)","2.49","","","12,45 €","https://www.rewe.de/angebote/dortmund/1762800/rewe-markt-varziner-str-7-17/"
"2026-09-20 21:02 Europe/Berlin","REWE","REWE H. Amshove, Varziner Str. 7-17, 44369 Dortmund (지점 확인)","44369","식품","21.09.2026-27.09.2026","ja! Mini Pizza","versch. Sorten, tiefgefroren, je 360-g-Pckg., (1 kg = 6,92 €)","2.49","","","6,92 €","https://www.rewe.de/angebote/dortmund/1762800/rewe-markt-varziner-str-7-17/"
"2026-09-20 21:02 Europe/Berlin","REWE","REWE H. Amshove, Varziner Str. 7-17, 44369 Dortmund (지점 확인)","44369","식품","21.09.2026-27.09.2026","ja! Sandwichwaffeln","je 128-g-Pckg., (1 kg = 13,98 €)","1.79","","","13,98 €","https://www.rewe.de/angebote/dortmund/1762800/rewe-markt-varziner-str-7-17/"
"2026-09-20 21:02 Europe/Berlin","REWE","REWE H. Amshove, Varziner Str. 7-17, 44369 Dortmund (지점 확인)","44369","식품","21.09.2026-27.09.2026","ja! Senf","mittelscharf, je 250-ml-Glas, (1 l = 2,36 €)","0.59","","","2,36 €","https://www.rewe.de/angebote/dortmund/1762800/rewe-markt-varziner-str-7-17/"
"2026-09-20 21:02 Europe/Berlin","REWE","REWE H. Amshove, Varziner Str. 7-17, 44369 Dortmund (지점 확인)","44369","식품","21.09.2026-27.09.2026","ja! Westfälischer Pumpernickel","aus Roggenvollkornschrot, je 500-g-Pckg., (1 kg = 2,98 €)","1.49","","","2,98 €","https://www.rewe.de/angebote/dortmund/1762800/rewe-markt-varziner-str-7-17/"
"2026-09-20 21:02 Europe/Berlin","REWE","REWE H. Amshove, Varziner Str. 7-17, 44369 Dortmund (지점 확인)","44369","주류","21.09.2026-27.09.2026","Jack Daniel’s Coca-Cola oder Southern Peach","10% Vol., teilw. koffeinhaltig, je 0,33-l-Dose, (1 l = 6,03 €), zzgl. 0,25 € Pfand","1.99","","","6,03 €","https://www.rewe.de/angebote/dortmund/1762800/rewe-markt-varziner-str-7-17/"
"2026-09-20 21:02 Europe/Berlin","REWE","REWE H. Amshove, Varziner Str. 7-17, 44369 Dortmund (지점 확인)","44369","식품","21.09.2026-27.09.2026","Jacobs 2in1 Classic","je 124-g-Pckg., (1 kg = 16,05 €)","1.99","","","16,05 €","https://www.rewe.de/angebote/dortmund/1762800/rewe-markt-varziner-str-7-17/"
"2026-09-20 21:02 Europe/Berlin","REWE","REWE H. Amshove, Varziner Str. 7-17, 44369 Dortmund (지점 확인)","44369","식품","21.09.2026-27.09.2026","Jacobs 3in1 Classic","je 120-g-Pckg., (1 kg = 16,58 €)","1.99","","","16,58 €","https://www.rewe.de/angebote/dortmund/1762800/rewe-markt-varziner-str-7-17/"
"2026-09-20 21:02 Europe/Berlin","REWE","REWE H. Amshove, Varziner Str. 7-17, 44369 Dortmund (지점 확인)","44369","식품","21.09.2026-27.09.2026","Jacobs Krönung","versch. Sorten, gemahlener Bohnenkaffee, je 500-g-Pckg., (1 kg = 11,98 €)","5.99","","","11,98 €","https://www.rewe.de/angebote/dortmund/1762800/rewe-markt-varziner-str-7-17/"
"2026-09-20 21:02 Europe/Berlin","REWE","REWE H. Amshove, Varziner Str. 7-17, 44369 Dortmund (지점 확인)","44369","주류","21.09.2026-27.09.2026","Johnnie Walker Red Label Blended Scotch Whisky","40% Vol., je 0,7-l-Fl., (1 l = 15,70 €)","10.99","","","15,70 €","https://www.rewe.de/angebote/dortmund/1762800/rewe-markt-varziner-str-7-17/"
"2026-09-20 21:02 Europe/Berlin","REWE","REWE H. Amshove, Varziner Str. 7-17, 44369 Dortmund (지점 확인)","44369","주류","21.09.2026-27.09.2026","Jules Mumm Sekt","versch. Sorten, je 0,75-l-Fl., (1 l = 5,32 €)","3.99","","","5,32 €","https://www.rewe.de/angebote/dortmund/1762800/rewe-markt-varziner-str-7-17/"
"2026-09-20 21:02 Europe/Berlin","REWE","REWE H. Amshove, Varziner Str. 7-17, 44369 Dortmund (지점 확인)","44369","주류","21.09.2026-27.09.2026","Karlsberg Mixery","versch. Sorten, teilw. koffeinhaltig, je 6 x 0,33-l-Fl.-Sixpack, (1 l = 2,02 €), zzgl. 0,48 € Pfand","3.99","","","2,02 €","https://www.rewe.de/angebote/dortmund/1762800/rewe-markt-varziner-str-7-17/"
"2026-09-20 21:02 Europe/Berlin","REWE","REWE H. Amshove, Varziner Str. 7-17, 44369 Dortmund (지점 확인)","44369","식품","21.09.2026-27.09.2026","Kernlose Tafeltrauben","Sorte: siehe Etikett, Kl. I, je 1 kg","3.99","","","","https://www.rewe.de/angebote/dortmund/1762800/rewe-markt-varziner-str-7-17/"
"2026-09-20 21:02 Europe/Berlin","REWE","REWE H. Amshove, Varziner Str. 7-17, 44369 Dortmund (지점 확인)","44369","식품","21.09.2026-27.09.2026","Kerrygold Cheddar gerieben","je 150-g-Btl., (1 kg = 10,60 €)","1.59","","","10,60 €","https://www.rewe.de/angebote/dortmund/1762800/rewe-markt-varziner-str-7-17/"
"2026-09-20 21:02 Europe/Berlin","REWE","REWE H. Amshove, Varziner Str. 7-17, 44369 Dortmund (지점 확인)","44369","식품","21.09.2026-27.09.2026","Kerrygold Cheddar Käse Scheiben","je 130-g-Pckg., (1 kg = 12,23 €)","1.59","","","12,23 €","https://www.rewe.de/angebote/dortmund/1762800/rewe-markt-varziner-str-7-17/"
"2026-09-20 21:02 Europe/Berlin","REWE","REWE H. Amshove, Varziner Str. 7-17, 44369 Dortmund (지점 확인)","44369","식품","21.09.2026-27.09.2026","Kerrygold Original Irische Butter oder Extra","versch. Sorten, je 250-g-Pckg. / 250-g-Becher, (1 kg = 7,16 €)","1.79","","","7,16 €","https://www.rewe.de/angebote/dortmund/1762800/rewe-markt-varziner-str-7-17/"
"2026-09-20 21:02 Europe/Berlin","REWE","REWE H. Amshove, Varziner Str. 7-17, 44369 Dortmund (지점 확인)","44369","식품","21.09.2026-27.09.2026","Kinder Bueno","je 10 x 21,5-g-Pckg., (1 kg = 13,91 €)","2.99","","","13,91 €","https://www.rewe.de/angebote/dortmund/1762800/rewe-markt-varziner-str-7-17/"
"2026-09-20 21:02 Europe/Berlin","REWE","REWE H. Amshove, Varziner Str. 7-17, 44369 Dortmund (지점 확인)","44369","식품","21.09.2026-27.09.2026","Kinder Schoko-Bons","je 200-g-Btl., (1 kg = 14,95 €)","2.99","","","14,95 €","https://www.rewe.de/angebote/dortmund/1762800/rewe-markt-varziner-str-7-17/"
"2026-09-20 21:02 Europe/Berlin","REWE","REWE H. Amshove, Varziner Str. 7-17, 44369 Dortmund (지점 확인)","44369","식품","21.09.2026-27.09.2026","King Cuisine Hummus","je 175-g-Schale, (1 kg = 10,23 €)","1.79","","","10,23 €","https://www.rewe.de/angebote/dortmund/1762800/rewe-markt-varziner-str-7-17/"
"2026-09-20 21:02 Europe/Berlin","REWE","REWE H. Amshove, Varziner Str. 7-17, 44369 Dortmund (지점 확인)","44369","식품","21.09.2026-27.09.2026","Kiri Dippi","je 105-g-Pckg., (1 kg = 18,95 €)","1.99","","","18,95 €","https://www.rewe.de/angebote/dortmund/1762800/rewe-markt-varziner-str-7-17/"
"2026-09-20 21:02 Europe/Berlin","REWE","REWE H. Amshove, Varziner Str. 7-17, 44369 Dortmund (지점 확인)","44369","식품","21.09.2026-27.09.2026","Kiri Portionen","je 108-g-Pckg., (1 kg = 18,43 €)","1.99","","","18,43 €","https://www.rewe.de/angebote/dortmund/1762800/rewe-markt-varziner-str-7-17/"
"2026-09-20 21:02 Europe/Berlin","REWE","REWE H. Amshove, Varziner Str. 7-17, 44369 Dortmund (지점 확인)","44369","식품","21.09.2026-27.09.2026","Knorr Soße 3er-Pack","versch. Sorten, ausreichend für 3 x 250 ml, je Pckg.","0.89","","","","https://www.rewe.de/angebote/dortmund/1762800/rewe-markt-varziner-str-7-17/"
"2026-09-20 21:02 Europe/Berlin","REWE","REWE H. Amshove, Varziner Str. 7-17, 44369 Dortmund (지점 확인)","44369","식품","21.09.2026-27.09.2026","KoRo Crunchy Choco Fruits","versch. Sorten, je 50-g-Btl., (1 kg = 49,80 €)","2.49","","","49,80 €","https://www.rewe.de/angebote/dortmund/1762800/rewe-markt-varziner-str-7-17/"
"2026-09-20 21:02 Europe/Berlin","REWE","REWE H. Amshove, Varziner Str. 7-17, 44369 Dortmund (지점 확인)","44369","식품","21.09.2026-27.09.2026","Krone Räucher-Lachs","je 150-g-Pckg., (1 kg = 26,60 €)","3.99","","","26,60 €","https://www.rewe.de/angebote/dortmund/1762800/rewe-markt-varziner-str-7-17/"
"2026-09-20 21:02 Europe/Berlin","REWE","REWE H. Amshove, Varziner Str. 7-17, 44369 Dortmund (지점 확인)","44369","식품","21.09.2026-27.09.2026","Krustenbraten","frisch gegrillt, pikant gewürzt, je 100 g","1.49","","","","https://www.rewe.de/angebote/dortmund/1762800/rewe-markt-varziner-str-7-17/"
"2026-09-20 21:02 Europe/Berlin","REWE","REWE H. Amshove, Varziner Str. 7-17, 44369 Dortmund (지점 확인)","44369","식품","21.09.2026-27.09.2026","Kürbis Hokkaido","je 1 kg","0.99","","","","https://www.rewe.de/angebote/dortmund/1762800/rewe-markt-varziner-str-7-17/"
"2026-09-20 21:02 Europe/Berlin","REWE","REWE H. Amshove, Varziner Str. 7-17, 44369 Dortmund (지점 확인)","44369","주류","21.09.2026-27.09.2026","Lamberti Pinot Grigio DOC","trocken, je 0,75-l-Fl., (1 l = 5,32 €)","3.99","","","5,32 €","https://www.rewe.de/angebote/dortmund/1762800/rewe-markt-varziner-str-7-17/"
"2026-09-20 21:02 Europe/Berlin","REWE","REWE H. Amshove, Varziner Str. 7-17, 44369 Dortmund (지점 확인)","44369","식품","21.09.2026-27.09.2026","Lambertz Amerikaner","je 220-g-Pckg., (1 kg = 9,05 €)","1.99","","","9,05 €","https://www.rewe.de/angebote/dortmund/1762800/rewe-markt-varziner-str-7-17/"
"2026-09-20 21:02 Europe/Berlin","REWE","REWE H. Amshove, Varziner Str. 7-17, 44369 Dortmund (지점 확인)","44369","식품","21.09.2026-27.09.2026","Landliebe Joghurt","versch. Sorten, je 500-g-Glas, (1 kg = 2,22 €), zzgl. 0,15 € Pfand","1.11","","","2,22 €","https://www.rewe.de/angebote/dortmund/1762800/rewe-markt-varziner-str-7-17/"
"2026-09-20 21:02 Europe/Berlin","REWE","REWE H. Amshove, Varziner Str. 7-17, 44369 Dortmund (지점 확인)","44369","식품","21.09.2026-27.09.2026","Landliebe Sahnepudding","Schokolade, je 150-g-Becher, (1 kg = 3,27 €)","0.49","","","3,27 €","https://www.rewe.de/angebote/dortmund/1762800/rewe-markt-varziner-str-7-17/"
"2026-09-20 21:02 Europe/Berlin","REWE","REWE H. Amshove, Varziner Str. 7-17, 44369 Dortmund (지점 확인)","44369","식품","21.09.2026-27.09.2026","Landliebe Vollmilchpudding","Schoko, je 225-g-Becher, (1 kg = 2,18 €)","0.49","","","2,18 €","https://www.rewe.de/angebote/dortmund/1762800/rewe-markt-varziner-str-7-17/"
"2026-09-20 21:02 Europe/Berlin","REWE","REWE H. Amshove, Varziner Str. 7-17, 44369 Dortmund (지점 확인)","44369","식품","21.09.2026-27.09.2026","Lay’s Chips","gesalzen, je 150-g-Pckg., (1 kg = 6,60 €)","0.99","","","6,60 €","https://www.rewe.de/angebote/dortmund/1762800/rewe-markt-varziner-str-7-17/"
"2026-09-20 21:02 Europe/Berlin","REWE","REWE H. Amshove, Varziner Str. 7-17, 44369 Dortmund (지점 확인)","44369","식품","21.09.2026-27.09.2026","Leerdammer Käsescheiben","versch. Sorten, je 140-g-Pckg., (1 kg = 12,07 €)","1.69","","","12,07 €","https://www.rewe.de/angebote/dortmund/1762800/rewe-markt-varziner-str-7-17/"
"2026-09-20 21:02 Europe/Berlin","REWE","REWE H. Amshove, Varziner Str. 7-17, 44369 Dortmund (지점 확인)","44369","식품","21.09.2026-27.09.2026","Limetten","Ursprung und Sorte: siehe Etikett, Kl. I, je 4 St.-Schale","1.19","","","","https://www.rewe.de/angebote/dortmund/1762800/rewe-markt-varziner-str-7-17/"
"2026-09-20 21:02 Europe/Berlin","REWE","REWE H. Amshove, Varziner Str. 7-17, 44369 Dortmund (지점 확인)","44369","식품","21.09.2026-27.09.2026","LiveFresh Skyr Protein Drink","versch. Sorten, je 250-ml-Fl., (1 l = 7,96 €), zzgl. 0,25 € Pfand","1.99","","","7,96 €","https://www.rewe.de/angebote/dortmund/1762800/rewe-markt-varziner-str-7-17/"
"2026-09-20 21:02 Europe/Berlin","REWE","REWE H. Amshove, Varziner Str. 7-17, 44369 Dortmund (지점 확인)","44369","식품","21.09.2026-27.09.2026","Lysell Feinmarinaden","versch. Sorten, je 125-g-Dose, (1 kg = 13,52 €)","1.69","","","13,52 €","https://www.rewe.de/angebote/dortmund/1762800/rewe-markt-varziner-str-7-17/"
"2026-09-20 21:02 Europe/Berlin","REWE","REWE H. Amshove, Varziner Str. 7-17, 44369 Dortmund (지점 확인)","44369","식품","21.09.2026-27.09.2026","Maggi Fix Airfryer Paprika Pommes Frites","je 34-g-Btl., (1 kg = 12,94 €)","0.44","","","12,94 €","https://www.rewe.de/angebote/dortmund/1762800/rewe-markt-varziner-str-7-17/"
"2026-09-20 21:02 Europe/Berlin","REWE","REWE H. Amshove, Varziner Str. 7-17, 44369 Dortmund (지점 확인)","44369","식품","21.09.2026-27.09.2026","Maggi Fix Nudel-Schinken Gratin","je 33-g-Btl., (1 kg = 13,33 €)","0.44","","","13,33 €","https://www.rewe.de/angebote/dortmund/1762800/rewe-markt-varziner-str-7-17/"
"2026-09-20 21:02 Europe/Berlin","REWE","REWE H. Amshove, Varziner Str. 7-17, 44369 Dortmund (지점 확인)","44369","식품","21.09.2026-27.09.2026","Maggi Für Genießer Pfefferrahmsauce","ausreichend für 250 ml, je Btl.","0.79","","","","https://www.rewe.de/angebote/dortmund/1762800/rewe-markt-varziner-str-7-17/"
"2026-09-20 21:02 Europe/Berlin","REWE","REWE H. Amshove, Varziner Str. 7-17, 44369 Dortmund (지점 확인)","44369","식품","21.09.2026-27.09.2026","Maggi Für Genießer Zwiebelsuppe","ausreichend für 750 ml, je Btl.","0.79","","","","https://www.rewe.de/angebote/dortmund/1762800/rewe-markt-varziner-str-7-17/"
"2026-09-20 21:02 Europe/Berlin","REWE","REWE H. Amshove, Varziner Str. 7-17, 44369 Dortmund (지점 확인)","44369","식품","21.09.2026-27.09.2026","Maggi Ravioli","in Tomatensauce, je 800-g-Dose, (1 kg = 2,49 €)","1.99","","","2,49 €","https://www.rewe.de/angebote/dortmund/1762800/rewe-markt-varziner-str-7-17/"
"2026-09-20 21:02 Europe/Berlin","REWE","REWE H. Amshove, Varziner Str. 7-17, 44369 Dortmund (지점 확인)","44369","식품","21.09.2026-27.09.2026","Magnum Almond","je 6 x 100-ml-Pckg., (1 l = 4,98 €)","2.99","","","4,98 €","https://www.rewe.de/angebote/dortmund/1762800/rewe-markt-varziner-str-7-17/"
"2026-09-20 21:02 Europe/Berlin","REWE","REWE H. Amshove, Varziner Str. 7-17, 44369 Dortmund (지점 확인)","44369","식품","21.09.2026-27.09.2026","Magnum Crackables Pistachio","je 440-ml-Becher, (1 l = 6,80 €)","2.99","","","6,80 €","https://www.rewe.de/angebote/dortmund/1762800/rewe-markt-varziner-str-7-17/"
"2026-09-20 21:02 Europe/Berlin","REWE","REWE H. Amshove, Varziner Str. 7-17, 44369 Dortmund (지점 확인)","44369","식품","21.09.2026-27.09.2026","Mälzer & Fu Ice Cream Creations","versch. Sorten, je 4 x 120-ml-Pckg., (1 l = 8,31 €)","3.99","","","8,31 €","https://www.rewe.de/angebote/dortmund/1762800/rewe-markt-varziner-str-7-17/"
"2026-09-20 21:02 Europe/Berlin","REWE","REWE H. Amshove, Varziner Str. 7-17, 44369 Dortmund (지점 확인)","44369","식품","21.09.2026-27.09.2026","Manchego","span. Hartkäse aus Schafmilch, besonders intensiv und würzig, eine besondere Delikatesse, 18 Monate gereift, 50% Fett i.Tr., je 100 g","2.79","","","","https://www.rewe.de/angebote/dortmund/1762800/rewe-markt-varziner-str-7-17/"
"2026-09-20 21:02 Europe/Berlin","REWE","REWE H. Amshove, Varziner Str. 7-17, 44369 Dortmund (지점 확인)","44369","식품","21.09.2026-27.09.2026","Maryland Studentenfutter","Berry, je 275-g-Becher, (1 kg = 10,51 €)","2.89","","","10,51 €","https://www.rewe.de/angebote/dortmund/1762800/rewe-markt-varziner-str-7-17/"
"2026-09-20 21:02 Europe/Berlin","REWE","REWE H. Amshove, Varziner Str. 7-17, 44369 Dortmund (지점 확인)","44369","식품","21.09.2026-27.09.2026","Maryland Studentenfutter","Klassik, je 300-g-Becher, (1 kg = 9,63 €)","2.89","","","9,63 €","https://www.rewe.de/angebote/dortmund/1762800/rewe-markt-varziner-str-7-17/"
"2026-09-20 21:02 Europe/Berlin","REWE","REWE H. Amshove, Varziner Str. 7-17, 44369 Dortmund (지점 확인)","44369","식품","21.09.2026-27.09.2026","Matthews Hähnchen Filetstreifen","Klassik, je 125-g-Pckg., (1 kg = 18,32 €)","2.29","","","18,32 €","https://www.rewe.de/angebote/dortmund/1762800/rewe-markt-varziner-str-7-17/"
"2026-09-20 21:02 Europe/Berlin","REWE","REWE H. Amshove, Varziner Str. 7-17, 44369 Dortmund (지점 확인)","44369","식품","21.09.2026-27.09.2026","Matthews Hähnchenbrust Filetstücke","Paprika, je 150-g-Pckg., (1 kg = 15,27 €)","2.29","","","15,27 €","https://www.rewe.de/angebote/dortmund/1762800/rewe-markt-varziner-str-7-17/"
"2026-09-20 21:02 Europe/Berlin","REWE","REWE H. Amshove, Varziner Str. 7-17, 44369 Dortmund (지점 확인)","44369","식품","21.09.2026-27.09.2026","McCain 1-2-3 Frites Original","tiefgefroren, je 1500-g-Btl., (1 kg = 1,99 €)","2.99","","","1,99 €","https://www.rewe.de/angebote/dortmund/1762800/rewe-markt-varziner-str-7-17/"
"2026-09-20 21:02 Europe/Berlin","REWE","REWE H. Amshove, Varziner Str. 7-17, 44369 Dortmund (지점 확인)","44369","식품","21.09.2026-27.09.2026","McCain Golden Longs","tiefgefroren, je 1000-g-Btl.","2.99","","","","https://www.rewe.de/angebote/dortmund/1762800/rewe-markt-varziner-str-7-17/"
"2026-09-20 21:02 Europe/Berlin","REWE","REWE H. Amshove, Varziner Str. 7-17, 44369 Dortmund (지점 확인)","44369","주류","21.09.2026-27.09.2026","Mederano de Freixenet oder Mia Wein","versch. Sorten, halbtrocken, je 0,75-l-Fl., (1 l = 3,99 €)","2.99","","","3,99 €","https://www.rewe.de/angebote/dortmund/1762800/rewe-markt-varziner-str-7-17/"
"2026-09-20 21:02 Europe/Berlin","REWE","REWE H. Amshove, Varziner Str. 7-17, 44369 Dortmund (지점 확인)","44369","식품","21.09.2026-27.09.2026","Milka Alpenmilch Schokolade","je 250-g-Tafel, (1 kg = 11,16 €)","2.79","","","11,16 €","https://www.rewe.de/angebote/dortmund/1762800/rewe-markt-varziner-str-7-17/"
"2026-09-20 21:02 Europe/Berlin","REWE","REWE H. Amshove, Varziner Str. 7-17, 44369 Dortmund (지점 확인)","44369","식품","21.09.2026-27.09.2026","Milka Gingerbread","je 300-g-Tafel, (1 kg = 9,30 €)","2.79","","","9,30 €","https://www.rewe.de/angebote/dortmund/1762800/rewe-markt-varziner-str-7-17/"
"2026-09-20 21:02 Europe/Berlin","REWE","REWE H. Amshove, Varziner Str. 7-17, 44369 Dortmund (지점 확인)","44369","식품","21.09.2026-27.09.2026","Milka Pralinés Alles Gute","je 110-g-Pckg., (1 kg = 18,09 €)","1.99","","","18,09 €","https://www.rewe.de/angebote/dortmund/1762800/rewe-markt-varziner-str-7-17/"
"2026-09-20 21:02 Europe/Berlin","REWE","REWE H. Amshove, Varziner Str. 7-17, 44369 Dortmund (지점 확인)","44369","식품","21.09.2026-27.09.2026","Milka Pralinés Dankeschön","je 111-g-Pckg., (1 kg = 17,93 €)","1.99","","","17,93 €","https://www.rewe.de/angebote/dortmund/1762800/rewe-markt-varziner-str-7-17/"
"2026-09-20 21:02 Europe/Berlin","REWE","REWE H. Amshove, Varziner Str. 7-17, 44369 Dortmund (지점 확인)","44369","식품","21.09.2026-27.09.2026","Milram Dessertsoße Vanille","sahnig lecker, je 500-ml-Pckg., (1 l = 3,38 €)","1.69","","","3,38 €","https://www.rewe.de/angebote/dortmund/1762800/rewe-markt-varziner-str-7-17/"
"2026-09-20 21:02 Europe/Berlin","REWE","REWE H. Amshove, Varziner Str. 7-17, 44369 Dortmund (지점 확인)","44369","식품","21.09.2026-27.09.2026","Mini Babybel 5er","45% Fett i.Tr., je 100-g-Netz, (1 kg = 17,90 €)","1.79","","","17,90 €","https://www.rewe.de/angebote/dortmund/1762800/rewe-markt-varziner-str-7-17/"
"2026-09-20 21:02 Europe/Berlin","REWE","REWE H. Amshove, Varziner Str. 7-17, 44369 Dortmund (지점 확인)","44369","식품","21.09.2026-27.09.2026","Mini Rispentomaten","Kl. I, je 350-g-Schale, (1 kg = 4,54 €)","1.59","","","4,54 €","https://www.rewe.de/angebote/dortmund/1762800/rewe-markt-varziner-str-7-17/"
"2026-09-20 21:02 Europe/Berlin","REWE","REWE H. Amshove, Varziner Str. 7-17, 44369 Dortmund (지점 확인)","44369","식품","21.09.2026-27.09.2026","Minus L Athentikos oder Skyr","laktosefrei, 9%/0,2% Fett, je 400-g-Becher, (1 kg = 3,73 €)","1.49","","","3,73 €","https://www.rewe.de/angebote/dortmund/1762800/rewe-markt-varziner-str-7-17/"
"2026-09-20 21:02 Europe/Berlin","REWE","REWE H. Amshove, Varziner Str. 7-17, 44369 Dortmund (지점 확인)","44369","식품","21.09.2026-27.09.2026","Möhrenstifte","je 200-g-Btl., (1 kg = 3,95 €)","0.79","","","3,95 €","https://www.rewe.de/angebote/dortmund/1762800/rewe-markt-varziner-str-7-17/"
"2026-09-20 21:02 Europe/Berlin","REWE","REWE H. Amshove, Varziner Str. 7-17, 44369 Dortmund (지점 확인)","44369","음료","21.09.2026-27.09.2026","More Fizi","Ballaststoff Limo, zuckerfrei, versch. Sorten, je 0,33-l-Dose, (1 l = 4,51 €), zzgl. 0,25 € Pfand","1.49","","","4,51 €","https://www.rewe.de/angebote/dortmund/1762800/rewe-markt-varziner-str-7-17/"
"2026-09-20 21:02 Europe/Berlin","REWE","REWE H. Amshove, Varziner Str. 7-17, 44369 Dortmund (지점 확인)","44369","주류","21.09.2026-27.09.2026","Moselland Akzente Qualitätswein","versch. Sorten, je 0,75-l-Fl., (1 l = 4,65 €)","3.49","","","4,65 €","https://www.rewe.de/angebote/dortmund/1762800/rewe-markt-varziner-str-7-17/"
"2026-09-20 21:02 Europe/Berlin","REWE","REWE H. Amshove, Varziner Str. 7-17, 44369 Dortmund (지점 확인)","44369","식품","21.09.2026-27.09.2026","Müller Froop","versch. Sorten, je 150-g-Becher, (1 kg = 2,93 €)","0.44","","","2,93 €","https://www.rewe.de/angebote/dortmund/1762800/rewe-markt-varziner-str-7-17/"
"2026-09-20 21:02 Europe/Berlin","REWE","REWE H. Amshove, Varziner Str. 7-17, 44369 Dortmund (지점 확인)","44369","식품","21.09.2026-27.09.2026","Müller Müllermilch","versch. Sorten, je 400-ml-Fl., (1 l = 1,98 €), zzgl. 0,25 € Pfand","0.79","","","1,98 €","https://www.rewe.de/angebote/dortmund/1762800/rewe-markt-varziner-str-7-17/"
"2026-09-20 21:02 Europe/Berlin","REWE","REWE H. Amshove, Varziner Str. 7-17, 44369 Dortmund (지점 확인)","44369","식품","21.09.2026-27.09.2026","Mutti geschälte italienische Tomaten","je 400-g-Dose, (1 kg = 4,27 €), 260 g Abtropfgewicht","1.11","","","4,27 €","https://www.rewe.de/angebote/dortmund/1762800/rewe-markt-varziner-str-7-17/"
"2026-09-20 21:02 Europe/Berlin","REWE","REWE H. Amshove, Varziner Str. 7-17, 44369 Dortmund (지점 확인)","44369","식품","21.09.2026-27.09.2026","Mutti Polpa","feinstes Tomatenfruchtfleisch, je 400-g-Dose, (1 kg = 2,78 €)","1.11","","","2,78 €","https://www.rewe.de/angebote/dortmund/1762800/rewe-markt-varziner-str-7-17/"
"2026-09-20 21:02 Europe/Berlin","REWE","REWE H. Amshove, Varziner Str. 7-17, 44369 Dortmund (지점 확인)","44369","식품","21.09.2026-27.09.2026","Nergi Kiwibeeren","je 125-g-Schale, (1 kg = 15,92 €)","1.99","","","15,92 €","https://www.rewe.de/angebote/dortmund/1762800/rewe-markt-varziner-str-7-17/"
"2026-09-20 21:02 Europe/Berlin","REWE","REWE H. Amshove, Varziner Str. 7-17, 44369 Dortmund (지점 확인)","44369","식품","21.09.2026-27.09.2026","Nescafé Classic","löslicher Bohnenkaffee, je 200-g-Glas, (1 kg = 29,95 €)","5.99","","","29,95 €","https://www.rewe.de/angebote/dortmund/1762800/rewe-markt-varziner-str-7-17/"
"2026-09-20 21:02 Europe/Berlin","REWE","REWE H. Amshove, Varziner Str. 7-17, 44369 Dortmund (지점 확인)","44369","식품","21.09.2026-27.09.2026","Nestlé Cini Minis","je 375-g-Pckg., (1 kg = 6,64 €)","2.49","","","6,64 €","https://www.rewe.de/angebote/dortmund/1762800/rewe-markt-varziner-str-7-17/"
"2026-09-20 21:02 Europe/Berlin","REWE","REWE H. Amshove, Varziner Str. 7-17, 44369 Dortmund (지점 확인)","44369","식품","21.09.2026-27.09.2026","Nestlé Nesquik","je 330-g-Pckg., (1 kg = 7,55 €)","2.49","","","7,55 €","https://www.rewe.de/angebote/dortmund/1762800/rewe-markt-varziner-str-7-17/"
"2026-09-20 21:02 Europe/Berlin","REWE","REWE H. Amshove, Varziner Str. 7-17, 44369 Dortmund (지점 확인)","44369","식품","21.09.2026-27.09.2026","Nimm 2 Lachgummi","versch. Sorten, je 250-g-Btl., (1 kg = 3,96 €)","0.99","","","3,96 €","https://www.rewe.de/angebote/dortmund/1762800/rewe-markt-varziner-str-7-17/"
"2026-09-20 21:02 Europe/Berlin","REWE","REWE H. Amshove, Varziner Str. 7-17, 44369 Dortmund (지점 확인)","44369","식품","21.09.2026-27.09.2026","Nuii Ice Cream Salted Caramel & Australian Macadamia oder Milka Vanilla & Chocolate Swirl","je 3 x 90-ml-Pckg., (1 l = 8,22 €)","2.22","","","8,22 €","https://www.rewe.de/angebote/dortmund/1762800/rewe-markt-varziner-str-7-17/"
"2026-09-20 21:02 Europe/Berlin","REWE","REWE H. Amshove, Varziner Str. 7-17, 44369 Dortmund (지점 확인)","44369","식품","21.09.2026-27.09.2026","Nutella","je 450-g-Glas, (1 kg = 5,98 €)","2.69","","","5,98 €","https://www.rewe.de/angebote/dortmund/1762800/rewe-markt-varziner-str-7-17/"
"2026-09-20 21:02 Europe/Berlin","REWE","REWE H. Amshove, Varziner Str. 7-17, 44369 Dortmund (지점 확인)","44369","식품","21.09.2026-27.09.2026","Nutella Plant Based","je 350-g-Glas, (1 kg = 7,69 €)","2.69","","","7,69 €","https://www.rewe.de/angebote/dortmund/1762800/rewe-markt-varziner-str-7-17/"
"2026-09-20 21:02 Europe/Berlin","REWE","REWE H. Amshove, Varziner Str. 7-17, 44369 Dortmund (지점 확인)","44369","식품","21.09.2026-27.09.2026","Odenwald Apfelmus","0% Zuckerzusatz, 100% Frucht, je 355-g-Glas, (1 kg = 4,20 €)","1.49","","","4,20 €","https://www.rewe.de/angebote/dortmund/1762800/rewe-markt-varziner-str-7-17/"
"2026-09-20 21:02 Europe/Berlin","REWE","REWE H. Amshove, Varziner Str. 7-17, 44369 Dortmund (지점 확인)","44369","식품","21.09.2026-27.09.2026","Orangen","Sorte: siehe Etikett, Kl. I, je 1,5-kg-Netz, (1 kg = 1,59 €)","2.39","","","1,59 €","https://www.rewe.de/angebote/dortmund/1762800/rewe-markt-varziner-str-7-17/"
"2026-09-20 21:02 Europe/Berlin","REWE","REWE H. Amshove, Varziner Str. 7-17, 44369 Dortmund (지점 확인)","44369","식품","21.09.2026-27.09.2026","Oreo Kekse","Original, je 154-g-Rolle, (1 kg = 8,38 €)","1.29","","","8,38 €","https://www.rewe.de/angebote/dortmund/1762800/rewe-markt-varziner-str-7-17/"
"2026-09-20 21:02 Europe/Berlin","REWE","REWE H. Amshove, Varziner Str. 7-17, 44369 Dortmund (지점 확인)","44369","식품","21.09.2026-27.09.2026","Oreo Kekse","BTS, je 157-g-Rolle, (1 kg = 8,22 €)","1.29","","","8,22 €","https://www.rewe.de/angebote/dortmund/1762800/rewe-markt-varziner-str-7-17/"
"2026-09-20 21:02 Europe/Berlin","REWE","REWE H. Amshove, Varziner Str. 7-17, 44369 Dortmund (지점 확인)","44369","식품","21.09.2026-27.09.2026","Original Italienischer Parmaschinken","je 100 g","2.99","","","","https://www.rewe.de/angebote/dortmund/1762800/rewe-markt-varziner-str-7-17/"
"2026-09-20 21:02 Europe/Berlin","REWE","REWE H. Amshove, Varziner Str. 7-17, 44369 Dortmund (지점 확인)","44369","식품","21.09.2026-27.09.2026","Ostmann Let’s do","versch. Sorten, je 70-g-Dose, (1 kg = 42,71 €)","2.99","","","42,71 €","https://www.rewe.de/angebote/dortmund/1762800/rewe-markt-varziner-str-7-17/"
"2026-09-20 21:02 Europe/Berlin","REWE","REWE H. Amshove, Varziner Str. 7-17, 44369 Dortmund (지점 확인)","44369","식품","21.09.2026-27.09.2026","Pema Haferbrot Vital+","je 250-g-Pckg., (1 kg = 6,36 €)","1.59","","","6,36 €","https://www.rewe.de/angebote/dortmund/1762800/rewe-markt-varziner-str-7-17/"
"2026-09-20 21:02 Europe/Berlin","REWE","REWE H. Amshove, Varziner Str. 7-17, 44369 Dortmund (지점 확인)","44369","식품","21.09.2026-27.09.2026","Pfanni Kartoffel Püree","das Komplette, je 283,5-g-Pckg., (1 kg = 5,26 €)","1.49","","","5,26 €","https://www.rewe.de/angebote/dortmund/1762800/rewe-markt-varziner-str-7-17/"
"2026-09-20 21:02 Europe/Berlin","REWE","REWE H. Amshove, Varziner Str. 7-17, 44369 Dortmund (지점 확인)","44369","식품","21.09.2026-27.09.2026","Pfanni Kartoffel Püree","das Lockere, je 240-g-Pckg., (1 kg = 6,21 €)","1.49","","","6,21 €","https://www.rewe.de/angebote/dortmund/1762800/rewe-markt-varziner-str-7-17/"
"2026-09-20 21:02 Europe/Berlin","REWE","REWE H. Amshove, Varziner Str. 7-17, 44369 Dortmund (지점 확인)","44369","식품","21.09.2026-27.09.2026","Pfanni Knödel","versch. Sorten, je 200-g-Pckg., (1 kg = 7,45 €)","1.49","","","7,45 €","https://www.rewe.de/angebote/dortmund/1762800/rewe-markt-varziner-str-7-17/"
"2026-09-20 21:02 Europe/Berlin","REWE","REWE H. Amshove, Varziner Str. 7-17, 44369 Dortmund (지점 확인)","44369","식품","21.09.2026-27.09.2026","Philadelphia","Natur, je 195-g-Pckg., (1 kg = 5,69 €)","1.11","","","5,69 €","https://www.rewe.de/angebote/dortmund/1762800/rewe-markt-varziner-str-7-17/"
"2026-09-20 21:02 Europe/Berlin","REWE","REWE H. Amshove, Varziner Str. 7-17, 44369 Dortmund (지점 확인)","44369","식품","21.09.2026-27.09.2026","Popp Brotaufstrich","versch. Sorten, je 150-g-Becher, (1 kg = 8,60 €)","1.29","","","8,60 €","https://www.rewe.de/angebote/dortmund/1762800/rewe-markt-varziner-str-7-17/"
"2026-09-20 21:02 Europe/Berlin","REWE","REWE H. Amshove, Varziner Str. 7-17, 44369 Dortmund (지점 확인)","44369","음료","21.09.2026-27.09.2026","Powerade Mountain Blast","je 1-l-Fl., zzgl. 0,25 € Pfand","1.59","","","","https://www.rewe.de/angebote/dortmund/1762800/rewe-markt-varziner-str-7-17/"
"2026-09-20 21:02 Europe/Berlin","REWE","REWE H. Amshove, Varziner Str. 7-17, 44369 Dortmund (지점 확인)","44369","식품","21.09.2026-27.09.2026","Quäse Körniger Frischkäse","je 200-g-Becher, (1 kg = 7,45 €)","1.49","","","7,45 €","https://www.rewe.de/angebote/dortmund/1762800/rewe-markt-varziner-str-7-17/"
"2026-09-20 21:02 Europe/Berlin","REWE","REWE H. Amshove, Varziner Str. 7-17, 44369 Dortmund (지점 확인)","44369","식품","21.09.2026-27.09.2026","Rack & Rüther Frische Leberwurst, Blutwurst oder Zwiebelwurst","mit Bärlauch geschmacklich abgestimmt, je 100 g","1.89","","","","https://www.rewe.de/angebote/dortmund/1762800/rewe-markt-varziner-str-7-17/"
"2026-09-20 21:02 Europe/Berlin","REWE","REWE H. Amshove, Varziner Str. 7-17, 44369 Dortmund (지점 확인)","44369","주류","21.09.2026-27.09.2026","Radeberger Pilsner","je 20 x 0,5-l-Fl.-Kasten, (1 l = 1,10 €), zzgl. 3,10 € Pfand","10.99","","","1,10 €","https://www.rewe.de/angebote/dortmund/1762800/rewe-markt-varziner-str-7-17/"
"2026-09-20 21:02 Europe/Berlin","REWE","REWE H. Amshove, Varziner Str. 7-17, 44369 Dortmund (지점 확인)","44369","식품","21.09.2026-27.09.2026","Rama mit Butter","je 250-g-Pckg., (1 kg = 5,16 €)","1.29","","","5,16 €","https://www.rewe.de/angebote/dortmund/1762800/rewe-markt-varziner-str-7-17/"
"2026-09-20 21:02 Europe/Berlin","REWE","REWE H. Amshove, Varziner Str. 7-17, 44369 Dortmund (지점 확인)","44369","식품","21.09.2026-27.09.2026","Rama zum Streichen, Backen & Kochen","je 400-g-Becher, (1 kg = 3,23 €)","1.29","","","3,23 €","https://www.rewe.de/angebote/dortmund/1762800/rewe-markt-varziner-str-7-17/"
"2026-09-20 21:02 Europe/Berlin","REWE","REWE H. Amshove, Varziner Str. 7-17, 44369 Dortmund (지점 확인)","44369","식품","21.09.2026-27.09.2026","Rapso Rapsöl","100% rein, aus kontrolliertem Anbau, je 750-ml-Fl., (1 l = 4,65 €)","3.49","","","4,65 €","https://www.rewe.de/angebote/dortmund/1762800/rewe-markt-varziner-str-7-17/"
"2026-09-20 21:02 Europe/Berlin","REWE","REWE H. Amshove, Varziner Str. 7-17, 44369 Dortmund (지점 확인)","44369","음료","21.09.2026-27.09.2026","Red Bull Energy Drink","versch. Sorten, koffeinhaltig, je 0,25-l-Dose, (1 l = 3,52 €), zzgl. 0,25 € Pfand","0.88","","","3,52 €","https://www.rewe.de/angebote/dortmund/1762800/rewe-markt-varziner-str-7-17/"
"2026-09-20 21:02 Europe/Berlin","REWE","REWE H. Amshove, Varziner Str. 7-17, 44369 Dortmund (지점 확인)","44369","식품","21.09.2026-27.09.2026","REWE Beste Wahl Mandel-Kokos-Mango-Mix","je 150-g-Btl., (1 kg = 15,27 €)","2.29","","","15,27 €","https://www.rewe.de/angebote/dortmund/1762800/rewe-markt-varziner-str-7-17/"
"2026-09-20 21:02 Europe/Berlin","REWE","REWE H. Amshove, Varziner Str. 7-17, 44369 Dortmund (지점 확인)","44369","식품","21.09.2026-27.09.2026","REWE Bio Apfelchips","je 70-g-Pckg., (1 kg = 25,57 €)","1.79","","","25,57 €","https://www.rewe.de/angebote/dortmund/1762800/rewe-markt-varziner-str-7-17/"
"2026-09-20 21:02 Europe/Berlin","REWE","REWE H. Amshove, Varziner Str. 7-17, 44369 Dortmund (지점 확인)","44369","식품","21.09.2026-27.09.2026","REWE Bio Bananenchips","je 300-g-Btl., (1 kg = 5,97 €)","1.79","","","5,97 €","https://www.rewe.de/angebote/dortmund/1762800/rewe-markt-varziner-str-7-17/"
"2026-09-20 21:02 Europe/Berlin","REWE","REWE H. Amshove, Varziner Str. 7-17, 44369 Dortmund (지점 확인)","44369","식품","21.09.2026-27.09.2026","REWE Bio Cashewkerne","je 250-g-Btl., (1 kg = 11,96 €)","2.99","","","11,96 €","https://www.rewe.de/angebote/dortmund/1762800/rewe-markt-varziner-str-7-17/"
"2026-09-20 21:02 Europe/Berlin","REWE","REWE H. Amshove, Varziner Str. 7-17, 44369 Dortmund (지점 확인)","44369","식품","21.09.2026-27.09.2026","REWE Bio Edamame","tiefgefroren, je 300-g-Pckg., (1 kg = 9,63 €)","2.89","","","9,63 €","https://www.rewe.de/angebote/dortmund/1762800/rewe-markt-varziner-str-7-17/"
"2026-09-20 21:02 Europe/Berlin","REWE","REWE H. Amshove, Varziner Str. 7-17, 44369 Dortmund (지점 확인)","44369","식품","21.09.2026-27.09.2026","REWE Bio Kokoschips","je 100-g-Pckg., (1 kg = 17,90 €)","1.79","","","17,90 €","https://www.rewe.de/angebote/dortmund/1762800/rewe-markt-varziner-str-7-17/"
"2026-09-20 21:02 Europe/Berlin","REWE","REWE H. Amshove, Varziner Str. 7-17, 44369 Dortmund (지점 확인)","44369","식품","21.09.2026-27.09.2026","REWE Bio Mozzarella","45% Fett i.Tr., je 200-g-Btl., (1 kg = 7,92 €), 125 g Abtropfgewicht","0.99","","","7,92 €","https://www.rewe.de/angebote/dortmund/1762800/rewe-markt-varziner-str-7-17/"
"2026-09-20 21:02 Europe/Berlin","REWE","REWE H. Amshove, Varziner Str. 7-17, 44369 Dortmund (지점 확인)","44369","음료","21.09.2026-27.09.2026","REWE Bio Rote Bete Saft","je 1-l-Pckg.","1.49","","","","https://www.rewe.de/angebote/dortmund/1762800/rewe-markt-varziner-str-7-17/"
"2026-09-20 21:02 Europe/Berlin","REWE","REWE H. Amshove, Varziner Str. 7-17, 44369 Dortmund (지점 확인)","44369","식품","21.09.2026-27.09.2026","REWE Fleischkäse","roh, zum Backen, SB-verpackt, je 500-g-Pckg., (1 kg = 6,66 €)","3.33","","","6,66 €","https://www.rewe.de/angebote/dortmund/1762800/rewe-markt-varziner-str-7-17/"
"2026-09-20 21:02 Europe/Berlin","REWE","REWE H. Amshove, Varziner Str. 7-17, 44369 Dortmund (지점 확인)","44369","식품","21.09.2026-27.09.2026","REWE Hausmarke Herzhafter Wurst-Aufschnitt","versch. Sorten, je 100 g","0.99","","","","https://www.rewe.de/angebote/dortmund/1762800/rewe-markt-varziner-str-7-17/"
"2026-09-20 21:02 Europe/Berlin","REWE","REWE H. Amshove, Varziner Str. 7-17, 44369 Dortmund (지점 확인)","44369","식품","21.09.2026-27.09.2026","REWE Hausmarke Rostbratwurst","Westfälische Art, je 500-g-Pckg., (1 kg = 6,66 €)","3.33","","","6,66 €","https://www.rewe.de/angebote/dortmund/1762800/rewe-markt-varziner-str-7-17/"
"2026-09-20 21:02 Europe/Berlin","REWE","REWE H. Amshove, Varziner Str. 7-17, 44369 Dortmund (지점 확인)","44369","식품","21.09.2026-27.09.2026","REWE Hausmarke Schinken Zwiebelmettwurst","je 100 g","1.29","","","","https://www.rewe.de/angebote/dortmund/1762800/rewe-markt-varziner-str-7-17/"
"2026-09-20 21:02 Europe/Berlin","REWE","REWE H. Amshove, Varziner Str. 7-17, 44369 Dortmund (지점 확인)","44369","식품","21.09.2026-27.09.2026","Rheinisches Rindersauerfleisch","je 100 g","1.99","","","","https://www.rewe.de/angebote/dortmund/1762800/rewe-markt-varziner-str-7-17/"
"2026-09-20 21:02 Europe/Berlin","REWE","REWE H. Amshove, Varziner Str. 7-17, 44369 Dortmund (지점 확인)","44369","식품","21.09.2026-27.09.2026","Ritter Sport Schokolade","versch. Sorten, je 100-g-Tafel, (1 kg = 11,10 €)","1.11","","","11,10 €","https://www.rewe.de/angebote/dortmund/1762800/rewe-markt-varziner-str-7-17/"
"2026-09-20 21:02 Europe/Berlin","REWE","REWE H. Amshove, Varziner Str. 7-17, 44369 Dortmund (지점 확인)","44369","식품","21.09.2026-27.09.2026","Rote Tafeläpfel","»Nicoter«, Kl. I, je 760-g-Schale, (1 kg = 2,62 €)","1.99","","","2,62 €","https://www.rewe.de/angebote/dortmund/1762800/rewe-markt-varziner-str-7-17/"
"2026-09-20 21:02 Europe/Berlin","REWE","REWE H. Amshove, Varziner Str. 7-17, 44369 Dortmund (지점 확인)","44369","식품","21.09.2026-27.09.2026","Rucola","Kl. I, je 125-g-Schale, (1 kg = 5,28 €)","0.66","","","5,28 €","https://www.rewe.de/angebote/dortmund/1762800/rewe-markt-varziner-str-7-17/"
"2026-09-20 21:02 Europe/Berlin","REWE","REWE H. Amshove, Varziner Str. 7-17, 44369 Dortmund (지점 확인)","44369","식품","21.09.2026-27.09.2026","Saupiquet Thunfisch-Filets","in Olivenöl, je 2 x 80-g-Dosen-Pckg., (1 kg = 23,94 €), 104 g Abtropfgewicht","2.49","","","23,94 €","https://www.rewe.de/angebote/dortmund/1762800/rewe-markt-varziner-str-7-17/"
"2026-09-20 21:02 Europe/Berlin","REWE","REWE H. Amshove, Varziner Str. 7-17, 44369 Dortmund (지점 확인)","44369","식품","21.09.2026-27.09.2026","Saupiquet Thunfisch-Filets","Naturale, je 2 x 80-g-Dosen-Pckg., (1 kg = 22,23 €), 112 g Abtropfgewicht","2.49","","","22,23 €","https://www.rewe.de/angebote/dortmund/1762800/rewe-markt-varziner-str-7-17/"
"2026-09-20 21:02 Europe/Berlin","REWE","REWE H. Amshove, Varziner Str. 7-17, 44369 Dortmund (지점 확인)","44369","주류","21.09.2026-27.09.2026","Scavi & Ray Prosecco Frizzante","je 0,75-l-Fl., (1 l = 7,99 €)","5.99","","","7,99 €","https://www.rewe.de/angebote/dortmund/1762800/rewe-markt-varziner-str-7-17/"
"2026-09-20 21:02 Europe/Berlin","REWE","REWE H. Amshove, Varziner Str. 7-17, 44369 Dortmund (지점 확인)","44369","식품","21.09.2026-27.09.2026","Schwarzwaldmilch Protein H-Milch","je 1-l-Pckg.","1.49","","","","https://www.rewe.de/angebote/dortmund/1762800/rewe-markt-varziner-str-7-17/"
"2026-09-20 21:02 Europe/Berlin","REWE","REWE H. Amshove, Varziner Str. 7-17, 44369 Dortmund (지점 확인)","44369","식품","21.09.2026-27.09.2026","Simply Fruit Gefriergetrocknete Früchte","100% Frucht, versch. Sorten, je 100-g-Dose, (1 kg = 69,90 €)","6.99","","","69,90 €","https://www.rewe.de/angebote/dortmund/1762800/rewe-markt-varziner-str-7-17/"
"2026-09-20 21:02 Europe/Berlin","REWE","REWE H. Amshove, Varziner Str. 7-17, 44369 Dortmund (지점 확인)","44369","음료","21.09.2026-27.09.2026","Sinalco Limonade","versch. Sorten, teilw. koffeinhaltig, je 12 x 1-l-Fl.-Kasten, (1 l = 0,67 €), zzgl. 3,30 € Pfand","7.99","","","0,67 €","https://www.rewe.de/angebote/dortmund/1762800/rewe-markt-varziner-str-7-17/"
"2026-09-20 21:02 Europe/Berlin","REWE","REWE H. Amshove, Varziner Str. 7-17, 44369 Dortmund (지점 확인)","44369","식품","21.09.2026-27.09.2026","Snickers Original Ice Cream","je 251,5-ml-Pckg., (1 l = 9,11 €)","2.29","","","9,11 €","https://www.rewe.de/angebote/dortmund/1762800/rewe-markt-varziner-str-7-17/"
"2026-09-20 21:02 Europe/Berlin","REWE","REWE H. Amshove, Varziner Str. 7-17, 44369 Dortmund (지점 확인)","44369","주류","21.09.2026-27.09.2026","Spaten Münchner Hell","je 20 x 0,5-l-Fl.-Kasten, (1 l = 1,50 €), zzgl. 3,10 € Pfand","14.99","","","1,50 €","https://www.rewe.de/angebote/dortmund/1762800/rewe-markt-varziner-str-7-17/"
"2026-09-20 21:02 Europe/Berlin","REWE","REWE H. Amshove, Varziner Str. 7-17, 44369 Dortmund (지점 확인)","44369","식품","21.09.2026-27.09.2026","Speisekartoffeln","Sorte und Kocheigenschaft: siehe Etikett, Qualität I, je 2,5-kg-Btl., (1 kg = 0,76 €)","1.89","","","0,76 €","https://www.rewe.de/angebote/dortmund/1762800/rewe-markt-varziner-str-7-17/"
"2026-09-20 21:02 Europe/Berlin","REWE","REWE H. Amshove, Varziner Str. 7-17, 44369 Dortmund (지점 확인)","44369","식품","21.09.2026-27.09.2026","Speisemöhren","Kl. I, je 1,5-kg-Btl., (1 kg = 0,74 €)","1.11","","","0,74 €","https://www.rewe.de/angebote/dortmund/1762800/rewe-markt-varziner-str-7-17/"
"2026-09-20 21:02 Europe/Berlin","REWE","REWE H. Amshove, Varziner Str. 7-17, 44369 Dortmund (지점 확인)","44369","식품","21.09.2026-27.09.2026","Spreewaldhof Spreelinge Gewürzgurken","je 670-g-Glas, (1 kg = 4,69 €), 360 g Abtropfgewicht","1.69","","","4,69 €","https://www.rewe.de/angebote/dortmund/1762800/rewe-markt-varziner-str-7-17/"
"2026-09-20 21:02 Europe/Berlin","REWE","REWE H. Amshove, Varziner Str. 7-17, 44369 Dortmund (지점 확인)","44369","식품","21.09.2026-27.09.2026","Starbucks House Blend Kaffeekapseln","Lungo, je 52-g-Pckg., (1 kg = 70,96 €)","3.69","","","70,96 €","https://www.rewe.de/angebote/dortmund/1762800/rewe-markt-varziner-str-7-17/"
"2026-09-20 21:02 Europe/Berlin","REWE","REWE H. Amshove, Varziner Str. 7-17, 44369 Dortmund (지점 확인)","44369","식품","21.09.2026-27.09.2026","Starbucks Smooth Caramel Kaffeekapseln","je 51-g-Pckg., (1 kg = 72,35 €)","3.69","","","72,35 €","https://www.rewe.de/angebote/dortmund/1762800/rewe-markt-varziner-str-7-17/"
"2026-09-20 21:02 Europe/Berlin","REWE","REWE H. Amshove, Varziner Str. 7-17, 44369 Dortmund (지점 확인)","44369","주류","21.09.2026-27.09.2026","Stauder Pils","je 20 x 0,5-l-Fl.-Kasten, (1 l = 1,50 €), zzgl. 3,10 € Pfand","14.99","","","1,50 €","https://www.rewe.de/angebote/dortmund/1762800/rewe-markt-varziner-str-7-17/"
"2026-09-20 21:02 Europe/Berlin","REWE","REWE H. Amshove, Varziner Str. 7-17, 44369 Dortmund (지점 확인)","44369","주류","21.09.2026-27.09.2026","Stauder Pils","je 24 x 0,33-l-Fl.-Kasten, (1 l = 1,89 €), zzgl. 3,42 € Pfand","14.99","","","1,89 €","https://www.rewe.de/angebote/dortmund/1762800/rewe-markt-varziner-str-7-17/"
"2026-09-20 21:02 Europe/Berlin","REWE","REWE H. Amshove, Varziner Str. 7-17, 44369 Dortmund (지점 확인)","44369","식품","21.09.2026-27.09.2026","Stilfser Bergkäse","Schnittkäse aus Südtirol, 45% Fett i.Tr., je 100 g","1.79","","","","https://www.rewe.de/angebote/dortmund/1762800/rewe-markt-varziner-str-7-17/"
"2026-09-20 21:02 Europe/Berlin","REWE","REWE H. Amshove, Varziner Str. 7-17, 44369 Dortmund (지점 확인)","44369","식품","21.09.2026-27.09.2026","Storck Toffifee","versch. Sorten, je 125-g-Pckg., (1 kg = 8,88 €)","1.11","","","8,88 €","https://www.rewe.de/angebote/dortmund/1762800/rewe-markt-varziner-str-7-17/"
"2026-09-20 21:02 Europe/Berlin","REWE","REWE H. Amshove, Varziner Str. 7-17, 44369 Dortmund (지점 확인)","44369","주류","21.09.2026-27.09.2026","Süss & Fruchtig oder Trollinger Qualitätswein","versch. Sorten, je 0,75-l-Fl., (1 l = 3,99 €)","2.99","","","3,99 €","https://www.rewe.de/angebote/dortmund/1762800/rewe-markt-varziner-str-7-17/"
"2026-09-20 21:02 Europe/Berlin","REWE","REWE H. Amshove, Varziner Str. 7-17, 44369 Dortmund (지점 확인)","44369","식품","21.09.2026-27.09.2026","Tafelspitz mit Meerrettich","je 100 g","1.99","","","","https://www.rewe.de/angebote/dortmund/1762800/rewe-markt-varziner-str-7-17/"
"2026-09-20 21:02 Europe/Berlin","REWE","REWE H. Amshove, Varziner Str. 7-17, 44369 Dortmund (지점 확인)","44369","식품","21.09.2026-27.09.2026","Thomy Delikatess Mayonnaise","je 200-ml-Tube, (1 l = 8,95 €)","1.79","","","8,95 €","https://www.rewe.de/angebote/dortmund/1762800/rewe-markt-varziner-str-7-17/"
"2026-09-20 21:02 Europe/Berlin","REWE","REWE H. Amshove, Varziner Str. 7-17, 44369 Dortmund (지점 확인)","44369","식품","21.09.2026-27.09.2026","Thomy Delikatess Mayonnaise","je 250-ml-Glas, (1 l = 7,16 €)","1.79","","","7,16 €","https://www.rewe.de/angebote/dortmund/1762800/rewe-markt-varziner-str-7-17/"
"2026-09-20 21:02 Europe/Berlin","REWE","REWE H. Amshove, Varziner Str. 7-17, 44369 Dortmund (지점 확인)","44369","식품","21.09.2026-27.09.2026","Tony’s Schokolade","versch. Sorten, je 180-g-Pckg., (1 kg = 16,61 €)","2.99","","","16,61 €","https://www.rewe.de/angebote/dortmund/1762800/rewe-markt-varziner-str-7-17/"
"2026-09-20 21:02 Europe/Berlin","REWE","REWE H. Amshove, Varziner Str. 7-17, 44369 Dortmund (지점 확인)","44369","식품","21.09.2026-27.09.2026","Trumpf Edle Tropfen Obstbrände","je 200-g-Pckg., (1 kg = 14,95 €)","2.99","","","14,95 €","https://www.rewe.de/angebote/dortmund/1762800/rewe-markt-varziner-str-7-17/"
"2026-09-20 21:02 Europe/Berlin","REWE","REWE H. Amshove, Varziner Str. 7-17, 44369 Dortmund (지점 확인)","44369","식품","21.09.2026-27.09.2026","Ültje Erdnüsse","geröstet & gesalzen, je 180-g-Dose, (1 kg = 9,39 €)","1.69","","","9,39 €","https://www.rewe.de/angebote/dortmund/1762800/rewe-markt-varziner-str-7-17/"
"2026-09-20 21:02 Europe/Berlin","REWE","REWE H. Amshove, Varziner Str. 7-17, 44369 Dortmund (지점 확인)","44369","식품","21.09.2026-27.09.2026","Ültje Fusion Peanuts","Paprika Flamed Style, je 150-g-Btl., (1 kg = 11,27 €)","1.69","","","11,27 €","https://www.rewe.de/angebote/dortmund/1762800/rewe-markt-varziner-str-7-17/"
"2026-09-20 21:02 Europe/Berlin","REWE","REWE H. Amshove, Varziner Str. 7-17, 44369 Dortmund (지점 확인)","44369","음료","21.09.2026-27.09.2026","Valensina Sport +","versch. Sorten, je 0,5-l-Fl., (1 l = 1,98 €), zzgl. 0,25 € Pfand","0.99","","","1,98 €","https://www.rewe.de/angebote/dortmund/1762800/rewe-markt-varziner-str-7-17/"
"2026-09-20 21:02 Europe/Berlin","REWE","REWE H. Amshove, Varziner Str. 7-17, 44369 Dortmund (지점 확인)","44369","식품","21.09.2026-27.09.2026","Vita Coco Kokosnusswasser","versch. Sorten, je 330-ml-Pckg., (1 l = 4,82 €)","1.59","","","4,82 €","https://www.rewe.de/angebote/dortmund/1762800/rewe-markt-varziner-str-7-17/"
"2026-09-20 21:02 Europe/Berlin","REWE","REWE H. Amshove, Varziner Str. 7-17, 44369 Dortmund (지점 확인)","44369","식품","21.09.2026-27.09.2026","Vly High Protein Drink","versch. Sorten, je 330-ml-Fl., (1 l = 4,21 €), zzgl. 0,25 € Pfand","1.39","","","4,21 €","https://www.rewe.de/angebote/dortmund/1762800/rewe-markt-varziner-str-7-17/"
"2026-09-20 21:02 Europe/Berlin","REWE","REWE H. Amshove, Varziner Str. 7-17, 44369 Dortmund (지점 확인)","44369","식품","21.09.2026-27.09.2026","Vly Joghurt-Alternative auf Erbsenprotein Basis","versch. Sorten, je 400-g-Becher, (1 kg = 3,48 €)","1.39","","","3,48 €","https://www.rewe.de/angebote/dortmund/1762800/rewe-markt-varziner-str-7-17/"
"2026-09-20 21:02 Europe/Berlin","REWE","REWE H. Amshove, Varziner Str. 7-17, 44369 Dortmund (지점 확인)","44369","음료","21.09.2026-27.09.2026","Volvic Touch oder Tee","versch. Sorten, je 1,5-l-Fl., (1 l = 0,74 €), zzgl. 0,25 € Pfand","1.11","","","0,74 €","https://www.rewe.de/angebote/dortmund/1762800/rewe-markt-varziner-str-7-17/"
"2026-09-20 21:02 Europe/Berlin","REWE","REWE H. Amshove, Varziner Str. 7-17, 44369 Dortmund (지점 확인)","44369","음료","21.09.2026-27.09.2026","Volvic Vitamin +","versch. Sorten, je 0,75-l-Fl., (1 l = 1,85 €), zzgl. 0,25 € Pfand","1.39","","","1,85 €","https://www.rewe.de/angebote/dortmund/1762800/rewe-markt-varziner-str-7-17/"
"2026-09-20 21:02 Europe/Berlin","REWE","REWE H. Amshove, Varziner Str. 7-17, 44369 Dortmund (지점 확인)","44369","음료","21.09.2026-27.09.2026","Vöslauer Flavour Mineralwasser","versch. Sorten, je 6 x 1-l-Fl.-Pckg., (1 l = 0,79 €), zzgl. 1,50 € Pfand","4.74","","","0,79 €","https://www.rewe.de/angebote/dortmund/1762800/rewe-markt-varziner-str-7-17/"
"2026-09-20 21:02 Europe/Berlin","REWE","REWE H. Amshove, Varziner Str. 7-17, 44369 Dortmund (지점 확인)","44369","식품","21.09.2026-27.09.2026","Wasa Sesam & Vollkorn","je 200-g-Pckg., (1 kg = 8,95 €)","1.79","","","8,95 €","https://www.rewe.de/angebote/dortmund/1762800/rewe-markt-varziner-str-7-17/"
"2026-09-20 21:02 Europe/Berlin","REWE","REWE H. Amshove, Varziner Str. 7-17, 44369 Dortmund (지점 확인)","44369","식품","21.09.2026-27.09.2026","Wasa Vollkorn Roggen","je 260-g-Pckg., (1 kg = 6,88 €)","1.79","","","6,88 €","https://www.rewe.de/angebote/dortmund/1762800/rewe-markt-varziner-str-7-17/"
"2026-09-20 21:02 Europe/Berlin","REWE","REWE H. Amshove, Varziner Str. 7-17, 44369 Dortmund (지점 확인)","44369","식품","21.09.2026-27.09.2026","Weihenstephan Kochsahne","je 250-g-Pckg., (1 kg = 5,16 €)","1.29","","","5,16 €","https://www.rewe.de/angebote/dortmund/1762800/rewe-markt-varziner-str-7-17/"
"2026-09-20 21:02 Europe/Berlin","REWE","REWE H. Amshove, Varziner Str. 7-17, 44369 Dortmund (지점 확인)","44369","식품","21.09.2026-27.09.2026","Weihenstephan Naturjoghurt mild","versch. Sorten, je 500-g-Becher, (1 kg = 1,98 €)","0.99","","","1,98 €","https://www.rewe.de/angebote/dortmund/1762800/rewe-markt-varziner-str-7-17/"
"2026-09-20 21:02 Europe/Berlin","REWE","REWE H. Amshove, Varziner Str. 7-17, 44369 Dortmund (지점 확인)","44369","식품","21.09.2026-27.09.2026","Wiesenhof Bruzzzler Minis","je 350-g-Pckg., (1 kg = 9,97 €)","3.49","","","9,97 €","https://www.rewe.de/angebote/dortmund/1762800/rewe-markt-varziner-str-7-17/"
"2026-09-20 21:02 Europe/Berlin","REWE","REWE H. Amshove, Varziner Str. 7-17, 44369 Dortmund (지점 확인)","44369","식품","21.09.2026-27.09.2026","Wiesenhof Bruzzzler Original","je 5 x 80-g-Pckg., (1 kg = 8,73 €)","3.49","","","8,73 €","https://www.rewe.de/angebote/dortmund/1762800/rewe-markt-varziner-str-7-17/"
"2026-09-20 21:02 Europe/Berlin","REWE","REWE H. Amshove, Varziner Str. 7-17, 44369 Dortmund (지점 확인)","44369","식품","21.09.2026-27.09.2026","Wiesenhof Geflügelaufschnitt","versch. Sorten, je 100 g","1.29","","","","https://www.rewe.de/angebote/dortmund/1762800/rewe-markt-varziner-str-7-17/"
"2026-09-20 21:02 Europe/Berlin","REWE","REWE H. Amshove, Varziner Str. 7-17, 44369 Dortmund (지점 확인)","44369","식품","21.09.2026-27.09.2026","Wilhelm Brandenburg Kasseler-Lachsscheiben","SB-verpackt, aus dem Rücken, gepökelt und geräuchert, je 250-g-Pckg., (1 kg = 11,96 €)","2.99","","","11,96 €","https://www.rewe.de/angebote/dortmund/1762800/rewe-markt-varziner-str-7-17/"
"2026-09-20 21:02 Europe/Berlin","REWE","REWE H. Amshove, Varziner Str. 7-17, 44369 Dortmund (지점 확인)","44369","주류","21.09.2026-27.09.2026","Wilthener Gebirgskräuter","30% Vol., je 0,7-l-Fl., (1 l = 7,84 €)","5.49","","","7,84 €","https://www.rewe.de/angebote/dortmund/1762800/rewe-markt-varziner-str-7-17/"
"2026-09-20 21:02 Europe/Berlin","REWE","REWE H. Amshove, Varziner Str. 7-17, 44369 Dortmund (지점 확인)","44369","식품","21.09.2026-27.09.2026","Windmolen Verse Kaas","holl. Frischkäse, versch. Sorten, 60% Fett i.Tr., je 100 g","1.79","","","","https://www.rewe.de/angebote/dortmund/1762800/rewe-markt-varziner-str-7-17/"
"2026-09-20 21:02 Europe/Berlin","REWE","REWE H. Amshove, Varziner Str. 7-17, 44369 Dortmund (지점 확인)","44369","식품","21.09.2026-27.09.2026","Zentis Frühstücks-Konfitüre","versch. Sorten, je 230-g-Glas, (1 kg = 6,48 €)","1.49","","","6,48 €","https://www.rewe.de/angebote/dortmund/1762800/rewe-markt-varziner-str-7-17/"
"2026-09-20 21:02 Europe/Berlin","REWE","REWE H. Amshove, Varziner Str. 7-17, 44369 Dortmund (지점 확인)","44369","식품","21.09.2026-27.09.2026","Zierkürbisse im Korb","enthält 5-7 Stück, je Korb","3.99","","","","https://www.rewe.de/angebote/dortmund/1762800/rewe-markt-varziner-str-7-17/"
"2026-09-20 21:02 Europe/Berlin","REWE","REWE Markt, Kaiserplatz 1 / Adalbertstr. 100, 52062 Aachen (지점 확인)","52062","음료","21.09.2026-27.09.2026","Adelholzener Mineralwasser","versch. Sorten, je 12 x 0,75-l-Fl.-Kasten, (1 l = 0,72 €), zzgl. 3,30 € Pfand","6.49","","","0,72 €","https://www.rewe.de/angebote/aachen/1931021/rewe-markt-kaiserplatz-1-adalbertstr-100/"
"2026-09-20 21:02 Europe/Berlin","REWE","REWE Markt, Kaiserplatz 1 / Adalbertstr. 100, 52062 Aachen (지점 확인)","52062","음료","21.09.2026-27.09.2026","Afri Cola Extra Koffein","koffeinhaltig, je 6 x 1-l-Fl.-Pckg., (1 l = 0,89 €), zzgl. 1,50 € Pfand","5.34","","","0,89 €","https://www.rewe.de/angebote/aachen/1931021/rewe-markt-kaiserplatz-1-adalbertstr-100/"
"2026-09-20 21:02 Europe/Berlin","REWE","REWE Markt, Kaiserplatz 1 / Adalbertstr. 100, 52062 Aachen (지점 확인)","52062","식품","21.09.2026-27.09.2026","Altenburger Ziegenrolle","je 150-g-Pckg., (1 kg = 16,60 €)","2.49","","","16,60 €","https://www.rewe.de/angebote/aachen/1931021/rewe-markt-kaiserplatz-1-adalbertstr-100/"
"2026-09-20 21:02 Europe/Berlin","REWE","REWE Markt, Kaiserplatz 1 / Adalbertstr. 100, 52062 Aachen (지점 확인)","52062","식품","21.09.2026-27.09.2026","Andros So Good - so Veggie","aus Kokosmilch, je 350-g-Becher, (1 kg = 4,26 €)","1.49","","","4,26 €","https://www.rewe.de/angebote/aachen/1931021/rewe-markt-kaiserplatz-1-adalbertstr-100/"
"2026-09-20 21:02 Europe/Berlin","REWE","REWE Markt, Kaiserplatz 1 / Adalbertstr. 100, 52062 Aachen (지점 확인)","52062","식품","21.09.2026-27.09.2026","Aoste Longhetti","Classique, je 65-g-Pckg., (1 kg = 27,54 €)","1.79","","","27,54 €","https://www.rewe.de/angebote/aachen/1931021/rewe-markt-kaiserplatz-1-adalbertstr-100/"
"2026-09-20 21:02 Europe/Berlin","REWE","REWE Markt, Kaiserplatz 1 / Adalbertstr. 100, 52062 Aachen (지점 확인)","52062","식품","21.09.2026-27.09.2026","Aoste Stickado","Classique, je 70-g-Pckg., (1 kg = 25,57 €)","1.79","","","25,57 €","https://www.rewe.de/angebote/aachen/1931021/rewe-markt-kaiserplatz-1-adalbertstr-100/"
"2026-09-20 21:02 Europe/Berlin","REWE","REWE Markt, Kaiserplatz 1 / Adalbertstr. 100, 52062 Aachen (지점 확인)","52062","식품","21.09.2026-27.09.2026","Appel Zarte Filets vom Hering","versch. Sorten, je 200-g-Dose, (1 kg = 5,55 €)","1.11","","","5,55 €","https://www.rewe.de/angebote/aachen/1931021/rewe-markt-kaiserplatz-1-adalbertstr-100/"
"2026-09-20 21:02 Europe/Berlin","REWE","REWE Markt, Kaiserplatz 1 / Adalbertstr. 100, 52062 Aachen (지점 확인)","52062","식품","21.09.2026-27.09.2026","Ayuko Ramen Nudeln","vorgekocht, je 180-g-Btl., (1 kg = 4,39 €)","0.79","","","4,39 €","https://www.rewe.de/angebote/aachen/1931021/rewe-markt-kaiserplatz-1-adalbertstr-100/"
"2026-09-20 21:02 Europe/Berlin","REWE","REWE Markt, Kaiserplatz 1 / Adalbertstr. 100, 52062 Aachen (지점 확인)","52062","식품","21.09.2026-27.09.2026","Ayuko Udon Nudeln","vorgekocht, je 200-g-Btl., (1 kg = 3,95 €)","0.79","","","3,95 €","https://www.rewe.de/angebote/aachen/1931021/rewe-markt-kaiserplatz-1-adalbertstr-100/"
"2026-09-20 21:02 Europe/Berlin","REWE","REWE Markt, Kaiserplatz 1 / Adalbertstr. 100, 52062 Aachen (지점 확인)","52062","주류","21.09.2026-27.09.2026","Bacardi Carta Blanca Superior","37,5% Vol. oder Razz 27% Vol., je 0,7-l-Fl., (1 l = 14,99 €)","10.49","","","14,99 €","https://www.rewe.de/angebote/aachen/1931021/rewe-markt-kaiserplatz-1-adalbertstr-100/"
"2026-09-20 21:02 Europe/Berlin","REWE","REWE Markt, Kaiserplatz 1 / Adalbertstr. 100, 52062 Aachen (지점 확인)","52062","식품","21.09.2026-27.09.2026","Bahlsen Pick Up!","versch. Sorten, je 5 x 28-g-Pckg., (1 kg = 14,21 €)","1.99","","","14,21 €","https://www.rewe.de/angebote/aachen/1931021/rewe-markt-kaiserplatz-1-adalbertstr-100/"
"2026-09-20 21:02 Europe/Berlin","REWE","REWE Markt, Kaiserplatz 1 / Adalbertstr. 100, 52062 Aachen (지점 확인)","52062","식품","21.09.2026-27.09.2026","Barilla Classic Pasta","versch. Ausformungen, je 500-g-Pckg., (1 kg = 1,76 €)","0.88","","","1,76 €","https://www.rewe.de/angebote/aachen/1931021/rewe-markt-kaiserplatz-1-adalbertstr-100/"
"2026-09-20 21:02 Europe/Berlin","REWE","REWE Markt, Kaiserplatz 1 / Adalbertstr. 100, 52062 Aachen (지점 확인)","52062","식품","21.09.2026-27.09.2026","Barilla Pasta Sauce","Basilico, je 400-g-Glas, (1 kg = 4,48 €)","1.79","","","4,48 €","https://www.rewe.de/angebote/aachen/1931021/rewe-markt-kaiserplatz-1-adalbertstr-100/"
"2026-09-20 21:02 Europe/Berlin","REWE","REWE Markt, Kaiserplatz 1 / Adalbertstr. 100, 52062 Aachen (지점 확인)","52062","식품","21.09.2026-27.09.2026","Barilla Pesto Rosso","je 200-g-Glas, (1 kg = 8,95 €)","1.79","","","8,95 €","https://www.rewe.de/angebote/aachen/1931021/rewe-markt-kaiserplatz-1-adalbertstr-100/"
"2026-09-20 21:02 Europe/Berlin","REWE","REWE Markt, Kaiserplatz 1 / Adalbertstr. 100, 52062 Aachen (지점 확인)","52062","식품","21.09.2026-27.09.2026","Bauli Buondi L'Originale","je 198-g-Pckg., (1 kg = 11,57 €)","2.29","","","11,57 €","https://www.rewe.de/angebote/aachen/1931021/rewe-markt-kaiserplatz-1-adalbertstr-100/"
"2026-09-20 21:02 Europe/Berlin","REWE","REWE Markt, Kaiserplatz 1 / Adalbertstr. 100, 52062 Aachen (지점 확인)","52062","식품","21.09.2026-27.09.2026","Bauli Buondi L'Originale Cacao","je 258-g-Pckg., (1 kg = 8,88 €)","2.29","","","8,88 €","https://www.rewe.de/angebote/aachen/1931021/rewe-markt-kaiserplatz-1-adalbertstr-100/"
"2026-09-20 21:02 Europe/Berlin","REWE","REWE Markt, Kaiserplatz 1 / Adalbertstr. 100, 52062 Aachen (지점 확인)","52062","주류","21.09.2026-27.09.2026","Beck’s Pils","versch. Sorten, je 20 x 0,5-l-Fl.-Kasten, (1 l = 1,10 €), zzgl. 3,10 € Pfand","10.99","","","1,10 €","https://www.rewe.de/angebote/aachen/1931021/rewe-markt-kaiserplatz-1-adalbertstr-100/"
"2026-09-20 21:02 Europe/Berlin","REWE","REWE Markt, Kaiserplatz 1 / Adalbertstr. 100, 52062 Aachen (지점 확인)","52062","식품","21.09.2026-27.09.2026","Ben & Jerry’s Ice Cream","versch. Sorten, je 465-ml-Becher, (1 l = 8,58 €)","3.99","","","8,58 €","https://www.rewe.de/angebote/aachen/1931021/rewe-markt-kaiserplatz-1-adalbertstr-100/"
"2026-09-20 21:02 Europe/Berlin","REWE","REWE Markt, Kaiserplatz 1 / Adalbertstr. 100, 52062 Aachen (지점 확인)","52062","식품","21.09.2026-27.09.2026","Bergader Bergbauern Käse würzig-nussig","Schnittkäse, 48% Fett i.Tr., je 100 g","1.69","","","","https://www.rewe.de/angebote/aachen/1931021/rewe-markt-kaiserplatz-1-adalbertstr-100/"
"2026-09-20 21:02 Europe/Berlin","REWE","REWE Markt, Kaiserplatz 1 / Adalbertstr. 100, 52062 Aachen (지점 확인)","52062","식품","21.09.2026-27.09.2026","Bille Geflügelsalami","versch. Sorten, je 100 g","1.49","","","","https://www.rewe.de/angebote/aachen/1931021/rewe-markt-kaiserplatz-1-adalbertstr-100/"
"2026-09-20 21:02 Europe/Berlin","REWE","REWE Markt, Kaiserplatz 1 / Adalbertstr. 100, 52062 Aachen (지점 확인)","52062","식품","21.09.2026-27.09.2026","Bio Mango","Sorte: siehe Etikett, Kl. II, je St.","1.99","","","","https://www.rewe.de/angebote/aachen/1931021/rewe-markt-kaiserplatz-1-adalbertstr-100/"
"2026-09-20 21:02 Europe/Berlin","REWE","REWE Markt, Kaiserplatz 1 / Adalbertstr. 100, 52062 Aachen (지점 확인)","52062","식품","21.09.2026-27.09.2026","Bio Romana Salatherzen","Kl. II, je 2 St.-Pckg.","1.59","","","","https://www.rewe.de/angebote/aachen/1931021/rewe-markt-kaiserplatz-1-adalbertstr-100/"
"2026-09-20 21:02 Europe/Berlin","REWE","REWE Markt, Kaiserplatz 1 / Adalbertstr. 100, 52062 Aachen (지점 확인)","52062","식품","21.09.2026-27.09.2026","Bio Sombra Kürbis","je 1 kg","2.29","","","","https://www.rewe.de/angebote/aachen/1931021/rewe-markt-kaiserplatz-1-adalbertstr-100/"
"2026-09-20 21:02 Europe/Berlin","REWE","REWE Markt, Kaiserplatz 1 / Adalbertstr. 100, 52062 Aachen (지점 확인)","52062","주류","21.09.2026-27.09.2026","Bitburger Premium Pils","je 0,5-l-Dose, (1 l = 1,58 €), zzgl. 0,25 € Pfand","0.79","","","1,58 €","https://www.rewe.de/angebote/aachen/1931021/rewe-markt-kaiserplatz-1-adalbertstr-100/"
"2026-09-20 21:02 Europe/Berlin","REWE","REWE Markt, Kaiserplatz 1 / Adalbertstr. 100, 52062 Aachen (지점 확인)","52062","주류","21.09.2026-27.09.2026","Blackforest Needle Dry Gin","40% Vol., je 0,5-l-Fl., (1 l = 19,98 €)","9.99","","","19,98 €","https://www.rewe.de/angebote/aachen/1931021/rewe-markt-kaiserplatz-1-adalbertstr-100/"
"2026-09-20 21:02 Europe/Berlin","REWE","REWE Markt, Kaiserplatz 1 / Adalbertstr. 100, 52062 Aachen (지점 확인)","52062","주류","21.09.2026-27.09.2026","Bombay Sapphire London Dry Gin","40% Vol., je 0,7-l-Fl., (1 l = 22,84 €)","15.99","","","22,84 €","https://www.rewe.de/angebote/aachen/1931021/rewe-markt-kaiserplatz-1-adalbertstr-100/"
"2026-09-20 21:02 Europe/Berlin","REWE","REWE Markt, Kaiserplatz 1 / Adalbertstr. 100, 52062 Aachen (지점 확인)","52062","식품","21.09.2026-27.09.2026","Bonduelle Kopfsalat","je 175-g-Btl., (1 kg = 10,23 €)","1.79","","","10,23 €","https://www.rewe.de/angebote/aachen/1931021/rewe-markt-kaiserplatz-1-adalbertstr-100/"
"2026-09-20 21:02 Europe/Berlin","REWE","REWE Markt, Kaiserplatz 1 / Adalbertstr. 100, 52062 Aachen (지점 확인)","52062","식품","21.09.2026-27.09.2026","Bonduelle Wildkräutersalat","je 110-g-Btl., (1 kg = 16,27 €)","1.79","","","16,27 €","https://www.rewe.de/angebote/aachen/1931021/rewe-markt-kaiserplatz-1-adalbertstr-100/"
"2026-09-20 21:02 Europe/Berlin","REWE","REWE Markt, Kaiserplatz 1 / Adalbertstr. 100, 52062 Aachen (지점 확인)","52062","식품","21.09.2026-27.09.2026","Breitsamer Honig Faires Frühstück","je 500-g-Glas, (1 kg = 9,98 €)","4.99","","","9,98 €","https://www.rewe.de/angebote/aachen/1931021/rewe-markt-kaiserplatz-1-adalbertstr-100/"
"2026-09-20 21:02 Europe/Berlin","REWE","REWE Markt, Kaiserplatz 1 / Adalbertstr. 100, 52062 Aachen (지점 확인)","52062","식품","21.09.2026-27.09.2026","Brunch Brotaufstrich","versch. Sorten, je 185-g-Becher, (1 kg = 6,97 €)","1.29","","","6,97 €","https://www.rewe.de/angebote/aachen/1931021/rewe-markt-kaiserplatz-1-adalbertstr-100/"
"2026-09-20 21:02 Europe/Berlin","REWE","REWE Markt, Kaiserplatz 1 / Adalbertstr. 100, 52062 Aachen (지점 확인)","52062","주류","21.09.2026-27.09.2026","Budweiser Premium Czech Lager","je 20 x 0,5-l-Fl.-Kasten, (1 l = 1,50 €), zzgl. 3,10 € Pfand","14.99","","","1,50 €","https://www.rewe.de/angebote/aachen/1931021/rewe-markt-kaiserplatz-1-adalbertstr-100/"
"2026-09-20 21:02 Europe/Berlin","REWE","REWE Markt, Kaiserplatz 1 / Adalbertstr. 100, 52062 Aachen (지점 확인)","52062","식품","21.09.2026-27.09.2026","Bürger Maultaschen","traditionell schwäbisch, je 360-g-Btl., (1 kg = 4,69 €)","1.69","","","4,69 €","https://www.rewe.de/angebote/aachen/1931021/rewe-markt-kaiserplatz-1-adalbertstr-100/"
"2026-09-20 21:02 Europe/Berlin","REWE","REWE Markt, Kaiserplatz 1 / Adalbertstr. 100, 52062 Aachen (지점 확인)","52062","식품","21.09.2026-27.09.2026","Burgis Sonntagsknödel","je 500-g-Pckg., (1 kg = 3,58 €)","1.79","","","3,58 €","https://www.rewe.de/angebote/aachen/1931021/rewe-markt-kaiserplatz-1-adalbertstr-100/"
"2026-09-20 21:02 Europe/Berlin","REWE","REWE Markt, Kaiserplatz 1 / Adalbertstr. 100, 52062 Aachen (지점 확인)","52062","음료","21.09.2026-27.09.2026","Burgwallbronn Mineralwasser","versch. Sorten, je 12 x 1-l-Fl.-Kasten, (1 l = 0,42 €), zzgl. 3,30 € Pfand","4.99","","","0,42 €","https://www.rewe.de/angebote/aachen/1931021/rewe-markt-kaiserplatz-1-adalbertstr-100/"
"2026-09-20 21:02 Europe/Berlin","REWE","REWE Markt, Kaiserplatz 1 / Adalbertstr. 100, 52062 Aachen (지점 확인)","52062","식품","21.09.2026-27.09.2026","Butcher’s Angus Irish Beef oder Beef Rindfleisch Burger Patties","je 230-g-Pckg., (1 kg = 18,65 €)","4.29","","","18,65 €","https://www.rewe.de/angebote/aachen/1931021/rewe-markt-kaiserplatz-1-adalbertstr-100/"
"2026-09-20 21:02 Europe/Berlin","REWE","REWE Markt, Kaiserplatz 1 / Adalbertstr. 100, 52062 Aachen (지점 확인)","52062","식품","21.09.2026-27.09.2026","Butcher’s Barbecue Schweine-Nackensteaks","in versch. Marinaden, je 380-g-Pckg., (1 kg = 9,97 €)","3.79","","","9,97 €","https://www.rewe.de/angebote/aachen/1931021/rewe-markt-kaiserplatz-1-adalbertstr-100/"
"2026-09-20 21:02 Europe/Berlin","REWE","REWE Markt, Kaiserplatz 1 / Adalbertstr. 100, 52062 Aachen (지점 확인)","52062","식품","21.09.2026-27.09.2026","Butter-Quarktasche","je St.","0.99","","","","https://www.rewe.de/angebote/aachen/1931021/rewe-markt-kaiserplatz-1-adalbertstr-100/"
"2026-09-20 21:02 Europe/Berlin","REWE","REWE Markt, Kaiserplatz 1 / Adalbertstr. 100, 52062 Aachen (지점 확인)","52062","식품","21.09.2026-27.09.2026","Buttermilch-Batzen","Hefefeingebäck, mild und süß-aromatisch im Geschmack, je 350-g-St., (1 kg = 4,26 €)","1.49","","","4,26 €","https://www.rewe.de/angebote/aachen/1931021/rewe-markt-kaiserplatz-1-adalbertstr-100/"
"2026-09-20 21:02 Europe/Berlin","REWE","REWE Markt, Kaiserplatz 1 / Adalbertstr. 100, 52062 Aachen (지점 확인)","52062","식품","21.09.2026-27.09.2026","Chicorée","Kl. I, je 500-g-Pckg., (1 kg = 3,18 €)","1.59","","","3,18 €","https://www.rewe.de/angebote/aachen/1931021/rewe-markt-kaiserplatz-1-adalbertstr-100/"
"2026-09-20 21:02 Europe/Berlin","REWE","REWE Markt, Kaiserplatz 1 / Adalbertstr. 100, 52062 Aachen (지점 확인)","52062","음료","21.09.2026-27.09.2026","Coca-Cola oder Coca-Cola Zero Friendspack","koffeinhaltig, je 10 x 0,33-l-Dosen-Pckg., (1 l = 1,82 €), zzgl. 2,50 € Pfand","5.99","","","1,82 €","https://www.rewe.de/angebote/aachen/1931021/rewe-markt-kaiserplatz-1-adalbertstr-100/"
"2026-09-20 21:02 Europe/Berlin","REWE","REWE Markt, Kaiserplatz 1 / Adalbertstr. 100, 52062 Aachen (지점 확인)","52062","식품","21.09.2026-27.09.2026","Coppenrath & Wiese Lust auf Kuchen Erdbeer Cheesecake","tiefgefroren, je 550-g-Pckg., (1 kg = 6,35 €)","3.49","","","6,35 €","https://www.rewe.de/angebote/aachen/1931021/rewe-markt-kaiserplatz-1-adalbertstr-100/"
"2026-09-20 21:02 Europe/Berlin","REWE","REWE Markt, Kaiserplatz 1 / Adalbertstr. 100, 52062 Aachen (지점 확인)","52062","식품","21.09.2026-27.09.2026","Coppenrath & Wiese Lust auf Vegan Mandel-Bienenstich-Torte","tiefgefroren, je 360-g-Pckg., (1 kg = 9,69 €)","3.49","","","9,69 €","https://www.rewe.de/angebote/aachen/1931021/rewe-markt-kaiserplatz-1-adalbertstr-100/"
"2026-09-20 21:02 Europe/Berlin","REWE","REWE Markt, Kaiserplatz 1 / Adalbertstr. 100, 52062 Aachen (지점 확인)","52062","식품","21.09.2026-27.09.2026","Coppenrath & Wiese Sahne Rolle","versch. Sorten, tiefgefroren, je 350-g-Pckg., (1 kg = 7,40 €)","2.59","","","7,40 €","https://www.rewe.de/angebote/aachen/1931021/rewe-markt-kaiserplatz-1-adalbertstr-100/"
"2026-09-20 21:02 Europe/Berlin","REWE","REWE Markt, Kaiserplatz 1 / Adalbertstr. 100, 52062 Aachen (지점 확인)","52062","식품","21.09.2026-27.09.2026","Corny Müsliriegel Milch Classic","je 4 x 30-g-Pckg., (1 kg = 14,92 €)","1.79","","","14,92 €","https://www.rewe.de/angebote/aachen/1931021/rewe-markt-kaiserplatz-1-adalbertstr-100/"
"2026-09-20 21:02 Europe/Berlin","REWE","REWE Markt, Kaiserplatz 1 / Adalbertstr. 100, 52062 Aachen (지점 확인)","52062","식품","21.09.2026-27.09.2026","Corny Müsliriegel Schoko","je 6 x 25-g-Pckg., (1 kg = 11,93 €)","1.79","","","11,93 €","https://www.rewe.de/angebote/aachen/1931021/rewe-markt-kaiserplatz-1-adalbertstr-100/"
"2026-09-20 21:02 Europe/Berlin","REWE","REWE Markt, Kaiserplatz 1 / Adalbertstr. 100, 52062 Aachen (지점 확인)","52062","식품","21.09.2026-27.09.2026","Costa Pacific Prawns","tiefgefroren, je 215-g-Btl., (1 kg = 37,16 €)","7.99","","","37,16 €","https://www.rewe.de/angebote/aachen/1931021/rewe-markt-kaiserplatz-1-adalbertstr-100/"
"2026-09-20 21:02 Europe/Berlin","REWE","REWE Markt, Kaiserplatz 1 / Adalbertstr. 100, 52062 Aachen (지점 확인)","52062","식품","21.09.2026-27.09.2026","Dallmayr Crema d’Oro","ganze Bohnen, je 1000-g-Pckg.","12.99","","","","https://www.rewe.de/angebote/aachen/1931021/rewe-markt-kaiserplatz-1-adalbertstr-100/"
"2026-09-20 21:02 Europe/Berlin","REWE","REWE Markt, Kaiserplatz 1 / Adalbertstr. 100, 52062 Aachen (지점 확인)","52062","식품","21.09.2026-27.09.2026","DeBeukelaer Cereola","versch. Sorten, je 150-g-Pckg., (1 kg = 9,93 €)","1.49","","","9,93 €","https://www.rewe.de/angebote/aachen/1931021/rewe-markt-kaiserplatz-1-adalbertstr-100/"
"2026-09-20 21:02 Europe/Berlin","REWE","REWE Markt, Kaiserplatz 1 / Adalbertstr. 100, 52062 Aachen (지점 확인)","52062","주류","21.09.2026-27.09.2026","Deutsches Weintor Exklusiv Qualitätswein","versch. Sorten, trocken, je 0,75-l-Fl., (1 l = 5,32 €)","3.99","","","5,32 €","https://www.rewe.de/angebote/aachen/1931021/rewe-markt-kaiserplatz-1-adalbertstr-100/"
"2026-09-20 21:02 Europe/Berlin","REWE","REWE Markt, Kaiserplatz 1 / Adalbertstr. 100, 52062 Aachen (지점 확인)","52062","식품","21.09.2026-27.09.2026","Doritos Nacho Cheese","je 110-g-Pckg., (1 kg = 9,00 €)","0.99","","","9,00 €","https://www.rewe.de/angebote/aachen/1931021/rewe-markt-kaiserplatz-1-adalbertstr-100/"
"2026-09-20 21:02 Europe/Berlin","REWE","REWE Markt, Kaiserplatz 1 / Adalbertstr. 100, 52062 Aachen (지점 확인)","52062","식품","21.09.2026-27.09.2026","Dr. Oetker Bourbon-Vanille Soße","je 250-ml-Becher, (1 l = 5,16 €)","1.29","","","5,16 €","https://www.rewe.de/angebote/aachen/1931021/rewe-markt-kaiserplatz-1-adalbertstr-100/"
"2026-09-20 21:02 Europe/Berlin","REWE","REWE Markt, Kaiserplatz 1 / Adalbertstr. 100, 52062 Aachen (지점 확인)","52062","식품","21.09.2026-27.09.2026","Dr. Oetker Götterspeise","Waldmeister mit Bourbon-Vanillesoße, je 160-g-Becher, (1 kg = 4,31 €)","0.69","","","4,31 €","https://www.rewe.de/angebote/aachen/1931021/rewe-markt-kaiserplatz-1-adalbertstr-100/"
"2026-09-20 21:02 Europe/Berlin","REWE","REWE Markt, Kaiserplatz 1 / Adalbertstr. 100, 52062 Aachen (지점 확인)","52062","식품","21.09.2026-27.09.2026","Dr. Oetker Götterspeise XXL Waldmeister","je 500-g-Becher, (1 kg = 2,58 €)","1.29","","","2,58 €","https://www.rewe.de/angebote/aachen/1931021/rewe-markt-kaiserplatz-1-adalbertstr-100/"
"2026-09-20 21:02 Europe/Berlin","REWE","REWE Markt, Kaiserplatz 1 / Adalbertstr. 100, 52062 Aachen (지점 확인)","52062","식품","21.09.2026-27.09.2026","Dr. Oetker Grießbrei","je 92-g-Btl., (1 kg = 10,76 €)","0.99","","","10,76 €","https://www.rewe.de/angebote/aachen/1931021/rewe-markt-kaiserplatz-1-adalbertstr-100/"
"2026-09-20 21:02 Europe/Berlin","REWE","REWE Markt, Kaiserplatz 1 / Adalbertstr. 100, 52062 Aachen (지점 확인)","52062","식품","21.09.2026-27.09.2026","Dr. Oetker Milchreis","je 125-g-Btl., (1 kg = 7,92 €)","0.99","","","7,92 €","https://www.rewe.de/angebote/aachen/1931021/rewe-markt-kaiserplatz-1-adalbertstr-100/"
"2026-09-20 21:02 Europe/Berlin","REWE","REWE Markt, Kaiserplatz 1 / Adalbertstr. 100, 52062 Aachen (지점 확인)","52062","식품","21.09.2026-27.09.2026","Dr. Oetker Paradiescreme Kleine Auszeit","Vanille, je 27-g-Btl., (1 kg = 29,26 €)","0.79","","","29,26 €","https://www.rewe.de/angebote/aachen/1931021/rewe-markt-kaiserplatz-1-adalbertstr-100/"
"2026-09-20 21:02 Europe/Berlin","REWE","REWE Markt, Kaiserplatz 1 / Adalbertstr. 100, 52062 Aachen (지점 확인)","52062","식품","21.09.2026-27.09.2026","Dr. Oetker Ristorante Pizza Salame","tiefgefroren, je 320-g-Pckg., (1 kg = 5,59 €)","1.79","","","5,59 €","https://www.rewe.de/angebote/aachen/1931021/rewe-markt-kaiserplatz-1-adalbertstr-100/"
"2026-09-20 21:02 Europe/Berlin","REWE","REWE Markt, Kaiserplatz 1 / Adalbertstr. 100, 52062 Aachen (지점 확인)","52062","식품","21.09.2026-27.09.2026","Dr. Oetker Ristorante Pizza Spinaci","tiefgefroren, je 390-g-Pckg., (1 kg = 4,59 €)","1.79","","","4,59 €","https://www.rewe.de/angebote/aachen/1931021/rewe-markt-kaiserplatz-1-adalbertstr-100/"
"2026-09-20 21:02 Europe/Berlin","REWE","REWE Markt, Kaiserplatz 1 / Adalbertstr. 100, 52062 Aachen (지점 확인)","52062","식품","21.09.2026-27.09.2026","Dr. Oetker Rotwein Mousse","je 100-g-Becher, (1 kg = 6,90 €)","0.69","","","6,90 €","https://www.rewe.de/angebote/aachen/1931021/rewe-markt-kaiserplatz-1-adalbertstr-100/"
"2026-09-20 21:02 Europe/Berlin","REWE","REWE Markt, Kaiserplatz 1 / Adalbertstr. 100, 52062 Aachen (지점 확인)","52062","식품","21.09.2026-27.09.2026","Dr. Oetker Seelenwärmer Tassen-Cremepudding","Schokolade, je 58-g-Pckg., (1 kg = 13,62 €)","0.79","","","13,62 €","https://www.rewe.de/angebote/aachen/1931021/rewe-markt-kaiserplatz-1-adalbertstr-100/"
"2026-09-20 21:02 Europe/Berlin","REWE","REWE Markt, Kaiserplatz 1 / Adalbertstr. 100, 52062 Aachen (지점 확인)","52062","음료","21.09.2026-27.09.2026","Dryll Elektrolyte-Getränk","versch. Sorten, je 0,33-l-Dose, (1 l = 4,52 €), zzgl. 0,25 € Pfand","1.49","","","4,52 €","https://www.rewe.de/angebote/aachen/1931021/rewe-markt-kaiserplatz-1-adalbertstr-100/"
"2026-09-20 21:02 Europe/Berlin","REWE","REWE Markt, Kaiserplatz 1 / Adalbertstr. 100, 52062 Aachen (지점 확인)","52062","음료","21.09.2026-27.09.2026","Effect Energy Drink","versch. Sorten, koffeinhaltig, je 0,33-l-Dose, (1 l = 2,09 €), zzgl. 0,25 € Pfand","0.69","","","2,09 €","https://www.rewe.de/angebote/aachen/1931021/rewe-markt-kaiserplatz-1-adalbertstr-100/"
"2026-09-20 21:02 Europe/Berlin","REWE","REWE Markt, Kaiserplatz 1 / Adalbertstr. 100, 52062 Aachen (지점 확인)","52062","식품","21.09.2026-27.09.2026","Ehrmann High Protein Pudding oder High Protein Joghurt","versch. Sorten, je 200-g-Becher, (1 kg = 4,95 €)","0.99","","","4,95 €","https://www.rewe.de/angebote/aachen/1931021/rewe-markt-kaiserplatz-1-adalbertstr-100/"
"2026-09-20 21:02 Europe/Berlin","REWE","REWE Markt, Kaiserplatz 1 / Adalbertstr. 100, 52062 Aachen (지점 확인)","52062","식품","21.09.2026-27.09.2026","Eisbergsalat","Kl. I, je St.","0.89","","","","https://www.rewe.de/angebote/aachen/1931021/rewe-markt-kaiserplatz-1-adalbertstr-100/"
"2026-09-20 21:02 Europe/Berlin","REWE","REWE Markt, Kaiserplatz 1 / Adalbertstr. 100, 52062 Aachen (지점 확인)","52062","식품","21.09.2026-27.09.2026","El Pozo Iberico Fuetec Spanische Salami","je 150-g-Pckg., (1 kg = 17,27 €)","2.59","","","17,27 €","https://www.rewe.de/angebote/aachen/1931021/rewe-markt-kaiserplatz-1-adalbertstr-100/"
"2026-09-20 21:02 Europe/Berlin","REWE","REWE Markt, Kaiserplatz 1 / Adalbertstr. 100, 52062 Aachen (지점 확인)","52062","식품","21.09.2026-27.09.2026","Elpozo Original Fuetec spanische Salami","luftgetrocknet, je 170-g-Pckg., (1 kg = 15,24 €)","2.59","","","15,24 €","https://www.rewe.de/angebote/aachen/1931021/rewe-markt-kaiserplatz-1-adalbertstr-100/"
"2026-09-20 21:02 Europe/Berlin","REWE","REWE Markt, Kaiserplatz 1 / Adalbertstr. 100, 52062 Aachen (지점 확인)","52062","식품","21.09.2026-27.09.2026","Erasco Eintopf","versch. Sorten, je 800-g-Dose, (1 kg = 2,35 €)","1.88","","","2,35 €","https://www.rewe.de/angebote/aachen/1931021/rewe-markt-kaiserplatz-1-adalbertstr-100/"
"2026-09-20 21:02 Europe/Berlin","REWE","REWE Markt, Kaiserplatz 1 / Adalbertstr. 100, 52062 Aachen (지점 확인)","52062","주류","21.09.2026-27.09.2026","Erdinger Weißbier oder Brauhaus","auch alkoholfrei, je 20 x 0,5-l-Fl.-Kasten, (1 l = 1,40 €), zzgl. 3,10 € Pfand","13.99","","","1,40 €","https://www.rewe.de/angebote/aachen/1931021/rewe-markt-kaiserplatz-1-adalbertstr-100/"
"2026-09-20 21:02 Europe/Berlin","REWE","REWE Markt, Kaiserplatz 1 / Adalbertstr. 100, 52062 Aachen (지점 확인)","52062","주류","21.09.2026-27.09.2026","Finvara Irish Whiskey","43% Vol., je 0,7-l-Fl., (1 l = 28,56 €)","19.99","","","28,56 €","https://www.rewe.de/angebote/aachen/1931021/rewe-markt-kaiserplatz-1-adalbertstr-100/"
"2026-09-20 21:02 Europe/Berlin","REWE","REWE Markt, Kaiserplatz 1 / Adalbertstr. 100, 52062 Aachen (지점 확인)","52062","주류","21.09.2026-27.09.2026","Flor de Cana Rum Oro Reserva","37,5% Vol., je 0,7-l-Fl., (1 l = 14,27 €)","9.99","","","14,27 €","https://www.rewe.de/angebote/aachen/1931021/rewe-markt-kaiserplatz-1-adalbertstr-100/"
"2026-09-20 21:02 Europe/Berlin","REWE","REWE Markt, Kaiserplatz 1 / Adalbertstr. 100, 52062 Aachen (지점 확인)","52062","식품","21.09.2026-27.09.2026","Fol Epi Classic","frz. Schnittkäse, versch. Sorten, je 150-g-Pckg., (1 kg = 9,93 €)","1.49","","","9,93 €","https://www.rewe.de/angebote/aachen/1931021/rewe-markt-kaiserplatz-1-adalbertstr-100/"
"2026-09-20 21:02 Europe/Berlin","REWE","REWE Markt, Kaiserplatz 1 / Adalbertstr. 100, 52062 Aachen (지점 확인)","52062","식품","21.09.2026-27.09.2026","Followfood Bio Lachs Filets","tiefgefroren, je 200-g-Pckg., (1 kg = 39,95 €)","7.99","","","39,95 €","https://www.rewe.de/angebote/aachen/1931021/rewe-markt-kaiserplatz-1-adalbertstr-100/"
"2026-09-20 21:02 Europe/Berlin","REWE","REWE Markt, Kaiserplatz 1 / Adalbertstr. 100, 52062 Aachen (지점 확인)","52062","식품","21.09.2026-27.09.2026","Foodmaker Big Bowl","versch. Sorten, je 375-g-Schale, (1 kg = 13,31 €)","4.99","","","13,31 €","https://www.rewe.de/angebote/aachen/1931021/rewe-markt-kaiserplatz-1-adalbertstr-100/"
"2026-09-20 21:02 Europe/Berlin","REWE","REWE Markt, Kaiserplatz 1 / Adalbertstr. 100, 52062 Aachen (지점 확인)","52062","식품","21.09.2026-27.09.2026","Frico Gouda jung","holl. Schnittkäse, 51% Fett i.Tr., je 100 g","0.89","","","","https://www.rewe.de/angebote/aachen/1931021/rewe-markt-kaiserplatz-1-adalbertstr-100/"
"2026-09-20 21:02 Europe/Berlin","REWE","REWE Markt, Kaiserplatz 1 / Adalbertstr. 100, 52062 Aachen (지점 확인)","52062","식품","21.09.2026-27.09.2026","Frische Kräuter Petersilie glatt","je 40-g-Schale, (1 kg = 19,75 €)","0.79","","","19,75 €","https://www.rewe.de/angebote/aachen/1931021/rewe-markt-kaiserplatz-1-adalbertstr-100/"
"2026-09-20 21:02 Europe/Berlin","REWE","REWE Markt, Kaiserplatz 1 / Adalbertstr. 100, 52062 Aachen (지점 확인)","52062","식품","21.09.2026-27.09.2026","Frische Kräuter Schnittlauch","je 25-g-Schale, (1 kg = 31,60 €)","0.79","","","31,60 €","https://www.rewe.de/angebote/aachen/1931021/rewe-markt-kaiserplatz-1-adalbertstr-100/"
"2026-09-20 21:02 Europe/Berlin","REWE","REWE Markt, Kaiserplatz 1 / Adalbertstr. 100, 52062 Aachen (지점 확인)","52062","식품","21.09.2026-27.09.2026","Frisches Oktoberfest-Hendl","gewürzt, SB-verpackt, je 1 kg","6.99","","","","https://www.rewe.de/angebote/aachen/1931021/rewe-markt-kaiserplatz-1-adalbertstr-100/"
"2026-09-20 21:02 Europe/Berlin","REWE","REWE Markt, Kaiserplatz 1 / Adalbertstr. 100, 52062 Aachen (지점 확인)","52062","식품","21.09.2026-27.09.2026","Frischwurst-Aufschnitt","versch. Sorten, je 100 g","1.39","","","","https://www.rewe.de/angebote/aachen/1931021/rewe-markt-kaiserplatz-1-adalbertstr-100/"
"2026-09-20 21:02 Europe/Berlin","REWE","REWE Markt, Kaiserplatz 1 / Adalbertstr. 100, 52062 Aachen (지점 확인)","52062","식품","21.09.2026-27.09.2026","Frosta Gemüsepfanne alla Toscana","tiefgefroren, je 480-g-Btl., (1 kg = 4,15 €)","1.99","","","4,15 €","https://www.rewe.de/angebote/aachen/1931021/rewe-markt-kaiserplatz-1-adalbertstr-100/"
"2026-09-20 21:02 Europe/Berlin","REWE","REWE Markt, Kaiserplatz 1 / Adalbertstr. 100, 52062 Aachen (지점 확인)","52062","식품","21.09.2026-27.09.2026","Frosta Rahm Geschnetzeltes","tiefgefroren, je 375-g-Btl., (1 kg = 5,31 €)","1.99","","","5,31 €","https://www.rewe.de/angebote/aachen/1931021/rewe-markt-kaiserplatz-1-adalbertstr-100/"
"2026-09-20 21:02 Europe/Berlin","REWE","REWE Markt, Kaiserplatz 1 / Adalbertstr. 100, 52062 Aachen (지점 확인)","52062","식품","21.09.2026-27.09.2026","Galbani Mozzarella Classic","je 225-g-Pckg., (1 kg = 8,88 €), 125 g Abtropfgewicht","1.11","","","8,88 €","https://www.rewe.de/angebote/aachen/1931021/rewe-markt-kaiserplatz-1-adalbertstr-100/"
"2026-09-20 21:02 Europe/Berlin","REWE","REWE Markt, Kaiserplatz 1 / Adalbertstr. 100, 52062 Aachen (지점 확인)","52062","식품","21.09.2026-27.09.2026","Garden Gourmet Vegane Filetstreifen","je 175-g-Pckg., (1 kg = 14,23 €)","2.49","","","14,23 €","https://www.rewe.de/angebote/aachen/1931021/rewe-markt-kaiserplatz-1-adalbertstr-100/"
"2026-09-20 21:02 Europe/Berlin","REWE","REWE Markt, Kaiserplatz 1 / Adalbertstr. 100, 52062 Aachen (지점 확인)","52062","식품","21.09.2026-27.09.2026","Garden Gourmet Vegetarische Gemüsebällchen","je 200-g-Pckg., (1 kg = 12,45 €)","2.49","","","12,45 €","https://www.rewe.de/angebote/aachen/1931021/rewe-markt-kaiserplatz-1-adalbertstr-100/"
"2026-09-20 21:02 Europe/Berlin","REWE","REWE Markt, Kaiserplatz 1 / Adalbertstr. 100, 52062 Aachen (지점 확인)","52062","식품","21.09.2026-27.09.2026","Gelbe Speisezwiebeln","Kl. II, je 1,5-kg-Netz, (1 kg = 0,79 €)","1.19","","","0,79 €","https://www.rewe.de/angebote/aachen/1931021/rewe-markt-kaiserplatz-1-adalbertstr-100/"
"2026-09-20 21:02 Europe/Berlin","REWE","REWE Markt, Kaiserplatz 1 / Adalbertstr. 100, 52062 Aachen (지점 확인)","52062","식품","21.09.2026-27.09.2026","Géramont Scheiben mit Skyr","je 150-g-Pckg., (1 kg = 15,26 €)","2.29","","","15,26 €","https://www.rewe.de/angebote/aachen/1931021/rewe-markt-kaiserplatz-1-adalbertstr-100/"
"2026-09-20 21:02 Europe/Berlin","REWE","REWE Markt, Kaiserplatz 1 / Adalbertstr. 100, 52062 Aachen (지점 확인)","52062","식품","21.09.2026-27.09.2026","Géramont Weichkäse","je 200-g-Pckg., (1 kg = 11,45 €)","2.29","","","11,45 €","https://www.rewe.de/angebote/aachen/1931021/rewe-markt-kaiserplatz-1-adalbertstr-100/"
"2026-09-20 21:02 Europe/Berlin","REWE","REWE Markt, Kaiserplatz 1 / Adalbertstr. 100, 52062 Aachen (지점 확인)","52062","음료","21.09.2026-27.09.2026","Gerolsteiner Mineralwasser","versch. Sorten, je 6 x 1-l-Fl.-Kasten, (1 l = 0,83 €), zzgl. 2,40 € Pfand","4.99","","","0,83 €","https://www.rewe.de/angebote/aachen/1931021/rewe-markt-kaiserplatz-1-adalbertstr-100/"
"2026-09-20 21:02 Europe/Berlin","REWE","REWE Markt, Kaiserplatz 1 / Adalbertstr. 100, 52062 Aachen (지점 확인)","52062","음료","21.09.2026-27.09.2026","Gönrgy Energy Drink","versch. Sorten, koffeinhaltig, je 0,5-l-Dose, (1 l = 1,98 €), zzgl. 0,25 € Pfand","0.99","","","1,98 €","https://www.rewe.de/angebote/aachen/1931021/rewe-markt-kaiserplatz-1-adalbertstr-100/"
"2026-09-20 21:02 Europe/Berlin","REWE","REWE Markt, Kaiserplatz 1 / Adalbertstr. 100, 52062 Aachen (지점 확인)","52062","식품","21.09.2026-27.09.2026","Granatapfelkerne","je 80-g-Schale, (1 kg = 21,13 €)","1.69","","","21,13 €","https://www.rewe.de/angebote/aachen/1931021/rewe-markt-kaiserplatz-1-adalbertstr-100/"
"2026-09-20 21:02 Europe/Berlin","REWE","REWE Markt, Kaiserplatz 1 / Adalbertstr. 100, 52062 Aachen (지점 확인)","52062","주류","21.09.2026-27.09.2026","Grand Sud Vin de France","versch. Sorten, trocken, je 1-l-Fl.","2.99","","","","https://www.rewe.de/angebote/aachen/1931021/rewe-markt-kaiserplatz-1-adalbertstr-100/"
"2026-09-20 21:02 Europe/Berlin","REWE","REWE Markt, Kaiserplatz 1 / Adalbertstr. 100, 52062 Aachen (지점 확인)","52062","음료","21.09.2026-27.09.2026","Granini Die Limo","versch. Sorten, je 1-l-Fl., zzgl. 0,25 € Pfand","1.29","","","","https://www.rewe.de/angebote/aachen/1931021/rewe-markt-kaiserplatz-1-adalbertstr-100/"
"2026-09-20 21:02 Europe/Berlin","REWE","REWE Markt, Kaiserplatz 1 / Adalbertstr. 100, 52062 Aachen (지점 확인)","52062","음료","21.09.2026-27.09.2026","Granini Fresh","versch. Sorten, je 0,75-l-Fl., (1 l = 1,72 €), zzgl. 0,25 € Pfand","1.29","","","1,72 €","https://www.rewe.de/angebote/aachen/1931021/rewe-markt-kaiserplatz-1-adalbertstr-100/"
"2026-09-20 21:02 Europe/Berlin","REWE","REWE Markt, Kaiserplatz 1 / Adalbertstr. 100, 52062 Aachen (지점 확인)","52062","주류","21.09.2026-27.09.2026","Grasovka Vodka","38% Vol., je 0,7-l-Fl., (1 l = 14,27 €)","9.99","","","14,27 €","https://www.rewe.de/angebote/aachen/1931021/rewe-markt-kaiserplatz-1-adalbertstr-100/"
"2026-09-20 21:02 Europe/Berlin","REWE","REWE Markt, Kaiserplatz 1 / Adalbertstr. 100, 52062 Aachen (지점 확인)","52062","식품","21.09.2026-27.09.2026","Grillspieß Dönerstyle","je 320-g-Pckg., (1 kg = 12,47 €)","3.99","","","12,47 €","https://www.rewe.de/angebote/aachen/1931021/rewe-markt-kaiserplatz-1-adalbertstr-100/"
"2026-09-20 21:02 Europe/Berlin","REWE","REWE Markt, Kaiserplatz 1 / Adalbertstr. 100, 52062 Aachen (지점 확인)","52062","식품","21.09.2026-27.09.2026","Grüne Kiwi","Kl. I, je St.","0.39","","","","https://www.rewe.de/angebote/aachen/1931021/rewe-markt-kaiserplatz-1-adalbertstr-100/"
"2026-09-20 21:02 Europe/Berlin","REWE","REWE Markt, Kaiserplatz 1 / Adalbertstr. 100, 52062 Aachen (지점 확인)","52062","식품","21.09.2026-27.09.2026","Grüne Tafelbirnen","Sorte: siehe Etikett, Kl. I, je 1-kg-Schale","1.49","","","","https://www.rewe.de/angebote/aachen/1931021/rewe-markt-kaiserplatz-1-adalbertstr-100/"
"2026-09-20 21:02 Europe/Berlin","REWE","REWE Markt, Kaiserplatz 1 / Adalbertstr. 100, 52062 Aachen (지점 확인)","52062","식품","21.09.2026-27.09.2026","Grünländer mild & nussig","Schnittkäse, 48% Fett i.Tr., je 100 g","1.19","","","","https://www.rewe.de/angebote/aachen/1931021/rewe-markt-kaiserplatz-1-adalbertstr-100/"
"2026-09-20 21:02 Europe/Berlin","REWE","REWE Markt, Kaiserplatz 1 / Adalbertstr. 100, 52062 Aachen (지점 확인)","52062","식품","21.09.2026-27.09.2026","Gustavo Gusto Pizza Amore Napoli Mozzarella","tiefgefroren, je 320-g-Pckg., (1 kg = 9,34 €)","2.99","","","9,34 €","https://www.rewe.de/angebote/aachen/1931021/rewe-markt-kaiserplatz-1-adalbertstr-100/"
"2026-09-20 21:02 Europe/Berlin","REWE","REWE Markt, Kaiserplatz 1 / Adalbertstr. 100, 52062 Aachen (지점 확인)","52062","식품","21.09.2026-27.09.2026","Gustavo Gusto Pizza Amore Napoli Salame","tiefgefroren, je 315-g-Pckg., (1 kg = 9,49 €)","2.99","","","9,49 €","https://www.rewe.de/angebote/aachen/1931021/rewe-markt-kaiserplatz-1-adalbertstr-100/"
"2026-09-20 21:02 Europe/Berlin","REWE","REWE Markt, Kaiserplatz 1 / Adalbertstr. 100, 52062 Aachen (지점 확인)","52062","식품","21.09.2026-27.09.2026","Gutfried Geflügel-Fleischwurst","fein-würzig, je 400-g-Pckg., (1 kg = 6,98 €)","2.79","","","6,98 €","https://www.rewe.de/angebote/aachen/1931021/rewe-markt-kaiserplatz-1-adalbertstr-100/"
"2026-09-20 21:02 Europe/Berlin","REWE","REWE Markt, Kaiserplatz 1 / Adalbertstr. 100, 52062 Aachen (지점 확인)","52062","식품","21.09.2026-27.09.2026","Gutfried Hähnchen-Fleischwurst","würzig-frisch, je 350-g-Pckg., (1 kg = 7,97 €)","2.79","","","7,97 €","https://www.rewe.de/angebote/aachen/1931021/rewe-markt-kaiserplatz-1-adalbertstr-100/"
"2026-09-20 21:02 Europe/Berlin","REWE","REWE Markt, Kaiserplatz 1 / Adalbertstr. 100, 52062 Aachen (지점 확인)","52062","식품","21.09.2026-27.09.2026","Harry Airfryer Brot","versch. Sorten, je 300-g-Btl., (1 kg = 4,97 €)","1.49","","","4,97 €","https://www.rewe.de/angebote/aachen/1931021/rewe-markt-kaiserplatz-1-adalbertstr-100/"
"2026-09-20 21:02 Europe/Berlin","REWE","REWE Markt, Kaiserplatz 1 / Adalbertstr. 100, 52062 Aachen (지점 확인)","52062","주류","21.09.2026-27.09.2026","Heineken Premium Beer oder alkoholfrei","versch. Sorten, je 6 x 0,33-l-Fl.-Sixpack, (1 l = 2,52 €), zzgl. 0,48 € Pfand","4.99","","","2,52 €","https://www.rewe.de/angebote/aachen/1931021/rewe-markt-kaiserplatz-1-adalbertstr-100/"
"2026-09-20 21:02 Europe/Berlin","REWE","REWE Markt, Kaiserplatz 1 / Adalbertstr. 100, 52062 Aachen (지점 확인)","52062","음료","21.09.2026-27.09.2026","Hella Near Water","versch. Sorten, je 0,75-l-Fl., (1 l = 0,79 €), zzgl. 0,25 € Pfand","0.59","","","0,79 €","https://www.rewe.de/angebote/aachen/1931021/rewe-markt-kaiserplatz-1-adalbertstr-100/"
"2026-09-20 21:02 Europe/Berlin","REWE","REWE Markt, Kaiserplatz 1 / Adalbertstr. 100, 52062 Aachen (지점 확인)","52062","식품","21.09.2026-27.09.2026","Hellmann’s Mayonnaise Die Cremige oder Chunky Burger Sauce","je 250-ml-Fl., (1 l = 5,96 €)","1.49","","","5,96 €","https://www.rewe.de/angebote/aachen/1931021/rewe-markt-kaiserplatz-1-adalbertstr-100/"
"2026-09-20 21:02 Europe/Berlin","REWE","REWE Markt, Kaiserplatz 1 / Adalbertstr. 100, 52062 Aachen (지점 확인)","52062","식품","21.09.2026-27.09.2026","Henglein Gnocchi","je 500-g-Pckg., (1 kg = 3,78 €)","1.89","","","3,78 €","https://www.rewe.de/angebote/aachen/1931021/rewe-markt-kaiserplatz-1-adalbertstr-100/"
"2026-09-20 21:02 Europe/Berlin","REWE","REWE Markt, Kaiserplatz 1 / Adalbertstr. 100, 52062 Aachen (지점 확인)","52062","식품","21.09.2026-27.09.2026","Herta Finesse","versch. Sorten, je 100-g-Pckg., (1 kg = 13,90 €)","1.39","","","13,90 €","https://www.rewe.de/angebote/aachen/1931021/rewe-markt-kaiserplatz-1-adalbertstr-100/"
"2026-09-20 21:02 Europe/Berlin","REWE","REWE Markt, Kaiserplatz 1 / Adalbertstr. 100, 52062 Aachen (지점 확인)","52062","음료","21.09.2026-27.09.2026","Hohes C Saft","versch. Sorten, inkl. 100% Orangensäfte, je 1-l-Fl., zzgl. 0,25 € Pfand","1.79","","","","https://www.rewe.de/angebote/aachen/1931021/rewe-markt-kaiserplatz-1-adalbertstr-100/"
"2026-09-20 21:02 Europe/Berlin","REWE","REWE Markt, Kaiserplatz 1 / Adalbertstr. 100, 52062 Aachen (지점 확인)","52062","식품","21.09.2026-27.09.2026","Iglo 13 Backfischstäbchen","tiefgefroren, je 364-g-Pckg., (1 kg = 8,21 €)","2.99","","","8,21 €","https://www.rewe.de/angebote/aachen/1931021/rewe-markt-kaiserplatz-1-adalbertstr-100/"
"2026-09-20 21:02 Europe/Berlin","REWE","REWE Markt, Kaiserplatz 1 / Adalbertstr. 100, 52062 Aachen (지점 확인)","52062","식품","21.09.2026-27.09.2026","Iglo 15 Fischstäbchen","tiefgefroren, je 450-g-Pckg., (1 kg = 6,64 €)","2.99","","","6,64 €","https://www.rewe.de/angebote/aachen/1931021/rewe-markt-kaiserplatz-1-adalbertstr-100/"
"2026-09-20 21:02 Europe/Berlin","REWE","REWE Markt, Kaiserplatz 1 / Adalbertstr. 100, 52062 Aachen (지점 확인)","52062","식품","21.09.2026-27.09.2026","Iglo Chicken Nuggets","versch. Sorten, tiefgefroren, je 250-g-Pckg., (1 kg = 11,96 €)","2.99","","","11,96 €","https://www.rewe.de/angebote/aachen/1931021/rewe-markt-kaiserplatz-1-adalbertstr-100/"
"2026-09-20 21:02 Europe/Berlin","REWE","REWE Markt, Kaiserplatz 1 / Adalbertstr. 100, 52062 Aachen (지점 확인)","52062","식품","21.09.2026-27.09.2026","Iglo Chicken Stripes","tiefgefroren, je 220-g-Pckg., (1 kg = 13,59 €)","2.99","","","13,59 €","https://www.rewe.de/angebote/aachen/1931021/rewe-markt-kaiserplatz-1-adalbertstr-100/"
"2026-09-20 21:02 Europe/Berlin","REWE","REWE Markt, Kaiserplatz 1 / Adalbertstr. 100, 52062 Aachen (지점 확인)","52062","식품","21.09.2026-27.09.2026","ja! Backpapier-Zuschnitte","je 30 St.-Pckg.","0.95","","","","https://www.rewe.de/angebote/aachen/1931021/rewe-markt-kaiserplatz-1-adalbertstr-100/"
"2026-09-20 21:02 Europe/Berlin","REWE","REWE Markt, Kaiserplatz 1 / Adalbertstr. 100, 52062 Aachen (지점 확인)","52062","식품","21.09.2026-27.09.2026","ja! Cheddar in Scheiben","je 175-g-Pckg., (1 kg = 12,51 €)","2.19","","","12,51 €","https://www.rewe.de/angebote/aachen/1931021/rewe-markt-kaiserplatz-1-adalbertstr-100/"
"2026-09-20 21:02 Europe/Berlin","REWE","REWE Markt, Kaiserplatz 1 / Adalbertstr. 100, 52062 Aachen (지점 확인)","52062","식품","21.09.2026-27.09.2026","ja! Frische Hähnchen-Schenkel","Hkl. A, mit Rückenstück, SB-verpackt, je 1 kg","4.81","","","","https://www.rewe.de/angebote/aachen/1931021/rewe-markt-kaiserplatz-1-adalbertstr-100/"
"2026-09-20 21:02 Europe/Berlin","REWE","REWE Markt, Kaiserplatz 1 / Adalbertstr. 100, 52062 Aachen (지점 확인)","52062","식품","21.09.2026-27.09.2026","ja! Granduett","versch. Sorten, je 190-g-Becher, (1 kg = 2,58 €)","0.49","","","2,58 €","https://www.rewe.de/angebote/aachen/1931021/rewe-markt-kaiserplatz-1-adalbertstr-100/"
"2026-09-20 21:02 Europe/Berlin","REWE","REWE Markt, Kaiserplatz 1 / Adalbertstr. 100, 52062 Aachen (지점 확인)","52062","식품","21.09.2026-27.09.2026","ja! Karamell Keks Creme","je 100-g-Tafel, (1 kg = 9,90 €)","0.99","","","9,90 €","https://www.rewe.de/angebote/aachen/1931021/rewe-markt-kaiserplatz-1-adalbertstr-100/"
"2026-09-20 21:02 Europe/Berlin","REWE","REWE Markt, Kaiserplatz 1 / Adalbertstr. 100, 52062 Aachen (지점 확인)","52062","식품","21.09.2026-27.09.2026","ja! Käseaufschnitt","Edamer, Tilsiter & Emmentaler, 45% Fett i.Tr., je 250-g-Pckg., (1 kg = 7,56 €)","1.89","","","7,56 €","https://www.rewe.de/angebote/aachen/1931021/rewe-markt-kaiserplatz-1-adalbertstr-100/"
"2026-09-20 21:02 Europe/Berlin","REWE","REWE Markt, Kaiserplatz 1 / Adalbertstr. 100, 52062 Aachen (지점 확인)","52062","식품","21.09.2026-27.09.2026","ja! Mandeln","versch. Sorten, je 200-g-Btl., (1 kg = 12,45 €)","2.49","","","12,45 €","https://www.rewe.de/angebote/aachen/1931021/rewe-markt-kaiserplatz-1-adalbertstr-100/"
"2026-09-20 21:02 Europe/Berlin","REWE","REWE Markt, Kaiserplatz 1 / Adalbertstr. 100, 52062 Aachen (지점 확인)","52062","식품","21.09.2026-27.09.2026","ja! Mini Pizza","versch. Sorten, tiefgefroren, je 360-g-Pckg., (1 kg = 6,92 €)","2.49","","","6,92 €","https://www.rewe.de/angebote/aachen/1931021/rewe-markt-kaiserplatz-1-adalbertstr-100/"
"2026-09-20 21:02 Europe/Berlin","REWE","REWE Markt, Kaiserplatz 1 / Adalbertstr. 100, 52062 Aachen (지점 확인)","52062","식품","21.09.2026-27.09.2026","ja! Rinder-Cevapcici","je 400-g-Pckg., (1 kg = 13,23 €)","5.29","","","13,23 €","https://www.rewe.de/angebote/aachen/1931021/rewe-markt-kaiserplatz-1-adalbertstr-100/"
"2026-09-20 21:02 Europe/Berlin","REWE","REWE Markt, Kaiserplatz 1 / Adalbertstr. 100, 52062 Aachen (지점 확인)","52062","식품","21.09.2026-27.09.2026","ja! Sandwichwaffeln","je 128-g-Pckg., (1 kg = 13,98 €)","1.79","","","13,98 €","https://www.rewe.de/angebote/aachen/1931021/rewe-markt-kaiserplatz-1-adalbertstr-100/"
"2026-09-20 21:02 Europe/Berlin","REWE","REWE Markt, Kaiserplatz 1 / Adalbertstr. 100, 52062 Aachen (지점 확인)","52062","식품","21.09.2026-27.09.2026","ja! Schweine-Nackenkotelett","je 700-g-Pckg., (1 kg = 6,13 €)","4.29","","","6,13 €","https://www.rewe.de/angebote/aachen/1931021/rewe-markt-kaiserplatz-1-adalbertstr-100/"
"2026-09-20 21:02 Europe/Berlin","REWE","REWE Markt, Kaiserplatz 1 / Adalbertstr. 100, 52062 Aachen (지점 확인)","52062","식품","21.09.2026-27.09.2026","ja! Senf","mittelscharf, je 250-ml-Glas, (1 l = 2,36 €)","0.59","","","2,36 €","https://www.rewe.de/angebote/aachen/1931021/rewe-markt-kaiserplatz-1-adalbertstr-100/"
"2026-09-20 21:02 Europe/Berlin","REWE","REWE Markt, Kaiserplatz 1 / Adalbertstr. 100, 52062 Aachen (지점 확인)","52062","식품","21.09.2026-27.09.2026","ja! Westfälischer Pumpernickel","aus Roggenvollkornschrot, je 500-g-Pckg., (1 kg = 2,98 €)","1.49","","","2,98 €","https://www.rewe.de/angebote/aachen/1931021/rewe-markt-kaiserplatz-1-adalbertstr-100/"
"2026-09-20 21:02 Europe/Berlin","REWE","REWE Markt, Kaiserplatz 1 / Adalbertstr. 100, 52062 Aachen (지점 확인)","52062","주류","21.09.2026-27.09.2026","Jack Daniel’s Coca-Cola oder Southern Peach","10% Vol., teilw. koffeinhaltig, je 0,33-l-Dose, (1 l = 6,03 €), zzgl. 0,25 € Pfand","1.99","","","6,03 €","https://www.rewe.de/angebote/aachen/1931021/rewe-markt-kaiserplatz-1-adalbertstr-100/"
"2026-09-20 21:02 Europe/Berlin","REWE","REWE Markt, Kaiserplatz 1 / Adalbertstr. 100, 52062 Aachen (지점 확인)","52062","식품","21.09.2026-27.09.2026","Jacobs 2in1 Classic","je 124-g-Pckg., (1 kg = 16,05 €)","1.99","","","16,05 €","https://www.rewe.de/angebote/aachen/1931021/rewe-markt-kaiserplatz-1-adalbertstr-100/"
"2026-09-20 21:02 Europe/Berlin","REWE","REWE Markt, Kaiserplatz 1 / Adalbertstr. 100, 52062 Aachen (지점 확인)","52062","식품","21.09.2026-27.09.2026","Jacobs 3in1 Classic","je 120-g-Pckg., (1 kg = 16,58 €)","1.99","","","16,58 €","https://www.rewe.de/angebote/aachen/1931021/rewe-markt-kaiserplatz-1-adalbertstr-100/"
"2026-09-20 21:02 Europe/Berlin","REWE","REWE Markt, Kaiserplatz 1 / Adalbertstr. 100, 52062 Aachen (지점 확인)","52062","식품","21.09.2026-27.09.2026","Jacobs Krönung","versch. Sorten, gemahlener Bohnenkaffee, je 500-g-Pckg., (1 kg = 11,98 €)","5.99","","","11,98 €","https://www.rewe.de/angebote/aachen/1931021/rewe-markt-kaiserplatz-1-adalbertstr-100/"
"2026-09-20 21:02 Europe/Berlin","REWE","REWE Markt, Kaiserplatz 1 / Adalbertstr. 100, 52062 Aachen (지점 확인)","52062","주류","21.09.2026-27.09.2026","Johnnie Walker Red Label Blended Scotch Whisky","40% Vol., je 0,7-l-Fl., (1 l = 15,70 €)","10.99","","","15,70 €","https://www.rewe.de/angebote/aachen/1931021/rewe-markt-kaiserplatz-1-adalbertstr-100/"
"2026-09-20 21:02 Europe/Berlin","REWE","REWE Markt, Kaiserplatz 1 / Adalbertstr. 100, 52062 Aachen (지점 확인)","52062","주류","21.09.2026-27.09.2026","Jules Mumm Sekt","versch. Sorten, je 0,75-l-Fl., (1 l = 5,32 €)","3.99","","","5,32 €","https://www.rewe.de/angebote/aachen/1931021/rewe-markt-kaiserplatz-1-adalbertstr-100/"
"2026-09-20 21:02 Europe/Berlin","REWE","REWE Markt, Kaiserplatz 1 / Adalbertstr. 100, 52062 Aachen (지점 확인)","52062","주류","21.09.2026-27.09.2026","Karlsberg Mixery","versch. Sorten, teilw. koffeinhaltig, je 6 x 0,33-l-Fl.-Sixpack, (1 l = 2,02 €), zzgl. 0,48 € Pfand","3.99","","","2,02 €","https://www.rewe.de/angebote/aachen/1931021/rewe-markt-kaiserplatz-1-adalbertstr-100/"
"2026-09-20 21:02 Europe/Berlin","REWE","REWE Markt, Kaiserplatz 1 / Adalbertstr. 100, 52062 Aachen (지점 확인)","52062","식품","21.09.2026-27.09.2026","Kernlose Tafeltrauben","Sorte: siehe Etikett, Kl. I, je 1 kg","3.99","","","","https://www.rewe.de/angebote/aachen/1931021/rewe-markt-kaiserplatz-1-adalbertstr-100/"
"2026-09-20 21:02 Europe/Berlin","REWE","REWE Markt, Kaiserplatz 1 / Adalbertstr. 100, 52062 Aachen (지점 확인)","52062","식품","21.09.2026-27.09.2026","Kerrygold Cheddar gerieben","je 150-g-Btl., (1 kg = 10,60 €)","1.59","","","10,60 €","https://www.rewe.de/angebote/aachen/1931021/rewe-markt-kaiserplatz-1-adalbertstr-100/"
"2026-09-20 21:02 Europe/Berlin","REWE","REWE Markt, Kaiserplatz 1 / Adalbertstr. 100, 52062 Aachen (지점 확인)","52062","식품","21.09.2026-27.09.2026","Kerrygold Cheddar Käse Scheiben","je 130-g-Pckg., (1 kg = 12,23 €)","1.59","","","12,23 €","https://www.rewe.de/angebote/aachen/1931021/rewe-markt-kaiserplatz-1-adalbertstr-100/"
"2026-09-20 21:02 Europe/Berlin","REWE","REWE Markt, Kaiserplatz 1 / Adalbertstr. 100, 52062 Aachen (지점 확인)","52062","식품","21.09.2026-27.09.2026","Kerrygold Original Irische Butter oder Extra","versch. Sorten, je 250-g-Pckg. / 250-g-Becher, (1 kg = 7,16 €)","1.79","","","7,16 €","https://www.rewe.de/angebote/aachen/1931021/rewe-markt-kaiserplatz-1-adalbertstr-100/"
"2026-09-20 21:02 Europe/Berlin","REWE","REWE Markt, Kaiserplatz 1 / Adalbertstr. 100, 52062 Aachen (지점 확인)","52062","식품","21.09.2026-27.09.2026","Kinder Bueno","je 10 x 21,5-g-Pckg., (1 kg = 13,91 €)","2.99","","","13,91 €","https://www.rewe.de/angebote/aachen/1931021/rewe-markt-kaiserplatz-1-adalbertstr-100/"
"2026-09-20 21:02 Europe/Berlin","REWE","REWE Markt, Kaiserplatz 1 / Adalbertstr. 100, 52062 Aachen (지점 확인)","52062","식품","21.09.2026-27.09.2026","Kinder Schoko-Bons","je 200-g-Btl., (1 kg = 14,95 €)","2.99","","","14,95 €","https://www.rewe.de/angebote/aachen/1931021/rewe-markt-kaiserplatz-1-adalbertstr-100/"
"2026-09-20 21:02 Europe/Berlin","REWE","REWE Markt, Kaiserplatz 1 / Adalbertstr. 100, 52062 Aachen (지점 확인)","52062","식품","21.09.2026-27.09.2026","King Cuisine Hummus","je 175-g-Schale, (1 kg = 10,23 €)","1.79","","","10,23 €","https://www.rewe.de/angebote/aachen/1931021/rewe-markt-kaiserplatz-1-adalbertstr-100/"
"2026-09-20 21:02 Europe/Berlin","REWE","REWE Markt, Kaiserplatz 1 / Adalbertstr. 100, 52062 Aachen (지점 확인)","52062","식품","21.09.2026-27.09.2026","Kiri Dippi","je 105-g-Pckg., (1 kg = 18,95 €)","1.99","","","18,95 €","https://www.rewe.de/angebote/aachen/1931021/rewe-markt-kaiserplatz-1-adalbertstr-100/"
"2026-09-20 21:02 Europe/Berlin","REWE","REWE Markt, Kaiserplatz 1 / Adalbertstr. 100, 52062 Aachen (지점 확인)","52062","식품","21.09.2026-27.09.2026","Kiri Portionen","je 108-g-Pckg., (1 kg = 18,43 €)","1.99","","","18,43 €","https://www.rewe.de/angebote/aachen/1931021/rewe-markt-kaiserplatz-1-adalbertstr-100/"
"2026-09-20 21:02 Europe/Berlin","REWE","REWE Markt, Kaiserplatz 1 / Adalbertstr. 100, 52062 Aachen (지점 확인)","52062","식품","21.09.2026-27.09.2026","Knorr Soße 3er-Pack","versch. Sorten, ausreichend für 3 x 250 ml, je Pckg.","0.89","","","","https://www.rewe.de/angebote/aachen/1931021/rewe-markt-kaiserplatz-1-adalbertstr-100/"
"2026-09-20 21:02 Europe/Berlin","REWE","REWE Markt, Kaiserplatz 1 / Adalbertstr. 100, 52062 Aachen (지점 확인)","52062","식품","21.09.2026-27.09.2026","Krone Räucher-Lachs","je 150-g-Pckg., (1 kg = 26,60 €)","3.99","","","26,60 €","https://www.rewe.de/angebote/aachen/1931021/rewe-markt-kaiserplatz-1-adalbertstr-100/"
"2026-09-20 21:02 Europe/Berlin","REWE","REWE Markt, Kaiserplatz 1 / Adalbertstr. 100, 52062 Aachen (지점 확인)","52062","주류","21.09.2026-27.09.2026","Lamberti Pinot Grigio DOC","trocken, je 0,75-l-Fl., (1 l = 5,32 €)","3.99","","","5,32 €","https://www.rewe.de/angebote/aachen/1931021/rewe-markt-kaiserplatz-1-adalbertstr-100/"
"2026-09-20 21:02 Europe/Berlin","REWE","REWE Markt, Kaiserplatz 1 / Adalbertstr. 100, 52062 Aachen (지점 확인)","52062","식품","21.09.2026-27.09.2026","Lambertz Amerikaner","je 220-g-Pckg., (1 kg = 9,05 €)","1.99","","","9,05 €","https://www.rewe.de/angebote/aachen/1931021/rewe-markt-kaiserplatz-1-adalbertstr-100/"
"2026-09-20 21:02 Europe/Berlin","REWE","REWE Markt, Kaiserplatz 1 / Adalbertstr. 100, 52062 Aachen (지점 확인)","52062","식품","21.09.2026-27.09.2026","Landliebe Joghurt","versch. Sorten, je 500-g-Glas, (1 kg = 2,22 €), zzgl. 0,15 € Pfand","1.11","","","2,22 €","https://www.rewe.de/angebote/aachen/1931021/rewe-markt-kaiserplatz-1-adalbertstr-100/"
"2026-09-20 21:02 Europe/Berlin","REWE","REWE Markt, Kaiserplatz 1 / Adalbertstr. 100, 52062 Aachen (지점 확인)","52062","식품","21.09.2026-27.09.2026","Landliebe Sahnepudding","Schokolade, je 150-g-Becher, (1 kg = 3,27 €)","0.49","","","3,27 €","https://www.rewe.de/angebote/aachen/1931021/rewe-markt-kaiserplatz-1-adalbertstr-100/"
"2026-09-20 21:02 Europe/Berlin","REWE","REWE Markt, Kaiserplatz 1 / Adalbertstr. 100, 52062 Aachen (지점 확인)","52062","식품","21.09.2026-27.09.2026","Landliebe Vollmilchpudding","Schoko, je 225-g-Becher, (1 kg = 2,18 €)","0.49","","","2,18 €","https://www.rewe.de/angebote/aachen/1931021/rewe-markt-kaiserplatz-1-adalbertstr-100/"
"2026-09-20 21:02 Europe/Berlin","REWE","REWE Markt, Kaiserplatz 1 / Adalbertstr. 100, 52062 Aachen (지점 확인)","52062","식품","21.09.2026-27.09.2026","Laugenzopf Elsässer Art","je St.","0.99","","","","https://www.rewe.de/angebote/aachen/1931021/rewe-markt-kaiserplatz-1-adalbertstr-100/"
"2026-09-20 21:02 Europe/Berlin","REWE","REWE Markt, Kaiserplatz 1 / Adalbertstr. 100, 52062 Aachen (지점 확인)","52062","식품","21.09.2026-27.09.2026","Lay’s Chips","gesalzen, je 150-g-Pckg., (1 kg = 6,60 €)","0.99","","","6,60 €","https://www.rewe.de/angebote/aachen/1931021/rewe-markt-kaiserplatz-1-adalbertstr-100/"
"2026-09-20 21:02 Europe/Berlin","REWE","REWE Markt, Kaiserplatz 1 / Adalbertstr. 100, 52062 Aachen (지점 확인)","52062","식품","21.09.2026-27.09.2026","Leerdammer Käsescheiben","versch. Sorten, je 140-g-Pckg., (1 kg = 12,07 €)","1.69","","","12,07 €","https://www.rewe.de/angebote/aachen/1931021/rewe-markt-kaiserplatz-1-adalbertstr-100/"
"2026-09-20 21:02 Europe/Berlin","REWE","REWE Markt, Kaiserplatz 1 / Adalbertstr. 100, 52062 Aachen (지점 확인)","52062","식품","21.09.2026-27.09.2026","Limetten","Ursprung und Sorte: siehe Etikett, Kl. I, je 4 St.-Schale","1.19","","","","https://www.rewe.de/angebote/aachen/1931021/rewe-markt-kaiserplatz-1-adalbertstr-100/"
"2026-09-20 21:02 Europe/Berlin","REWE","REWE Markt, Kaiserplatz 1 / Adalbertstr. 100, 52062 Aachen (지점 확인)","52062","식품","21.09.2026-27.09.2026","Lysell Feinmarinaden","versch. Sorten, je 125-g-Dose, (1 kg = 13,52 €)","1.69","","","13,52 €","https://www.rewe.de/angebote/aachen/1931021/rewe-markt-kaiserplatz-1-adalbertstr-100/"
"2026-09-20 21:02 Europe/Berlin","REWE","REWE Markt, Kaiserplatz 1 / Adalbertstr. 100, 52062 Aachen (지점 확인)","52062","식품","21.09.2026-27.09.2026","Maggi Fix Airfryer Paprika Pommes Frites","je 34-g-Btl., (1 kg = 12,94 €)","0.44","","","12,94 €","https://www.rewe.de/angebote/aachen/1931021/rewe-markt-kaiserplatz-1-adalbertstr-100/"
"2026-09-20 21:02 Europe/Berlin","REWE","REWE Markt, Kaiserplatz 1 / Adalbertstr. 100, 52062 Aachen (지점 확인)","52062","식품","21.09.2026-27.09.2026","Maggi Fix Nudel-Schinken Gratin","je 33-g-Btl., (1 kg = 13,33 €)","0.44","","","13,33 €","https://www.rewe.de/angebote/aachen/1931021/rewe-markt-kaiserplatz-1-adalbertstr-100/"
"2026-09-20 21:02 Europe/Berlin","REWE","REWE Markt, Kaiserplatz 1 / Adalbertstr. 100, 52062 Aachen (지점 확인)","52062","식품","21.09.2026-27.09.2026","Maggi Für Genießer Pfefferrahmsauce","ausreichend für 250 ml, je Btl.","0.79","","","","https://www.rewe.de/angebote/aachen/1931021/rewe-markt-kaiserplatz-1-adalbertstr-100/"
"2026-09-20 21:02 Europe/Berlin","REWE","REWE Markt, Kaiserplatz 1 / Adalbertstr. 100, 52062 Aachen (지점 확인)","52062","식품","21.09.2026-27.09.2026","Maggi Für Genießer Zwiebelsuppe","ausreichend für 750 ml, je Btl.","0.79","","","","https://www.rewe.de/angebote/aachen/1931021/rewe-markt-kaiserplatz-1-adalbertstr-100/"
"2026-09-20 21:02 Europe/Berlin","REWE","REWE Markt, Kaiserplatz 1 / Adalbertstr. 100, 52062 Aachen (지점 확인)","52062","식품","21.09.2026-27.09.2026","Maggi Ravioli","in Tomatensauce, je 800-g-Dose, (1 kg = 2,49 €)","1.99","","","2,49 €","https://www.rewe.de/angebote/aachen/1931021/rewe-markt-kaiserplatz-1-adalbertstr-100/"
"2026-09-20 21:02 Europe/Berlin","REWE","REWE Markt, Kaiserplatz 1 / Adalbertstr. 100, 52062 Aachen (지점 확인)","52062","식품","21.09.2026-27.09.2026","Magnum Almond","je 6 x 100-ml-Pckg., (1 l = 4,98 €)","2.99","","","4,98 €","https://www.rewe.de/angebote/aachen/1931021/rewe-markt-kaiserplatz-1-adalbertstr-100/"
"2026-09-20 21:02 Europe/Berlin","REWE","REWE Markt, Kaiserplatz 1 / Adalbertstr. 100, 52062 Aachen (지점 확인)","52062","식품","21.09.2026-27.09.2026","Magnum Crackables Pistachio","je 440-ml-Becher, (1 l = 6,80 €)","2.99","","","6,80 €","https://www.rewe.de/angebote/aachen/1931021/rewe-markt-kaiserplatz-1-adalbertstr-100/"
"2026-09-20 21:02 Europe/Berlin","REWE","REWE Markt, Kaiserplatz 1 / Adalbertstr. 100, 52062 Aachen (지점 확인)","52062","식품","21.09.2026-27.09.2026","Mälzer & Fu Ice Cream Creations","versch. Sorten, je 4 x 120-ml-Pckg., (1 l = 8,31 €)","3.99","","","8,31 €","https://www.rewe.de/angebote/aachen/1931021/rewe-markt-kaiserplatz-1-adalbertstr-100/"
"2026-09-20 21:02 Europe/Berlin","REWE","REWE Markt, Kaiserplatz 1 / Adalbertstr. 100, 52062 Aachen (지점 확인)","52062","식품","21.09.2026-27.09.2026","Matthews Hähnchen Filetstreifen","Klassik, je 125-g-Pckg., (1 kg = 18,32 €)","2.29","","","18,32 €","https://www.rewe.de/angebote/aachen/1931021/rewe-markt-kaiserplatz-1-adalbertstr-100/"
"2026-09-20 21:02 Europe/Berlin","REWE","REWE Markt, Kaiserplatz 1 / Adalbertstr. 100, 52062 Aachen (지점 확인)","52062","식품","21.09.2026-27.09.2026","Matthews Hähnchenbrust Filetstücke","Paprika, je 150-g-Pckg., (1 kg = 15,27 €)","2.29","","","15,27 €","https://www.rewe.de/angebote/aachen/1931021/rewe-markt-kaiserplatz-1-adalbertstr-100/"
"2026-09-20 21:02 Europe/Berlin","REWE","REWE Markt, Kaiserplatz 1 / Adalbertstr. 100, 52062 Aachen (지점 확인)","52062","식품","21.09.2026-27.09.2026","McCain 1-2-3 Frites Original","tiefgefroren, je 1500-g-Btl., (1 kg = 1,99 €)","2.99","","","1,99 €","https://www.rewe.de/angebote/aachen/1931021/rewe-markt-kaiserplatz-1-adalbertstr-100/"
"2026-09-20 21:02 Europe/Berlin","REWE","REWE Markt, Kaiserplatz 1 / Adalbertstr. 100, 52062 Aachen (지점 확인)","52062","식품","21.09.2026-27.09.2026","McCain Golden Longs","tiefgefroren, je 1000-g-Btl.","2.99","","","","https://www.rewe.de/angebote/aachen/1931021/rewe-markt-kaiserplatz-1-adalbertstr-100/"
"2026-09-20 21:02 Europe/Berlin","REWE","REWE Markt, Kaiserplatz 1 / Adalbertstr. 100, 52062 Aachen (지점 확인)","52062","주류","21.09.2026-27.09.2026","Mederano de Freixenet oder Mia Wein","versch. Sorten, halbtrocken, je 0,75-l-Fl., (1 l = 3,99 €)","2.99","","","3,99 €","https://www.rewe.de/angebote/aachen/1931021/rewe-markt-kaiserplatz-1-adalbertstr-100/"
"2026-09-20 21:02 Europe/Berlin","REWE","REWE Markt, Kaiserplatz 1 / Adalbertstr. 100, 52062 Aachen (지점 확인)","52062","식품","21.09.2026-27.09.2026","Metten Rindfleischsalami","je 100 g","2.49","","","","https://www.rewe.de/angebote/aachen/1931021/rewe-markt-kaiserplatz-1-adalbertstr-100/"
"2026-09-20 21:02 Europe/Berlin","REWE","REWE Markt, Kaiserplatz 1 / Adalbertstr. 100, 52062 Aachen (지점 확인)","52062","식품","21.09.2026-27.09.2026","Mettenden oder Pfefferbeißer","je 100 g","1.69","","","","https://www.rewe.de/angebote/aachen/1931021/rewe-markt-kaiserplatz-1-adalbertstr-100/"
"2026-09-20 21:02 Europe/Berlin","REWE","REWE Markt, Kaiserplatz 1 / Adalbertstr. 100, 52062 Aachen (지점 확인)","52062","식품","21.09.2026-27.09.2026","Milka Alpenmilch Schokolade","je 250-g-Tafel, (1 kg = 11,16 €)","2.79","","","11,16 €","https://www.rewe.de/angebote/aachen/1931021/rewe-markt-kaiserplatz-1-adalbertstr-100/"
"2026-09-20 21:02 Europe/Berlin","REWE","REWE Markt, Kaiserplatz 1 / Adalbertstr. 100, 52062 Aachen (지점 확인)","52062","식품","21.09.2026-27.09.2026","Milka Gingerbread","je 300-g-Tafel, (1 kg = 9,30 €)","2.79","","","9,30 €","https://www.rewe.de/angebote/aachen/1931021/rewe-markt-kaiserplatz-1-adalbertstr-100/"
"2026-09-20 21:02 Europe/Berlin","REWE","REWE Markt, Kaiserplatz 1 / Adalbertstr. 100, 52062 Aachen (지점 확인)","52062","식품","21.09.2026-27.09.2026","Milka Pralinés Alles Gute","je 110-g-Pckg., (1 kg = 18,09 €)","1.99","","","18,09 €","https://www.rewe.de/angebote/aachen/1931021/rewe-markt-kaiserplatz-1-adalbertstr-100/"
"2026-09-20 21:02 Europe/Berlin","REWE","REWE Markt, Kaiserplatz 1 / Adalbertstr. 100, 52062 Aachen (지점 확인)","52062","식품","21.09.2026-27.09.2026","Milka Pralinés Dankeschön","je 111-g-Pckg., (1 kg = 17,93 €)","1.99","","","17,93 €","https://www.rewe.de/angebote/aachen/1931021/rewe-markt-kaiserplatz-1-adalbertstr-100/"
"2026-09-20 21:02 Europe/Berlin","REWE","REWE Markt, Kaiserplatz 1 / Adalbertstr. 100, 52062 Aachen (지점 확인)","52062","식품","21.09.2026-27.09.2026","Milram Dessertsoße Vanille","sahnig lecker, je 500-ml-Pckg., (1 l = 3,38 €)","1.69","","","3,38 €","https://www.rewe.de/angebote/aachen/1931021/rewe-markt-kaiserplatz-1-adalbertstr-100/"
"2026-09-20 21:02 Europe/Berlin","REWE","REWE Markt, Kaiserplatz 1 / Adalbertstr. 100, 52062 Aachen (지점 확인)","52062","식품","21.09.2026-27.09.2026","Mini Babybel 5er","45% Fett i.Tr., je 100-g-Netz, (1 kg = 17,90 €)","1.79","","","17,90 €","https://www.rewe.de/angebote/aachen/1931021/rewe-markt-kaiserplatz-1-adalbertstr-100/"
"2026-09-20 21:02 Europe/Berlin","REWE","REWE Markt, Kaiserplatz 1 / Adalbertstr. 100, 52062 Aachen (지점 확인)","52062","식품","21.09.2026-27.09.2026","Möhrenstifte","je 200-g-Btl., (1 kg = 3,95 €)","0.79","","","3,95 €","https://www.rewe.de/angebote/aachen/1931021/rewe-markt-kaiserplatz-1-adalbertstr-100/"
"2026-09-20 21:02 Europe/Berlin","REWE","REWE Markt, Kaiserplatz 1 / Adalbertstr. 100, 52062 Aachen (지점 확인)","52062","식품","21.09.2026-27.09.2026","Müller Froop","versch. Sorten, je 150-g-Becher, (1 kg = 2,93 €)","0.44","","","2,93 €","https://www.rewe.de/angebote/aachen/1931021/rewe-markt-kaiserplatz-1-adalbertstr-100/"
"2026-09-20 21:02 Europe/Berlin","REWE","REWE Markt, Kaiserplatz 1 / Adalbertstr. 100, 52062 Aachen (지점 확인)","52062","식품","21.09.2026-27.09.2026","Müller Müllermilch","versch. Sorten, je 400-ml-Fl., (1 l = 1,98 €), zzgl. 0,25 € Pfand","0.79","","","1,98 €","https://www.rewe.de/angebote/aachen/1931021/rewe-markt-kaiserplatz-1-adalbertstr-100/"
"2026-09-20 21:02 Europe/Berlin","REWE","REWE Markt, Kaiserplatz 1 / Adalbertstr. 100, 52062 Aachen (지점 확인)","52062","식품","21.09.2026-27.09.2026","Mutti geschälte italienische Tomaten","je 400-g-Dose, (1 kg = 4,27 €), 260 g Abtropfgewicht","1.11","","","4,27 €","https://www.rewe.de/angebote/aachen/1931021/rewe-markt-kaiserplatz-1-adalbertstr-100/"
"2026-09-20 21:02 Europe/Berlin","REWE","REWE Markt, Kaiserplatz 1 / Adalbertstr. 100, 52062 Aachen (지점 확인)","52062","식품","21.09.2026-27.09.2026","Mutti Polpa","feinstes Tomatenfruchtfleisch, je 400-g-Dose, (1 kg = 2,78 €)","1.11","","","2,78 €","https://www.rewe.de/angebote/aachen/1931021/rewe-markt-kaiserplatz-1-adalbertstr-100/"
"2026-09-20 21:02 Europe/Berlin","REWE","REWE Markt, Kaiserplatz 1 / Adalbertstr. 100, 52062 Aachen (지점 확인)","52062","식품","21.09.2026-27.09.2026","Nergi Kiwibeeren","je 125-g-Schale, (1 kg = 15,92 €)","1.99","","","15,92 €","https://www.rewe.de/angebote/aachen/1931021/rewe-markt-kaiserplatz-1-adalbertstr-100/"
"2026-09-20 21:02 Europe/Berlin","REWE","REWE Markt, Kaiserplatz 1 / Adalbertstr. 100, 52062 Aachen (지점 확인)","52062","식품","21.09.2026-27.09.2026","Nescafé Classic","löslicher Bohnenkaffee, je 200-g-Glas, (1 kg = 29,95 €)","5.99","","","29,95 €","https://www.rewe.de/angebote/aachen/1931021/rewe-markt-kaiserplatz-1-adalbertstr-100/"
"2026-09-20 21:02 Europe/Berlin","REWE","REWE Markt, Kaiserplatz 1 / Adalbertstr. 100, 52062 Aachen (지점 확인)","52062","식품","21.09.2026-27.09.2026","Nestlé Cini Minis","je 375-g-Pckg., (1 kg = 6,64 €)","2.49","","","6,64 €","https://www.rewe.de/angebote/aachen/1931021/rewe-markt-kaiserplatz-1-adalbertstr-100/"
"2026-09-20 21:02 Europe/Berlin","REWE","REWE Markt, Kaiserplatz 1 / Adalbertstr. 100, 52062 Aachen (지점 확인)","52062","식품","21.09.2026-27.09.2026","Nestlé Nesquik","je 330-g-Pckg., (1 kg = 7,55 €)","2.49","","","7,55 €","https://www.rewe.de/angebote/aachen/1931021/rewe-markt-kaiserplatz-1-adalbertstr-100/"
"2026-09-20 21:02 Europe/Berlin","REWE","REWE Markt, Kaiserplatz 1 / Adalbertstr. 100, 52062 Aachen (지점 확인)","52062","식품","21.09.2026-27.09.2026","Nimm 2 Lachgummi","versch. Sorten, je 250-g-Btl., (1 kg = 3,96 €)","0.99","","","3,96 €","https://www.rewe.de/angebote/aachen/1931021/rewe-markt-kaiserplatz-1-adalbertstr-100/"
"2026-09-20 21:02 Europe/Berlin","REWE","REWE Markt, Kaiserplatz 1 / Adalbertstr. 100, 52062 Aachen (지점 확인)","52062","식품","21.09.2026-27.09.2026","Nuii Ice Cream Salted Caramel & Australian Macadamia oder Milka Vanilla & Chocolate Swirl","je 3 x 90-ml-Pckg., (1 l = 8,22 €)","2.22","","","8,22 €","https://www.rewe.de/angebote/aachen/1931021/rewe-markt-kaiserplatz-1-adalbertstr-100/"
"2026-09-20 21:02 Europe/Berlin","REWE","REWE Markt, Kaiserplatz 1 / Adalbertstr. 100, 52062 Aachen (지점 확인)","52062","식품","21.09.2026-27.09.2026","Nutella","je 450-g-Glas, (1 kg = 5,98 €)","2.69","","","5,98 €","https://www.rewe.de/angebote/aachen/1931021/rewe-markt-kaiserplatz-1-adalbertstr-100/"
"2026-09-20 21:02 Europe/Berlin","REWE","REWE Markt, Kaiserplatz 1 / Adalbertstr. 100, 52062 Aachen (지점 확인)","52062","식품","21.09.2026-27.09.2026","Nutella Plant Based","je 350-g-Glas, (1 kg = 7,69 €)","2.69","","","7,69 €","https://www.rewe.de/angebote/aachen/1931021/rewe-markt-kaiserplatz-1-adalbertstr-100/"
"2026-09-20 21:02 Europe/Berlin","REWE","REWE Markt, Kaiserplatz 1 / Adalbertstr. 100, 52062 Aachen (지점 확인)","52062","식품","21.09.2026-27.09.2026","Odenwald Apfelmus","0% Zuckerzusatz, 100% Frucht, je 355-g-Glas, (1 kg = 4,20 €)","1.49","","","4,20 €","https://www.rewe.de/angebote/aachen/1931021/rewe-markt-kaiserplatz-1-adalbertstr-100/"
"2026-09-20 21:02 Europe/Berlin","REWE","REWE Markt, Kaiserplatz 1 / Adalbertstr. 100, 52062 Aachen (지점 확인)","52062","식품","21.09.2026-27.09.2026","Orangen","Sorte: siehe Etikett, Kl. I, je 1,5-kg-Netz, (1 kg = 1,66 €)","2.49","","","1,66 €","https://www.rewe.de/angebote/aachen/1931021/rewe-markt-kaiserplatz-1-adalbertstr-100/"
"2026-09-20 21:02 Europe/Berlin","REWE","REWE Markt, Kaiserplatz 1 / Adalbertstr. 100, 52062 Aachen (지점 확인)","52062","식품","21.09.2026-27.09.2026","Oreo Kekse","Original, je 154-g-Rolle, (1 kg = 8,38 €)","1.29","","","8,38 €","https://www.rewe.de/angebote/aachen/1931021/rewe-markt-kaiserplatz-1-adalbertstr-100/"
"2026-09-20 21:02 Europe/Berlin","REWE","REWE Markt, Kaiserplatz 1 / Adalbertstr. 100, 52062 Aachen (지점 확인)","52062","식품","21.09.2026-27.09.2026","Oreo Kekse","BTS, je 157-g-Rolle, (1 kg = 8,22 €)","1.29","","","8,22 €","https://www.rewe.de/angebote/aachen/1931021/rewe-markt-kaiserplatz-1-adalbertstr-100/"
"2026-09-20 21:02 Europe/Berlin","REWE","REWE Markt, Kaiserplatz 1 / Adalbertstr. 100, 52062 Aachen (지점 확인)","52062","식품","21.09.2026-27.09.2026","Ostmann Let’s do","versch. Sorten, je 70-g-Dose, (1 kg = 42,71 €)","2.99","","","42,71 €","https://www.rewe.de/angebote/aachen/1931021/rewe-markt-kaiserplatz-1-adalbertstr-100/"
"2026-09-20 21:02 Europe/Berlin","REWE","REWE Markt, Kaiserplatz 1 / Adalbertstr. 100, 52062 Aachen (지점 확인)","52062","식품","21.09.2026-27.09.2026","Pema Haferbrot Vital+","je 250-g-Pckg., (1 kg = 6,36 €)","1.59","","","6,36 €","https://www.rewe.de/angebote/aachen/1931021/rewe-markt-kaiserplatz-1-adalbertstr-100/"
"2026-09-20 21:02 Europe/Berlin","REWE","REWE Markt, Kaiserplatz 1 / Adalbertstr. 100, 52062 Aachen (지점 확인)","52062","주류","21.09.2026-27.09.2026","Peter & Peter Riesling oder Grauburgunder Qualitätswein","feinherb, trocken, je 0,75-l-Fl., (1 l = 5,32 €)","3.99","","","5,32 €","https://www.rewe.de/angebote/aachen/1931021/rewe-markt-kaiserplatz-1-adalbertstr-100/"
"2026-09-20 21:02 Europe/Berlin","REWE","REWE Markt, Kaiserplatz 1 / Adalbertstr. 100, 52062 Aachen (지점 확인)","52062","식품","21.09.2026-27.09.2026","Pfanni Kartoffel Püree","das Komplette, je 283,5-g-Pckg., (1 kg = 5,26 €)","1.49","","","5,26 €","https://www.rewe.de/angebote/aachen/1931021/rewe-markt-kaiserplatz-1-adalbertstr-100/"
"2026-09-20 21:02 Europe/Berlin","REWE","REWE Markt, Kaiserplatz 1 / Adalbertstr. 100, 52062 Aachen (지점 확인)","52062","식품","21.09.2026-27.09.2026","Pfanni Kartoffel Püree","das Lockere, je 240-g-Pckg., (1 kg = 6,21 €)","1.49","","","6,21 €","https://www.rewe.de/angebote/aachen/1931021/rewe-markt-kaiserplatz-1-adalbertstr-100/"
"2026-09-20 21:02 Europe/Berlin","REWE","REWE Markt, Kaiserplatz 1 / Adalbertstr. 100, 52062 Aachen (지점 확인)","52062","식품","21.09.2026-27.09.2026","Pfanni Knödel","versch. Sorten, je 200-g-Pckg., (1 kg = 7,45 €)","1.49","","","7,45 €","https://www.rewe.de/angebote/aachen/1931021/rewe-markt-kaiserplatz-1-adalbertstr-100/"
"2026-09-20 21:02 Europe/Berlin","REWE","REWE Markt, Kaiserplatz 1 / Adalbertstr. 100, 52062 Aachen (지점 확인)","52062","식품","21.09.2026-27.09.2026","Philadelphia","Natur, je 195-g-Pckg., (1 kg = 5,69 €)","1.11","","","5,69 €","https://www.rewe.de/angebote/aachen/1931021/rewe-markt-kaiserplatz-1-adalbertstr-100/"
"2026-09-20 21:02 Europe/Berlin","REWE","REWE Markt, Kaiserplatz 1 / Adalbertstr. 100, 52062 Aachen (지점 확인)","52062","식품","21.09.2026-27.09.2026","Pizzadonut Flammkuchen","je St.","0.99","","","","https://www.rewe.de/angebote/aachen/1931021/rewe-markt-kaiserplatz-1-adalbertstr-100/"
"2026-09-20 21:02 Europe/Berlin","REWE","REWE Markt, Kaiserplatz 1 / Adalbertstr. 100, 52062 Aachen (지점 확인)","52062","식품","21.09.2026-27.09.2026","Popp Brotaufstrich","versch. Sorten, je 150-g-Becher, (1 kg = 8,60 €)","1.29","","","8,60 €","https://www.rewe.de/angebote/aachen/1931021/rewe-markt-kaiserplatz-1-adalbertstr-100/"
"2026-09-20 21:02 Europe/Berlin","REWE","REWE Markt, Kaiserplatz 1 / Adalbertstr. 100, 52062 Aachen (지점 확인)","52062","음료","21.09.2026-27.09.2026","Powerade Mountain Blast","je 1-l-Fl., zzgl. 0,25 € Pfand","1.59","","","","https://www.rewe.de/angebote/aachen/1931021/rewe-markt-kaiserplatz-1-adalbertstr-100/"
"2026-09-20 21:02 Europe/Berlin","REWE","REWE Markt, Kaiserplatz 1 / Adalbertstr. 100, 52062 Aachen (지점 확인)","52062","식품","21.09.2026-27.09.2026","Premium Geflügelrolle","gefüllt mit einer saftigen Hähnchenwurst, je St.","1.00","","","","https://www.rewe.de/angebote/aachen/1931021/rewe-markt-kaiserplatz-1-adalbertstr-100/"
"2026-09-20 21:02 Europe/Berlin","REWE","REWE Markt, Kaiserplatz 1 / Adalbertstr. 100, 52062 Aachen (지점 확인)","52062","식품","21.09.2026-27.09.2026","Quäse Körniger Frischkäse","je 200-g-Becher, (1 kg = 7,45 €)","1.49","","","7,45 €","https://www.rewe.de/angebote/aachen/1931021/rewe-markt-kaiserplatz-1-adalbertstr-100/"
"2026-09-20 21:02 Europe/Berlin","REWE","REWE Markt, Kaiserplatz 1 / Adalbertstr. 100, 52062 Aachen (지점 확인)","52062","주류","21.09.2026-27.09.2026","Radeberger Pilsner","je 20 x 0,5-l-Fl.-Kasten, (1 l = 1,10 €), zzgl. 3,10 € Pfand","10.99","","","1,10 €","https://www.rewe.de/angebote/aachen/1931021/rewe-markt-kaiserplatz-1-adalbertstr-100/"
"2026-09-20 21:02 Europe/Berlin","REWE","REWE Markt, Kaiserplatz 1 / Adalbertstr. 100, 52062 Aachen (지점 확인)","52062","식품","21.09.2026-27.09.2026","Rama mit Butter","je 250-g-Pckg., (1 kg = 5,16 €)","1.29","","","5,16 €","https://www.rewe.de/angebote/aachen/1931021/rewe-markt-kaiserplatz-1-adalbertstr-100/"
"2026-09-20 21:02 Europe/Berlin","REWE","REWE Markt, Kaiserplatz 1 / Adalbertstr. 100, 52062 Aachen (지점 확인)","52062","식품","21.09.2026-27.09.2026","Rama zum Streichen, Backen & Kochen","je 400-g-Becher, (1 kg = 3,23 €)","1.29","","","3,23 €","https://www.rewe.de/angebote/aachen/1931021/rewe-markt-kaiserplatz-1-adalbertstr-100/"
"2026-09-20 21:02 Europe/Berlin","REWE","REWE Markt, Kaiserplatz 1 / Adalbertstr. 100, 52062 Aachen (지점 확인)","52062","식품","21.09.2026-27.09.2026","Rapso Rapsöl","100% rein, aus kontrolliertem Anbau, je 750-ml-Fl., (1 l = 4,65 €)","3.49","","","4,65 €","https://www.rewe.de/angebote/aachen/1931021/rewe-markt-kaiserplatz-1-adalbertstr-100/"
"2026-09-20 21:02 Europe/Berlin","REWE","REWE Markt, Kaiserplatz 1 / Adalbertstr. 100, 52062 Aachen (지점 확인)","52062","음료","21.09.2026-27.09.2026","Red Bull Energy Drink","versch. Sorten, koffeinhaltig, je 0,25-l-Dose, (1 l = 3,52 €), zzgl. 0,25 € Pfand","0.88","","","3,52 €","https://www.rewe.de/angebote/aachen/1931021/rewe-markt-kaiserplatz-1-adalbertstr-100/"
"2026-09-20 21:02 Europe/Berlin","REWE","REWE Markt, Kaiserplatz 1 / Adalbertstr. 100, 52062 Aachen (지점 확인)","52062","식품","21.09.2026-27.09.2026","Reinert Klosterschinken","je 100 g","1.49","","","","https://www.rewe.de/angebote/aachen/1931021/rewe-markt-kaiserplatz-1-adalbertstr-100/"
"2026-09-20 21:02 Europe/Berlin","REWE","REWE Markt, Kaiserplatz 1 / Adalbertstr. 100, 52062 Aachen (지점 확인)","52062","식품","21.09.2026-27.09.2026","Ritter Sport Schokolade","versch. Sorten, je 100-g-Tafel, (1 kg = 11,10 €)","1.11","","","11,10 €","https://www.rewe.de/angebote/aachen/1931021/rewe-markt-kaiserplatz-1-adalbertstr-100/"
"2026-09-20 21:02 Europe/Berlin","REWE","REWE Markt, Kaiserplatz 1 / Adalbertstr. 100, 52062 Aachen (지점 확인)","52062","식품","21.09.2026-27.09.2026","Rochebaron oder Peyrigoux","frz. Weichkäse, versch. Sorten, je 100 g","2.69","","","","https://www.rewe.de/angebote/aachen/1931021/rewe-markt-kaiserplatz-1-adalbertstr-100/"
"2026-09-20 21:02 Europe/Berlin","REWE","REWE Markt, Kaiserplatz 1 / Adalbertstr. 100, 52062 Aachen (지점 확인)","52062","식품","21.09.2026-27.09.2026","Rote Tafeläpfel","»Nicoter«, Kl. I, je 760-g-Schale, (1 kg = 2,62 €)","1.99","","","2,62 €","https://www.rewe.de/angebote/aachen/1931021/rewe-markt-kaiserplatz-1-adalbertstr-100/"
"2026-09-20 21:02 Europe/Berlin","REWE","REWE Markt, Kaiserplatz 1 / Adalbertstr. 100, 52062 Aachen (지점 확인)","52062","식품","21.09.2026-27.09.2026","Rügenwalder Mühle Pommersche Gutsleberwurst","versch. Sorten, je 100 g","1.79","","","","https://www.rewe.de/angebote/aachen/1931021/rewe-markt-kaiserplatz-1-adalbertstr-100/"
"2026-09-20 21:02 Europe/Berlin","REWE","REWE Markt, Kaiserplatz 1 / Adalbertstr. 100, 52062 Aachen (지점 확인)","52062","식품","21.09.2026-27.09.2026","Saupiquet Thunfisch-Filets","in Olivenöl, je 2 x 80-g-Dosen-Pckg., (1 kg = 23,94 €), 104 g Abtropfgewicht","2.49","","","23,94 €","https://www.rewe.de/angebote/aachen/1931021/rewe-markt-kaiserplatz-1-adalbertstr-100/"
"2026-09-20 21:02 Europe/Berlin","REWE","REWE Markt, Kaiserplatz 1 / Adalbertstr. 100, 52062 Aachen (지점 확인)","52062","식품","21.09.2026-27.09.2026","Saupiquet Thunfisch-Filets","Naturale, je 2 x 80-g-Dosen-Pckg., (1 kg = 22,23 €), 112 g Abtropfgewicht","2.49","","","22,23 €","https://www.rewe.de/angebote/aachen/1931021/rewe-markt-kaiserplatz-1-adalbertstr-100/"
"2026-09-20 21:02 Europe/Berlin","REWE","REWE Markt, Kaiserplatz 1 / Adalbertstr. 100, 52062 Aachen (지점 확인)","52062","주류","21.09.2026-27.09.2026","Scavi & Ray Prosecco Frizzante","je 0,75-l-Fl., (1 l = 7,99 €)","5.99","","","7,99 €","https://www.rewe.de/angebote/aachen/1931021/rewe-markt-kaiserplatz-1-adalbertstr-100/"
"2026-09-20 21:02 Europe/Berlin","REWE","REWE Markt, Kaiserplatz 1 / Adalbertstr. 100, 52062 Aachen (지점 확인)","52062","주류","21.09.2026-27.09.2026","Schmackes Hell oder alkoholfrei 0,0%","versch. Sorten, je 6 x 0,33-l-Fl.-Sixpack, (1 l = 1,76 €), zzgl. 0,48 € Pfand","3.49","","","1,76 €","https://www.rewe.de/angebote/aachen/1931021/rewe-markt-kaiserplatz-1-adalbertstr-100/"
"2026-09-20 21:02 Europe/Berlin","REWE","REWE Markt, Kaiserplatz 1 / Adalbertstr. 100, 52062 Aachen (지점 확인)","52062","음료","21.09.2026-27.09.2026","Sinalco Limonade","versch. Sorten, teilw. koffeinhaltig, je 1,25-l-Fl., (1 l = 0,63 €), zzgl. 0,25 € Pfand","0.79","","","0,63 €","https://www.rewe.de/angebote/aachen/1931021/rewe-markt-kaiserplatz-1-adalbertstr-100/"
"2026-09-20 21:02 Europe/Berlin","REWE","REWE Markt, Kaiserplatz 1 / Adalbertstr. 100, 52062 Aachen (지점 확인)","52062","식품","21.09.2026-27.09.2026","Snickers Original Ice Cream","je 251,5-ml-Pckg., (1 l = 9,11 €)","2.29","","","9,11 €","https://www.rewe.de/angebote/aachen/1931021/rewe-markt-kaiserplatz-1-adalbertstr-100/"
"2026-09-20 21:02 Europe/Berlin","REWE","REWE Markt, Kaiserplatz 1 / Adalbertstr. 100, 52062 Aachen (지점 확인)","52062","주류","21.09.2026-27.09.2026","Spaten Münchner Hell","je 20 x 0,5-l-Fl.-Kasten, (1 l = 1,50 €), zzgl. 3,10 € Pfand","14.99","","","1,50 €","https://www.rewe.de/angebote/aachen/1931021/rewe-markt-kaiserplatz-1-adalbertstr-100/"
"2026-09-20 21:02 Europe/Berlin","REWE","REWE Markt, Kaiserplatz 1 / Adalbertstr. 100, 52062 Aachen (지점 확인)","52062","식품","21.09.2026-27.09.2026","Speisekartoffeln","Sorte und Kocheigenschaft: siehe Etikett, Qualität I, je 2,5-kg-Btl., (1 kg = 0,76 €)","1.89","","","0,76 €","https://www.rewe.de/angebote/aachen/1931021/rewe-markt-kaiserplatz-1-adalbertstr-100/"
"2026-09-20 21:02 Europe/Berlin","REWE","REWE Markt, Kaiserplatz 1 / Adalbertstr. 100, 52062 Aachen (지점 확인)","52062","식품","21.09.2026-27.09.2026","Speisemöhren","Kl. I, je 1,5-kg-Btl., (1 kg = 0,74 €)","1.11","","","0,74 €","https://www.rewe.de/angebote/aachen/1931021/rewe-markt-kaiserplatz-1-adalbertstr-100/"
"2026-09-20 21:02 Europe/Berlin","REWE","REWE Markt, Kaiserplatz 1 / Adalbertstr. 100, 52062 Aachen (지점 확인)","52062","식품","21.09.2026-27.09.2026","Spreewaldhof Spreelinge Gewürzgurken","je 670-g-Glas, (1 kg = 4,69 €), 360 g Abtropfgewicht","1.69","","","4,69 €","https://www.rewe.de/angebote/aachen/1931021/rewe-markt-kaiserplatz-1-adalbertstr-100/"
"2026-09-20 21:02 Europe/Berlin","REWE","REWE Markt, Kaiserplatz 1 / Adalbertstr. 100, 52062 Aachen (지점 확인)","52062","식품","21.09.2026-27.09.2026","St. Michel Choco Crepes","je 180-g-Btl., (1 kg = 8,28 €)","1.49","","","8,28 €","https://www.rewe.de/angebote/aachen/1931021/rewe-markt-kaiserplatz-1-adalbertstr-100/"
"2026-09-20 21:02 Europe/Berlin","REWE","REWE Markt, Kaiserplatz 1 / Adalbertstr. 100, 52062 Aachen (지점 확인)","52062","식품","21.09.2026-27.09.2026","Starbucks House Blend Kaffeekapseln","Lungo, je 52-g-Pckg., (1 kg = 70,96 €)","3.69","","","70,96 €","https://www.rewe.de/angebote/aachen/1931021/rewe-markt-kaiserplatz-1-adalbertstr-100/"
"2026-09-20 21:02 Europe/Berlin","REWE","REWE Markt, Kaiserplatz 1 / Adalbertstr. 100, 52062 Aachen (지점 확인)","52062","식품","21.09.2026-27.09.2026","Starbucks Smooth Caramel Kaffeekapseln","je 51-g-Pckg., (1 kg = 72,35 €)","3.69","","","72,35 €","https://www.rewe.de/angebote/aachen/1931021/rewe-markt-kaiserplatz-1-adalbertstr-100/"
"2026-09-20 21:02 Europe/Berlin","REWE","REWE Markt, Kaiserplatz 1 / Adalbertstr. 100, 52062 Aachen (지점 확인)","52062","식품","21.09.2026-27.09.2026","Storck Toffifee","versch. Sorten, je 125-g-Pckg., (1 kg = 8,88 €)","1.11","","","8,88 €","https://www.rewe.de/angebote/aachen/1931021/rewe-markt-kaiserplatz-1-adalbertstr-100/"
"2026-09-20 21:02 Europe/Berlin","REWE","REWE Markt, Kaiserplatz 1 / Adalbertstr. 100, 52062 Aachen (지점 확인)","52062","주류","21.09.2026-27.09.2026","Süss & Fruchtig oder Trollinger Qualitätswein","versch. Sorten, je 0,75-l-Fl., (1 l = 3,99 €)","2.99","","","3,99 €","https://www.rewe.de/angebote/aachen/1931021/rewe-markt-kaiserplatz-1-adalbertstr-100/"
"2026-09-20 21:02 Europe/Berlin","REWE","REWE Markt, Kaiserplatz 1 / Adalbertstr. 100, 52062 Aachen (지점 확인)","52062","주류","21.09.2026-27.09.2026","Tamnavulin Speyside Sherry","40% Vol., je 0,7-l-Fl., (1 l = 28,56 €)","19.99","","","28,56 €","https://www.rewe.de/angebote/aachen/1931021/rewe-markt-kaiserplatz-1-adalbertstr-100/"
"2026-09-20 21:02 Europe/Berlin","REWE","REWE Markt, Kaiserplatz 1 / Adalbertstr. 100, 52062 Aachen (지점 확인)","52062","식품","21.09.2026-27.09.2026","Thomy Delikatess Mayonnaise","je 200-ml-Tube, (1 l = 8,95 €)","1.79","","","8,95 €","https://www.rewe.de/angebote/aachen/1931021/rewe-markt-kaiserplatz-1-adalbertstr-100/"
"2026-09-20 21:02 Europe/Berlin","REWE","REWE Markt, Kaiserplatz 1 / Adalbertstr. 100, 52062 Aachen (지점 확인)","52062","식품","21.09.2026-27.09.2026","Thomy Delikatess Mayonnaise","je 250-ml-Glas, (1 l = 7,16 €)","1.79","","","7,16 €","https://www.rewe.de/angebote/aachen/1931021/rewe-markt-kaiserplatz-1-adalbertstr-100/"
"2026-09-20 21:02 Europe/Berlin","REWE","REWE Markt, Kaiserplatz 1 / Adalbertstr. 100, 52062 Aachen (지점 확인)","52062","식품","21.09.2026-27.09.2026","Timmendorfer Rügenwalder Teewurst","versch. Sorten, je 100 g","1.79","","","","https://www.rewe.de/angebote/aachen/1931021/rewe-markt-kaiserplatz-1-adalbertstr-100/"
"2026-09-20 21:02 Europe/Berlin","REWE","REWE Markt, Kaiserplatz 1 / Adalbertstr. 100, 52062 Aachen (지점 확인)","52062","식품","21.09.2026-27.09.2026","Tony’s Schokolade","versch. Sorten, je 180-g-Pckg., (1 kg = 16,61 €)","2.99","","","16,61 €","https://www.rewe.de/angebote/aachen/1931021/rewe-markt-kaiserplatz-1-adalbertstr-100/"
"2026-09-20 21:02 Europe/Berlin","REWE","REWE Markt, Kaiserplatz 1 / Adalbertstr. 100, 52062 Aachen (지점 확인)","52062","식품","21.09.2026-27.09.2026","Trumpf Edle Tropfen Obstbrände","je 200-g-Pckg., (1 kg = 14,95 €)","2.99","","","14,95 €","https://www.rewe.de/angebote/aachen/1931021/rewe-markt-kaiserplatz-1-adalbertstr-100/"
"2026-09-20 21:02 Europe/Berlin","REWE","REWE Markt, Kaiserplatz 1 / Adalbertstr. 100, 52062 Aachen (지점 확인)","52062","식품","21.09.2026-27.09.2026","Ültje Erdnüsse","geröstet & gesalzen, je 180-g-Dose, (1 kg = 9,39 €)","1.69","","","9,39 €","https://www.rewe.de/angebote/aachen/1931021/rewe-markt-kaiserplatz-1-adalbertstr-100/"
"2026-09-20 21:02 Europe/Berlin","REWE","REWE Markt, Kaiserplatz 1 / Adalbertstr. 100, 52062 Aachen (지점 확인)","52062","식품","21.09.2026-27.09.2026","Ültje Fusion Peanuts","Paprika Flamed Style, je 150-g-Btl., (1 kg = 11,27 €)","1.69","","","11,27 €","https://www.rewe.de/angebote/aachen/1931021/rewe-markt-kaiserplatz-1-adalbertstr-100/"
"2026-09-20 21:02 Europe/Berlin","REWE","REWE Markt, Kaiserplatz 1 / Adalbertstr. 100, 52062 Aachen (지점 확인)","52062","식품","21.09.2026-27.09.2026","Vita Coco Kokosnusswasser","versch. Sorten, je 330-ml-Pckg., (1 l = 4,82 €)","1.59","","","4,82 €","https://www.rewe.de/angebote/aachen/1931021/rewe-markt-kaiserplatz-1-adalbertstr-100/"
"2026-09-20 21:02 Europe/Berlin","REWE","REWE Markt, Kaiserplatz 1 / Adalbertstr. 100, 52062 Aachen (지점 확인)","52062","음료","21.09.2026-27.09.2026","Volvic Touch oder Tee","versch. Sorten, je 1,5-l-Fl., (1 l = 0,74 €), zzgl. 0,25 € Pfand","1.11","","","0,74 €","https://www.rewe.de/angebote/aachen/1931021/rewe-markt-kaiserplatz-1-adalbertstr-100/"
"2026-09-20 21:02 Europe/Berlin","REWE","REWE Markt, Kaiserplatz 1 / Adalbertstr. 100, 52062 Aachen (지점 확인)","52062","음료","21.09.2026-27.09.2026","Vöslauer Flavour Mineralwasser","versch. Sorten, je 6 x 1-l-Fl.-Pckg., (1 l = 0,79 €), zzgl. 1,50 € Pfand","4.74","","","0,79 €","https://www.rewe.de/angebote/aachen/1931021/rewe-markt-kaiserplatz-1-adalbertstr-100/"
"2026-09-20 21:02 Europe/Berlin","REWE","REWE Markt, Kaiserplatz 1 / Adalbertstr. 100, 52062 Aachen (지점 확인)","52062","식품","21.09.2026-27.09.2026","Wasa Sesam & Vollkorn","je 200-g-Pckg., (1 kg = 8,95 €)","1.79","","","8,95 €","https://www.rewe.de/angebote/aachen/1931021/rewe-markt-kaiserplatz-1-adalbertstr-100/"
"2026-09-20 21:02 Europe/Berlin","REWE","REWE Markt, Kaiserplatz 1 / Adalbertstr. 100, 52062 Aachen (지점 확인)","52062","식품","21.09.2026-27.09.2026","Wasa Vollkorn Roggen","je 260-g-Pckg., (1 kg = 6,88 €)","1.79","","","6,88 €","https://www.rewe.de/angebote/aachen/1931021/rewe-markt-kaiserplatz-1-adalbertstr-100/"
"2026-09-20 21:02 Europe/Berlin","REWE","REWE Markt, Kaiserplatz 1 / Adalbertstr. 100, 52062 Aachen (지점 확인)","52062","식품","21.09.2026-27.09.2026","Weihenstephan Kochsahne","je 250-g-Pckg., (1 kg = 5,16 €)","1.29","","","5,16 €","https://www.rewe.de/angebote/aachen/1931021/rewe-markt-kaiserplatz-1-adalbertstr-100/"
"2026-09-20 21:02 Europe/Berlin","REWE","REWE Markt, Kaiserplatz 1 / Adalbertstr. 100, 52062 Aachen (지점 확인)","52062","식품","21.09.2026-27.09.2026","Weihenstephan Naturjoghurt mild","versch. Sorten, je 500-g-Becher, (1 kg = 1,98 €)","0.99","","","1,98 €","https://www.rewe.de/angebote/aachen/1931021/rewe-markt-kaiserplatz-1-adalbertstr-100/"
"2026-09-20 21:02 Europe/Berlin","REWE","REWE Markt, Kaiserplatz 1 / Adalbertstr. 100, 52062 Aachen (지점 확인)","52062","식품","21.09.2026-27.09.2026","Wiesenhof Bruzzzler Minis","je 350-g-Pckg., (1 kg = 9,97 €)","3.49","","","9,97 €","https://www.rewe.de/angebote/aachen/1931021/rewe-markt-kaiserplatz-1-adalbertstr-100/"
"2026-09-20 21:02 Europe/Berlin","REWE","REWE Markt, Kaiserplatz 1 / Adalbertstr. 100, 52062 Aachen (지점 확인)","52062","식품","21.09.2026-27.09.2026","Wiesenhof Bruzzzler Original","je 5 x 80-g-Pckg., (1 kg = 8,73 €)","3.49","","","8,73 €","https://www.rewe.de/angebote/aachen/1931021/rewe-markt-kaiserplatz-1-adalbertstr-100/"
"2026-09-20 21:02 Europe/Berlin","REWE","REWE Markt, Kaiserplatz 1 / Adalbertstr. 100, 52062 Aachen (지점 확인)","52062","식품","21.09.2026-27.09.2026","Wilhelm Brandenburg Hackfleisch gemischt","vom Rind und Schwein, je 250-g-Pckg., (1 kg = 9,96 €)","2.49","","","9,96 €","https://www.rewe.de/angebote/aachen/1931021/rewe-markt-kaiserplatz-1-adalbertstr-100/"
"2026-09-20 21:02 Europe/Berlin","REWE","REWE Markt, Kaiserplatz 1 / Adalbertstr. 100, 52062 Aachen (지점 확인)","52062","주류","21.09.2026-27.09.2026","Wilthener Gebirgskräuter","30% Vol., je 0,7-l-Fl., (1 l = 7,84 €)","5.49","","","7,84 €","https://www.rewe.de/angebote/aachen/1931021/rewe-markt-kaiserplatz-1-adalbertstr-100/"
"2026-09-20 21:02 Europe/Berlin","REWE","REWE Markt, Kaiserplatz 1 / Adalbertstr. 100, 52062 Aachen (지점 확인)","52062","식품","21.09.2026-27.09.2026","Zentis Frühstücks-Konfitüre","versch. Sorten, je 230-g-Glas, (1 kg = 6,48 €)","1.49","","","6,48 €","https://www.rewe.de/angebote/aachen/1931021/rewe-markt-kaiserplatz-1-adalbertstr-100/"
"2026-09-20 21:02 Europe/Berlin","REWE","REWE Markt, Kaiserplatz 1 / Adalbertstr. 100, 52062 Aachen (지점 확인)","52062","식품","21.09.2026-27.09.2026","Zwiebelbaguette","je 330-g-lose, (1 kg = 6,03 €)","1.99","","","6,03 €","https://www.rewe.de/angebote/aachen/1931021/rewe-markt-kaiserplatz-1-adalbertstr-100/"
"2026-09-20 21:02 Europe/Berlin","EDEKA","EDEKA Buller, Matthiaskirchweg 6, 40472 Düsseldorf (최근접 지점 확인)","40468","식품","21.09.2026-26.09.2026","3 Glocken Genuss Pur","versch. Sorten, je 500 g Packung, (1 kg = € 2.58)","1.29","","","2.58","https://www.edeka.de/maerkte/071158/angebote/"
"2026-09-20 21:02 Europe/Berlin","EDEKA","EDEKA Buller, Matthiaskirchweg 6, 40472 Düsseldorf (최근접 지점 확인)","40468","식품","21.09.2026-26.09.2026","7 Days Croissants","versch. Sorten, je 240 g / 185 g Packung / Beutel, (1 kg = € 8.29 / € 10.76)","1.99","","","8.29 / € 10.76","https://www.edeka.de/maerkte/071158/angebote/"
"2026-09-20 21:02 Europe/Berlin","EDEKA","EDEKA Buller, Matthiaskirchweg 6, 40472 Düsseldorf (최근접 지점 확인)","40468","식품","21.09.2026-26.09.2026","After Eight Classic","200 g Packung, (1 kg = € 11.10)","2.22","","","11.10","https://www.edeka.de/maerkte/071158/angebote/"
"2026-09-20 21:02 Europe/Berlin","EDEKA","EDEKA Buller, Matthiaskirchweg 6, 40472 Düsseldorf (최근접 지점 확인)","40468","식품","21.09.2026-26.09.2026","Ahornsirup","250 ml Flasche, (1 l = € 13.32)","3.33","","","13.32","https://www.edeka.de/maerkte/071158/angebote/"
"2026-09-20 21:02 Europe/Berlin","EDEKA","EDEKA Buller, Matthiaskirchweg 6, 40472 Düsseldorf (최근접 지점 확인)","40468","식품","21.09.2026-26.09.2026","Alpenhain Obazda oder Camembert Creme","versch. Sorten, je 125 g Becher, (1 kg = € 11.92)","1.49","1.29","","11.92","https://www.edeka.de/maerkte/071158/angebote/"
"2026-09-20 21:02 Europe/Berlin","EDEKA","EDEKA Buller, Matthiaskirchweg 6, 40472 Düsseldorf (최근접 지점 확인)","40468","주류","21.09.2026-26.09.2026","Aperol Spritz","10,5% Vol., Packung = 3 x 0,2 l pfandfrei, (1 l = € 11.65)","6.99","","","11.65","https://www.edeka.de/maerkte/071158/angebote/"
"2026-09-20 21:02 Europe/Berlin","EDEKA","EDEKA Buller, Matthiaskirchweg 6, 40472 Düsseldorf (최근접 지점 확인)","40468","식품","21.09.2026-26.09.2026","Appenzeller Appenzellerin","schweizer Halbhartkäse, mind. 48% Fett i. Tr., je 100 g am Stück","2.29","","","","https://www.edeka.de/maerkte/071158/angebote/"
"2026-09-20 21:02 Europe/Berlin","EDEKA","EDEKA Buller, Matthiaskirchweg 6, 40472 Düsseldorf (최근접 지점 확인)","40468","음료","21.09.2026-26.09.2026","Asbach Uralt","36% Vol., 0,7 l Flasche, (1 l = € 14.27)","9.99","","","14.27","https://www.edeka.de/maerkte/071158/angebote/"
"2026-09-20 21:02 Europe/Berlin","EDEKA","EDEKA Buller, Matthiaskirchweg 6, 40472 Düsseldorf (최근접 지점 확인)","40468","식품","21.09.2026-26.09.2026","Bille - Chicken Salami","versch. ummantelt, je 100 g","1.99","","","","https://www.edeka.de/maerkte/071158/angebote/"
"2026-09-20 21:02 Europe/Berlin","EDEKA","EDEKA Buller, Matthiaskirchweg 6, 40472 Düsseldorf (최근접 지점 확인)","40468","식품","21.09.2026-26.09.2026","Birkel’s No. 1 oder 7 Hühnchen Nudeln","versch. Sorten, je 500 g / 600 g Packung, (1 kg = € 2.58 / € 2.15)","1.29","","","2.58 / € 2.15","https://www.edeka.de/maerkte/071158/angebote/"
"2026-09-20 21:02 Europe/Berlin","EDEKA","EDEKA Buller, Matthiaskirchweg 6, 40472 Düsseldorf (최근접 지점 확인)","40468","식품","21.09.2026-26.09.2026","Bonduelle Gemüsekonserven","versch. Sorten, je 300 g - 400 g Dose / 220 g - 285 g Abtropfg., (1 kg = ab € 2.78)","1.11","","","ab € 2.78","https://www.edeka.de/maerkte/071158/angebote/"
"2026-09-20 21:02 Europe/Berlin","EDEKA","EDEKA Buller, Matthiaskirchweg 6, 40472 Düsseldorf (최근접 지점 확인)","40468","식품","21.09.2026-26.09.2026","Börek-Stick","mit Feta-Füllung oder Spinat-Feta-Füllung, je Stück","0.50","","","","https://www.edeka.de/maerkte/071158/angebote/"
"2026-09-20 21:02 Europe/Berlin","EDEKA","EDEKA Buller, Matthiaskirchweg 6, 40472 Düsseldorf (최근접 지점 확인)","40468","식품","21.09.2026-26.09.2026","Brandt Der Markenzwieback","225 g Packung, (1 kg = € 5.73)","1.29","","","5.73","https://www.edeka.de/maerkte/071158/angebote/"
"2026-09-20 21:02 Europe/Berlin","EDEKA","EDEKA Buller, Matthiaskirchweg 6, 40472 Düsseldorf (최근접 지점 확인)","40468","식품","21.09.2026-26.09.2026","Bulgur- oder Bauernsalat","verzehrfertig, je 250 g Schale, (1 kg = € 11.96)","2.99","","","11.96","https://www.edeka.de/maerkte/071158/angebote/"
"2026-09-20 21:02 Europe/Berlin","EDEKA","EDEKA Buller, Matthiaskirchweg 6, 40472 Düsseldorf (최근접 지점 확인)","40468","식품","21.09.2026-26.09.2026","Cathedral City Cheddar","4 / 9 Monate gereift, 48% Fett i. Tr., je 120 g Packung, (1 kg = € 16.58)","1.99","","","16.58","https://www.edeka.de/maerkte/071158/angebote/"
"2026-09-20 21:02 Europe/Berlin","EDEKA","EDEKA Buller, Matthiaskirchweg 6, 40472 Düsseldorf (최근접 지점 확인)","40468","식품","21.09.2026-26.09.2026","Cevapcici","aus Rinder- und Schweinehackfleisch, mit einer Paprika-Knoblauch-Note abgerundet, je 10 x 50 g Stück = 500 g, (1 kg = € 10.00)","5.00","","","10.00","https://www.edeka.de/maerkte/071158/angebote/"
"2026-09-20 21:02 Europe/Berlin","EDEKA","EDEKA Buller, Matthiaskirchweg 6, 40472 Düsseldorf (최근접 지점 확인)","40468","식품","21.09.2026-26.09.2026","Choi's Bibimmyeon Instant Nudeln","versch. Sorten, je 113 g - 131 g Beutel, (1 kg = ab € 11.37)","1.49","","","ab € 11.37","https://www.edeka.de/maerkte/071158/angebote/"
"2026-09-20 21:02 Europe/Berlin","EDEKA","EDEKA Buller, Matthiaskirchweg 6, 40472 Düsseldorf (최근접 지점 확인)","40468","음료","21.09.2026-26.09.2026","Coca-Cola, Coca-Cola Zero, Mezzo Mix oder Sprite","koffeinhaltig, je Kasten = 6 x 1 l zzgl. € 2.40 Pfand, (1 l = € 1.33)","7.99","","","1.33","https://www.edeka.de/maerkte/071158/angebote/"
"2026-09-20 21:02 Europe/Berlin","EDEKA","EDEKA Buller, Matthiaskirchweg 6, 40472 Düsseldorf (최근접 지점 확인)","40468","음료","21.09.2026-26.09.2026","Coca-Cola, Fanta oder Sprite","und weitere Sorten, teilweise koffeinhaltig, je 1,25 l Flasche zzgl. € 0.25 Pfand, (1 l = € 0.89)","1.11","","","0.89","https://www.edeka.de/maerkte/071158/angebote/"
"2026-09-20 21:02 Europe/Berlin","EDEKA","EDEKA Buller, Matthiaskirchweg 6, 40472 Düsseldorf (최근접 지점 확인)","40468","식품","21.09.2026-26.09.2026","Corny Müsli-Riegel","versch. Sorten auch Corny Haferkraft-Riegel, Corny Protein 4 x 25 g und Corny Protein Crunchy Riegel 45 g im Angebot, je 3 - 6 Riegel = 96 g - 150 g Packung, (1 kg = ab € 10.60)","1.59","","","ab € 10.60","https://www.edeka.de/maerkte/071158/angebote/"
"2026-09-20 21:02 Europe/Berlin","EDEKA","EDEKA Buller, Matthiaskirchweg 6, 40472 Düsseldorf (최근접 지점 확인)","40468","식품","21.09.2026-26.09.2026","Das Mehl","glutenfrei, 1 kg Packung","3.99","","","","https://www.edeka.de/maerkte/071158/angebote/"
"2026-09-20 21:02 Europe/Berlin","EDEKA","EDEKA Buller, Matthiaskirchweg 6, 40472 Düsseldorf (최근접 지점 확인)","40468","음료","21.09.2026-26.09.2026","Deutschland - Baden - Badischer Federweißer","versch. Sorten, je 1 l Flasche","2.49","","","","https://www.edeka.de/maerkte/071158/angebote/"
"2026-09-20 21:02 Europe/Berlin","EDEKA","EDEKA Buller, Matthiaskirchweg 6, 40472 Düsseldorf (최근접 지점 확인)","40468","식품","21.09.2026-26.09.2026","Deutschland - Bio-Möhren","Klasse II, 1 kg Beutel","1.49","","","","https://www.edeka.de/maerkte/071158/angebote/"
"2026-09-20 21:02 Europe/Berlin","EDEKA","EDEKA Buller, Matthiaskirchweg 6, 40472 Düsseldorf (최근접 지점 확인)","40468","식품","21.09.2026-26.09.2026","Deutschland - Bio-Porree","Klasse II, 430 g Bund, (1 kg = € 4.63)","1.99","","","4.63","https://www.edeka.de/maerkte/071158/angebote/"
"2026-09-20 21:02 Europe/Berlin","EDEKA","EDEKA Buller, Matthiaskirchweg 6, 40472 Düsseldorf (최근접 지점 확인)","40468","식품","21.09.2026-26.09.2026","Deutschland - Bio-Zwiebeln","rot oder gelb, Klasse II, je 500 g / 750 g Netz, (1 kg = € 2.98 / € 1.99)","1.49","","","2.98 / € 1.99","https://www.edeka.de/maerkte/071158/angebote/"
"2026-09-20 21:02 Europe/Berlin","EDEKA","EDEKA Buller, Matthiaskirchweg 6, 40472 Düsseldorf (최근접 지점 확인)","40468","식품","21.09.2026-26.09.2026","Deutschland - Blumenkohl","Klasse I, Stück","1.49","","","","https://www.edeka.de/maerkte/071158/angebote/"
"2026-09-20 21:02 Europe/Berlin","EDEKA","EDEKA Buller, Matthiaskirchweg 6, 40472 Düsseldorf (최근접 지점 확인)","40468","식품","21.09.2026-26.09.2026","Deutschland - Bundmöhren","Klasse I, Bund","1.49","","","","https://www.edeka.de/maerkte/071158/angebote/"
"2026-09-20 21:02 Europe/Berlin","EDEKA","EDEKA Buller, Matthiaskirchweg 6, 40472 Düsseldorf (최근접 지점 확인)","40468","식품","21.09.2026-26.09.2026","Deutschland - EDEKA Regional - Mini-Romanasalat","Klasse I, 2 Stück Packung","0.99","","","","https://www.edeka.de/maerkte/071158/angebote/"
"2026-09-20 21:02 Europe/Berlin","EDEKA","EDEKA Buller, Matthiaskirchweg 6, 40472 Düsseldorf (최근접 지점 확인)","40468","식품","21.09.2026-26.09.2026","Deutschland - GUT & GÜNSTIG - Speisekartoffeln","vorwiegend festkochend oder festkochend, je 2,5 kg Beutel, (1 kg = € 0.80)","1.99","","","0.80","https://www.edeka.de/maerkte/071158/angebote/"
"2026-09-20 21:02 Europe/Berlin","EDEKA","EDEKA Buller, Matthiaskirchweg 6, 40472 Düsseldorf (최근접 지점 확인)","40468","식품","21.09.2026-26.09.2026","Deutschland - GUT & GÜNSTIG - Tafeläpfel Jonagold","Klasse II, 2 kg Beutel, (1 kg = € 0.75)","1.49","","","0.75","https://www.edeka.de/maerkte/071158/angebote/"
"2026-09-20 21:02 Europe/Berlin","EDEKA","EDEKA Buller, Matthiaskirchweg 6, 40472 Düsseldorf (최근접 지점 확인)","40468","식품","21.09.2026-26.09.2026","Deutschland - GUT & GÜNSTIG - Zwiebeln","Klasse II, 2 kg Netz, (1 kg = € 0.75)","1.49","","","0.75","https://www.edeka.de/maerkte/071158/angebote/"
"2026-09-20 21:02 Europe/Berlin","EDEKA","EDEKA Buller, Matthiaskirchweg 6, 40472 Düsseldorf (최근접 지점 확인)","40468","음료","21.09.2026-26.09.2026","Deutschland - III Freunde","versch. Sorten, je 0,75 l Flasche, (1 l = € 10.65)","7.99","","","10.65","https://www.edeka.de/maerkte/071158/angebote/"
"2026-09-20 21:02 Europe/Berlin","EDEKA","EDEKA Buller, Matthiaskirchweg 6, 40472 Düsseldorf (최근접 지점 확인)","40468","식품","21.09.2026-26.09.2026","Deutschland - Kohlrabi","weiß, Klasse I, Stück","0.55","","","","https://www.edeka.de/maerkte/071158/angebote/"
"2026-09-20 21:02 Europe/Berlin","EDEKA","EDEKA Buller, Matthiaskirchweg 6, 40472 Düsseldorf (최근접 지점 확인)","40468","식품","21.09.2026-26.09.2026","Deutschland - Lauchzwiebeln oder Radieschen","Klasse I, je Bund","0.55","","","","https://www.edeka.de/maerkte/071158/angebote/"
"2026-09-20 21:02 Europe/Berlin","EDEKA","EDEKA Buller, Matthiaskirchweg 6, 40472 Düsseldorf (최근접 지점 확인)","40468","식품","21.09.2026-26.09.2026","Deutschland - Staudensellerie","Klasse II, Stück","1.99","","","","https://www.edeka.de/maerkte/071158/angebote/"
"2026-09-20 21:02 Europe/Berlin","EDEKA","EDEKA Buller, Matthiaskirchweg 6, 40472 Düsseldorf (최근접 지점 확인)","40468","주류","21.09.2026-26.09.2026","Deutschland - Weingenuss","versch. Sorten, je 1 l Flasche","1.99","1.79","","","https://www.edeka.de/maerkte/071158/angebote/"
"2026-09-20 21:02 Europe/Berlin","EDEKA","EDEKA Buller, Matthiaskirchweg 6, 40472 Düsseldorf (최근접 지점 확인)","40468","식품","21.09.2026-26.09.2026","Die Pasta glutenfrei","versch. Sorten, je 400 g Packung, (1 kg = € 4.98)","1.99","","","4.98","https://www.edeka.de/maerkte/071158/angebote/"
"2026-09-20 21:02 Europe/Berlin","EDEKA","EDEKA Buller, Matthiaskirchweg 6, 40472 Düsseldorf (최근접 지점 확인)","40468","식품","21.09.2026-26.09.2026","Dr. Oetker Backmischung","versch. Sorten, je 280 g - 580 g Packung, (1 kg = ab € 4.29)","2.49","1.99","","ab € 4.29","https://www.edeka.de/maerkte/071158/angebote/"
"2026-09-20 21:02 Europe/Berlin","EDEKA","EDEKA Buller, Matthiaskirchweg 6, 40472 Düsseldorf (최근접 지점 확인)","40468","식품","21.09.2026-26.09.2026","Dr. Oetker Die Ofenfrische, Pizza Tradizionale oder La Mia Pinsa","tiefgefroren, versch. Sorten, je 305 g - 435 g Packung, (1 kg = ab € 4.11)","1.79","","","ab € 4.11","https://www.edeka.de/maerkte/071158/angebote/"
"2026-09-20 21:02 Europe/Berlin","EDEKA","EDEKA Buller, Matthiaskirchweg 6, 40472 Düsseldorf (최근접 지점 확인)","40468","식품","21.09.2026-26.09.2026","Dr. Oetker Pudding oder Fruchtgrütze","versch. Sorten, je 160 g - 200 g Becher, (1 kg = ab € 4.95)","0.99","0.79","","ab € 4.95","https://www.edeka.de/maerkte/071158/angebote/"
"2026-09-20 21:02 Europe/Berlin","EDEKA","EDEKA Buller, Matthiaskirchweg 6, 40472 Düsseldorf (최근접 지점 확인)","40468","식품","21.09.2026-26.09.2026","Dr. Oetker Suprema","tiefgefroren, versch. Sorten, je 475 g - 540 g Packung, (1 kg = ab € 7.39)","3.99","","","ab € 7.39","https://www.edeka.de/maerkte/071158/angebote/"
"2026-09-20 21:02 Europe/Berlin","EDEKA","EDEKA Buller, Matthiaskirchweg 6, 40472 Düsseldorf (최근접 지점 확인)","40468","식품","21.09.2026-26.09.2026","Ecuador - GUT & GÜNSTIG - Bananen","1 kg","1.11","","","","https://www.edeka.de/maerkte/071158/angebote/"
"2026-09-20 21:02 Europe/Berlin","EDEKA","EDEKA Buller, Matthiaskirchweg 6, 40472 Düsseldorf (최근접 지점 확인)","40468","식품","21.09.2026-26.09.2026","EDEKA - Laktosefreie H-Milch","3,5% / 1,5% Fett, je 1 l Packung","0.89","","","","https://www.edeka.de/maerkte/071158/angebote/"
"2026-09-20 21:02 Europe/Berlin","EDEKA","EDEKA Buller, Matthiaskirchweg 6, 40472 Düsseldorf (최근접 지점 확인)","40468","식품","21.09.2026-26.09.2026","EDEKA - Saatenbrot","glutenfrei, 300 g Packung, (1 kg = € 9.30)","2.79","","","9.30","https://www.edeka.de/maerkte/071158/angebote/"
"2026-09-20 21:02 Europe/Berlin","EDEKA","EDEKA Buller, Matthiaskirchweg 6, 40472 Düsseldorf (최근접 지점 확인)","40468","식품","21.09.2026-26.09.2026","EDEKA - Supersweet Mais","150 g Dose / 140 g Abtropfg., (1 kg = € 4.93)","0.69","","","4.93","https://www.edeka.de/maerkte/071158/angebote/"
"2026-09-20 21:02 Europe/Berlin","EDEKA","EDEKA Buller, Matthiaskirchweg 6, 40472 Düsseldorf (최근접 지점 확인)","40468","식품","21.09.2026-26.09.2026","EDEKA - Tomaten","versch. Sorten, je 390 g Packung, (1 kg = € 2.85)","1.11","","","2.85","https://www.edeka.de/maerkte/071158/angebote/"
"2026-09-20 21:02 Europe/Berlin","EDEKA","EDEKA Buller, Matthiaskirchweg 6, 40472 Düsseldorf (최근접 지점 확인)","40468","식품","21.09.2026-26.09.2026","EDEKA - Tortenpfirsiche, Aprikosen oder Williams Christ Birnen","je 225 g Dose / 125 g / 140 g Abtropfg., (1 kg = € 7.92 / € 7.07)","0.99","","","7.92 / € 7.07","https://www.edeka.de/maerkte/071158/angebote/"
"2026-09-20 21:02 Europe/Berlin","EDEKA","EDEKA Buller, Matthiaskirchweg 6, 40472 Düsseldorf (최근접 지점 확인)","40468","식품","21.09.2026-26.09.2026","EDEKA Bio - Apfelessig","naturtrüb, 750 ml Flasche, (1 l = € 2.12)","1.59","","","2.12","https://www.edeka.de/maerkte/071158/angebote/"
"2026-09-20 21:02 Europe/Berlin","EDEKA","EDEKA Buller, Matthiaskirchweg 6, 40472 Düsseldorf (최근접 지점 확인)","40468","식품","21.09.2026-26.09.2026","EDEKA Bio - Dinkel- oder Dinkelvollkornmehl","je 1 kg Packung","1.29","","","","https://www.edeka.de/maerkte/071158/angebote/"
"2026-09-20 21:02 Europe/Berlin","EDEKA","EDEKA Buller, Matthiaskirchweg 6, 40472 Düsseldorf (최근접 지점 확인)","40468","식품","21.09.2026-26.09.2026","EDEKA Bio - Natives Olivenöl extra","aus Griechenland, 500 ml Flasche, (1 l = € 16.98)","8.49","","","16.98","https://www.edeka.de/maerkte/071158/angebote/"
"2026-09-20 21:02 Europe/Berlin","EDEKA","EDEKA Buller, Matthiaskirchweg 6, 40472 Düsseldorf (최근접 지점 확인)","40468","음료","21.09.2026-26.09.2026","EDEKA Herzstücke - Saft, Nektar oder Fruchtsaftgetränk","versch. Sorten, je 1 l Flasche zzgl. € 0.25 Pfand","1.11","0.99","","","https://www.edeka.de/maerkte/071158/angebote/"
"2026-09-20 21:02 Europe/Berlin","EDEKA","EDEKA Buller, Matthiaskirchweg 6, 40472 Düsseldorf (최근접 지점 확인)","40468","식품","21.09.2026-26.09.2026","Edeka Küche - Tortellini","mit Bolognese- oder Sahnesauce, je 400 g Schale, (1 kg = € 9.98)","3.99","","","9.98","https://www.edeka.de/maerkte/071158/angebote/"
"2026-09-20 21:02 Europe/Berlin","EDEKA","EDEKA Buller, Matthiaskirchweg 6, 40472 Düsseldorf (최근접 지점 확인)","40468","식품","21.09.2026-26.09.2026","EDEKA Regional - Herzhafter Wurst-Aufschnitt","versch. Sorten, je 100 g Packung, (1 kg = € 13.90)","1.39","","","13.90","https://www.edeka.de/maerkte/071158/angebote/"
"2026-09-20 21:02 Europe/Berlin","EDEKA","EDEKA Buller, Matthiaskirchweg 6, 40472 Düsseldorf (최근접 지점 확인)","40468","식품","21.09.2026-26.09.2026","Emmi Caffè Latte","versch. Sorten, je 230 ml Becher, (1 l = € 6.48)","1.49","1.29","","6.48","https://www.edeka.de/maerkte/071158/angebote/"
"2026-09-20 21:02 Europe/Berlin","EDEKA","EDEKA Buller, Matthiaskirchweg 6, 40472 Düsseldorf (최근접 지점 확인)","40468","식품","21.09.2026-26.09.2026","Exquisa Zero Quark-Joghurt-Creme","versch. Sorten, je 400 g Becher, (1 kg = € 3.73)","1.49","","","3.73","https://www.edeka.de/maerkte/071158/angebote/"
"2026-09-20 21:02 Europe/Berlin","EDEKA","EDEKA Buller, Matthiaskirchweg 6, 40472 Düsseldorf (최근접 지점 확인)","40468","식품","21.09.2026-26.09.2026","Fleischkäsebrät","roh, zum Backen, 700 g Packung, (1 kg = € 5.70)","3.99","","","5.70","https://www.edeka.de/maerkte/071158/angebote/"
"2026-09-20 21:02 Europe/Berlin","EDEKA","EDEKA Buller, Matthiaskirchweg 6, 40472 Düsseldorf (최근접 지점 확인)","40468","음료","21.09.2026-26.09.2026","Frankreich - Brut Dargent","versch. Sorten, je 0,75 l Flasche, (1 l = € 7.99)","5.99","","","7.99","https://www.edeka.de/maerkte/071158/angebote/"
"2026-09-20 21:02 Europe/Berlin","EDEKA","EDEKA Buller, Matthiaskirchweg 6, 40472 Düsseldorf (최근접 지점 확인)","40468","주류","21.09.2026-26.09.2026","Frankreich / Deutschland - Bree Weine","versch. Sorten auch Alkoholfrei im Angebot, je 0,75 l Flasche, (1 l = € 3.99)","2.99","2.79","","3.99","https://www.edeka.de/maerkte/071158/angebote/"
"2026-09-20 21:02 Europe/Berlin","EDEKA","EDEKA Buller, Matthiaskirchweg 6, 40472 Düsseldorf (최근접 지점 확인)","40468","음료","21.09.2026-26.09.2026","Franziskaner Hefeweissbier","Alkoholfrei oder Hell, je Kasten = 11 x 0,5 l zzgl. € 2.38 Pfand, (1 l = € 1.63)","8.99","","","1.63","https://www.edeka.de/maerkte/071158/angebote/"
"2026-09-20 21:02 Europe/Berlin","EDEKA","EDEKA Buller, Matthiaskirchweg 6, 40472 Düsseldorf (최근접 지점 확인)","40468","식품","21.09.2026-26.09.2026","Frische Bratwurst","vom Schwein, nach „Fränkischer Art“ gewürzt, zum Braten, 300 g Packung, (1 kg = € 9.97)","2.99","","","9.97","https://www.edeka.de/maerkte/071158/angebote/"
"2026-09-20 21:02 Europe/Berlin","EDEKA","EDEKA Buller, Matthiaskirchweg 6, 40472 Düsseldorf (최근접 지점 확인)","40468","식품","21.09.2026-26.09.2026","Frische Dicke Schweinerippe","ideal zum Braten, je 1 kg","5.99","","","","https://www.edeka.de/maerkte/071158/angebote/"
"2026-09-20 21:02 Europe/Berlin","EDEKA","EDEKA Buller, Matthiaskirchweg 6, 40472 Düsseldorf (최근접 지점 확인)","40468","식품","21.09.2026-26.09.2026","Frische Hähnchenflügel","Handelsklasse A, je 1 kg","4.44","","","","https://www.edeka.de/maerkte/071158/angebote/"
"2026-09-20 21:02 Europe/Berlin","EDEKA","EDEKA Buller, Matthiaskirchweg 6, 40472 Düsseldorf (최근접 지점 확인)","40468","식품","21.09.2026-26.09.2026","Frische Lummerkoteletts","zart und mager, je 1 kg","6.49","","","","https://www.edeka.de/maerkte/071158/angebote/"
"2026-09-20 21:02 Europe/Berlin","EDEKA","EDEKA Buller, Matthiaskirchweg 6, 40472 Düsseldorf (최근접 지점 확인)","40468","식품","21.09.2026-26.09.2026","Frische Putenschnitzel oder frisches Putengulasch","aus der Brust geschnitten, besonders mager, für den kalorienbewussten Genuss, je 100 g","1.29","","","","https://www.edeka.de/maerkte/071158/angebote/"
"2026-09-20 21:02 Europe/Berlin","EDEKA","EDEKA Buller, Matthiaskirchweg 6, 40472 Düsseldorf (최근접 지점 확인)","40468","식품","21.09.2026-26.09.2026","Frische Schweine-Schwänzchen oder -Pfötchen","ideal für den Eintopf, je 1 kg","2.00","","","","https://www.edeka.de/maerkte/071158/angebote/"
"2026-09-20 21:02 Europe/Berlin","EDEKA","EDEKA Buller, Matthiaskirchweg 6, 40472 Düsseldorf (최근접 지점 확인)","40468","식품","21.09.2026-26.09.2026","Frische Schweineleber oder Schweinenieren","je 1 kg","2.50","","","","https://www.edeka.de/maerkte/071158/angebote/"
"2026-09-20 21:02 Europe/Berlin","EDEKA","EDEKA Buller, Matthiaskirchweg 6, 40472 Düsseldorf (최근접 지점 확인)","40468","식품","21.09.2026-26.09.2026","Frische Stielkoteletts","das schnelle Pfannengericht, je 1 kg","5.99","","","","https://www.edeka.de/maerkte/071158/angebote/"
"2026-09-20 21:02 Europe/Berlin","EDEKA","EDEKA Buller, Matthiaskirchweg 6, 40472 Düsseldorf (최근접 지점 확인)","40468","식품","21.09.2026-26.09.2026","Frischer Schweinebauch","am Stück, mit Knochenanteil, je 1 kg","5.99","","","","https://www.edeka.de/maerkte/071158/angebote/"
"2026-09-20 21:02 Europe/Berlin","EDEKA","EDEKA Buller, Matthiaskirchweg 6, 40472 Düsseldorf (최근접 지점 확인)","40468","식품","21.09.2026-26.09.2026","Frischer Schweineschulterbraten","wie gewachsen, saftig, rustikal, je 1 kg","4.99","","","","https://www.edeka.de/maerkte/071158/angebote/"
"2026-09-20 21:02 Europe/Berlin","EDEKA","EDEKA Buller, Matthiaskirchweg 6, 40472 Düsseldorf (최근접 지점 확인)","40468","식품","21.09.2026-26.09.2026","Frisches ganzes Schweinefilet","das beste Stück vom Schwein, besonders zart, je 100 g","1.11","","","","https://www.edeka.de/maerkte/071158/angebote/"
"2026-09-20 21:02 Europe/Berlin","EDEKA","EDEKA Buller, Matthiaskirchweg 6, 40472 Düsseldorf (최근접 지점 확인)","40468","식품","21.09.2026-26.09.2026","Frisches Hähnchenbrustfilet","für den kalorienbewussten Genuss, Handelsklasse A, je 100 g","0.99","","","","https://www.edeka.de/maerkte/071158/angebote/"
"2026-09-20 21:02 Europe/Berlin","EDEKA","EDEKA Buller, Matthiaskirchweg 6, 40472 Düsseldorf (최근접 지점 확인)","40468","식품","21.09.2026-26.09.2026","Frisches Rinderhackfleisch","vielseitig verwendbar, je 100 g","1.49","","","","https://www.edeka.de/maerkte/071158/angebote/"
"2026-09-20 21:02 Europe/Berlin","EDEKA","EDEKA Buller, Matthiaskirchweg 6, 40472 Düsseldorf (최근접 지점 확인)","40468","식품","21.09.2026-26.09.2026","Frisches Schweinemett","pikant gewürzt, je 1 kg","6.99","","","","https://www.edeka.de/maerkte/071158/angebote/"
"2026-09-20 21:02 Europe/Berlin","EDEKA","EDEKA Buller, Matthiaskirchweg 6, 40472 Düsseldorf (최근접 지점 확인)","40468","식품","21.09.2026-26.09.2026","Frischwurst-Aufschnitt","versch. Sorten, je 100 g","1.19","","","","https://www.edeka.de/maerkte/071158/angebote/"
"2026-09-20 21:02 Europe/Berlin","EDEKA","EDEKA Buller, Matthiaskirchweg 6, 40472 Düsseldorf (최근접 지점 확인)","40468","식품","21.09.2026-26.09.2026","Frozen Ice Dessert","tiefgefroren, versch. Sorten, je 75 g Packung, (1 kg = € 26.53)","1.99","","","26.53","https://www.edeka.de/maerkte/071158/angebote/"
"2026-09-20 21:02 Europe/Berlin","EDEKA","EDEKA Buller, Matthiaskirchweg 6, 40472 Düsseldorf (최근접 지점 확인)","40468","식품","21.09.2026-26.09.2026","funny-frisch Ofen- oder Intense-Chips","versch. Sorten, je 115 g / 110 g Beutel, (1 kg = € 12.96 / € 13.55)","1.49","1.11","","12.96 / € 13.55","https://www.edeka.de/maerkte/071158/angebote/"
"2026-09-20 21:02 Europe/Berlin","EDEKA","EDEKA Buller, Matthiaskirchweg 6, 40472 Düsseldorf (최근접 지점 확인)","40468","식품","21.09.2026-26.09.2026","glycklich Eis","versch. Sorten, je 500 ml Becher, (1 l = € 7.98)","3.99","","","7.98","https://www.edeka.de/maerkte/071158/angebote/"
"2026-09-20 21:02 Europe/Berlin","EDEKA","EDEKA Buller, Matthiaskirchweg 6, 40472 Düsseldorf (최근접 지점 확인)","40468","식품","21.09.2026-26.09.2026","Gourmet Sauerkraut","400 g Beutel / 375 g Abtropfg., (1 kg = € 2.64)","0.99","","","2.64","https://www.edeka.de/maerkte/071158/angebote/"
"2026-09-20 21:02 Europe/Berlin","EDEKA","EDEKA Buller, Matthiaskirchweg 6, 40472 Düsseldorf (최근접 지점 확인)","40468","식품","21.09.2026-26.09.2026","Griesson Soft Cake","versch. Sorten, je 300 g Packung, (1 kg = € 6.63)","1.99","1.79","","6.63","https://www.edeka.de/maerkte/071158/angebote/"
"2026-09-20 21:02 Europe/Berlin","EDEKA","EDEKA Buller, Matthiaskirchweg 6, 40472 Düsseldorf (최근접 지점 확인)","40468","식품","21.09.2026-26.09.2026","GUT & GÜNSTIG - Eierspätzle","500 g Packung, (1 kg = € 2.78)","1.39","","","2.78","https://www.edeka.de/maerkte/071158/angebote/"
"2026-09-20 21:02 Europe/Berlin","EDEKA","EDEKA Buller, Matthiaskirchweg 6, 40472 Düsseldorf (최근접 지점 확인)","40468","식품","21.09.2026-26.09.2026","GUT & GÜNSTIG - Haferflocken","extra zart oder kernig, je 500 g Packung, (1 kg = € 1.38)","0.69","","","1.38","https://www.edeka.de/maerkte/071158/angebote/"
"2026-09-20 21:02 Europe/Berlin","EDEKA","EDEKA Buller, Matthiaskirchweg 6, 40472 Düsseldorf (최근접 지점 확인)","40468","식품","21.09.2026-26.09.2026","GUT & GÜNSTIG - Hähnchengeschnetzeltes","400 g Packung, (1 kg = € 12.48)","4.99","","","12.48","https://www.edeka.de/maerkte/071158/angebote/"
"2026-09-20 21:02 Europe/Berlin","EDEKA","EDEKA Buller, Matthiaskirchweg 6, 40472 Düsseldorf (최근접 지점 확인)","40468","식품","21.09.2026-26.09.2026","GUT & GÜNSTIG - Hähnchenminutenschnitzel","400 g Packung, (1 kg = € 12.48)","4.99","","","12.48","https://www.edeka.de/maerkte/071158/angebote/"
"2026-09-20 21:02 Europe/Berlin","EDEKA","EDEKA Buller, Matthiaskirchweg 6, 40472 Düsseldorf (최근접 지점 확인)","40468","식품","21.09.2026-26.09.2026","GUT & GÜNSTIG - Mozzarella","45% Fett i. Tr., 200 g Beutel / 125 g Abtropfg., (1 kg = € 6.80)","0.85","","","6.80","https://www.edeka.de/maerkte/071158/angebote/"
"2026-09-20 21:02 Europe/Berlin","EDEKA","EDEKA Buller, Matthiaskirchweg 6, 40472 Düsseldorf (최근접 지점 확인)","40468","식품","21.09.2026-26.09.2026","GUT & GÜNSTIG - Norwegische Lachsfilets","tiefgefroren, 2 x 125 g = 250 g Packung, (1 kg = € 19.96)","4.99","","","19.96","https://www.edeka.de/maerkte/071158/angebote/"
"2026-09-20 21:02 Europe/Berlin","EDEKA","EDEKA Buller, Matthiaskirchweg 6, 40472 Düsseldorf (최근접 지점 확인)","40468","식품","21.09.2026-26.09.2026","GUT & GÜNSTIG - Pasta","versch. Sorten, je 500 g Packung, (1 kg = € 1.18)","0.59","","","1.18","https://www.edeka.de/maerkte/071158/angebote/"
"2026-09-20 21:02 Europe/Berlin","EDEKA","EDEKA Buller, Matthiaskirchweg 6, 40472 Düsseldorf (최근접 지점 확인)","40468","식품","21.09.2026-26.09.2026","GUT & GÜNSTIG - Skyr Natur","500 g Becher, (1 kg = € 2.58)","1.29","","","2.58","https://www.edeka.de/maerkte/071158/angebote/"
"2026-09-20 21:02 Europe/Berlin","EDEKA","EDEKA Buller, Matthiaskirchweg 6, 40472 Düsseldorf (최근접 지점 확인)","40468","식품","21.09.2026-26.09.2026","GUT & GÜNSTIG - Wiener Würstchen","20 x 50 g = 1 kg Packung","6.79","","","","https://www.edeka.de/maerkte/071158/angebote/"
"2026-09-20 21:02 Europe/Berlin","EDEKA","EDEKA Buller, Matthiaskirchweg 6, 40472 Düsseldorf (최근접 지점 확인)","40468","식품","21.09.2026-26.09.2026","GUT&GÜNSTIG - Frischkäse","Pur oder Kräuter, Doppelrahmstufe, je 300 g Becher, (1 kg = € 5.30)","1.59","","","5.30","https://www.edeka.de/maerkte/071158/angebote/"
"2026-09-20 21:02 Europe/Berlin","EDEKA","EDEKA Buller, Matthiaskirchweg 6, 40472 Düsseldorf (최근접 지점 확인)","40468","식품","21.09.2026-26.09.2026","Häagen-Dazs Eiscreme","versch. Sorten auch Häagen Dazs Classic Collect 4 x 95 ml im Angebot, je 460 ml / 420 ml Becher, (1 l = € 8.67 / € 9.50)","3.99","3.49","","8.67 / € 9.50","https://www.edeka.de/maerkte/071158/angebote/"
"2026-09-20 21:02 Europe/Berlin","EDEKA","EDEKA Buller, Matthiaskirchweg 6, 40472 Düsseldorf (최근접 지점 확인)","40468","식품","21.09.2026-26.09.2026","Haribo Fruchtgummi oder Lakritz","versch. Sorten, je 125 g - 175 g Beutel, (1 kg = ab € 4.51)","0.79","","","ab € 4.51","https://www.edeka.de/maerkte/071158/angebote/"
"2026-09-20 21:02 Europe/Berlin","EDEKA","EDEKA Buller, Matthiaskirchweg 6, 40472 Düsseldorf (최근접 지점 확인)","40468","음료","21.09.2026-26.09.2026","Havana Club","Original, Especial oder Mango Lime, 37,5% / 30% Vol., je 0,7 l Flasche, (1 l = € 15.70)","10.99","9.99","","15.70","https://www.edeka.de/maerkte/071158/angebote/"
"2026-09-20 21:02 Europe/Berlin","EDEKA","EDEKA Buller, Matthiaskirchweg 6, 40472 Düsseldorf (최근접 지점 확인)","40468","식품","21.09.2026-26.09.2026","Heinz Saucen","versch. Sorten, je 220 ml Kopfstehflasche, (1 l = € 9.05)","1.99","","","9.05","https://www.edeka.de/maerkte/071158/angebote/"
"2026-09-20 21:02 Europe/Berlin","EDEKA","EDEKA Buller, Matthiaskirchweg 6, 40472 Düsseldorf (최근접 지점 확인)","40468","식품","21.09.2026-26.09.2026","Heinz Tomato Ketchup oder Mayonnaise","je 800 ml Kopfstehflasche, (1 l = € 4.11)","3.29","","","4.11","https://www.edeka.de/maerkte/071158/angebote/"
"2026-09-20 21:02 Europe/Berlin","EDEKA","EDEKA Buller, Matthiaskirchweg 6, 40472 Düsseldorf (최근접 지점 확인)","40468","식품","21.09.2026-26.09.2026","Hengstenberg Knax oder Sticksi","versch. Sorten, je 670 g Glas / 360 g Abtropfg., (1 kg = € 4.97)","1.79","1.59","","4.97","https://www.edeka.de/maerkte/071158/angebote/"
"2026-09-20 21:02 Europe/Berlin","EDEKA","EDEKA Buller, Matthiaskirchweg 6, 40472 Düsseldorf (최근접 지점 확인)","40468","식품","21.09.2026-26.09.2026","Homann Saucen","versch. Sorten, je 400 ml Glas, (1 l = € 3.73)","1.49","1.29","","3.73","https://www.edeka.de/maerkte/071158/angebote/"
"2026-09-20 21:02 Europe/Berlin","EDEKA","EDEKA Buller, Matthiaskirchweg 6, 40472 Düsseldorf (최근접 지점 확인)","40468","식품","21.09.2026-26.09.2026","Houdek - Kabanos","versch. Sorten, je 150 g Packung, (1 kg = € 13.27)","1.99","","","13.27","https://www.edeka.de/maerkte/071158/angebote/"
"2026-09-20 21:02 Europe/Berlin","EDEKA","EDEKA Buller, Matthiaskirchweg 6, 40472 Düsseldorf (최근접 지점 확인)","40468","식품","21.09.2026-26.09.2026","iglo Gemüse-Ideen oder Rahm-Gemüse","tiefgefroren, versch. Sorten, je 400 g - 500 g Packung, (1 kg = ab € 4.78)","2.39","","","ab € 4.78","https://www.edeka.de/maerkte/071158/angebote/"
"2026-09-20 21:02 Europe/Berlin","EDEKA","EDEKA Buller, Matthiaskirchweg 6, 40472 Düsseldorf (최근접 지점 확인)","40468","식품","21.09.2026-26.09.2026","Italien - GUT & GÜNSTIG - Tafeltrauben","hell, kernlos, Klasse I, 500 g Packung, (1 kg = € 2.00)","1.00","","","2.00","https://www.edeka.de/maerkte/071158/angebote/"
"2026-09-20 21:02 Europe/Berlin","EDEKA","EDEKA Buller, Matthiaskirchweg 6, 40472 Düsseldorf (최근접 지점 확인)","40468","식품","21.09.2026-26.09.2026","Jacobs Instantkaffee","versch. Sorten, je 36 g - 124 g Packung, (1 kg = ab € 20.08)","2.49","","","ab € 20.08","https://www.edeka.de/maerkte/071158/angebote/"
"2026-09-20 21:02 Europe/Berlin","EDEKA","EDEKA Buller, Matthiaskirchweg 6, 40472 Düsseldorf (최근접 지점 확인)","40468","식품","21.09.2026-26.09.2026","Jacobs Krönung","vakuumverpackt, versch. Sorten auch Café Hag klassisch mild entkoffeiniert im Angebot, je 500 g Packung, (1 kg = € 12.98)","6.49","5.99","","12.98","https://www.edeka.de/maerkte/071158/angebote/"
"2026-09-20 21:02 Europe/Berlin","EDEKA","EDEKA Buller, Matthiaskirchweg 6, 40472 Düsseldorf (최근접 지점 확인)","40468","식품","21.09.2026-26.09.2026","Kasseler-Nacken","ohne Knochen, goldgelb geräuchert, je 1 kg","7.99","","","","https://www.edeka.de/maerkte/071158/angebote/"
"2026-09-20 21:02 Europe/Berlin","EDEKA","EDEKA Buller, Matthiaskirchweg 6, 40472 Düsseldorf (최근접 지점 확인)","40468","식품","21.09.2026-26.09.2026","Kerrygold Original irische Butter oder Kerrygold extra","gesalzen oder ungesalzen, versch. Sorten, je 250 g / 200 g Packung / Becher, (1 kg = € 6.36 / € 7.95)","1.59","1.49","","6.36 / € 7.95","https://www.edeka.de/maerkte/071158/angebote/"
"2026-09-20 21:02 Europe/Berlin","EDEKA","EDEKA Buller, Matthiaskirchweg 6, 40472 Düsseldorf (최근접 지점 확인)","40468","식품","21.09.2026-26.09.2026","Kikok - Das ganz besondere Maishähnchen","Handelsklasse A, je 1 kg","8.99","","","","https://www.edeka.de/maerkte/071158/angebote/"
"2026-09-20 21:02 Europe/Berlin","EDEKA","EDEKA Buller, Matthiaskirchweg 6, 40472 Düsseldorf (최근접 지점 확인)","40468","식품","21.09.2026-26.09.2026","Knorr Feinschmecker Suppe oder Sauce","versch. Sorten, je 32 g - 70 g Beutel, (1 kg = ab € 11.29)","0.79","","","ab € 11.29","https://www.edeka.de/maerkte/071158/angebote/"
"2026-09-20 21:02 Europe/Berlin","EDEKA","EDEKA Buller, Matthiaskirchweg 6, 40472 Düsseldorf (최근접 지점 확인)","40468","식품","21.09.2026-26.09.2026","Kölln Müsli","versch. Sorten auch Kölln Granola versch. Sorten 350 g im Angebot, je 380 g - 600 g Packung, (1 kg = ab € 4.15)","2.49","","","ab € 4.15","https://www.edeka.de/maerkte/071158/angebote/"
"2026-09-20 21:02 Europe/Berlin","EDEKA","EDEKA Buller, Matthiaskirchweg 6, 40472 Düsseldorf (최근접 지점 확인)","40468","주류","21.09.2026-26.09.2026","König Pilsener","versch. Sorten, je Kasten = 20 x 0,5 l / 24 x 0,33 l zzgl. € 3.10 / € 3.42 Pfand, (1 l = € 1.20 / € 1.51)","11.99","","","1.20 / € 1.51","https://www.edeka.de/maerkte/071158/angebote/"
"2026-09-20 21:02 Europe/Berlin","EDEKA","EDEKA Buller, Matthiaskirchweg 6, 40472 Düsseldorf (최근접 지점 확인)","40468","음료","21.09.2026-26.09.2026","Krombacher Spezi","Original oder Zero, koffeinhaltig, je Kasten = 20 x 0,5 l zzgl. € 3.10 Pfand, (1 l = € 1.30)","12.99","","","1.30","https://www.edeka.de/maerkte/071158/angebote/"
"2026-09-20 21:02 Europe/Berlin","EDEKA","EDEKA Buller, Matthiaskirchweg 6, 40472 Düsseldorf (최근접 지점 확인)","40468","식품","21.09.2026-26.09.2026","Krone Meine Lieblinge Lachs","versch. Sorten, je 80 g - 100 g Packung, (1 kg = ab € 32.90)","3.29","","","ab € 32.90","https://www.edeka.de/maerkte/071158/angebote/"
"2026-09-20 21:02 Europe/Berlin","EDEKA","EDEKA Buller, Matthiaskirchweg 6, 40472 Düsseldorf (최근접 지점 확인)","40468","식품","21.09.2026-26.09.2026","Krüger Family Cappuccino","versch. Sorten, je 500 g Nachfüllbeutel, (1 kg = € 7.60)","3.80","","","7.60","https://www.edeka.de/maerkte/071158/angebote/"
"2026-09-20 21:02 Europe/Berlin","EDEKA","EDEKA Buller, Matthiaskirchweg 6, 40472 Düsseldorf (최근접 지점 확인)","40468","식품","21.09.2026-26.09.2026","Landliebe Joghurt","versch. Sorten, 3,8% / 10% Fett, je 500 g Glas zzgl. € 0.15 Pfand, (1 kg = € 2.22)","1.11","","","2.22","https://www.edeka.de/maerkte/071158/angebote/"
"2026-09-20 21:02 Europe/Berlin","EDEKA","EDEKA Buller, Matthiaskirchweg 6, 40472 Düsseldorf (최근접 지점 확인)","40468","식품","21.09.2026-26.09.2026","Le Grand Rustique oder Saint André","französischer Weichkäse oder Weinbergkäse, 45% / 75% Fett i. Tr., je 100 g am Stück","1.99","","","","https://www.edeka.de/maerkte/071158/angebote/"
"2026-09-20 21:02 Europe/Berlin","EDEKA","EDEKA Buller, Matthiaskirchweg 6, 40472 Düsseldorf (최근접 지점 확인)","40468","식품","21.09.2026-26.09.2026","Leibniz Zoo Mini Kekse","versch. Sorten, je 125 g Beutel, (1 kg = € 11.92)","1.49","","","11.92","https://www.edeka.de/maerkte/071158/angebote/"
"2026-09-20 21:02 Europe/Berlin","EDEKA","EDEKA Buller, Matthiaskirchweg 6, 40472 Düsseldorf (최근접 지점 확인)","40468","식품","21.09.2026-26.09.2026","Loose Quäse oder Harzbube Handkäse","versch. Sorten und Fettstufen auch Hausmacher Handkäse 200 g im Angebot, je 220 g / 200 g Packung, (1 kg = € 11.32 / € 12.45)","2.49","","","11.32 / € 12.45","https://www.edeka.de/maerkte/071158/angebote/"
"2026-09-20 21:02 Europe/Berlin","EDEKA","EDEKA Buller, Matthiaskirchweg 6, 40472 Düsseldorf (최근접 지점 확인)","40468","식품","21.09.2026-26.09.2026","Lorenz Crunchips oder Nic Nacs","versch. Sorten, je 110 g - 150 g Beutel, (1 kg = ab € 6.60)","0.99","","","ab € 6.60","https://www.edeka.de/maerkte/071158/angebote/"
"2026-09-20 21:02 Europe/Berlin","EDEKA","EDEKA Buller, Matthiaskirchweg 6, 40472 Düsseldorf (최근접 지점 확인)","40468","식품","21.09.2026-26.09.2026","Marktkaas Noord Holland Gouda","holländischer Schnittkäse, jung oder mittelalt, 48% Fett i. Tr., je 100 g am Stück","1.11","","","","https://www.edeka.de/maerkte/071158/angebote/"
"2026-09-20 21:02 Europe/Berlin","EDEKA","EDEKA Buller, Matthiaskirchweg 6, 40472 Düsseldorf (최근접 지점 확인)","40468","식품","21.09.2026-26.09.2026","Maryland Snack Nüsse oder Studentenfutter","versch. Sorten, je 250 g - 300 g Dose, (1 kg = ab € 9.97)","2.99","","","ab € 9.97","https://www.edeka.de/maerkte/071158/angebote/"
"2026-09-20 21:02 Europe/Berlin","EDEKA","EDEKA Buller, Matthiaskirchweg 6, 40472 Düsseldorf (최근접 지점 확인)","40468","식품","21.09.2026-26.09.2026","McCain Golden Longs","tiefgefroren, extra knusprig, 1000 g Beutel","2.99","","","","https://www.edeka.de/maerkte/071158/angebote/"
"2026-09-20 21:02 Europe/Berlin","EDEKA","EDEKA Buller, Matthiaskirchweg 6, 40472 Düsseldorf (최근접 지점 확인)","40468","식품","21.09.2026-26.09.2026","Meica Wiener oder Frankfurter Art","extra knackig, je 6 Stück = 540 g Glas / 250 g Abtropfg., (1 kg = € 13.96)","3.49","2.99","","13.96","https://www.edeka.de/maerkte/071158/angebote/"
"2026-09-20 21:02 Europe/Berlin","EDEKA","EDEKA Buller, Matthiaskirchweg 6, 40472 Düsseldorf (최근접 지점 확인)","40468","식품","21.09.2026-26.09.2026","Melitta Barista Classic","Crema oder Crema Forte, ganze Bohnen, je 1 kg Beutel","12.99","11.99","","","https://www.edeka.de/maerkte/071158/angebote/"
"2026-09-20 21:02 Europe/Berlin","EDEKA","EDEKA Buller, Matthiaskirchweg 6, 40472 Düsseldorf (최근접 지점 확인)","40468","식품","21.09.2026-26.09.2026","Mettenden","geräuchert, 300 g Packung, (1 kg = € 9.30)","2.79","","","9.30","https://www.edeka.de/maerkte/071158/angebote/"
"2026-09-20 21:02 Europe/Berlin","EDEKA","EDEKA Buller, Matthiaskirchweg 6, 40472 Düsseldorf (최근접 지점 확인)","40468","식품","21.09.2026-26.09.2026","Milka Haselnusscreme","350 g Glas, (1 kg = € 8.54)","2.99","","","8.54","https://www.edeka.de/maerkte/071158/angebote/"
"2026-09-20 21:02 Europe/Berlin","EDEKA","EDEKA Buller, Matthiaskirchweg 6, 40472 Düsseldorf (최근접 지점 확인)","40468","식품","21.09.2026-26.09.2026","Milram Schnittkäse","versch. Sorten und Fettstufen, je 100 g am Stück","0.99","","","","https://www.edeka.de/maerkte/071158/angebote/"
"2026-09-20 21:02 Europe/Berlin","EDEKA","EDEKA Buller, Matthiaskirchweg 6, 40472 Düsseldorf (최근접 지점 확인)","40468","식품","21.09.2026-26.09.2026","Mirácoli Spaghetti Klassiker","376,2 g Packung, (1 kg = € 5.29)","1.99","","","5.29","https://www.edeka.de/maerkte/071158/angebote/"
"2026-09-20 21:02 Europe/Berlin","EDEKA","EDEKA Buller, Matthiaskirchweg 6, 40472 Düsseldorf (최근접 지점 확인)","40468","식품","21.09.2026-26.09.2026","müller Joghurt mit der Ecke","je 113 g - 150 g Becher, (1 kg = ab € 2.60)","0.39","","","ab € 2.60","https://www.edeka.de/maerkte/071158/angebote/"
"2026-09-20 21:02 Europe/Berlin","EDEKA","EDEKA Buller, Matthiaskirchweg 6, 40472 Düsseldorf (최근접 지점 확인)","40468","식품","21.09.2026-26.09.2026","Nackenkotelett","vom Schwein, mit Knochen, zum Braten, 700 g Packung, (1 kg = € 8.56)","5.99","","","8.56","https://www.edeka.de/maerkte/071158/angebote/"
"2026-09-20 21:02 Europe/Berlin","EDEKA","EDEKA Buller, Matthiaskirchweg 6, 40472 Düsseldorf (최근접 지점 확인)","40468","식품","21.09.2026-26.09.2026","Nescafé Classic oder Classic Mild","je 200 g Glas, (1 kg = € 32.45)","6.49","","","32.45","https://www.edeka.de/maerkte/071158/angebote/"
"2026-09-20 21:02 Europe/Berlin","EDEKA","EDEKA Buller, Matthiaskirchweg 6, 40472 Düsseldorf (최근접 지점 확인)","40468","식품","21.09.2026-26.09.2026","Neuseeland - Kiwis","Stück","0.59","","","","https://www.edeka.de/maerkte/071158/angebote/"
"2026-09-20 21:02 Europe/Berlin","EDEKA","EDEKA Buller, Matthiaskirchweg 6, 40472 Düsseldorf (최근접 지점 확인)","40468","식품","21.09.2026-26.09.2026","Neuseeland - Zespri - Kiwis Gold","„Jumbo"", Klasse I, Stück","1.00","","","","https://www.edeka.de/maerkte/071158/angebote/"
"2026-09-20 21:02 Europe/Berlin","EDEKA","EDEKA Buller, Matthiaskirchweg 6, 40472 Düsseldorf (최근접 지점 확인)","40468","식품","21.09.2026-26.09.2026","Niederlande - GUT & GÜNSTIG - Paprika","rot, Klasse I, 500 g Packung, (1 kg = € 2.98)","1.49","","","2.98","https://www.edeka.de/maerkte/071158/angebote/"
"2026-09-20 21:02 Europe/Berlin","EDEKA","EDEKA Buller, Matthiaskirchweg 6, 40472 Düsseldorf (최근접 지점 확인)","40468","식품","21.09.2026-26.09.2026","Nuii, Daim, Milka, Lotus Biscoff oder Oreo Eis","versch. Sorten, je 200 ml - 440 ml Multipackung, (1 l = ab € 5.20)","2.29","","","ab € 5.20","https://www.edeka.de/maerkte/071158/angebote/"
"2026-09-20 21:02 Europe/Berlin","EDEKA","EDEKA Buller, Matthiaskirchweg 6, 40472 Düsseldorf (최근접 지점 확인)","40468","식품","21.09.2026-26.09.2026","Oreo","versch. Sorten, je 157 g / 154 g Packung, (1 kg = € 9.49 / € 9.68)","1.49","","","9.49 / € 9.68","https://www.edeka.de/maerkte/071158/angebote/"
"2026-09-20 21:02 Europe/Berlin","EDEKA","EDEKA Buller, Matthiaskirchweg 6, 40472 Düsseldorf (최근접 지점 확인)","40468","식품","21.09.2026-26.09.2026","Papa Joe’s Sauce","versch. Sorten, je 300 ml Kopfstehflasche, (1 l = € 4.97)","1.49","","","4.97","https://www.edeka.de/maerkte/071158/angebote/"
"2026-09-20 21:02 Europe/Berlin","EDEKA","EDEKA Buller, Matthiaskirchweg 6, 40472 Düsseldorf (최근접 지점 확인)","40468","음료","21.09.2026-26.09.2026","Paulaner Spezi oder Limo","versch. Sorten, koffeinhaltig, je 0,33 l Dose zzgl. € 0.25 Pfand, (1 l = € 2.09)","0.69","","","2.09","https://www.edeka.de/maerkte/071158/angebote/"
"2026-09-20 21:02 Europe/Berlin","EDEKA","EDEKA Buller, Matthiaskirchweg 6, 40472 Düsseldorf (최근접 지점 확인)","40468","식품","21.09.2026-26.09.2026","Peanut & Schoko","Dragierte Erdnüsse, bunt, 250 g Beutel, (1 kg = € 7.40)","1.85","","","7.40","https://www.edeka.de/maerkte/071158/angebote/"
"2026-09-20 21:02 Europe/Berlin","EDEKA","EDEKA Buller, Matthiaskirchweg 6, 40472 Düsseldorf (최근접 지점 확인)","40468","음료","21.09.2026-26.09.2026","Pepsi Cola oder Schwip Schwap","versch. Sorten, koffeinhaltig, je 0,33 l Dose zzgl. € 0.25 Pfand, (1 l = € 2.09)","0.69","","","2.09","https://www.edeka.de/maerkte/071158/angebote/"
"2026-09-20 21:02 Europe/Berlin","EDEKA","EDEKA Buller, Matthiaskirchweg 6, 40472 Düsseldorf (최근접 지점 확인)","40468","식품","21.09.2026-26.09.2026","Peru - Avocados","„Hass"", Klasse I, Stück","1.11","","","","https://www.edeka.de/maerkte/071158/angebote/"
"2026-09-20 21:02 Europe/Berlin","EDEKA","EDEKA Buller, Matthiaskirchweg 6, 40472 Düsseldorf (최근접 지점 확인)","40468","식품","21.09.2026-26.09.2026","Peru - Driscolls - Kulturheidelbeeren","Klasse I, 125 g Schale, (1 kg = € 11.92)","1.49","","","11.92","https://www.edeka.de/maerkte/071158/angebote/"
"2026-09-20 21:02 Europe/Berlin","EDEKA","EDEKA Buller, Matthiaskirchweg 6, 40472 Düsseldorf (최근접 지점 확인)","40468","식품","21.09.2026-26.09.2026","Philadelphia Frischkäse","versch. Sorten auch Philadelphia Natur 6 x 16,67 g Packung im Angebot, je 150 g - 195 g Becher, (1 kg = ab € 5.69)","1.11","0.99","","ab € 5.69","https://www.edeka.de/maerkte/071158/angebote/"
"2026-09-20 21:02 Europe/Berlin","EDEKA","EDEKA Buller, Matthiaskirchweg 6, 40472 Düsseldorf (최근접 지점 확인)","40468","식품","21.09.2026-26.09.2026","Portugal - Kiwi-Beeren","125 g Schale, (1 kg = € 15.92)","1.99","","","15.92","https://www.edeka.de/maerkte/071158/angebote/"
"2026-09-20 21:02 Europe/Berlin","EDEKA","EDEKA Buller, Matthiaskirchweg 6, 40472 Düsseldorf (최근접 지점 확인)","40468","주류","21.09.2026-26.09.2026","Radeberger Pilsner","je Kasten = 20 x 0,5 l / 24 x 0,33 l zzgl. € 3.10 / € 3.42 Pfand, (1 l = € 1.20 / € 1.51)","11.99","","","1.20 / € 1.51","https://www.edeka.de/maerkte/071158/angebote/"
"2026-09-20 21:02 Europe/Berlin","EDEKA","EDEKA Buller, Matthiaskirchweg 6, 40472 Düsseldorf (최근접 지점 확인)","40468","식품","21.09.2026-26.09.2026","Rama","versch. Sorten, je 250 g / 225 g Packung / Becher, (1 kg = € 4.76 / € 5.29)","1.19","0.99","","4.76 / € 5.29","https://www.edeka.de/maerkte/071158/angebote/"
"2026-09-20 21:02 Europe/Berlin","EDEKA","EDEKA Buller, Matthiaskirchweg 6, 40472 Düsseldorf (최근접 지점 확인)","40468","식품","21.09.2026-26.09.2026","Rama Culinesse","versch. Sorten, je 450 ml Flasche, (1 l = € 3.53)","1.59","","","3.53","https://www.edeka.de/maerkte/071158/angebote/"
"2026-09-20 21:02 Europe/Berlin","EDEKA","EDEKA Buller, Matthiaskirchweg 6, 40472 Düsseldorf (최근접 지점 확인)","40468","식품","21.09.2026-26.09.2026","Rapso 100% reines Rapsöl","aus kontrolliertem Anbau, 0,75 l Flasche, (1 l = € 5.59)","4.19","","","5.59","https://www.edeka.de/maerkte/071158/angebote/"
"2026-09-20 21:02 Europe/Berlin","EDEKA","EDEKA Buller, Matthiaskirchweg 6, 40472 Düsseldorf (최근접 지점 확인)","40468","식품","21.09.2026-26.09.2026","Rasting - Delikatess Leberwurst mit Kalbfleisch, im Golddarm oder grobe Leberwurst","nach Probsteier Art, je 100 g","0.99","","","","https://www.edeka.de/maerkte/071158/angebote/"
"2026-09-20 21:02 Europe/Berlin","EDEKA","EDEKA Buller, Matthiaskirchweg 6, 40472 Düsseldorf (최근접 지점 확인)","40468","식품","21.09.2026-26.09.2026","Rasting - Deutsches Corned Beef","herzhaft im Geschmack, je 100 g","1.59","","","","https://www.edeka.de/maerkte/071158/angebote/"
"2026-09-20 21:02 Europe/Berlin","EDEKA","EDEKA Buller, Matthiaskirchweg 6, 40472 Düsseldorf (최근접 지점 확인)","40468","식품","21.09.2026-26.09.2026","Rasting - Gefüllter Schweinerollbraten","nach Gyros-Art mariniert, je 1 kg","9.99","","","","https://www.edeka.de/maerkte/071158/angebote/"
"2026-09-20 21:02 Europe/Berlin","EDEKA","EDEKA Buller, Matthiaskirchweg 6, 40472 Düsseldorf (최근접 지점 확인)","40468","식품","21.09.2026-26.09.2026","Rasting - Kottenforster Bauernfrühstück","nach Art einer Sülze, je 100 g","0.99","","","","https://www.edeka.de/maerkte/071158/angebote/"
"2026-09-20 21:02 Europe/Berlin","EDEKA","EDEKA Buller, Matthiaskirchweg 6, 40472 Düsseldorf (최근접 지점 확인)","40468","식품","21.09.2026-26.09.2026","Rasting - Meisterkochschinken","je 100 g","1.99","","","","https://www.edeka.de/maerkte/071158/angebote/"
"2026-09-20 21:02 Europe/Berlin","EDEKA","EDEKA Buller, Matthiaskirchweg 6, 40472 Düsseldorf (최근접 지점 확인)","40468","식품","21.09.2026-26.09.2026","Rasting - Schinkenmettwürstchen","je 100 g","1.69","","","","https://www.edeka.de/maerkte/071158/angebote/"
"2026-09-20 21:02 Europe/Berlin","EDEKA","EDEKA Buller, Matthiaskirchweg 6, 40472 Düsseldorf (최근접 지점 확인)","40468","식품","21.09.2026-26.09.2026","Rasting - Schinkenspeck","handgesalzen, geräuchert oder luftgetrocknet, je 100 g","1.79","","","","https://www.edeka.de/maerkte/071158/angebote/"
"2026-09-20 21:02 Europe/Berlin","EDEKA","EDEKA Buller, Matthiaskirchweg 6, 40472 Düsseldorf (최근접 지점 확인)","40468","음료","21.09.2026-26.09.2026","Rauch Eistee","versch. Sorten, je 0,33 l Dose zzgl. € 0.25 Pfand, (1 l = € 2.09)","0.69","","","2.09","https://www.edeka.de/maerkte/071158/angebote/"
"2026-09-20 21:02 Europe/Berlin","EDEKA","EDEKA Buller, Matthiaskirchweg 6, 40472 Düsseldorf (최근접 지점 확인)","40468","식품","21.09.2026-26.09.2026","Red Band Fruchtgummi oder Lakritz","versch. Sorten, je 500 g Beutel, (1 kg = € 4.44)","2.22","1.88","","4.44","https://www.edeka.de/maerkte/071158/angebote/"
"2026-09-20 21:02 Europe/Berlin","EDEKA","EDEKA Buller, Matthiaskirchweg 6, 40472 Düsseldorf (최근접 지점 확인)","40468","음료","21.09.2026-26.09.2026","Red Bull Energy Drink","taurin- und koffeinhaltig, versch. Sorten, je 0,25 l Dose zzgl. € 0.25 Pfand, (1 l = € 3.96)","0.99","","","3.96","https://www.edeka.de/maerkte/071158/angebote/"
"2026-09-20 21:02 Europe/Berlin","EDEKA","EDEKA Buller, Matthiaskirchweg 6, 40472 Düsseldorf (최근접 지점 확인)","40468","음료","21.09.2026-26.09.2026","Rheinfels Quelle Mineralwasser","versch. Sorten, je Packung = 6 x 1,5 l zzgl. € 1.50 Pfand, (1 l = € 0.44)","3.99","","","0.44","https://www.edeka.de/maerkte/071158/angebote/"
"2026-09-20 21:02 Europe/Berlin","EDEKA","EDEKA Buller, Matthiaskirchweg 6, 40472 Düsseldorf (최근접 지점 확인)","40468","식품","21.09.2026-26.09.2026","Riesenrostbratwurst XXL oder Riesenkrakauer XXL","je 3 x 125 g = 375 g Packung, (1 kg = € 10.64)","3.99","","","10.64","https://www.edeka.de/maerkte/071158/angebote/"
"2026-09-20 21:02 Europe/Berlin","EDEKA","EDEKA Buller, Matthiaskirchweg 6, 40472 Düsseldorf (최근접 지점 확인)","40468","식품","21.09.2026-26.09.2026","Rinder- oder Sauerbratengulasch","in Sauce, je 550 g Schlauch, (1 kg = € 12.71)","6.99","","","12.71","https://www.edeka.de/maerkte/071158/angebote/"
"2026-09-20 21:02 Europe/Berlin","EDEKA","EDEKA Buller, Matthiaskirchweg 6, 40472 Düsseldorf (최근접 지점 확인)","40468","식품","21.09.2026-26.09.2026","Ritter Sport Nuss- oder Kakaoklasse","versch. Sorten, je 100 g / 75 g Tafel, (1 kg = € 16.90 / € 22.53)","1.69","1.49","","16.90 / € 22.53","https://www.edeka.de/maerkte/071158/angebote/"
"2026-09-20 21:02 Europe/Berlin","EDEKA","EDEKA Buller, Matthiaskirchweg 6, 40472 Düsseldorf (최근접 지점 확인)","40468","주류","21.09.2026-26.09.2026","Rotkäppchen Sekt oder Fruchtsecco","versch. Sorten, je 0,2 l Flasche, (1 l = € 5.00)","1.00","","","5.00","https://www.edeka.de/maerkte/071158/angebote/"
"2026-09-20 21:02 Europe/Berlin","EDEKA","EDEKA Buller, Matthiaskirchweg 6, 40472 Düsseldorf (최근접 지점 확인)","40468","식품","21.09.2026-26.09.2026","Rotkäppchen Sticks & Dip oder Minis","je 105 g / 100 g Packung, (1 kg = € 14.19 / € 14.90)","1.49","","","14.19 / € 14.90","https://www.edeka.de/maerkte/071158/angebote/"
"2026-09-20 21:02 Europe/Berlin","EDEKA","EDEKA Buller, Matthiaskirchweg 6, 40472 Düsseldorf (최근접 지점 확인)","40468","식품","21.09.2026-26.09.2026","Rügenwalder Mühle - Veganer Aufschnitt","versch. Sorten, je 80 g / 70 g Packung, (1 kg = € 16.13 / € 18.43)","1.29","","","16.13 / € 18.43","https://www.edeka.de/maerkte/071158/angebote/"
"2026-09-20 21:02 Europe/Berlin","EDEKA","EDEKA Buller, Matthiaskirchweg 6, 40472 Düsseldorf (최근접 지점 확인)","40468","음료","21.09.2026-26.09.2026","S. Pellegrino oder Acqua Panna Mineralwasser","je Packung = 6 x 1 l zzgl. € 1.50 Pfand, (1 l = € 0.83)","4.99","","","0.83","https://www.edeka.de/maerkte/071158/angebote/"
"2026-09-20 21:02 Europe/Berlin","EDEKA","EDEKA Buller, Matthiaskirchweg 6, 40472 Düsseldorf (최근접 지점 확인)","40468","식품","21.09.2026-26.09.2026","Salakis Schafskäse","versch. Sorten und Fettstufen, je 180 g / 150 g Packung, (1 kg = € 19.39 / € 23.27)","3.49","","","19.39 / € 23.27","https://www.edeka.de/maerkte/071158/angebote/"
"2026-09-20 21:02 Europe/Berlin","EDEKA","EDEKA Buller, Matthiaskirchweg 6, 40472 Düsseldorf (최근접 지점 확인)","40468","음료","21.09.2026-26.09.2026","Sarti Rosa","italienischer Aperitif, 14% Vol., 0,7 l Flasche, (1 l = € 21.41)","14.99","13.99","","21.41","https://www.edeka.de/maerkte/071158/angebote/"
"2026-09-20 21:02 Europe/Berlin","EDEKA","EDEKA Buller, Matthiaskirchweg 6, 40472 Düsseldorf (최근접 지점 확인)","40468","식품","21.09.2026-26.09.2026","Schokolade","versch. Sorten, je 90 g Tafel, (1 kg = € 9.89)","0.89","0.79","","9.89","https://www.edeka.de/maerkte/071158/angebote/"
"2026-09-20 21:02 Europe/Berlin","EDEKA","EDEKA Buller, Matthiaskirchweg 6, 40472 Düsseldorf (최근접 지점 확인)","40468","식품","21.09.2026-26.09.2026","Schwartau Extra, Samt oder Weniger Zucker","versch. Sorten auch Schwartau Holsteiner Pflaumenmus 330 g im Angebot, je 255 g - 340 g Glas, (1 kg = ab € 5.85)","1.99","","","ab € 5.85","https://www.edeka.de/maerkte/071158/angebote/"
"2026-09-20 21:02 Europe/Berlin","EDEKA","EDEKA Buller, Matthiaskirchweg 6, 40472 Düsseldorf (최근접 지점 확인)","40468","식품","21.09.2026-26.09.2026","Schwarzwaldmilch LAC lactosefrei Schlagsahne, Sauerrahm oder Crème fraîche","auch Kochsahne und Schmand 200 g im Angebot, je 200 g / 150 g Becher, (1 kg = € 5.55 / € 7.40)","1.11","","","5.55 / € 7.40","https://www.edeka.de/maerkte/071158/angebote/"
"2026-09-20 21:02 Europe/Berlin","EDEKA","EDEKA Buller, Matthiaskirchweg 6, 40472 Düsseldorf (최근접 지점 확인)","40468","식품","21.09.2026-26.09.2026","Schweinefilet","im Baconmantel, je 100 g","1.79","","","","https://www.edeka.de/maerkte/071158/angebote/"
"2026-09-20 21:02 Europe/Berlin","EDEKA","EDEKA Buller, Matthiaskirchweg 6, 40472 Düsseldorf (최근접 지점 확인)","40468","식품","21.09.2026-26.09.2026","Schweinegeschnetzeltes","Gyros Art, gewürzt, zum Braten, 800 g XXL Packung, (1 kg = € 8.74)","6.99","","","8.74","https://www.edeka.de/maerkte/071158/angebote/"
"2026-09-20 21:02 Europe/Berlin","EDEKA","EDEKA Buller, Matthiaskirchweg 6, 40472 Düsseldorf (최근접 지점 확인)","40468","식품","21.09.2026-26.09.2026","Schweinegulasch","aus dem Schweineschinken geschnitten, zum Braten, 500 g Packung, (1 kg = € 8.98)","4.49","","","8.98","https://www.edeka.de/maerkte/071158/angebote/"
"2026-09-20 21:02 Europe/Berlin","EDEKA","EDEKA Buller, Matthiaskirchweg 6, 40472 Düsseldorf (최근접 지점 확인)","40468","식품","21.09.2026-26.09.2026","Senseo Coffee Pads","versch. Sorten, je 84 g - 125 g Beutel, (1 kg = ab € 17.76)","2.22","1.99","","ab € 17.76","https://www.edeka.de/maerkte/071158/angebote/"
"2026-09-20 21:02 Europe/Berlin","EDEKA","EDEKA Buller, Matthiaskirchweg 6, 40472 Düsseldorf (최근접 지점 확인)","40468","식품","21.09.2026-26.09.2026","Sonnenblumenkernbrötchen","je Stück","0.39","","","","https://www.edeka.de/maerkte/071158/angebote/"
"2026-09-20 21:02 Europe/Berlin","EDEKA","EDEKA Buller, Matthiaskirchweg 6, 40472 Düsseldorf (최근접 지점 확인)","40468","음료","21.09.2026-26.09.2026","Southern Comfort oder Fireball","35% / 33% Vol., je 0,7 l Flasche, (1 l = € 14.27)","9.99","","","14.27","https://www.edeka.de/maerkte/071158/angebote/"
"2026-09-20 21:02 Europe/Berlin","EDEKA","EDEKA Buller, Matthiaskirchweg 6, 40472 Düsseldorf (최근접 지점 확인)","40468","식품","21.09.2026-26.09.2026","Spanien - Bio-Salatgurke","Klasse II, Stück","1.29","","","","https://www.edeka.de/maerkte/071158/angebote/"
"2026-09-20 21:02 Europe/Berlin","EDEKA","EDEKA Buller, Matthiaskirchweg 6, 40472 Düsseldorf (최근접 지점 확인)","40468","식품","21.09.2026-26.09.2026","Speisequark","Magerstufe, 250 g Becher, (1 kg = € 2.76)","0.69","","","2.76","https://www.edeka.de/maerkte/071158/angebote/"
"2026-09-20 21:02 Europe/Berlin","EDEKA","EDEKA Buller, Matthiaskirchweg 6, 40472 Düsseldorf (최근접 지점 확인)","40468","음료","21.09.2026-26.09.2026","Spraga Bio Kombucha","versch. Sorten, je 0,33 l Dose zzgl. € 0.25 Pfand, (1 l = € 6.03)","1.99","","","6.03","https://www.edeka.de/maerkte/071158/angebote/"
"2026-09-20 21:02 Europe/Berlin","EDEKA","EDEKA Buller, Matthiaskirchweg 6, 40472 Düsseldorf (최근접 지점 확인)","40468","식품","21.09.2026-26.09.2026","Steinhaus Elsässer Flammkuchen oder Quiche Lorraine","je 350 g / 300 g Packung, (1 kg = € 8.54 / € 9.97)","2.99","","","8.54 / € 9.97","https://www.edeka.de/maerkte/071158/angebote/"
"2026-09-20 21:02 Europe/Berlin","EDEKA","EDEKA Buller, Matthiaskirchweg 6, 40472 Düsseldorf (최근접 지점 확인)","40468","식품","21.09.2026-26.09.2026","Steinhaus frische Pasta","versch. Sorten, je 200 g Packung, (1 kg = € 9.95)","1.99","","","9.95","https://www.edeka.de/maerkte/071158/angebote/"
"2026-09-20 21:02 Europe/Berlin","EDEKA","EDEKA Buller, Matthiaskirchweg 6, 40472 Düsseldorf (최근접 지점 확인)","40468","식품","21.09.2026-26.09.2026","Sülze Royal","mit einem süß-sauren Geschmack, je 100 g","1.79","","","","https://www.edeka.de/maerkte/071158/angebote/"
"2026-09-20 21:02 Europe/Berlin","EDEKA","EDEKA Buller, Matthiaskirchweg 6, 40472 Düsseldorf (최근접 지점 확인)","40468","식품","21.09.2026-26.09.2026","Tante Fanny Frischer Flammkuchenteig XXL, Dinkel-Flammkuchenteig oder Flammkuchenböden","je 260 g - 350 g Packung, (1 kg = ab € 5.69)","1.99","","","ab € 5.69","https://www.edeka.de/maerkte/071158/angebote/"
"2026-09-20 21:02 Europe/Berlin","EDEKA","EDEKA Buller, Matthiaskirchweg 6, 40472 Düsseldorf (최근접 지점 확인)","40468","식품","21.09.2026-26.09.2026","Tarczynski - Gegrilltes Hähnchenbrustfilet","je 100 g","1.99","","","","https://www.edeka.de/maerkte/071158/angebote/"
"2026-09-20 21:02 Europe/Berlin","EDEKA","EDEKA Buller, Matthiaskirchweg 6, 40472 Düsseldorf (최근접 지점 확인)","40468","식품","21.09.2026-26.09.2026","Tchibo Feine Milde oder entkoffeiniert","gemahlen oder ganze Bohnen, je 2 x 250 g = 500 g / 500 g Packung, (1 kg = € 15.98)","7.99","","","15.98","https://www.edeka.de/maerkte/071158/angebote/"
"2026-09-20 21:02 Europe/Berlin","EDEKA","EDEKA Buller, Matthiaskirchweg 6, 40472 Düsseldorf (최근접 지점 확인)","40468","식품","21.09.2026-26.09.2026","Teekanne Länder-Tee","versch. Sorten, je 20 / 18 Stück = 35 g - 55 g Packung, (1 kg = ab € 30.73)","1.69","1.49","","ab € 30.73","https://www.edeka.de/maerkte/071158/angebote/"
"2026-09-20 21:02 Europe/Berlin","EDEKA","EDEKA Buller, Matthiaskirchweg 6, 40472 Düsseldorf (최근접 지점 확인)","40468","식품","21.09.2026-26.09.2026","Tillman’s Toasty","tiefgefroren, der Snack zum Toasten, versch. Sorten, je 280 g Packung, (1 kg = € 10.68)","2.99","","","10.68","https://www.edeka.de/maerkte/071158/angebote/"
"2026-09-20 21:02 Europe/Berlin","EDEKA","EDEKA Buller, Matthiaskirchweg 6, 40472 Düsseldorf (최근접 지점 확인)","40468","식품","21.09.2026-26.09.2026","Toffifee","4 + 1 gratis = 625 g Packung, (1 kg = € 7.98)","4.99","","","7.98","https://www.edeka.de/maerkte/071158/angebote/"
"2026-09-20 21:02 Europe/Berlin","EDEKA","EDEKA Buller, Matthiaskirchweg 6, 40472 Düsseldorf (최근접 지점 확인)","40468","주류","21.09.2026-26.09.2026","Tullamore D.E.W.","Irish Whiskey oder Café Honey, 40% / 35% Vol., je 0,7 l Flasche, (1 l = € 19.99)","13.99","","","19.99","https://www.edeka.de/maerkte/071158/angebote/"
"2026-09-20 21:02 Europe/Berlin","EDEKA","EDEKA Buller, Matthiaskirchweg 6, 40472 Düsseldorf (최근접 지점 확인)","40468","식품","21.09.2026-26.09.2026","ültje Erdnüsse","versch. Sorten, je 180 g / 150 g Dose, (1 kg = € 9.39 / € 11.27)","1.69","1.39","","9.39 / € 11.27","https://www.edeka.de/maerkte/071158/angebote/"
"2026-09-20 21:02 Europe/Berlin","EDEKA","EDEKA Buller, Matthiaskirchweg 6, 40472 Düsseldorf (최근접 지점 확인)","40468","식품","21.09.2026-26.09.2026","Unser Bergsommer","deutscher Schnittkäse, mit Ringelblumen, Kornblumen und Rosenblüten auf der Rinde affiniert, 50% Fett i. Tr., je 100 g am Stück","2.49","","","","https://www.edeka.de/maerkte/071158/angebote/"
"2026-09-20 21:02 Europe/Berlin","EDEKA","EDEKA Buller, Matthiaskirchweg 6, 40472 Düsseldorf (최근접 지점 확인)","40468","음료","21.09.2026-26.09.2026","Valensina Eistee","versch. Sorten, je 1 l Flasche zzgl. € 0.25 Pfand","0.99","","","","https://www.edeka.de/maerkte/071158/angebote/"
"2026-09-20 21:02 Europe/Berlin","EDEKA","EDEKA Buller, Matthiaskirchweg 6, 40472 Düsseldorf (최근접 지점 확인)","40468","식품","21.09.2026-26.09.2026","Vassemer - Hähnchenbrustfilet","in Aspik, mit Mandarinen, je 100 g","1.79","","","","https://www.edeka.de/maerkte/071158/angebote/"
"2026-09-20 21:02 Europe/Berlin","EDEKA","EDEKA Buller, Matthiaskirchweg 6, 40472 Düsseldorf (최근접 지점 확인)","40468","음료","21.09.2026-26.09.2026","Volvic Vitamin+ oder Bio Tee","versch. Sorten, je 0,75 l Flasche zzgl. € 0.25 Pfand, (1 l = € 1.99)","1.49","","","1.99","https://www.edeka.de/maerkte/071158/angebote/"
"2026-09-20 21:02 Europe/Berlin","EDEKA","EDEKA Buller, Matthiaskirchweg 6, 40472 Düsseldorf (최근접 지점 확인)","40468","주류","21.09.2026-26.09.2026","Warsteiner Pilsener","versch. Sorten, je Kasten = 20 x 0,5 l / 24 x 0,33 l zzgl. € 3.10 / € 3.42 Pfand, (1 l = € 1.20 / € 1.51)","11.99","10.99","","1.20 / € 1.51","https://www.edeka.de/maerkte/071158/angebote/"
"2026-09-20 21:02 Europe/Berlin","EDEKA","EDEKA Buller, Matthiaskirchweg 6, 40472 Düsseldorf (최근접 지점 확인)","40468","식품","21.09.2026-26.09.2026","Weihenstephan Haltbare Milch","3,5% / 1,5% Fett, je 1 l Packung","0.99","","","","https://www.edeka.de/maerkte/071158/angebote/"
"2026-09-20 21:02 Europe/Berlin","EDEKA","EDEKA Buller, Matthiaskirchweg 6, 40472 Düsseldorf (최근접 지점 확인)","40468","주류","21.09.2026-26.09.2026","Wicküler Pils","je Kasten = 20 x 0,5 l / 24 x 0,33 l zzgl. € 3.10 / € 3.42 Pfand, (1 l = € 0.95 / € 1.20)","9.49","","","0.95 / € 1.20","https://www.edeka.de/maerkte/071158/angebote/"
"2026-09-20 21:02 Europe/Berlin","EDEKA","EDEKA Buller, Matthiaskirchweg 6, 40472 Düsseldorf (최근접 지점 확인)","40468","주류","21.09.2026-26.09.2026","Wodka Gorbatschow","37,5% Vol. auch Wodka Citron und Raspberry im Angebot, 0,7 l Flasche, (1 l = € 9.27)","6.49","","","9.27","https://www.edeka.de/maerkte/071158/angebote/"
"2026-09-20 21:02 Europe/Berlin","EDEKA","EDEKA Buller, Matthiaskirchweg 6, 40472 Düsseldorf (최근접 지점 확인)","40468","식품","21.09.2026-26.09.2026","Wurzelbrot","versch. Sorten, je 450 g Stück, (1 kg = € 4.42)","1.99","","","4.42","https://www.edeka.de/maerkte/071158/angebote/"
"2026-09-20 21:02 Europe/Berlin","EDEKA","EDEKA Buller, Matthiaskirchweg 6, 40472 Düsseldorf (최근접 지점 확인)","40468","식품","21.09.2026-26.09.2026","Zarte Schinkenschnitzel, zarter Schinkenbraten oder zartes Schinkengulasch","je 1 kg","6.66","","","","https://www.edeka.de/maerkte/071158/angebote/"
"2026-09-20 21:02 Europe/Berlin","EDEKA","EDEKA Buller, Matthiaskirchweg 6, 40472 Düsseldorf (최근접 지점 확인)","40468","식품","21.09.2026-26.09.2026","Zartes Gulasch","aus der Keule geschnitten, deutsches Jungbullenfleisch, je 1 kg","16.90","","","","https://www.edeka.de/maerkte/071158/angebote/"
"2026-09-20 21:02 Europe/Berlin","EDEKA","EDEKA Buller, Matthiaskirchweg 6, 40472 Düsseldorf (최근접 지점 확인)","40468","식품","21.09.2026-26.09.2026","Zott Monte","versch. Sorten, je 400 g / 232 g Packung / Becher, (1 kg = € 3.98 / € 6.85)","1.59","1.39","","3.98 / € 6.85","https://www.edeka.de/maerkte/071158/angebote/"
"2026-09-20 21:02 Europe/Berlin","EDEKA","EDEKA Buller, Matthiaskirchweg 6, 40472 Düsseldorf (최근접 지점 확인)","40468","식품","21.09.2026-26.09.2026","Zott Sahnejoghurt","versch. Sorten auch Zott Pure Joy vegan im Angebot, je 140 g Becher, (1 kg = € 3.50)","0.49","0.39","","3.50","https://www.edeka.de/maerkte/071158/angebote/"
"2026-09-20 21:02 Europe/Berlin","EDEKA","EDEKA Buller, Matthiaskirchweg 6, 40472 Düsseldorf (최근접 지점 확인)","40468","식품","21.09.2026-26.09.2026","Zuivelhoeve Vla","Vanille oder Vanille & Schoko, je 800 g Becher, (1 kg = € 3.11)","2.49","","","3.11","https://www.edeka.de/maerkte/071158/angebote/"
"2026-09-20 21:02 Europe/Berlin","EDEKA","EDEKA Buller, Matthiaskirchweg 6, 40472 Düsseldorf (최근접 지점 확인)","40468","식품","21.09.2026-26.09.2026","Zum Dorfkrug Grütze oder Pudding","versch. Sorten, je 375 g / 360 g Glas, (1 kg = € 5.31 / € 5.53)","1.99","","","5.31 / € 5.53","https://www.edeka.de/maerkte/071158/angebote/"
"2026-09-20 21:02 Europe/Berlin","EDEKA","EDEKA Buller, Matthiaskirchweg 6, 40472 Düsseldorf (최근접 지점 확인)","40468","식품","21.09.2026-26.09.2026","Zum Dorfkrug Salatsauce","versch. Sorten, je 250 ml Flasche, (1 l = € 7.16)","1.79","","","7.16","https://www.edeka.de/maerkte/071158/angebote/"
"2026-09-20 21:02 Europe/Berlin","EDEKA","EDEKA Prömpers, Niederrheinstraße 84-88, 40474 Düsseldorf (지점 확인)","40474","식품","21.09.2026-26.09.2026","3 Glocken Genuss Pur","versch. Sorten, je 500 g Packung, (1 kg = € 2.58)","1.29","","","2.58","https://www.edeka.de/maerkte/071065/angebote/"
"2026-09-20 21:02 Europe/Berlin","EDEKA","EDEKA Prömpers, Niederrheinstraße 84-88, 40474 Düsseldorf (지점 확인)","40474","식품","21.09.2026-26.09.2026","7 Days Croissants","versch. Sorten, je 240 g / 185 g Packung / Beutel, (1 kg = € 8.29 / € 10.76)","1.99","","","8.29 / € 10.76","https://www.edeka.de/maerkte/071065/angebote/"
"2026-09-20 21:02 Europe/Berlin","EDEKA","EDEKA Prömpers, Niederrheinstraße 84-88, 40474 Düsseldorf (지점 확인)","40474","식품","21.09.2026-26.09.2026","After Eight Classic","200 g Packung, (1 kg = € 11.10)","2.22","","","11.10","https://www.edeka.de/maerkte/071065/angebote/"
"2026-09-20 21:02 Europe/Berlin","EDEKA","EDEKA Prömpers, Niederrheinstraße 84-88, 40474 Düsseldorf (지점 확인)","40474","식품","21.09.2026-26.09.2026","Ahornsirup","250 ml Flasche, (1 l = € 13.32)","3.33","","","13.32","https://www.edeka.de/maerkte/071065/angebote/"
"2026-09-20 21:02 Europe/Berlin","EDEKA","EDEKA Prömpers, Niederrheinstraße 84-88, 40474 Düsseldorf (지점 확인)","40474","식품","21.09.2026-26.09.2026","Alpenhain Obazda oder Camembert Creme","versch. Sorten, je 125 g Becher, (1 kg = € 11.92)","1.49","1.29","","11.92","https://www.edeka.de/maerkte/071065/angebote/"
"2026-09-20 21:02 Europe/Berlin","EDEKA","EDEKA Prömpers, Niederrheinstraße 84-88, 40474 Düsseldorf (지점 확인)","40474","주류","21.09.2026-26.09.2026","Aperol Spritz","10,5% Vol., Packung = 3 x 0,2 l pfandfrei, (1 l = € 11.65)","6.99","","","11.65","https://www.edeka.de/maerkte/071065/angebote/"
"2026-09-20 21:02 Europe/Berlin","EDEKA","EDEKA Prömpers, Niederrheinstraße 84-88, 40474 Düsseldorf (지점 확인)","40474","식품","21.09.2026-26.09.2026","Appenzeller Appenzellerin","schweizer Halbhartkäse, mind. 48% Fett i. Tr., je 100 g am Stück","2.29","","","","https://www.edeka.de/maerkte/071065/angebote/"
"2026-09-20 21:02 Europe/Berlin","EDEKA","EDEKA Prömpers, Niederrheinstraße 84-88, 40474 Düsseldorf (지점 확인)","40474","음료","21.09.2026-26.09.2026","Asbach Uralt","36% Vol., 0,7 l Flasche, (1 l = € 14.27)","9.99","","","14.27","https://www.edeka.de/maerkte/071065/angebote/"
"2026-09-20 21:02 Europe/Berlin","EDEKA","EDEKA Prömpers, Niederrheinstraße 84-88, 40474 Düsseldorf (지점 확인)","40474","식품","21.09.2026-26.09.2026","Bille - Chicken Salami","versch. ummantelt, je 100 g","1.99","","","","https://www.edeka.de/maerkte/071065/angebote/"
"2026-09-20 21:02 Europe/Berlin","EDEKA","EDEKA Prömpers, Niederrheinstraße 84-88, 40474 Düsseldorf (지점 확인)","40474","식품","21.09.2026-26.09.2026","Birkel’s No. 1 oder 7 Hühnchen Nudeln","versch. Sorten, je 500 g / 600 g Packung, (1 kg = € 2.58 / € 2.15)","1.29","","","2.58 / € 2.15","https://www.edeka.de/maerkte/071065/angebote/"
"2026-09-20 21:02 Europe/Berlin","EDEKA","EDEKA Prömpers, Niederrheinstraße 84-88, 40474 Düsseldorf (지점 확인)","40474","식품","21.09.2026-26.09.2026","Bonduelle Gemüsekonserven","versch. Sorten, je 300 g - 400 g Dose / 220 g - 285 g Abtropfg., (1 kg = ab € 2.78)","1.11","","","ab € 2.78","https://www.edeka.de/maerkte/071065/angebote/"
"2026-09-20 21:02 Europe/Berlin","EDEKA","EDEKA Prömpers, Niederrheinstraße 84-88, 40474 Düsseldorf (지점 확인)","40474","식품","21.09.2026-26.09.2026","Börek-Stick","mit Feta-Füllung oder Spinat-Feta-Füllung, je Stück","0.50","","","","https://www.edeka.de/maerkte/071065/angebote/"
"2026-09-20 21:02 Europe/Berlin","EDEKA","EDEKA Prömpers, Niederrheinstraße 84-88, 40474 Düsseldorf (지점 확인)","40474","식품","21.09.2026-26.09.2026","Brandt Der Markenzwieback","225 g Packung, (1 kg = € 5.73)","1.29","","","5.73","https://www.edeka.de/maerkte/071065/angebote/"
"2026-09-20 21:02 Europe/Berlin","EDEKA","EDEKA Prömpers, Niederrheinstraße 84-88, 40474 Düsseldorf (지점 확인)","40474","식품","21.09.2026-26.09.2026","Bulgur- oder Bauernsalat","verzehrfertig, je 250 g Schale, (1 kg = € 11.96)","2.99","","","11.96","https://www.edeka.de/maerkte/071065/angebote/"
"2026-09-20 21:02 Europe/Berlin","EDEKA","EDEKA Prömpers, Niederrheinstraße 84-88, 40474 Düsseldorf (지점 확인)","40474","식품","21.09.2026-26.09.2026","Cathedral City Cheddar","4 / 9 Monate gereift, 48% Fett i. Tr., je 120 g Packung, (1 kg = € 16.58)","1.99","","","16.58","https://www.edeka.de/maerkte/071065/angebote/"
"2026-09-20 21:02 Europe/Berlin","EDEKA","EDEKA Prömpers, Niederrheinstraße 84-88, 40474 Düsseldorf (지점 확인)","40474","식품","21.09.2026-26.09.2026","Cevapcici","aus Rinder- und Schweinehackfleisch, mit einer Paprika-Knoblauch-Note abgerundet, je 10 x 50 g Stück = 500 g, (1 kg = € 10.00)","5.00","","","10.00","https://www.edeka.de/maerkte/071065/angebote/"
"2026-09-20 21:02 Europe/Berlin","EDEKA","EDEKA Prömpers, Niederrheinstraße 84-88, 40474 Düsseldorf (지점 확인)","40474","식품","21.09.2026-26.09.2026","Choi's Bibimmyeon Instant Nudeln","versch. Sorten, je 113 g - 131 g Beutel, (1 kg = ab € 11.37)","1.49","","","ab € 11.37","https://www.edeka.de/maerkte/071065/angebote/"
"2026-09-20 21:02 Europe/Berlin","EDEKA","EDEKA Prömpers, Niederrheinstraße 84-88, 40474 Düsseldorf (지점 확인)","40474","음료","21.09.2026-26.09.2026","Coca-Cola, Coca-Cola Zero, Mezzo Mix oder Sprite","koffeinhaltig, je Kasten = 6 x 1 l zzgl. € 2.40 Pfand, (1 l = € 1.33)","7.99","","","1.33","https://www.edeka.de/maerkte/071065/angebote/"
"2026-09-20 21:02 Europe/Berlin","EDEKA","EDEKA Prömpers, Niederrheinstraße 84-88, 40474 Düsseldorf (지점 확인)","40474","음료","21.09.2026-26.09.2026","Coca-Cola, Fanta oder Sprite","und weitere Sorten, teilweise koffeinhaltig, je 1,25 l Flasche zzgl. € 0.25 Pfand, (1 l = € 0.89)","1.11","","","0.89","https://www.edeka.de/maerkte/071065/angebote/"
"2026-09-20 21:02 Europe/Berlin","EDEKA","EDEKA Prömpers, Niederrheinstraße 84-88, 40474 Düsseldorf (지점 확인)","40474","식품","21.09.2026-26.09.2026","Corny Müsli-Riegel","versch. Sorten auch Corny Haferkraft-Riegel, Corny Protein 4 x 25 g und Corny Protein Crunchy Riegel 45 g im Angebot, je 3 - 6 Riegel = 96 g - 150 g Packung, (1 kg = ab € 10.60)","1.59","","","ab € 10.60","https://www.edeka.de/maerkte/071065/angebote/"
"2026-09-20 21:02 Europe/Berlin","EDEKA","EDEKA Prömpers, Niederrheinstraße 84-88, 40474 Düsseldorf (지점 확인)","40474","식품","21.09.2026-26.09.2026","Das Mehl","glutenfrei, 1 kg Packung","3.99","","","","https://www.edeka.de/maerkte/071065/angebote/"
"2026-09-20 21:02 Europe/Berlin","EDEKA","EDEKA Prömpers, Niederrheinstraße 84-88, 40474 Düsseldorf (지점 확인)","40474","음료","21.09.2026-26.09.2026","Deutschland - Baden - Badischer Federweißer","versch. Sorten, je 1 l Flasche","2.49","","","","https://www.edeka.de/maerkte/071065/angebote/"
"2026-09-20 21:02 Europe/Berlin","EDEKA","EDEKA Prömpers, Niederrheinstraße 84-88, 40474 Düsseldorf (지점 확인)","40474","식품","21.09.2026-26.09.2026","Deutschland - Bio-Möhren","Klasse II, 1 kg Beutel","1.49","","","","https://www.edeka.de/maerkte/071065/angebote/"
"2026-09-20 21:02 Europe/Berlin","EDEKA","EDEKA Prömpers, Niederrheinstraße 84-88, 40474 Düsseldorf (지점 확인)","40474","식품","21.09.2026-26.09.2026","Deutschland - Bio-Porree","Klasse II, 430 g Bund, (1 kg = € 4.63)","1.99","","","4.63","https://www.edeka.de/maerkte/071065/angebote/"
"2026-09-20 21:02 Europe/Berlin","EDEKA","EDEKA Prömpers, Niederrheinstraße 84-88, 40474 Düsseldorf (지점 확인)","40474","식품","21.09.2026-26.09.2026","Deutschland - Bio-Zwiebeln","rot oder gelb, Klasse II, je 500 g / 750 g Netz, (1 kg = € 2.98 / € 1.99)","1.49","","","2.98 / € 1.99","https://www.edeka.de/maerkte/071065/angebote/"
"2026-09-20 21:02 Europe/Berlin","EDEKA","EDEKA Prömpers, Niederrheinstraße 84-88, 40474 Düsseldorf (지점 확인)","40474","식품","21.09.2026-26.09.2026","Deutschland - Blumenkohl","Klasse I, Stück","1.49","","","","https://www.edeka.de/maerkte/071065/angebote/"
"2026-09-20 21:02 Europe/Berlin","EDEKA","EDEKA Prömpers, Niederrheinstraße 84-88, 40474 Düsseldorf (지점 확인)","40474","식품","21.09.2026-26.09.2026","Deutschland - Bundmöhren","Klasse I, Bund","1.49","","","","https://www.edeka.de/maerkte/071065/angebote/"
"2026-09-20 21:02 Europe/Berlin","EDEKA","EDEKA Prömpers, Niederrheinstraße 84-88, 40474 Düsseldorf (지점 확인)","40474","식품","21.09.2026-26.09.2026","Deutschland - EDEKA Regional - Mini-Romanasalat","Klasse I, 2 Stück Packung","0.99","","","","https://www.edeka.de/maerkte/071065/angebote/"
"2026-09-20 21:02 Europe/Berlin","EDEKA","EDEKA Prömpers, Niederrheinstraße 84-88, 40474 Düsseldorf (지점 확인)","40474","식품","21.09.2026-26.09.2026","Deutschland - GUT & GÜNSTIG - Speisekartoffeln","vorwiegend festkochend oder festkochend, je 2,5 kg Beutel, (1 kg = € 0.80)","1.99","","","0.80","https://www.edeka.de/maerkte/071065/angebote/"
"2026-09-20 21:02 Europe/Berlin","EDEKA","EDEKA Prömpers, Niederrheinstraße 84-88, 40474 Düsseldorf (지점 확인)","40474","식품","21.09.2026-26.09.2026","Deutschland - GUT & GÜNSTIG - Tafeläpfel Jonagold","Klasse II, 2 kg Beutel, (1 kg = € 0.75)","1.49","","","0.75","https://www.edeka.de/maerkte/071065/angebote/"
"2026-09-20 21:02 Europe/Berlin","EDEKA","EDEKA Prömpers, Niederrheinstraße 84-88, 40474 Düsseldorf (지점 확인)","40474","식품","21.09.2026-26.09.2026","Deutschland - GUT & GÜNSTIG - Zwiebeln","Klasse II, 2 kg Netz, (1 kg = € 0.75)","1.49","","","0.75","https://www.edeka.de/maerkte/071065/angebote/"
"2026-09-20 21:02 Europe/Berlin","EDEKA","EDEKA Prömpers, Niederrheinstraße 84-88, 40474 Düsseldorf (지점 확인)","40474","음료","21.09.2026-26.09.2026","Deutschland - III Freunde","versch. Sorten, je 0,75 l Flasche, (1 l = € 10.65)","7.99","","","10.65","https://www.edeka.de/maerkte/071065/angebote/"
"2026-09-20 21:02 Europe/Berlin","EDEKA","EDEKA Prömpers, Niederrheinstraße 84-88, 40474 Düsseldorf (지점 확인)","40474","식품","21.09.2026-26.09.2026","Deutschland - Kohlrabi","weiß, Klasse I, Stück","0.55","","","","https://www.edeka.de/maerkte/071065/angebote/"
"2026-09-20 21:02 Europe/Berlin","EDEKA","EDEKA Prömpers, Niederrheinstraße 84-88, 40474 Düsseldorf (지점 확인)","40474","식품","21.09.2026-26.09.2026","Deutschland - Lauchzwiebeln oder Radieschen","Klasse I, je Bund","0.55","","","","https://www.edeka.de/maerkte/071065/angebote/"
"2026-09-20 21:02 Europe/Berlin","EDEKA","EDEKA Prömpers, Niederrheinstraße 84-88, 40474 Düsseldorf (지점 확인)","40474","식품","21.09.2026-26.09.2026","Deutschland - Staudensellerie","Klasse II, Stück","1.99","","","","https://www.edeka.de/maerkte/071065/angebote/"
"2026-09-20 21:02 Europe/Berlin","EDEKA","EDEKA Prömpers, Niederrheinstraße 84-88, 40474 Düsseldorf (지점 확인)","40474","주류","21.09.2026-26.09.2026","Deutschland - Weingenuss","versch. Sorten, je 1 l Flasche","1.99","1.79","","","https://www.edeka.de/maerkte/071065/angebote/"
"2026-09-20 21:02 Europe/Berlin","EDEKA","EDEKA Prömpers, Niederrheinstraße 84-88, 40474 Düsseldorf (지점 확인)","40474","식품","21.09.2026-26.09.2026","Die Pasta glutenfrei","versch. Sorten, je 400 g Packung, (1 kg = € 4.98)","1.99","","","4.98","https://www.edeka.de/maerkte/071065/angebote/"
"2026-09-20 21:02 Europe/Berlin","EDEKA","EDEKA Prömpers, Niederrheinstraße 84-88, 40474 Düsseldorf (지점 확인)","40474","식품","21.09.2026-26.09.2026","Dr. Oetker Backmischung","versch. Sorten, je 280 g - 580 g Packung, (1 kg = ab € 4.29)","2.49","1.99","","ab € 4.29","https://www.edeka.de/maerkte/071065/angebote/"
"2026-09-20 21:02 Europe/Berlin","EDEKA","EDEKA Prömpers, Niederrheinstraße 84-88, 40474 Düsseldorf (지점 확인)","40474","식품","21.09.2026-26.09.2026","Dr. Oetker Die Ofenfrische, Pizza Tradizionale oder La Mia Pinsa","tiefgefroren, versch. Sorten, je 305 g - 435 g Packung, (1 kg = ab € 4.11)","1.79","","","ab € 4.11","https://www.edeka.de/maerkte/071065/angebote/"
"2026-09-20 21:02 Europe/Berlin","EDEKA","EDEKA Prömpers, Niederrheinstraße 84-88, 40474 Düsseldorf (지점 확인)","40474","식품","21.09.2026-26.09.2026","Dr. Oetker Pudding oder Fruchtgrütze","versch. Sorten, je 160 g - 200 g Becher, (1 kg = ab € 4.95)","0.99","0.79","","ab € 4.95","https://www.edeka.de/maerkte/071065/angebote/"
"2026-09-20 21:02 Europe/Berlin","EDEKA","EDEKA Prömpers, Niederrheinstraße 84-88, 40474 Düsseldorf (지점 확인)","40474","식품","21.09.2026-26.09.2026","Dr. Oetker Suprema","tiefgefroren, versch. Sorten, je 475 g - 540 g Packung, (1 kg = ab € 7.39)","3.99","","","ab € 7.39","https://www.edeka.de/maerkte/071065/angebote/"
"2026-09-20 21:02 Europe/Berlin","EDEKA","EDEKA Prömpers, Niederrheinstraße 84-88, 40474 Düsseldorf (지점 확인)","40474","식품","21.09.2026-26.09.2026","Ecuador - GUT & GÜNSTIG - Bananen","1 kg","1.11","","","","https://www.edeka.de/maerkte/071065/angebote/"
"2026-09-20 21:02 Europe/Berlin","EDEKA","EDEKA Prömpers, Niederrheinstraße 84-88, 40474 Düsseldorf (지점 확인)","40474","식품","21.09.2026-26.09.2026","EDEKA - Laktosefreie H-Milch","3,5% / 1,5% Fett, je 1 l Packung","0.89","","","","https://www.edeka.de/maerkte/071065/angebote/"
"2026-09-20 21:02 Europe/Berlin","EDEKA","EDEKA Prömpers, Niederrheinstraße 84-88, 40474 Düsseldorf (지점 확인)","40474","식품","21.09.2026-26.09.2026","EDEKA - Saatenbrot","glutenfrei, 300 g Packung, (1 kg = € 9.30)","2.79","","","9.30","https://www.edeka.de/maerkte/071065/angebote/"
"2026-09-20 21:02 Europe/Berlin","EDEKA","EDEKA Prömpers, Niederrheinstraße 84-88, 40474 Düsseldorf (지점 확인)","40474","식품","21.09.2026-26.09.2026","EDEKA - Supersweet Mais","150 g Dose / 140 g Abtropfg., (1 kg = € 4.93)","0.69","","","4.93","https://www.edeka.de/maerkte/071065/angebote/"
"2026-09-20 21:02 Europe/Berlin","EDEKA","EDEKA Prömpers, Niederrheinstraße 84-88, 40474 Düsseldorf (지점 확인)","40474","식품","21.09.2026-26.09.2026","EDEKA - Tomaten","versch. Sorten, je 390 g Packung, (1 kg = € 2.85)","1.11","","","2.85","https://www.edeka.de/maerkte/071065/angebote/"
"2026-09-20 21:02 Europe/Berlin","EDEKA","EDEKA Prömpers, Niederrheinstraße 84-88, 40474 Düsseldorf (지점 확인)","40474","식품","21.09.2026-26.09.2026","EDEKA - Tortenpfirsiche, Aprikosen oder Williams Christ Birnen","je 225 g Dose / 125 g / 140 g Abtropfg., (1 kg = € 7.92 / € 7.07)","0.99","","","7.92 / € 7.07","https://www.edeka.de/maerkte/071065/angebote/"
"2026-09-20 21:02 Europe/Berlin","EDEKA","EDEKA Prömpers, Niederrheinstraße 84-88, 40474 Düsseldorf (지점 확인)","40474","식품","21.09.2026-26.09.2026","EDEKA Bio - Apfelessig","naturtrüb, 750 ml Flasche, (1 l = € 2.12)","1.59","","","2.12","https://www.edeka.de/maerkte/071065/angebote/"
"2026-09-20 21:02 Europe/Berlin","EDEKA","EDEKA Prömpers, Niederrheinstraße 84-88, 40474 Düsseldorf (지점 확인)","40474","식품","21.09.2026-26.09.2026","EDEKA Bio - Dinkel- oder Dinkelvollkornmehl","je 1 kg Packung","1.29","","","","https://www.edeka.de/maerkte/071065/angebote/"
"2026-09-20 21:02 Europe/Berlin","EDEKA","EDEKA Prömpers, Niederrheinstraße 84-88, 40474 Düsseldorf (지점 확인)","40474","식품","21.09.2026-26.09.2026","EDEKA Bio - Natives Olivenöl extra","aus Griechenland, 500 ml Flasche, (1 l = € 16.98)","8.49","","","16.98","https://www.edeka.de/maerkte/071065/angebote/"
"2026-09-20 21:02 Europe/Berlin","EDEKA","EDEKA Prömpers, Niederrheinstraße 84-88, 40474 Düsseldorf (지점 확인)","40474","음료","21.09.2026-26.09.2026","EDEKA Herzstücke - Saft, Nektar oder Fruchtsaftgetränk","versch. Sorten, je 1 l Flasche zzgl. € 0.25 Pfand","1.11","0.99","","","https://www.edeka.de/maerkte/071065/angebote/"
"2026-09-20 21:02 Europe/Berlin","EDEKA","EDEKA Prömpers, Niederrheinstraße 84-88, 40474 Düsseldorf (지점 확인)","40474","식품","21.09.2026-26.09.2026","Edeka Küche - Tortellini","mit Bolognese- oder Sahnesauce, je 400 g Schale, (1 kg = € 9.98)","3.99","","","9.98","https://www.edeka.de/maerkte/071065/angebote/"
"2026-09-20 21:02 Europe/Berlin","EDEKA","EDEKA Prömpers, Niederrheinstraße 84-88, 40474 Düsseldorf (지점 확인)","40474","식품","21.09.2026-26.09.2026","EDEKA Regional - Herzhafter Wurst-Aufschnitt","versch. Sorten, je 100 g Packung, (1 kg = € 13.90)","1.39","","","13.90","https://www.edeka.de/maerkte/071065/angebote/"
"2026-09-20 21:02 Europe/Berlin","EDEKA","EDEKA Prömpers, Niederrheinstraße 84-88, 40474 Düsseldorf (지점 확인)","40474","식품","21.09.2026-26.09.2026","Emmi Caffè Latte","versch. Sorten, je 230 ml Becher, (1 l = € 6.48)","1.49","1.29","","6.48","https://www.edeka.de/maerkte/071065/angebote/"
"2026-09-20 21:02 Europe/Berlin","EDEKA","EDEKA Prömpers, Niederrheinstraße 84-88, 40474 Düsseldorf (지점 확인)","40474","식품","21.09.2026-26.09.2026","Exquisa Zero Quark-Joghurt-Creme","versch. Sorten, je 400 g Becher, (1 kg = € 3.73)","1.49","","","3.73","https://www.edeka.de/maerkte/071065/angebote/"
"2026-09-20 21:02 Europe/Berlin","EDEKA","EDEKA Prömpers, Niederrheinstraße 84-88, 40474 Düsseldorf (지점 확인)","40474","식품","21.09.2026-26.09.2026","Fleischkäsebrät","roh, zum Backen, 700 g Packung, (1 kg = € 5.70)","3.99","","","5.70","https://www.edeka.de/maerkte/071065/angebote/"
"2026-09-20 21:02 Europe/Berlin","EDEKA","EDEKA Prömpers, Niederrheinstraße 84-88, 40474 Düsseldorf (지점 확인)","40474","음료","21.09.2026-26.09.2026","Frankreich - Brut Dargent","versch. Sorten, je 0,75 l Flasche, (1 l = € 7.99)","5.99","","","7.99","https://www.edeka.de/maerkte/071065/angebote/"
"2026-09-20 21:02 Europe/Berlin","EDEKA","EDEKA Prömpers, Niederrheinstraße 84-88, 40474 Düsseldorf (지점 확인)","40474","주류","21.09.2026-26.09.2026","Frankreich / Deutschland - Bree Weine","versch. Sorten auch Alkoholfrei im Angebot, je 0,75 l Flasche, (1 l = € 3.99)","2.99","2.79","","3.99","https://www.edeka.de/maerkte/071065/angebote/"
"2026-09-20 21:02 Europe/Berlin","EDEKA","EDEKA Prömpers, Niederrheinstraße 84-88, 40474 Düsseldorf (지점 확인)","40474","음료","21.09.2026-26.09.2026","Franziskaner Hefeweissbier","Alkoholfrei oder Hell, je Kasten = 11 x 0,5 l zzgl. € 2.38 Pfand, (1 l = € 1.63)","8.99","","","1.63","https://www.edeka.de/maerkte/071065/angebote/"
"2026-09-20 21:02 Europe/Berlin","EDEKA","EDEKA Prömpers, Niederrheinstraße 84-88, 40474 Düsseldorf (지점 확인)","40474","식품","21.09.2026-26.09.2026","Frische Bratwurst","vom Schwein, nach „Fränkischer Art“ gewürzt, zum Braten, 300 g Packung, (1 kg = € 9.97)","2.99","","","9.97","https://www.edeka.de/maerkte/071065/angebote/"
"2026-09-20 21:02 Europe/Berlin","EDEKA","EDEKA Prömpers, Niederrheinstraße 84-88, 40474 Düsseldorf (지점 확인)","40474","식품","21.09.2026-26.09.2026","Frische Dicke Schweinerippe","ideal zum Braten, je 1 kg","5.99","","","","https://www.edeka.de/maerkte/071065/angebote/"
"2026-09-20 21:02 Europe/Berlin","EDEKA","EDEKA Prömpers, Niederrheinstraße 84-88, 40474 Düsseldorf (지점 확인)","40474","식품","21.09.2026-26.09.2026","Frische Hähnchenflügel","Handelsklasse A, je 1 kg","4.44","","","","https://www.edeka.de/maerkte/071065/angebote/"
"2026-09-20 21:02 Europe/Berlin","EDEKA","EDEKA Prömpers, Niederrheinstraße 84-88, 40474 Düsseldorf (지점 확인)","40474","식품","21.09.2026-26.09.2026","Frische Lummerkoteletts","zart und mager, je 1 kg","6.49","","","","https://www.edeka.de/maerkte/071065/angebote/"
"2026-09-20 21:02 Europe/Berlin","EDEKA","EDEKA Prömpers, Niederrheinstraße 84-88, 40474 Düsseldorf (지점 확인)","40474","식품","21.09.2026-26.09.2026","Frische Putenschnitzel oder frisches Putengulasch","aus der Brust geschnitten, besonders mager, für den kalorienbewussten Genuss, je 100 g","1.29","","","","https://www.edeka.de/maerkte/071065/angebote/"
"2026-09-20 21:02 Europe/Berlin","EDEKA","EDEKA Prömpers, Niederrheinstraße 84-88, 40474 Düsseldorf (지점 확인)","40474","식품","21.09.2026-26.09.2026","Frische Schweine-Schwänzchen oder -Pfötchen","ideal für den Eintopf, je 1 kg","2.00","","","","https://www.edeka.de/maerkte/071065/angebote/"
"2026-09-20 21:02 Europe/Berlin","EDEKA","EDEKA Prömpers, Niederrheinstraße 84-88, 40474 Düsseldorf (지점 확인)","40474","식품","21.09.2026-26.09.2026","Frische Schweineleber oder Schweinenieren","je 1 kg","2.50","","","","https://www.edeka.de/maerkte/071065/angebote/"
"2026-09-20 21:02 Europe/Berlin","EDEKA","EDEKA Prömpers, Niederrheinstraße 84-88, 40474 Düsseldorf (지점 확인)","40474","식품","21.09.2026-26.09.2026","Frische Stielkoteletts","das schnelle Pfannengericht, je 1 kg","5.99","","","","https://www.edeka.de/maerkte/071065/angebote/"
"2026-09-20 21:02 Europe/Berlin","EDEKA","EDEKA Prömpers, Niederrheinstraße 84-88, 40474 Düsseldorf (지점 확인)","40474","식품","21.09.2026-26.09.2026","Frischer Schweinebauch","am Stück, mit Knochenanteil, je 1 kg","5.99","","","","https://www.edeka.de/maerkte/071065/angebote/"
"2026-09-20 21:02 Europe/Berlin","EDEKA","EDEKA Prömpers, Niederrheinstraße 84-88, 40474 Düsseldorf (지점 확인)","40474","식품","21.09.2026-26.09.2026","Frischer Schweineschulterbraten","wie gewachsen, saftig, rustikal, je 1 kg","4.99","","","","https://www.edeka.de/maerkte/071065/angebote/"
"2026-09-20 21:02 Europe/Berlin","EDEKA","EDEKA Prömpers, Niederrheinstraße 84-88, 40474 Düsseldorf (지점 확인)","40474","식품","21.09.2026-26.09.2026","Frisches ganzes Schweinefilet","das beste Stück vom Schwein, besonders zart, je 100 g","1.11","","","","https://www.edeka.de/maerkte/071065/angebote/"
"2026-09-20 21:02 Europe/Berlin","EDEKA","EDEKA Prömpers, Niederrheinstraße 84-88, 40474 Düsseldorf (지점 확인)","40474","식품","21.09.2026-26.09.2026","Frisches Hähnchenbrustfilet","für den kalorienbewussten Genuss, Handelsklasse A, je 100 g","0.99","","","","https://www.edeka.de/maerkte/071065/angebote/"
"2026-09-20 21:02 Europe/Berlin","EDEKA","EDEKA Prömpers, Niederrheinstraße 84-88, 40474 Düsseldorf (지점 확인)","40474","식품","21.09.2026-26.09.2026","Frisches Rinderhackfleisch","vielseitig verwendbar, je 100 g","1.49","","","","https://www.edeka.de/maerkte/071065/angebote/"
"2026-09-20 21:02 Europe/Berlin","EDEKA","EDEKA Prömpers, Niederrheinstraße 84-88, 40474 Düsseldorf (지점 확인)","40474","식품","21.09.2026-26.09.2026","Frisches Schweinemett","pikant gewürzt, je 1 kg","6.99","","","","https://www.edeka.de/maerkte/071065/angebote/"
"2026-09-20 21:02 Europe/Berlin","EDEKA","EDEKA Prömpers, Niederrheinstraße 84-88, 40474 Düsseldorf (지점 확인)","40474","식품","21.09.2026-26.09.2026","Frischwurst-Aufschnitt","versch. Sorten, je 100 g","1.19","","","","https://www.edeka.de/maerkte/071065/angebote/"
"2026-09-20 21:02 Europe/Berlin","EDEKA","EDEKA Prömpers, Niederrheinstraße 84-88, 40474 Düsseldorf (지점 확인)","40474","식품","21.09.2026-26.09.2026","Frozen Ice Dessert","tiefgefroren, versch. Sorten, je 75 g Packung, (1 kg = € 26.53)","1.99","","","26.53","https://www.edeka.de/maerkte/071065/angebote/"
"2026-09-20 21:02 Europe/Berlin","EDEKA","EDEKA Prömpers, Niederrheinstraße 84-88, 40474 Düsseldorf (지점 확인)","40474","식품","21.09.2026-26.09.2026","funny-frisch Ofen- oder Intense-Chips","versch. Sorten, je 115 g / 110 g Beutel, (1 kg = € 12.96 / € 13.55)","1.49","1.11","","12.96 / € 13.55","https://www.edeka.de/maerkte/071065/angebote/"
"2026-09-20 21:02 Europe/Berlin","EDEKA","EDEKA Prömpers, Niederrheinstraße 84-88, 40474 Düsseldorf (지점 확인)","40474","식품","21.09.2026-26.09.2026","glycklich Eis","versch. Sorten, je 500 ml Becher, (1 l = € 7.98)","3.99","","","7.98","https://www.edeka.de/maerkte/071065/angebote/"
"2026-09-20 21:02 Europe/Berlin","EDEKA","EDEKA Prömpers, Niederrheinstraße 84-88, 40474 Düsseldorf (지점 확인)","40474","식품","21.09.2026-26.09.2026","Gourmet Sauerkraut","400 g Beutel / 375 g Abtropfg., (1 kg = € 2.64)","0.99","","","2.64","https://www.edeka.de/maerkte/071065/angebote/"
"2026-09-20 21:02 Europe/Berlin","EDEKA","EDEKA Prömpers, Niederrheinstraße 84-88, 40474 Düsseldorf (지점 확인)","40474","식품","21.09.2026-26.09.2026","Griesson Soft Cake","versch. Sorten, je 300 g Packung, (1 kg = € 6.63)","1.99","1.79","","6.63","https://www.edeka.de/maerkte/071065/angebote/"
"2026-09-20 21:02 Europe/Berlin","EDEKA","EDEKA Prömpers, Niederrheinstraße 84-88, 40474 Düsseldorf (지점 확인)","40474","식품","21.09.2026-26.09.2026","GUT & GÜNSTIG - Eierspätzle","500 g Packung, (1 kg = € 2.78)","1.39","","","2.78","https://www.edeka.de/maerkte/071065/angebote/"
"2026-09-20 21:02 Europe/Berlin","EDEKA","EDEKA Prömpers, Niederrheinstraße 84-88, 40474 Düsseldorf (지점 확인)","40474","식품","21.09.2026-26.09.2026","GUT & GÜNSTIG - Haferflocken","extra zart oder kernig, je 500 g Packung, (1 kg = € 1.38)","0.69","","","1.38","https://www.edeka.de/maerkte/071065/angebote/"
"2026-09-20 21:02 Europe/Berlin","EDEKA","EDEKA Prömpers, Niederrheinstraße 84-88, 40474 Düsseldorf (지점 확인)","40474","식품","21.09.2026-26.09.2026","GUT & GÜNSTIG - Hähnchengeschnetzeltes","400 g Packung, (1 kg = € 12.48)","4.99","","","12.48","https://www.edeka.de/maerkte/071065/angebote/"
"2026-09-20 21:02 Europe/Berlin","EDEKA","EDEKA Prömpers, Niederrheinstraße 84-88, 40474 Düsseldorf (지점 확인)","40474","식품","21.09.2026-26.09.2026","GUT & GÜNSTIG - Hähnchenminutenschnitzel","400 g Packung, (1 kg = € 12.48)","4.99","","","12.48","https://www.edeka.de/maerkte/071065/angebote/"
"2026-09-20 21:02 Europe/Berlin","EDEKA","EDEKA Prömpers, Niederrheinstraße 84-88, 40474 Düsseldorf (지점 확인)","40474","식품","21.09.2026-26.09.2026","GUT & GÜNSTIG - Mozzarella","45% Fett i. Tr., 200 g Beutel / 125 g Abtropfg., (1 kg = € 6.80)","0.85","","","6.80","https://www.edeka.de/maerkte/071065/angebote/"
"2026-09-20 21:02 Europe/Berlin","EDEKA","EDEKA Prömpers, Niederrheinstraße 84-88, 40474 Düsseldorf (지점 확인)","40474","식품","21.09.2026-26.09.2026","GUT & GÜNSTIG - Norwegische Lachsfilets","tiefgefroren, 2 x 125 g = 250 g Packung, (1 kg = € 19.96)","4.99","","","19.96","https://www.edeka.de/maerkte/071065/angebote/"
"2026-09-20 21:02 Europe/Berlin","EDEKA","EDEKA Prömpers, Niederrheinstraße 84-88, 40474 Düsseldorf (지점 확인)","40474","식품","21.09.2026-26.09.2026","GUT & GÜNSTIG - Pasta","versch. Sorten, je 500 g Packung, (1 kg = € 1.18)","0.59","","","1.18","https://www.edeka.de/maerkte/071065/angebote/"
"2026-09-20 21:02 Europe/Berlin","EDEKA","EDEKA Prömpers, Niederrheinstraße 84-88, 40474 Düsseldorf (지점 확인)","40474","식품","21.09.2026-26.09.2026","GUT & GÜNSTIG - Skyr Natur","500 g Becher, (1 kg = € 2.58)","1.29","","","2.58","https://www.edeka.de/maerkte/071065/angebote/"
"2026-09-20 21:02 Europe/Berlin","EDEKA","EDEKA Prömpers, Niederrheinstraße 84-88, 40474 Düsseldorf (지점 확인)","40474","식품","21.09.2026-26.09.2026","GUT & GÜNSTIG - Wiener Würstchen","20 x 50 g = 1 kg Packung","6.79","","","","https://www.edeka.de/maerkte/071065/angebote/"
"2026-09-20 21:02 Europe/Berlin","EDEKA","EDEKA Prömpers, Niederrheinstraße 84-88, 40474 Düsseldorf (지점 확인)","40474","식품","21.09.2026-26.09.2026","GUT&GÜNSTIG - Frischkäse","Pur oder Kräuter, Doppelrahmstufe, je 300 g Becher, (1 kg = € 5.30)","1.59","","","5.30","https://www.edeka.de/maerkte/071065/angebote/"
"2026-09-20 21:02 Europe/Berlin","EDEKA","EDEKA Prömpers, Niederrheinstraße 84-88, 40474 Düsseldorf (지점 확인)","40474","식품","21.09.2026-26.09.2026","Häagen-Dazs Eiscreme","versch. Sorten auch Häagen Dazs Classic Collect 4 x 95 ml im Angebot, je 460 ml / 420 ml Becher, (1 l = € 8.67 / € 9.50)","3.99","3.49","","8.67 / € 9.50","https://www.edeka.de/maerkte/071065/angebote/"
"2026-09-20 21:02 Europe/Berlin","EDEKA","EDEKA Prömpers, Niederrheinstraße 84-88, 40474 Düsseldorf (지점 확인)","40474","식품","21.09.2026-26.09.2026","Haribo Fruchtgummi oder Lakritz","versch. Sorten, je 125 g - 175 g Beutel, (1 kg = ab € 4.51)","0.79","","","ab € 4.51","https://www.edeka.de/maerkte/071065/angebote/"
"2026-09-20 21:02 Europe/Berlin","EDEKA","EDEKA Prömpers, Niederrheinstraße 84-88, 40474 Düsseldorf (지점 확인)","40474","음료","21.09.2026-26.09.2026","Havana Club","Original, Especial oder Mango Lime, 37,5% / 30% Vol., je 0,7 l Flasche, (1 l = € 15.70)","10.99","9.99","","15.70","https://www.edeka.de/maerkte/071065/angebote/"
"2026-09-20 21:02 Europe/Berlin","EDEKA","EDEKA Prömpers, Niederrheinstraße 84-88, 40474 Düsseldorf (지점 확인)","40474","식품","21.09.2026-26.09.2026","Heinz Saucen","versch. Sorten, je 220 ml Kopfstehflasche, (1 l = € 9.05)","1.99","","","9.05","https://www.edeka.de/maerkte/071065/angebote/"
"2026-09-20 21:02 Europe/Berlin","EDEKA","EDEKA Prömpers, Niederrheinstraße 84-88, 40474 Düsseldorf (지점 확인)","40474","식품","21.09.2026-26.09.2026","Heinz Tomato Ketchup oder Mayonnaise","je 800 ml Kopfstehflasche, (1 l = € 4.11)","3.29","","","4.11","https://www.edeka.de/maerkte/071065/angebote/"
"2026-09-20 21:02 Europe/Berlin","EDEKA","EDEKA Prömpers, Niederrheinstraße 84-88, 40474 Düsseldorf (지점 확인)","40474","식품","21.09.2026-26.09.2026","Hengstenberg Knax oder Sticksi","versch. Sorten, je 670 g Glas / 360 g Abtropfg., (1 kg = € 4.97)","1.79","1.59","","4.97","https://www.edeka.de/maerkte/071065/angebote/"
"2026-09-20 21:02 Europe/Berlin","EDEKA","EDEKA Prömpers, Niederrheinstraße 84-88, 40474 Düsseldorf (지점 확인)","40474","식품","21.09.2026-26.09.2026","Homann Saucen","versch. Sorten, je 400 ml Glas, (1 l = € 3.73)","1.49","1.29","","3.73","https://www.edeka.de/maerkte/071065/angebote/"
"2026-09-20 21:02 Europe/Berlin","EDEKA","EDEKA Prömpers, Niederrheinstraße 84-88, 40474 Düsseldorf (지점 확인)","40474","식품","21.09.2026-26.09.2026","Houdek - Kabanos","versch. Sorten, je 150 g Packung, (1 kg = € 13.27)","1.99","","","13.27","https://www.edeka.de/maerkte/071065/angebote/"
"2026-09-20 21:02 Europe/Berlin","EDEKA","EDEKA Prömpers, Niederrheinstraße 84-88, 40474 Düsseldorf (지점 확인)","40474","식품","21.09.2026-26.09.2026","iglo Gemüse-Ideen oder Rahm-Gemüse","tiefgefroren, versch. Sorten, je 400 g - 500 g Packung, (1 kg = ab € 4.78)","2.39","","","ab € 4.78","https://www.edeka.de/maerkte/071065/angebote/"
"2026-09-20 21:02 Europe/Berlin","EDEKA","EDEKA Prömpers, Niederrheinstraße 84-88, 40474 Düsseldorf (지점 확인)","40474","식품","21.09.2026-26.09.2026","Italien - GUT & GÜNSTIG - Tafeltrauben","hell, kernlos, Klasse I, 500 g Packung, (1 kg = € 2.00)","1.00","","","2.00","https://www.edeka.de/maerkte/071065/angebote/"
"2026-09-20 21:02 Europe/Berlin","EDEKA","EDEKA Prömpers, Niederrheinstraße 84-88, 40474 Düsseldorf (지점 확인)","40474","식품","21.09.2026-26.09.2026","Jacobs Instantkaffee","versch. Sorten, je 36 g - 124 g Packung, (1 kg = ab € 20.08)","2.49","","","ab € 20.08","https://www.edeka.de/maerkte/071065/angebote/"
"2026-09-20 21:02 Europe/Berlin","EDEKA","EDEKA Prömpers, Niederrheinstraße 84-88, 40474 Düsseldorf (지점 확인)","40474","식품","21.09.2026-26.09.2026","Jacobs Krönung","vakuumverpackt, versch. Sorten auch Café Hag klassisch mild entkoffeiniert im Angebot, je 500 g Packung, (1 kg = € 12.98)","6.49","5.99","","12.98","https://www.edeka.de/maerkte/071065/angebote/"
"2026-09-20 21:02 Europe/Berlin","EDEKA","EDEKA Prömpers, Niederrheinstraße 84-88, 40474 Düsseldorf (지점 확인)","40474","식품","21.09.2026-26.09.2026","Kasseler-Nacken","ohne Knochen, goldgelb geräuchert, je 1 kg","7.99","","","","https://www.edeka.de/maerkte/071065/angebote/"
"2026-09-20 21:02 Europe/Berlin","EDEKA","EDEKA Prömpers, Niederrheinstraße 84-88, 40474 Düsseldorf (지점 확인)","40474","식품","21.09.2026-26.09.2026","Kerrygold Original irische Butter oder Kerrygold extra","gesalzen oder ungesalzen, versch. Sorten, je 250 g / 200 g Packung / Becher, (1 kg = € 6.36 / € 7.95)","1.59","1.49","","6.36 / € 7.95","https://www.edeka.de/maerkte/071065/angebote/"
"2026-09-20 21:02 Europe/Berlin","EDEKA","EDEKA Prömpers, Niederrheinstraße 84-88, 40474 Düsseldorf (지점 확인)","40474","식품","21.09.2026-26.09.2026","Kikok - Das ganz besondere Maishähnchen","Handelsklasse A, je 1 kg","8.99","","","","https://www.edeka.de/maerkte/071065/angebote/"
"2026-09-20 21:02 Europe/Berlin","EDEKA","EDEKA Prömpers, Niederrheinstraße 84-88, 40474 Düsseldorf (지점 확인)","40474","식품","21.09.2026-26.09.2026","Knorr Feinschmecker Suppe oder Sauce","versch. Sorten, je 32 g - 70 g Beutel, (1 kg = ab € 11.29)","0.79","","","ab € 11.29","https://www.edeka.de/maerkte/071065/angebote/"
"2026-09-20 21:02 Europe/Berlin","EDEKA","EDEKA Prömpers, Niederrheinstraße 84-88, 40474 Düsseldorf (지점 확인)","40474","식품","21.09.2026-26.09.2026","Kölln Müsli","versch. Sorten auch Kölln Granola versch. Sorten 350 g im Angebot, je 380 g - 600 g Packung, (1 kg = ab € 4.15)","2.49","","","ab € 4.15","https://www.edeka.de/maerkte/071065/angebote/"
"2026-09-20 21:02 Europe/Berlin","EDEKA","EDEKA Prömpers, Niederrheinstraße 84-88, 40474 Düsseldorf (지점 확인)","40474","주류","21.09.2026-26.09.2026","König Pilsener","versch. Sorten, je Kasten = 20 x 0,5 l / 24 x 0,33 l zzgl. € 3.10 / € 3.42 Pfand, (1 l = € 1.20 / € 1.51)","11.99","","","1.20 / € 1.51","https://www.edeka.de/maerkte/071065/angebote/"
"2026-09-20 21:02 Europe/Berlin","EDEKA","EDEKA Prömpers, Niederrheinstraße 84-88, 40474 Düsseldorf (지점 확인)","40474","음료","21.09.2026-26.09.2026","Krombacher Spezi","Original oder Zero, koffeinhaltig, je Kasten = 20 x 0,5 l zzgl. € 3.10 Pfand, (1 l = € 1.30)","12.99","","","1.30","https://www.edeka.de/maerkte/071065/angebote/"
"2026-09-20 21:02 Europe/Berlin","EDEKA","EDEKA Prömpers, Niederrheinstraße 84-88, 40474 Düsseldorf (지점 확인)","40474","식품","21.09.2026-26.09.2026","Krone Meine Lieblinge Lachs","versch. Sorten, je 80 g - 100 g Packung, (1 kg = ab € 32.90)","3.29","","","ab € 32.90","https://www.edeka.de/maerkte/071065/angebote/"
"2026-09-20 21:02 Europe/Berlin","EDEKA","EDEKA Prömpers, Niederrheinstraße 84-88, 40474 Düsseldorf (지점 확인)","40474","식품","21.09.2026-26.09.2026","Krüger Family Cappuccino","versch. Sorten, je 500 g Nachfüllbeutel, (1 kg = € 7.60)","3.80","","","7.60","https://www.edeka.de/maerkte/071065/angebote/"
"2026-09-20 21:02 Europe/Berlin","EDEKA","EDEKA Prömpers, Niederrheinstraße 84-88, 40474 Düsseldorf (지점 확인)","40474","식품","21.09.2026-26.09.2026","Landliebe Joghurt","versch. Sorten, 3,8% / 10% Fett, je 500 g Glas zzgl. € 0.15 Pfand, (1 kg = € 2.22)","1.11","","","2.22","https://www.edeka.de/maerkte/071065/angebote/"
"2026-09-20 21:02 Europe/Berlin","EDEKA","EDEKA Prömpers, Niederrheinstraße 84-88, 40474 Düsseldorf (지점 확인)","40474","식품","21.09.2026-26.09.2026","Le Grand Rustique oder Saint André","französischer Weichkäse oder Weinbergkäse, 45% / 75% Fett i. Tr., je 100 g am Stück","1.99","","","","https://www.edeka.de/maerkte/071065/angebote/"
"2026-09-20 21:02 Europe/Berlin","EDEKA","EDEKA Prömpers, Niederrheinstraße 84-88, 40474 Düsseldorf (지점 확인)","40474","식품","21.09.2026-26.09.2026","Leibniz Zoo Mini Kekse","versch. Sorten, je 125 g Beutel, (1 kg = € 11.92)","1.49","","","11.92","https://www.edeka.de/maerkte/071065/angebote/"
"2026-09-20 21:02 Europe/Berlin","EDEKA","EDEKA Prömpers, Niederrheinstraße 84-88, 40474 Düsseldorf (지점 확인)","40474","식품","21.09.2026-26.09.2026","Loose Quäse oder Harzbube Handkäse","versch. Sorten und Fettstufen auch Hausmacher Handkäse 200 g im Angebot, je 220 g / 200 g Packung, (1 kg = € 11.32 / € 12.45)","2.49","","","11.32 / € 12.45","https://www.edeka.de/maerkte/071065/angebote/"
"2026-09-20 21:02 Europe/Berlin","EDEKA","EDEKA Prömpers, Niederrheinstraße 84-88, 40474 Düsseldorf (지점 확인)","40474","식품","21.09.2026-26.09.2026","Lorenz Crunchips oder Nic Nacs","versch. Sorten, je 110 g - 150 g Beutel, (1 kg = ab € 6.60)","0.99","","","ab € 6.60","https://www.edeka.de/maerkte/071065/angebote/"
"2026-09-20 21:02 Europe/Berlin","EDEKA","EDEKA Prömpers, Niederrheinstraße 84-88, 40474 Düsseldorf (지점 확인)","40474","식품","21.09.2026-26.09.2026","Marktkaas Noord Holland Gouda","holländischer Schnittkäse, jung oder mittelalt, 48% Fett i. Tr., je 100 g am Stück","1.11","","","","https://www.edeka.de/maerkte/071065/angebote/"
"2026-09-20 21:02 Europe/Berlin","EDEKA","EDEKA Prömpers, Niederrheinstraße 84-88, 40474 Düsseldorf (지점 확인)","40474","식품","21.09.2026-26.09.2026","Maryland Snack Nüsse oder Studentenfutter","versch. Sorten, je 250 g - 300 g Dose, (1 kg = ab € 9.97)","2.99","","","ab € 9.97","https://www.edeka.de/maerkte/071065/angebote/"
"2026-09-20 21:02 Europe/Berlin","EDEKA","EDEKA Prömpers, Niederrheinstraße 84-88, 40474 Düsseldorf (지점 확인)","40474","식품","21.09.2026-26.09.2026","McCain Golden Longs","tiefgefroren, extra knusprig, 1000 g Beutel","2.99","","","","https://www.edeka.de/maerkte/071065/angebote/"
"2026-09-20 21:02 Europe/Berlin","EDEKA","EDEKA Prömpers, Niederrheinstraße 84-88, 40474 Düsseldorf (지점 확인)","40474","식품","21.09.2026-26.09.2026","Meica Wiener oder Frankfurter Art","extra knackig, je 6 Stück = 540 g Glas / 250 g Abtropfg., (1 kg = € 13.96)","3.49","2.99","","13.96","https://www.edeka.de/maerkte/071065/angebote/"
"2026-09-20 21:02 Europe/Berlin","EDEKA","EDEKA Prömpers, Niederrheinstraße 84-88, 40474 Düsseldorf (지점 확인)","40474","식품","21.09.2026-26.09.2026","Melitta Barista Classic","Crema oder Crema Forte, ganze Bohnen, je 1 kg Beutel","12.99","11.99","","","https://www.edeka.de/maerkte/071065/angebote/"
"2026-09-20 21:02 Europe/Berlin","EDEKA","EDEKA Prömpers, Niederrheinstraße 84-88, 40474 Düsseldorf (지점 확인)","40474","식품","21.09.2026-26.09.2026","Mettenden","geräuchert, 300 g Packung, (1 kg = € 9.30)","2.79","","","9.30","https://www.edeka.de/maerkte/071065/angebote/"
"2026-09-20 21:02 Europe/Berlin","EDEKA","EDEKA Prömpers, Niederrheinstraße 84-88, 40474 Düsseldorf (지점 확인)","40474","식품","21.09.2026-26.09.2026","Milka Haselnusscreme","350 g Glas, (1 kg = € 8.54)","2.99","","","8.54","https://www.edeka.de/maerkte/071065/angebote/"
"2026-09-20 21:02 Europe/Berlin","EDEKA","EDEKA Prömpers, Niederrheinstraße 84-88, 40474 Düsseldorf (지점 확인)","40474","식품","21.09.2026-26.09.2026","Milram Schnittkäse","versch. Sorten und Fettstufen, je 100 g am Stück","0.99","","","","https://www.edeka.de/maerkte/071065/angebote/"
"2026-09-20 21:02 Europe/Berlin","EDEKA","EDEKA Prömpers, Niederrheinstraße 84-88, 40474 Düsseldorf (지점 확인)","40474","식품","21.09.2026-26.09.2026","Mirácoli Spaghetti Klassiker","376,2 g Packung, (1 kg = € 5.29)","1.99","","","5.29","https://www.edeka.de/maerkte/071065/angebote/"
"2026-09-20 21:02 Europe/Berlin","EDEKA","EDEKA Prömpers, Niederrheinstraße 84-88, 40474 Düsseldorf (지점 확인)","40474","식품","21.09.2026-26.09.2026","müller Joghurt mit der Ecke","je 113 g - 150 g Becher, (1 kg = ab € 2.60)","0.39","","","ab € 2.60","https://www.edeka.de/maerkte/071065/angebote/"
"2026-09-20 21:02 Europe/Berlin","EDEKA","EDEKA Prömpers, Niederrheinstraße 84-88, 40474 Düsseldorf (지점 확인)","40474","식품","21.09.2026-26.09.2026","Nackenkotelett","vom Schwein, mit Knochen, zum Braten, 700 g Packung, (1 kg = € 8.56)","5.99","","","8.56","https://www.edeka.de/maerkte/071065/angebote/"
"2026-09-20 21:02 Europe/Berlin","EDEKA","EDEKA Prömpers, Niederrheinstraße 84-88, 40474 Düsseldorf (지점 확인)","40474","식품","21.09.2026-26.09.2026","Nescafé Classic oder Classic Mild","je 200 g Glas, (1 kg = € 32.45)","6.49","","","32.45","https://www.edeka.de/maerkte/071065/angebote/"
"2026-09-20 21:02 Europe/Berlin","EDEKA","EDEKA Prömpers, Niederrheinstraße 84-88, 40474 Düsseldorf (지점 확인)","40474","식품","21.09.2026-26.09.2026","Neuseeland - Kiwis","Stück","0.59","","","","https://www.edeka.de/maerkte/071065/angebote/"
"2026-09-20 21:02 Europe/Berlin","EDEKA","EDEKA Prömpers, Niederrheinstraße 84-88, 40474 Düsseldorf (지점 확인)","40474","식품","21.09.2026-26.09.2026","Neuseeland - Zespri - Kiwis Gold","„Jumbo"", Klasse I, Stück","1.00","","","","https://www.edeka.de/maerkte/071065/angebote/"
"2026-09-20 21:02 Europe/Berlin","EDEKA","EDEKA Prömpers, Niederrheinstraße 84-88, 40474 Düsseldorf (지점 확인)","40474","식품","21.09.2026-26.09.2026","Niederlande - GUT & GÜNSTIG - Paprika","rot, Klasse I, 500 g Packung, (1 kg = € 2.98)","1.49","","","2.98","https://www.edeka.de/maerkte/071065/angebote/"
"2026-09-20 21:02 Europe/Berlin","EDEKA","EDEKA Prömpers, Niederrheinstraße 84-88, 40474 Düsseldorf (지점 확인)","40474","식품","21.09.2026-26.09.2026","Nuii, Daim, Milka, Lotus Biscoff oder Oreo Eis","versch. Sorten, je 200 ml - 440 ml Multipackung, (1 l = ab € 5.20)","2.29","","","ab € 5.20","https://www.edeka.de/maerkte/071065/angebote/"
"2026-09-20 21:02 Europe/Berlin","EDEKA","EDEKA Prömpers, Niederrheinstraße 84-88, 40474 Düsseldorf (지점 확인)","40474","식품","21.09.2026-26.09.2026","Oreo","versch. Sorten, je 157 g / 154 g Packung, (1 kg = € 9.49 / € 9.68)","1.49","","","9.49 / € 9.68","https://www.edeka.de/maerkte/071065/angebote/"
"2026-09-20 21:02 Europe/Berlin","EDEKA","EDEKA Prömpers, Niederrheinstraße 84-88, 40474 Düsseldorf (지점 확인)","40474","식품","21.09.2026-26.09.2026","Papa Joe’s Sauce","versch. Sorten, je 300 ml Kopfstehflasche, (1 l = € 4.97)","1.49","","","4.97","https://www.edeka.de/maerkte/071065/angebote/"
"2026-09-20 21:02 Europe/Berlin","EDEKA","EDEKA Prömpers, Niederrheinstraße 84-88, 40474 Düsseldorf (지점 확인)","40474","음료","21.09.2026-26.09.2026","Paulaner Spezi oder Limo","versch. Sorten, koffeinhaltig, je 0,33 l Dose zzgl. € 0.25 Pfand, (1 l = € 2.09)","0.69","","","2.09","https://www.edeka.de/maerkte/071065/angebote/"
"2026-09-20 21:02 Europe/Berlin","EDEKA","EDEKA Prömpers, Niederrheinstraße 84-88, 40474 Düsseldorf (지점 확인)","40474","식품","21.09.2026-26.09.2026","Peanut & Schoko","Dragierte Erdnüsse, bunt, 250 g Beutel, (1 kg = € 7.40)","1.85","","","7.40","https://www.edeka.de/maerkte/071065/angebote/"
"2026-09-20 21:02 Europe/Berlin","EDEKA","EDEKA Prömpers, Niederrheinstraße 84-88, 40474 Düsseldorf (지점 확인)","40474","음료","21.09.2026-26.09.2026","Pepsi Cola oder Schwip Schwap","versch. Sorten, koffeinhaltig, je 0,33 l Dose zzgl. € 0.25 Pfand, (1 l = € 2.09)","0.69","","","2.09","https://www.edeka.de/maerkte/071065/angebote/"
"2026-09-20 21:02 Europe/Berlin","EDEKA","EDEKA Prömpers, Niederrheinstraße 84-88, 40474 Düsseldorf (지점 확인)","40474","식품","21.09.2026-26.09.2026","Peru - Avocados","„Hass"", Klasse I, Stück","1.11","","","","https://www.edeka.de/maerkte/071065/angebote/"
"2026-09-20 21:02 Europe/Berlin","EDEKA","EDEKA Prömpers, Niederrheinstraße 84-88, 40474 Düsseldorf (지점 확인)","40474","식품","21.09.2026-26.09.2026","Peru - Driscolls - Kulturheidelbeeren","Klasse I, 125 g Schale, (1 kg = € 11.92)","1.49","","","11.92","https://www.edeka.de/maerkte/071065/angebote/"
"2026-09-20 21:02 Europe/Berlin","EDEKA","EDEKA Prömpers, Niederrheinstraße 84-88, 40474 Düsseldorf (지점 확인)","40474","식품","21.09.2026-26.09.2026","Philadelphia Frischkäse","versch. Sorten auch Philadelphia Natur 6 x 16,67 g Packung im Angebot, je 150 g - 195 g Becher, (1 kg = ab € 5.69)","1.11","0.99","","ab € 5.69","https://www.edeka.de/maerkte/071065/angebote/"
"2026-09-20 21:02 Europe/Berlin","EDEKA","EDEKA Prömpers, Niederrheinstraße 84-88, 40474 Düsseldorf (지점 확인)","40474","식품","21.09.2026-26.09.2026","Portugal - Kiwi-Beeren","125 g Schale, (1 kg = € 15.92)","1.99","","","15.92","https://www.edeka.de/maerkte/071065/angebote/"
"2026-09-20 21:02 Europe/Berlin","EDEKA","EDEKA Prömpers, Niederrheinstraße 84-88, 40474 Düsseldorf (지점 확인)","40474","주류","21.09.2026-26.09.2026","Radeberger Pilsner","je Kasten = 20 x 0,5 l / 24 x 0,33 l zzgl. € 3.10 / € 3.42 Pfand, (1 l = € 1.20 / € 1.51)","11.99","","","1.20 / € 1.51","https://www.edeka.de/maerkte/071065/angebote/"
"2026-09-20 21:02 Europe/Berlin","EDEKA","EDEKA Prömpers, Niederrheinstraße 84-88, 40474 Düsseldorf (지점 확인)","40474","식품","21.09.2026-26.09.2026","Rama","versch. Sorten, je 250 g / 225 g Packung / Becher, (1 kg = € 4.76 / € 5.29)","1.19","0.99","","4.76 / € 5.29","https://www.edeka.de/maerkte/071065/angebote/"
"2026-09-20 21:02 Europe/Berlin","EDEKA","EDEKA Prömpers, Niederrheinstraße 84-88, 40474 Düsseldorf (지점 확인)","40474","식품","21.09.2026-26.09.2026","Rama Culinesse","versch. Sorten, je 450 ml Flasche, (1 l = € 3.53)","1.59","","","3.53","https://www.edeka.de/maerkte/071065/angebote/"
"2026-09-20 21:02 Europe/Berlin","EDEKA","EDEKA Prömpers, Niederrheinstraße 84-88, 40474 Düsseldorf (지점 확인)","40474","식품","21.09.2026-26.09.2026","Rapso 100% reines Rapsöl","aus kontrolliertem Anbau, 0,75 l Flasche, (1 l = € 5.59)","4.19","","","5.59","https://www.edeka.de/maerkte/071065/angebote/"
"2026-09-20 21:02 Europe/Berlin","EDEKA","EDEKA Prömpers, Niederrheinstraße 84-88, 40474 Düsseldorf (지점 확인)","40474","식품","21.09.2026-26.09.2026","Rasting - Delikatess Leberwurst mit Kalbfleisch, im Golddarm oder grobe Leberwurst","nach Probsteier Art, je 100 g","0.99","","","","https://www.edeka.de/maerkte/071065/angebote/"
"2026-09-20 21:02 Europe/Berlin","EDEKA","EDEKA Prömpers, Niederrheinstraße 84-88, 40474 Düsseldorf (지점 확인)","40474","식품","21.09.2026-26.09.2026","Rasting - Deutsches Corned Beef","herzhaft im Geschmack, je 100 g","1.59","","","","https://www.edeka.de/maerkte/071065/angebote/"
"2026-09-20 21:02 Europe/Berlin","EDEKA","EDEKA Prömpers, Niederrheinstraße 84-88, 40474 Düsseldorf (지점 확인)","40474","식품","21.09.2026-26.09.2026","Rasting - Gefüllter Schweinerollbraten","nach Gyros-Art mariniert, je 1 kg","9.99","","","","https://www.edeka.de/maerkte/071065/angebote/"
"2026-09-20 21:02 Europe/Berlin","EDEKA","EDEKA Prömpers, Niederrheinstraße 84-88, 40474 Düsseldorf (지점 확인)","40474","식품","21.09.2026-26.09.2026","Rasting - Kottenforster Bauernfrühstück","nach Art einer Sülze, je 100 g","0.99","","","","https://www.edeka.de/maerkte/071065/angebote/"
"2026-09-20 21:02 Europe/Berlin","EDEKA","EDEKA Prömpers, Niederrheinstraße 84-88, 40474 Düsseldorf (지점 확인)","40474","식품","21.09.2026-26.09.2026","Rasting - Meisterkochschinken","je 100 g","1.99","","","","https://www.edeka.de/maerkte/071065/angebote/"
"2026-09-20 21:02 Europe/Berlin","EDEKA","EDEKA Prömpers, Niederrheinstraße 84-88, 40474 Düsseldorf (지점 확인)","40474","식품","21.09.2026-26.09.2026","Rasting - Schinkenmettwürstchen","je 100 g","1.69","","","","https://www.edeka.de/maerkte/071065/angebote/"
"2026-09-20 21:02 Europe/Berlin","EDEKA","EDEKA Prömpers, Niederrheinstraße 84-88, 40474 Düsseldorf (지점 확인)","40474","식품","21.09.2026-26.09.2026","Rasting - Schinkenspeck","handgesalzen, geräuchert oder luftgetrocknet, je 100 g","1.79","","","","https://www.edeka.de/maerkte/071065/angebote/"
"2026-09-20 21:02 Europe/Berlin","EDEKA","EDEKA Prömpers, Niederrheinstraße 84-88, 40474 Düsseldorf (지점 확인)","40474","음료","21.09.2026-26.09.2026","Rauch Eistee","versch. Sorten, je 0,33 l Dose zzgl. € 0.25 Pfand, (1 l = € 2.09)","0.69","","","2.09","https://www.edeka.de/maerkte/071065/angebote/"
"2026-09-20 21:02 Europe/Berlin","EDEKA","EDEKA Prömpers, Niederrheinstraße 84-88, 40474 Düsseldorf (지점 확인)","40474","식품","21.09.2026-26.09.2026","Red Band Fruchtgummi oder Lakritz","versch. Sorten, je 500 g Beutel, (1 kg = € 4.44)","2.22","1.88","","4.44","https://www.edeka.de/maerkte/071065/angebote/"
"2026-09-20 21:02 Europe/Berlin","EDEKA","EDEKA Prömpers, Niederrheinstraße 84-88, 40474 Düsseldorf (지점 확인)","40474","음료","21.09.2026-26.09.2026","Red Bull Energy Drink","taurin- und koffeinhaltig, versch. Sorten, je 0,25 l Dose zzgl. € 0.25 Pfand, (1 l = € 3.96)","0.99","","","3.96","https://www.edeka.de/maerkte/071065/angebote/"
"2026-09-20 21:02 Europe/Berlin","EDEKA","EDEKA Prömpers, Niederrheinstraße 84-88, 40474 Düsseldorf (지점 확인)","40474","음료","21.09.2026-26.09.2026","Rheinfels Quelle Mineralwasser","versch. Sorten, je Packung = 6 x 1,5 l zzgl. € 1.50 Pfand, (1 l = € 0.44)","3.99","","","0.44","https://www.edeka.de/maerkte/071065/angebote/"
"2026-09-20 21:02 Europe/Berlin","EDEKA","EDEKA Prömpers, Niederrheinstraße 84-88, 40474 Düsseldorf (지점 확인)","40474","식품","21.09.2026-26.09.2026","Riesenrostbratwurst XXL oder Riesenkrakauer XXL","je 3 x 125 g = 375 g Packung, (1 kg = € 10.64)","3.99","","","10.64","https://www.edeka.de/maerkte/071065/angebote/"
"2026-09-20 21:02 Europe/Berlin","EDEKA","EDEKA Prömpers, Niederrheinstraße 84-88, 40474 Düsseldorf (지점 확인)","40474","식품","21.09.2026-26.09.2026","Rinder- oder Sauerbratengulasch","in Sauce, je 550 g Schlauch, (1 kg = € 12.71)","6.99","","","12.71","https://www.edeka.de/maerkte/071065/angebote/"
"2026-09-20 21:02 Europe/Berlin","EDEKA","EDEKA Prömpers, Niederrheinstraße 84-88, 40474 Düsseldorf (지점 확인)","40474","식품","21.09.2026-26.09.2026","Ritter Sport Nuss- oder Kakaoklasse","versch. Sorten, je 100 g / 75 g Tafel, (1 kg = € 16.90 / € 22.53)","1.69","1.49","","16.90 / € 22.53","https://www.edeka.de/maerkte/071065/angebote/"
"2026-09-20 21:02 Europe/Berlin","EDEKA","EDEKA Prömpers, Niederrheinstraße 84-88, 40474 Düsseldorf (지점 확인)","40474","주류","21.09.2026-26.09.2026","Rotkäppchen Sekt oder Fruchtsecco","versch. Sorten, je 0,2 l Flasche, (1 l = € 5.00)","1.00","","","5.00","https://www.edeka.de/maerkte/071065/angebote/"
"2026-09-20 21:02 Europe/Berlin","EDEKA","EDEKA Prömpers, Niederrheinstraße 84-88, 40474 Düsseldorf (지점 확인)","40474","식품","21.09.2026-26.09.2026","Rotkäppchen Sticks & Dip oder Minis","je 105 g / 100 g Packung, (1 kg = € 14.19 / € 14.90)","1.49","","","14.19 / € 14.90","https://www.edeka.de/maerkte/071065/angebote/"
"2026-09-20 21:02 Europe/Berlin","EDEKA","EDEKA Prömpers, Niederrheinstraße 84-88, 40474 Düsseldorf (지점 확인)","40474","식품","21.09.2026-26.09.2026","Rügenwalder Mühle - Veganer Aufschnitt","versch. Sorten, je 80 g / 70 g Packung, (1 kg = € 16.13 / € 18.43)","1.29","","","16.13 / € 18.43","https://www.edeka.de/maerkte/071065/angebote/"
"2026-09-20 21:02 Europe/Berlin","EDEKA","EDEKA Prömpers, Niederrheinstraße 84-88, 40474 Düsseldorf (지점 확인)","40474","음료","21.09.2026-26.09.2026","S. Pellegrino oder Acqua Panna Mineralwasser","je Packung = 6 x 1 l zzgl. € 1.50 Pfand, (1 l = € 0.83)","4.99","","","0.83","https://www.edeka.de/maerkte/071065/angebote/"
"2026-09-20 21:02 Europe/Berlin","EDEKA","EDEKA Prömpers, Niederrheinstraße 84-88, 40474 Düsseldorf (지점 확인)","40474","식품","21.09.2026-26.09.2026","Salakis Schafskäse","versch. Sorten und Fettstufen, je 180 g / 150 g Packung, (1 kg = € 19.39 / € 23.27)","3.49","","","19.39 / € 23.27","https://www.edeka.de/maerkte/071065/angebote/"
"2026-09-20 21:02 Europe/Berlin","EDEKA","EDEKA Prömpers, Niederrheinstraße 84-88, 40474 Düsseldorf (지점 확인)","40474","음료","21.09.2026-26.09.2026","Sarti Rosa","italienischer Aperitif, 14% Vol., 0,7 l Flasche, (1 l = € 21.41)","14.99","13.99","","21.41","https://www.edeka.de/maerkte/071065/angebote/"
"2026-09-20 21:02 Europe/Berlin","EDEKA","EDEKA Prömpers, Niederrheinstraße 84-88, 40474 Düsseldorf (지점 확인)","40474","식품","21.09.2026-26.09.2026","Schokolade","versch. Sorten, je 90 g Tafel, (1 kg = € 9.89)","0.89","0.79","","9.89","https://www.edeka.de/maerkte/071065/angebote/"
"2026-09-20 21:02 Europe/Berlin","EDEKA","EDEKA Prömpers, Niederrheinstraße 84-88, 40474 Düsseldorf (지점 확인)","40474","식품","21.09.2026-26.09.2026","Schwartau Extra, Samt oder Weniger Zucker","versch. Sorten auch Schwartau Holsteiner Pflaumenmus 330 g im Angebot, je 255 g - 340 g Glas, (1 kg = ab € 5.85)","1.99","","","ab € 5.85","https://www.edeka.de/maerkte/071065/angebote/"
"2026-09-20 21:02 Europe/Berlin","EDEKA","EDEKA Prömpers, Niederrheinstraße 84-88, 40474 Düsseldorf (지점 확인)","40474","식품","21.09.2026-26.09.2026","Schwarzwaldmilch LAC lactosefrei Schlagsahne, Sauerrahm oder Crème fraîche","auch Kochsahne und Schmand 200 g im Angebot, je 200 g / 150 g Becher, (1 kg = € 5.55 / € 7.40)","1.11","","","5.55 / € 7.40","https://www.edeka.de/maerkte/071065/angebote/"
"2026-09-20 21:02 Europe/Berlin","EDEKA","EDEKA Prömpers, Niederrheinstraße 84-88, 40474 Düsseldorf (지점 확인)","40474","식품","21.09.2026-26.09.2026","Schweinefilet","im Baconmantel, je 100 g","1.79","","","","https://www.edeka.de/maerkte/071065/angebote/"
"2026-09-20 21:02 Europe/Berlin","EDEKA","EDEKA Prömpers, Niederrheinstraße 84-88, 40474 Düsseldorf (지점 확인)","40474","식품","21.09.2026-26.09.2026","Schweinegeschnetzeltes","Gyros Art, gewürzt, zum Braten, 800 g XXL Packung, (1 kg = € 8.74)","6.99","","","8.74","https://www.edeka.de/maerkte/071065/angebote/"
"2026-09-20 21:02 Europe/Berlin","EDEKA","EDEKA Prömpers, Niederrheinstraße 84-88, 40474 Düsseldorf (지점 확인)","40474","식품","21.09.2026-26.09.2026","Schweinegulasch","aus dem Schweineschinken geschnitten, zum Braten, 500 g Packung, (1 kg = € 8.98)","4.49","","","8.98","https://www.edeka.de/maerkte/071065/angebote/"
"2026-09-20 21:02 Europe/Berlin","EDEKA","EDEKA Prömpers, Niederrheinstraße 84-88, 40474 Düsseldorf (지점 확인)","40474","식품","21.09.2026-26.09.2026","Senseo Coffee Pads","versch. Sorten, je 84 g - 125 g Beutel, (1 kg = ab € 17.76)","2.22","1.99","","ab € 17.76","https://www.edeka.de/maerkte/071065/angebote/"
"2026-09-20 21:02 Europe/Berlin","EDEKA","EDEKA Prömpers, Niederrheinstraße 84-88, 40474 Düsseldorf (지점 확인)","40474","식품","21.09.2026-26.09.2026","Sonnenblumenkernbrötchen","je Stück","0.39","","","","https://www.edeka.de/maerkte/071065/angebote/"
"2026-09-20 21:02 Europe/Berlin","EDEKA","EDEKA Prömpers, Niederrheinstraße 84-88, 40474 Düsseldorf (지점 확인)","40474","음료","21.09.2026-26.09.2026","Southern Comfort oder Fireball","35% / 33% Vol., je 0,7 l Flasche, (1 l = € 14.27)","9.99","","","14.27","https://www.edeka.de/maerkte/071065/angebote/"
"2026-09-20 21:02 Europe/Berlin","EDEKA","EDEKA Prömpers, Niederrheinstraße 84-88, 40474 Düsseldorf (지점 확인)","40474","식품","21.09.2026-26.09.2026","Spanien - Bio-Salatgurke","Klasse II, Stück","1.29","","","","https://www.edeka.de/maerkte/071065/angebote/"
"2026-09-20 21:02 Europe/Berlin","EDEKA","EDEKA Prömpers, Niederrheinstraße 84-88, 40474 Düsseldorf (지점 확인)","40474","식품","21.09.2026-26.09.2026","Speisequark","Magerstufe, 250 g Becher, (1 kg = € 2.76)","0.69","","","2.76","https://www.edeka.de/maerkte/071065/angebote/"
"2026-09-20 21:02 Europe/Berlin","EDEKA","EDEKA Prömpers, Niederrheinstraße 84-88, 40474 Düsseldorf (지점 확인)","40474","음료","21.09.2026-26.09.2026","Spraga Bio Kombucha","versch. Sorten, je 0,33 l Dose zzgl. € 0.25 Pfand, (1 l = € 6.03)","1.99","","","6.03","https://www.edeka.de/maerkte/071065/angebote/"
"2026-09-20 21:02 Europe/Berlin","EDEKA","EDEKA Prömpers, Niederrheinstraße 84-88, 40474 Düsseldorf (지점 확인)","40474","식품","21.09.2026-26.09.2026","Steinhaus Elsässer Flammkuchen oder Quiche Lorraine","je 350 g / 300 g Packung, (1 kg = € 8.54 / € 9.97)","2.99","","","8.54 / € 9.97","https://www.edeka.de/maerkte/071065/angebote/"
"2026-09-20 21:02 Europe/Berlin","EDEKA","EDEKA Prömpers, Niederrheinstraße 84-88, 40474 Düsseldorf (지점 확인)","40474","식품","21.09.2026-26.09.2026","Steinhaus frische Pasta","versch. Sorten, je 200 g Packung, (1 kg = € 9.95)","1.99","","","9.95","https://www.edeka.de/maerkte/071065/angebote/"
"2026-09-20 21:02 Europe/Berlin","EDEKA","EDEKA Prömpers, Niederrheinstraße 84-88, 40474 Düsseldorf (지점 확인)","40474","식품","21.09.2026-26.09.2026","Sülze Royal","mit einem süß-sauren Geschmack, je 100 g","1.79","","","","https://www.edeka.de/maerkte/071065/angebote/"
"2026-09-20 21:02 Europe/Berlin","EDEKA","EDEKA Prömpers, Niederrheinstraße 84-88, 40474 Düsseldorf (지점 확인)","40474","식품","21.09.2026-26.09.2026","Tante Fanny Frischer Flammkuchenteig XXL, Dinkel-Flammkuchenteig oder Flammkuchenböden","je 260 g - 350 g Packung, (1 kg = ab € 5.69)","1.99","","","ab € 5.69","https://www.edeka.de/maerkte/071065/angebote/"
"2026-09-20 21:02 Europe/Berlin","EDEKA","EDEKA Prömpers, Niederrheinstraße 84-88, 40474 Düsseldorf (지점 확인)","40474","식품","21.09.2026-26.09.2026","Tarczynski - Gegrilltes Hähnchenbrustfilet","je 100 g","1.99","","","","https://www.edeka.de/maerkte/071065/angebote/"
"2026-09-20 21:02 Europe/Berlin","EDEKA","EDEKA Prömpers, Niederrheinstraße 84-88, 40474 Düsseldorf (지점 확인)","40474","식품","21.09.2026-26.09.2026","Tchibo Feine Milde oder entkoffeiniert","gemahlen oder ganze Bohnen, je 2 x 250 g = 500 g / 500 g Packung, (1 kg = € 15.98)","7.99","","","15.98","https://www.edeka.de/maerkte/071065/angebote/"
"2026-09-20 21:02 Europe/Berlin","EDEKA","EDEKA Prömpers, Niederrheinstraße 84-88, 40474 Düsseldorf (지점 확인)","40474","식품","21.09.2026-26.09.2026","Teekanne Länder-Tee","versch. Sorten, je 20 / 18 Stück = 35 g - 55 g Packung, (1 kg = ab € 30.73)","1.69","1.49","","ab € 30.73","https://www.edeka.de/maerkte/071065/angebote/"
"2026-09-20 21:02 Europe/Berlin","EDEKA","EDEKA Prömpers, Niederrheinstraße 84-88, 40474 Düsseldorf (지점 확인)","40474","식품","21.09.2026-26.09.2026","Tillman’s Toasty","tiefgefroren, der Snack zum Toasten, versch. Sorten, je 280 g Packung, (1 kg = € 10.68)","2.99","","","10.68","https://www.edeka.de/maerkte/071065/angebote/"
"2026-09-20 21:02 Europe/Berlin","EDEKA","EDEKA Prömpers, Niederrheinstraße 84-88, 40474 Düsseldorf (지점 확인)","40474","식품","21.09.2026-26.09.2026","Toffifee","4 + 1 gratis = 625 g Packung, (1 kg = € 7.98)","4.99","","","7.98","https://www.edeka.de/maerkte/071065/angebote/"
"2026-09-20 21:02 Europe/Berlin","EDEKA","EDEKA Prömpers, Niederrheinstraße 84-88, 40474 Düsseldorf (지점 확인)","40474","주류","21.09.2026-26.09.2026","Tullamore D.E.W.","Irish Whiskey oder Café Honey, 40% / 35% Vol., je 0,7 l Flasche, (1 l = € 19.99)","13.99","","","19.99","https://www.edeka.de/maerkte/071065/angebote/"
"2026-09-20 21:02 Europe/Berlin","EDEKA","EDEKA Prömpers, Niederrheinstraße 84-88, 40474 Düsseldorf (지점 확인)","40474","식품","21.09.2026-26.09.2026","ültje Erdnüsse","versch. Sorten, je 180 g / 150 g Dose, (1 kg = € 9.39 / € 11.27)","1.69","1.39","","9.39 / € 11.27","https://www.edeka.de/maerkte/071065/angebote/"
"2026-09-20 21:02 Europe/Berlin","EDEKA","EDEKA Prömpers, Niederrheinstraße 84-88, 40474 Düsseldorf (지점 확인)","40474","식품","21.09.2026-26.09.2026","Unser Bergsommer","deutscher Schnittkäse, mit Ringelblumen, Kornblumen und Rosenblüten auf der Rinde affiniert, 50% Fett i. Tr., je 100 g am Stück","2.49","","","","https://www.edeka.de/maerkte/071065/angebote/"
"2026-09-20 21:02 Europe/Berlin","EDEKA","EDEKA Prömpers, Niederrheinstraße 84-88, 40474 Düsseldorf (지점 확인)","40474","음료","21.09.2026-26.09.2026","Valensina Eistee","versch. Sorten, je 1 l Flasche zzgl. € 0.25 Pfand","0.99","","","","https://www.edeka.de/maerkte/071065/angebote/"
"2026-09-20 21:02 Europe/Berlin","EDEKA","EDEKA Prömpers, Niederrheinstraße 84-88, 40474 Düsseldorf (지점 확인)","40474","식품","21.09.2026-26.09.2026","Vassemer - Hähnchenbrustfilet","in Aspik, mit Mandarinen, je 100 g","1.79","","","","https://www.edeka.de/maerkte/071065/angebote/"
"2026-09-20 21:02 Europe/Berlin","EDEKA","EDEKA Prömpers, Niederrheinstraße 84-88, 40474 Düsseldorf (지점 확인)","40474","음료","21.09.2026-26.09.2026","Volvic Vitamin+ oder Bio Tee","versch. Sorten, je 0,75 l Flasche zzgl. € 0.25 Pfand, (1 l = € 1.99)","1.49","","","1.99","https://www.edeka.de/maerkte/071065/angebote/"
"2026-09-20 21:02 Europe/Berlin","EDEKA","EDEKA Prömpers, Niederrheinstraße 84-88, 40474 Düsseldorf (지점 확인)","40474","주류","21.09.2026-26.09.2026","Warsteiner Pilsener","versch. Sorten, je Kasten = 20 x 0,5 l / 24 x 0,33 l zzgl. € 3.10 / € 3.42 Pfand, (1 l = € 1.20 / € 1.51)","11.99","10.99","","1.20 / € 1.51","https://www.edeka.de/maerkte/071065/angebote/"
"2026-09-20 21:02 Europe/Berlin","EDEKA","EDEKA Prömpers, Niederrheinstraße 84-88, 40474 Düsseldorf (지점 확인)","40474","식품","21.09.2026-26.09.2026","Weihenstephan Haltbare Milch","3,5% / 1,5% Fett, je 1 l Packung","0.99","","","","https://www.edeka.de/maerkte/071065/angebote/"
"2026-09-20 21:02 Europe/Berlin","EDEKA","EDEKA Prömpers, Niederrheinstraße 84-88, 40474 Düsseldorf (지점 확인)","40474","주류","21.09.2026-26.09.2026","Wicküler Pils","je Kasten = 20 x 0,5 l / 24 x 0,33 l zzgl. € 3.10 / € 3.42 Pfand, (1 l = € 0.95 / € 1.20)","9.49","","","0.95 / € 1.20","https://www.edeka.de/maerkte/071065/angebote/"
"2026-09-20 21:02 Europe/Berlin","EDEKA","EDEKA Prömpers, Niederrheinstraße 84-88, 40474 Düsseldorf (지점 확인)","40474","주류","21.09.2026-26.09.2026","Wodka Gorbatschow","37,5% Vol. auch Wodka Citron und Raspberry im Angebot, 0,7 l Flasche, (1 l = € 9.27)","6.49","","","9.27","https://www.edeka.de/maerkte/071065/angebote/"
"2026-09-20 21:02 Europe/Berlin","EDEKA","EDEKA Prömpers, Niederrheinstraße 84-88, 40474 Düsseldorf (지점 확인)","40474","식품","21.09.2026-26.09.2026","Wurzelbrot","versch. Sorten, je 450 g Stück, (1 kg = € 4.42)","1.99","","","4.42","https://www.edeka.de/maerkte/071065/angebote/"
"2026-09-20 21:02 Europe/Berlin","EDEKA","EDEKA Prömpers, Niederrheinstraße 84-88, 40474 Düsseldorf (지점 확인)","40474","식품","21.09.2026-26.09.2026","Zarte Schinkenschnitzel, zarter Schinkenbraten oder zartes Schinkengulasch","je 1 kg","6.66","","","","https://www.edeka.de/maerkte/071065/angebote/"
"2026-09-20 21:02 Europe/Berlin","EDEKA","EDEKA Prömpers, Niederrheinstraße 84-88, 40474 Düsseldorf (지점 확인)","40474","식품","21.09.2026-26.09.2026","Zartes Gulasch","aus der Keule geschnitten, deutsches Jungbullenfleisch, je 1 kg","16.90","","","","https://www.edeka.de/maerkte/071065/angebote/"
"2026-09-20 21:02 Europe/Berlin","EDEKA","EDEKA Prömpers, Niederrheinstraße 84-88, 40474 Düsseldorf (지점 확인)","40474","식품","21.09.2026-26.09.2026","Zott Monte","versch. Sorten, je 400 g / 232 g Packung / Becher, (1 kg = € 3.98 / € 6.85)","1.59","1.39","","3.98 / € 6.85","https://www.edeka.de/maerkte/071065/angebote/"
"2026-09-20 21:02 Europe/Berlin","EDEKA","EDEKA Prömpers, Niederrheinstraße 84-88, 40474 Düsseldorf (지점 확인)","40474","식품","21.09.2026-26.09.2026","Zott Sahnejoghurt","versch. Sorten auch Zott Pure Joy vegan im Angebot, je 140 g Becher, (1 kg = € 3.50)","0.49","0.39","","3.50","https://www.edeka.de/maerkte/071065/angebote/"
"2026-09-20 21:02 Europe/Berlin","EDEKA","EDEKA Prömpers, Niederrheinstraße 84-88, 40474 Düsseldorf (지점 확인)","40474","식품","21.09.2026-26.09.2026","Zuivelhoeve Vla","Vanille oder Vanille & Schoko, je 800 g Becher, (1 kg = € 3.11)","2.49","","","3.11","https://www.edeka.de/maerkte/071065/angebote/"
"2026-09-20 21:02 Europe/Berlin","EDEKA","EDEKA Prömpers, Niederrheinstraße 84-88, 40474 Düsseldorf (지점 확인)","40474","식품","21.09.2026-26.09.2026","Zum Dorfkrug Grütze oder Pudding","versch. Sorten, je 375 g / 360 g Glas, (1 kg = € 5.31 / € 5.53)","1.99","","","5.31 / € 5.53","https://www.edeka.de/maerkte/071065/angebote/"
"2026-09-20 21:02 Europe/Berlin","EDEKA","EDEKA Prömpers, Niederrheinstraße 84-88, 40474 Düsseldorf (지점 확인)","40474","식품","21.09.2026-26.09.2026","Zum Dorfkrug Salatsauce","versch. Sorten, je 250 ml Flasche, (1 l = € 7.16)","1.79","","","7.16","https://www.edeka.de/maerkte/071065/angebote/"
"2026-09-20 21:02 Europe/Berlin","EDEKA","EDEKA Nüsken, Rossbachstraße 21-23, 44369 Dortmund (공식 전단 기준, 지점별 가격 미확인)","44369","식품","21.09.2026-26.09.2026","3 Glocken Genuss Pur","versch. Sorten, je 500 g Packung, (1 kg = € 2.58)","1.29","","","2.58","https://www.edeka.de/maerkte/072249/angebote/"
"2026-09-20 21:02 Europe/Berlin","EDEKA","EDEKA Nüsken, Rossbachstraße 21-23, 44369 Dortmund (공식 전단 기준, 지점별 가격 미확인)","44369","식품","21.09.2026-26.09.2026","7 Days Croissants","versch. Sorten, je 240 g / 185 g Packung / Beutel, (1 kg = € 8.29 / € 10.76)","1.99","","","8.29 / € 10.76","https://www.edeka.de/maerkte/072249/angebote/"
"2026-09-20 21:02 Europe/Berlin","EDEKA","EDEKA Nüsken, Rossbachstraße 21-23, 44369 Dortmund (공식 전단 기준, 지점별 가격 미확인)","44369","식품","21.09.2026-26.09.2026","After Eight Classic","200 g Packung, (1 kg = € 11.10)","2.22","","","11.10","https://www.edeka.de/maerkte/072249/angebote/"
"2026-09-20 21:02 Europe/Berlin","EDEKA","EDEKA Nüsken, Rossbachstraße 21-23, 44369 Dortmund (공식 전단 기준, 지점별 가격 미확인)","44369","식품","21.09.2026-26.09.2026","Ahornsirup","250 ml Flasche, (1 l = € 13.32)","3.33","","","13.32","https://www.edeka.de/maerkte/072249/angebote/"
"2026-09-20 21:02 Europe/Berlin","EDEKA","EDEKA Nüsken, Rossbachstraße 21-23, 44369 Dortmund (공식 전단 기준, 지점별 가격 미확인)","44369","식품","21.09.2026-26.09.2026","Alpenhain Obazda oder Camembert Creme","versch. Sorten, je 125 g Becher, (1 kg = € 11.92)","1.49","1.29","","11.92","https://www.edeka.de/maerkte/072249/angebote/"
"2026-09-20 21:02 Europe/Berlin","EDEKA","EDEKA Nüsken, Rossbachstraße 21-23, 44369 Dortmund (공식 전단 기준, 지점별 가격 미확인)","44369","주류","21.09.2026-26.09.2026","Aperol Spritz","10,5% Vol., Packung = 3 x 0,2 l pfandfrei, (1 l = € 11.65)","6.99","","","11.65","https://www.edeka.de/maerkte/072249/angebote/"
"2026-09-20 21:02 Europe/Berlin","EDEKA","EDEKA Nüsken, Rossbachstraße 21-23, 44369 Dortmund (공식 전단 기준, 지점별 가격 미확인)","44369","식품","21.09.2026-26.09.2026","Appenzeller Appenzellerin","schweizer Halbhartkäse, mind. 48% Fett i. Tr., je 100 g am Stück","2.29","","","","https://www.edeka.de/maerkte/072249/angebote/"
"2026-09-20 21:02 Europe/Berlin","EDEKA","EDEKA Nüsken, Rossbachstraße 21-23, 44369 Dortmund (공식 전단 기준, 지점별 가격 미확인)","44369","음료","21.09.2026-26.09.2026","Asbach Uralt","36% Vol., 0,7 l Flasche, (1 l = € 14.27)","9.99","","","14.27","https://www.edeka.de/maerkte/072249/angebote/"
"2026-09-20 21:02 Europe/Berlin","EDEKA","EDEKA Nüsken, Rossbachstraße 21-23, 44369 Dortmund (공식 전단 기준, 지점별 가격 미확인)","44369","식품","21.09.2026-26.09.2026","Bille - Chicken Salami","versch. ummantelt, je 100 g","1.99","","","","https://www.edeka.de/maerkte/072249/angebote/"
"2026-09-20 21:02 Europe/Berlin","EDEKA","EDEKA Nüsken, Rossbachstraße 21-23, 44369 Dortmund (공식 전단 기준, 지점별 가격 미확인)","44369","식품","21.09.2026-26.09.2026","Birkel’s No. 1 oder 7 Hühnchen Nudeln","versch. Sorten, je 500 g / 600 g Packung, (1 kg = € 2.58 / € 2.15)","1.29","","","2.58 / € 2.15","https://www.edeka.de/maerkte/072249/angebote/"
"2026-09-20 21:02 Europe/Berlin","EDEKA","EDEKA Nüsken, Rossbachstraße 21-23, 44369 Dortmund (공식 전단 기준, 지점별 가격 미확인)","44369","식품","21.09.2026-26.09.2026","Bonduelle Gemüsekonserven","versch. Sorten, je 300 g - 400 g Dose / 220 g - 285 g Abtropfg., (1 kg = ab € 2.78)","1.11","","","ab € 2.78","https://www.edeka.de/maerkte/072249/angebote/"
"2026-09-20 21:02 Europe/Berlin","EDEKA","EDEKA Nüsken, Rossbachstraße 21-23, 44369 Dortmund (공식 전단 기준, 지점별 가격 미확인)","44369","식품","21.09.2026-26.09.2026","Börek-Stick","mit Feta-Füllung oder Spinat-Feta-Füllung, je Stück","0.50","","","","https://www.edeka.de/maerkte/072249/angebote/"
"2026-09-20 21:02 Europe/Berlin","EDEKA","EDEKA Nüsken, Rossbachstraße 21-23, 44369 Dortmund (공식 전단 기준, 지점별 가격 미확인)","44369","식품","21.09.2026-26.09.2026","Brandt Der Markenzwieback","225 g Packung, (1 kg = € 5.73)","1.29","","","5.73","https://www.edeka.de/maerkte/072249/angebote/"
"2026-09-20 21:02 Europe/Berlin","EDEKA","EDEKA Nüsken, Rossbachstraße 21-23, 44369 Dortmund (공식 전단 기준, 지점별 가격 미확인)","44369","식품","21.09.2026-26.09.2026","Bulgur- oder Bauernsalat","verzehrfertig, je 250 g Schale, (1 kg = € 11.96)","2.99","","","11.96","https://www.edeka.de/maerkte/072249/angebote/"
"2026-09-20 21:02 Europe/Berlin","EDEKA","EDEKA Nüsken, Rossbachstraße 21-23, 44369 Dortmund (공식 전단 기준, 지점별 가격 미확인)","44369","식품","21.09.2026-26.09.2026","Cathedral City Cheddar","4 / 9 Monate gereift, 48% Fett i. Tr., je 120 g Packung, (1 kg = € 16.58)","1.99","","","16.58","https://www.edeka.de/maerkte/072249/angebote/"
"2026-09-20 21:02 Europe/Berlin","EDEKA","EDEKA Nüsken, Rossbachstraße 21-23, 44369 Dortmund (공식 전단 기준, 지점별 가격 미확인)","44369","식품","21.09.2026-26.09.2026","Cevapcici","aus Rinder- und Schweinehackfleisch, mit einer Paprika-Knoblauch-Note abgerundet, je 10 x 50 g Stück = 500 g, (1 kg = € 10.00)","5.00","","","10.00","https://www.edeka.de/maerkte/072249/angebote/"
"2026-09-20 21:02 Europe/Berlin","EDEKA","EDEKA Nüsken, Rossbachstraße 21-23, 44369 Dortmund (공식 전단 기준, 지점별 가격 미확인)","44369","식품","21.09.2026-26.09.2026","Choi's Bibimmyeon Instant Nudeln","versch. Sorten, je 113 g - 131 g Beutel, (1 kg = ab € 11.37)","1.49","","","ab € 11.37","https://www.edeka.de/maerkte/072249/angebote/"
"2026-09-20 21:02 Europe/Berlin","EDEKA","EDEKA Nüsken, Rossbachstraße 21-23, 44369 Dortmund (공식 전단 기준, 지점별 가격 미확인)","44369","음료","21.09.2026-26.09.2026","Coca-Cola, Coca-Cola Zero, Mezzo Mix oder Sprite","koffeinhaltig, je Kasten = 6 x 1 l zzgl. € 2.40 Pfand, (1 l = € 1.33)","7.99","","","1.33","https://www.edeka.de/maerkte/072249/angebote/"
"2026-09-20 21:02 Europe/Berlin","EDEKA","EDEKA Nüsken, Rossbachstraße 21-23, 44369 Dortmund (공식 전단 기준, 지점별 가격 미확인)","44369","음료","21.09.2026-26.09.2026","Coca-Cola, Fanta oder Sprite","und weitere Sorten, teilweise koffeinhaltig, je 1,25 l Flasche zzgl. € 0.25 Pfand, (1 l = € 0.89)","1.11","","","0.89","https://www.edeka.de/maerkte/072249/angebote/"
"2026-09-20 21:02 Europe/Berlin","EDEKA","EDEKA Nüsken, Rossbachstraße 21-23, 44369 Dortmund (공식 전단 기준, 지점별 가격 미확인)","44369","식품","21.09.2026-26.09.2026","Corny Müsli-Riegel","versch. Sorten auch Corny Haferkraft-Riegel, Corny Protein 4 x 25 g und Corny Protein Crunchy Riegel 45 g im Angebot, je 3 - 6 Riegel = 96 g - 150 g Packung, (1 kg = ab € 10.60)","1.59","","","ab € 10.60","https://www.edeka.de/maerkte/072249/angebote/"
"2026-09-20 21:02 Europe/Berlin","EDEKA","EDEKA Nüsken, Rossbachstraße 21-23, 44369 Dortmund (공식 전단 기준, 지점별 가격 미확인)","44369","식품","21.09.2026-26.09.2026","Das Mehl","glutenfrei, 1 kg Packung","3.99","","","","https://www.edeka.de/maerkte/072249/angebote/"
"2026-09-20 21:02 Europe/Berlin","EDEKA","EDEKA Nüsken, Rossbachstraße 21-23, 44369 Dortmund (공식 전단 기준, 지점별 가격 미확인)","44369","음료","21.09.2026-26.09.2026","Deutschland - Baden - Badischer Federweißer","versch. Sorten, je 1 l Flasche","2.49","","","","https://www.edeka.de/maerkte/072249/angebote/"
"2026-09-20 21:02 Europe/Berlin","EDEKA","EDEKA Nüsken, Rossbachstraße 21-23, 44369 Dortmund (공식 전단 기준, 지점별 가격 미확인)","44369","식품","21.09.2026-26.09.2026","Deutschland - Bio-Möhren","Klasse II, 1 kg Beutel","1.49","","","","https://www.edeka.de/maerkte/072249/angebote/"
"2026-09-20 21:02 Europe/Berlin","EDEKA","EDEKA Nüsken, Rossbachstraße 21-23, 44369 Dortmund (공식 전단 기준, 지점별 가격 미확인)","44369","식품","21.09.2026-26.09.2026","Deutschland - Bio-Porree","Klasse II, 430 g Bund, (1 kg = € 4.63)","1.99","","","4.63","https://www.edeka.de/maerkte/072249/angebote/"
"2026-09-20 21:02 Europe/Berlin","EDEKA","EDEKA Nüsken, Rossbachstraße 21-23, 44369 Dortmund (공식 전단 기준, 지점별 가격 미확인)","44369","식품","21.09.2026-26.09.2026","Deutschland - Bio-Zwiebeln","rot oder gelb, Klasse II, je 500 g / 750 g Netz, (1 kg = € 2.98 / € 1.99)","1.49","","","2.98 / € 1.99","https://www.edeka.de/maerkte/072249/angebote/"
"2026-09-20 21:02 Europe/Berlin","EDEKA","EDEKA Nüsken, Rossbachstraße 21-23, 44369 Dortmund (공식 전단 기준, 지점별 가격 미확인)","44369","식품","21.09.2026-26.09.2026","Deutschland - Blumenkohl","Klasse I, Stück","1.49","","","","https://www.edeka.de/maerkte/072249/angebote/"
"2026-09-20 21:02 Europe/Berlin","EDEKA","EDEKA Nüsken, Rossbachstraße 21-23, 44369 Dortmund (공식 전단 기준, 지점별 가격 미확인)","44369","식품","21.09.2026-26.09.2026","Deutschland - Bundmöhren","Klasse I, Bund","1.49","","","","https://www.edeka.de/maerkte/072249/angebote/"
"2026-09-20 21:02 Europe/Berlin","EDEKA","EDEKA Nüsken, Rossbachstraße 21-23, 44369 Dortmund (공식 전단 기준, 지점별 가격 미확인)","44369","식품","21.09.2026-26.09.2026","Deutschland - EDEKA Regional - Mini-Romanasalat","Klasse I, 2 Stück Packung","0.99","","","","https://www.edeka.de/maerkte/072249/angebote/"
"2026-09-20 21:02 Europe/Berlin","EDEKA","EDEKA Nüsken, Rossbachstraße 21-23, 44369 Dortmund (공식 전단 기준, 지점별 가격 미확인)","44369","식품","21.09.2026-26.09.2026","Deutschland - GUT & GÜNSTIG - Speisekartoffeln","vorwiegend festkochend oder festkochend, je 2,5 kg Beutel, (1 kg = € 0.80)","1.99","","","0.80","https://www.edeka.de/maerkte/072249/angebote/"
"2026-09-20 21:02 Europe/Berlin","EDEKA","EDEKA Nüsken, Rossbachstraße 21-23, 44369 Dortmund (공식 전단 기준, 지점별 가격 미확인)","44369","식품","21.09.2026-26.09.2026","Deutschland - GUT & GÜNSTIG - Tafeläpfel Jonagold","Klasse II, 2 kg Beutel, (1 kg = € 0.75)","1.49","","","0.75","https://www.edeka.de/maerkte/072249/angebote/"
"2026-09-20 21:02 Europe/Berlin","EDEKA","EDEKA Nüsken, Rossbachstraße 21-23, 44369 Dortmund (공식 전단 기준, 지점별 가격 미확인)","44369","식품","21.09.2026-26.09.2026","Deutschland - GUT & GÜNSTIG - Zwiebeln","Klasse II, 2 kg Netz, (1 kg = € 0.75)","1.49","","","0.75","https://www.edeka.de/maerkte/072249/angebote/"
"2026-09-20 21:02 Europe/Berlin","EDEKA","EDEKA Nüsken, Rossbachstraße 21-23, 44369 Dortmund (공식 전단 기준, 지점별 가격 미확인)","44369","음료","21.09.2026-26.09.2026","Deutschland - III Freunde","versch. Sorten, je 0,75 l Flasche, (1 l = € 10.65)","7.99","","","10.65","https://www.edeka.de/maerkte/072249/angebote/"
"2026-09-20 21:02 Europe/Berlin","EDEKA","EDEKA Nüsken, Rossbachstraße 21-23, 44369 Dortmund (공식 전단 기준, 지점별 가격 미확인)","44369","식품","21.09.2026-26.09.2026","Deutschland - Kohlrabi","weiß, Klasse I, Stück","0.55","","","","https://www.edeka.de/maerkte/072249/angebote/"
"2026-09-20 21:02 Europe/Berlin","EDEKA","EDEKA Nüsken, Rossbachstraße 21-23, 44369 Dortmund (공식 전단 기준, 지점별 가격 미확인)","44369","식품","21.09.2026-26.09.2026","Deutschland - Lauchzwiebeln oder Radieschen","Klasse I, je Bund","0.55","","","","https://www.edeka.de/maerkte/072249/angebote/"
"2026-09-20 21:02 Europe/Berlin","EDEKA","EDEKA Nüsken, Rossbachstraße 21-23, 44369 Dortmund (공식 전단 기준, 지점별 가격 미확인)","44369","식품","21.09.2026-26.09.2026","Deutschland - Staudensellerie","Klasse II, Stück","1.99","","","","https://www.edeka.de/maerkte/072249/angebote/"
"2026-09-20 21:02 Europe/Berlin","EDEKA","EDEKA Nüsken, Rossbachstraße 21-23, 44369 Dortmund (공식 전단 기준, 지점별 가격 미확인)","44369","주류","21.09.2026-26.09.2026","Deutschland - Weingenuss","versch. Sorten, je 1 l Flasche","1.99","1.79","","","https://www.edeka.de/maerkte/072249/angebote/"
"2026-09-20 21:02 Europe/Berlin","EDEKA","EDEKA Nüsken, Rossbachstraße 21-23, 44369 Dortmund (공식 전단 기준, 지점별 가격 미확인)","44369","식품","21.09.2026-26.09.2026","Die Pasta glutenfrei","versch. Sorten, je 400 g Packung, (1 kg = € 4.98)","1.99","","","4.98","https://www.edeka.de/maerkte/072249/angebote/"
"2026-09-20 21:02 Europe/Berlin","EDEKA","EDEKA Nüsken, Rossbachstraße 21-23, 44369 Dortmund (공식 전단 기준, 지점별 가격 미확인)","44369","식품","21.09.2026-26.09.2026","Dr. Oetker Backmischung","versch. Sorten, je 280 g - 580 g Packung, (1 kg = ab € 4.29)","2.49","1.99","","ab € 4.29","https://www.edeka.de/maerkte/072249/angebote/"
"2026-09-20 21:02 Europe/Berlin","EDEKA","EDEKA Nüsken, Rossbachstraße 21-23, 44369 Dortmund (공식 전단 기준, 지점별 가격 미확인)","44369","식품","21.09.2026-26.09.2026","Dr. Oetker Die Ofenfrische, Pizza Tradizionale oder La Mia Pinsa","tiefgefroren, versch. Sorten, je 305 g - 435 g Packung, (1 kg = ab € 4.11)","1.79","","","ab € 4.11","https://www.edeka.de/maerkte/072249/angebote/"
"2026-09-20 21:02 Europe/Berlin","EDEKA","EDEKA Nüsken, Rossbachstraße 21-23, 44369 Dortmund (공식 전단 기준, 지점별 가격 미확인)","44369","식품","21.09.2026-26.09.2026","Dr. Oetker Pudding oder Fruchtgrütze","versch. Sorten, je 160 g - 200 g Becher, (1 kg = ab € 4.95)","0.99","0.79","","ab € 4.95","https://www.edeka.de/maerkte/072249/angebote/"
"2026-09-20 21:02 Europe/Berlin","EDEKA","EDEKA Nüsken, Rossbachstraße 21-23, 44369 Dortmund (공식 전단 기준, 지점별 가격 미확인)","44369","식품","21.09.2026-26.09.2026","Dr. Oetker Suprema","tiefgefroren, versch. Sorten, je 475 g - 540 g Packung, (1 kg = ab € 7.39)","3.99","","","ab € 7.39","https://www.edeka.de/maerkte/072249/angebote/"
"2026-09-20 21:02 Europe/Berlin","EDEKA","EDEKA Nüsken, Rossbachstraße 21-23, 44369 Dortmund (공식 전단 기준, 지점별 가격 미확인)","44369","식품","21.09.2026-26.09.2026","Ecuador - GUT & GÜNSTIG - Bananen","1 kg","1.11","","","","https://www.edeka.de/maerkte/072249/angebote/"
"2026-09-20 21:02 Europe/Berlin","EDEKA","EDEKA Nüsken, Rossbachstraße 21-23, 44369 Dortmund (공식 전단 기준, 지점별 가격 미확인)","44369","식품","21.09.2026-26.09.2026","EDEKA - Laktosefreie H-Milch","3,5% / 1,5% Fett, je 1 l Packung","0.89","","","","https://www.edeka.de/maerkte/072249/angebote/"
"2026-09-20 21:02 Europe/Berlin","EDEKA","EDEKA Nüsken, Rossbachstraße 21-23, 44369 Dortmund (공식 전단 기준, 지점별 가격 미확인)","44369","식품","21.09.2026-26.09.2026","EDEKA - Saatenbrot","glutenfrei, 300 g Packung, (1 kg = € 9.30)","2.79","","","9.30","https://www.edeka.de/maerkte/072249/angebote/"
"2026-09-20 21:02 Europe/Berlin","EDEKA","EDEKA Nüsken, Rossbachstraße 21-23, 44369 Dortmund (공식 전단 기준, 지점별 가격 미확인)","44369","식품","21.09.2026-26.09.2026","EDEKA - Supersweet Mais","150 g Dose / 140 g Abtropfg., (1 kg = € 4.93)","0.69","","","4.93","https://www.edeka.de/maerkte/072249/angebote/"
"2026-09-20 21:02 Europe/Berlin","EDEKA","EDEKA Nüsken, Rossbachstraße 21-23, 44369 Dortmund (공식 전단 기준, 지점별 가격 미확인)","44369","식품","21.09.2026-26.09.2026","EDEKA - Tomaten","versch. Sorten, je 390 g Packung, (1 kg = € 2.85)","1.11","","","2.85","https://www.edeka.de/maerkte/072249/angebote/"
"2026-09-20 21:02 Europe/Berlin","EDEKA","EDEKA Nüsken, Rossbachstraße 21-23, 44369 Dortmund (공식 전단 기준, 지점별 가격 미확인)","44369","식품","21.09.2026-26.09.2026","EDEKA - Tortenpfirsiche, Aprikosen oder Williams Christ Birnen","je 225 g Dose / 125 g / 140 g Abtropfg., (1 kg = € 7.92 / € 7.07)","0.99","","","7.92 / € 7.07","https://www.edeka.de/maerkte/072249/angebote/"
"2026-09-20 21:02 Europe/Berlin","EDEKA","EDEKA Nüsken, Rossbachstraße 21-23, 44369 Dortmund (공식 전단 기준, 지점별 가격 미확인)","44369","식품","21.09.2026-26.09.2026","EDEKA Bio - Apfelessig","naturtrüb, 750 ml Flasche, (1 l = € 2.12)","1.59","","","2.12","https://www.edeka.de/maerkte/072249/angebote/"
"2026-09-20 21:02 Europe/Berlin","EDEKA","EDEKA Nüsken, Rossbachstraße 21-23, 44369 Dortmund (공식 전단 기준, 지점별 가격 미확인)","44369","식품","21.09.2026-26.09.2026","EDEKA Bio - Dinkel- oder Dinkelvollkornmehl","je 1 kg Packung","1.29","","","","https://www.edeka.de/maerkte/072249/angebote/"
"2026-09-20 21:02 Europe/Berlin","EDEKA","EDEKA Nüsken, Rossbachstraße 21-23, 44369 Dortmund (공식 전단 기준, 지점별 가격 미확인)","44369","식품","21.09.2026-26.09.2026","EDEKA Bio - Natives Olivenöl extra","aus Griechenland, 500 ml Flasche, (1 l = € 16.98)","8.49","","","16.98","https://www.edeka.de/maerkte/072249/angebote/"
"2026-09-20 21:02 Europe/Berlin","EDEKA","EDEKA Nüsken, Rossbachstraße 21-23, 44369 Dortmund (공식 전단 기준, 지점별 가격 미확인)","44369","음료","21.09.2026-26.09.2026","EDEKA Herzstücke - Saft, Nektar oder Fruchtsaftgetränk","versch. Sorten, je 1 l Flasche zzgl. € 0.25 Pfand","1.11","0.99","","","https://www.edeka.de/maerkte/072249/angebote/"
"2026-09-20 21:02 Europe/Berlin","EDEKA","EDEKA Nüsken, Rossbachstraße 21-23, 44369 Dortmund (공식 전단 기준, 지점별 가격 미확인)","44369","식품","21.09.2026-26.09.2026","Edeka Küche - Tortellini","mit Bolognese- oder Sahnesauce, je 400 g Schale, (1 kg = € 9.98)","3.99","","","9.98","https://www.edeka.de/maerkte/072249/angebote/"
"2026-09-20 21:02 Europe/Berlin","EDEKA","EDEKA Nüsken, Rossbachstraße 21-23, 44369 Dortmund (공식 전단 기준, 지점별 가격 미확인)","44369","식품","21.09.2026-26.09.2026","EDEKA Regional - Herzhafter Wurst-Aufschnitt","versch. Sorten, je 100 g Packung, (1 kg = € 13.90)","1.39","","","13.90","https://www.edeka.de/maerkte/072249/angebote/"
"2026-09-20 21:02 Europe/Berlin","EDEKA","EDEKA Nüsken, Rossbachstraße 21-23, 44369 Dortmund (공식 전단 기준, 지점별 가격 미확인)","44369","식품","21.09.2026-26.09.2026","Emmi Caffè Latte","versch. Sorten, je 230 ml Becher, (1 l = € 6.48)","1.49","1.29","","6.48","https://www.edeka.de/maerkte/072249/angebote/"
"2026-09-20 21:02 Europe/Berlin","EDEKA","EDEKA Nüsken, Rossbachstraße 21-23, 44369 Dortmund (공식 전단 기준, 지점별 가격 미확인)","44369","식품","21.09.2026-26.09.2026","Exquisa Zero Quark-Joghurt-Creme","versch. Sorten, je 400 g Becher, (1 kg = € 3.73)","1.49","","","3.73","https://www.edeka.de/maerkte/072249/angebote/"
"2026-09-20 21:02 Europe/Berlin","EDEKA","EDEKA Nüsken, Rossbachstraße 21-23, 44369 Dortmund (공식 전단 기준, 지점별 가격 미확인)","44369","식품","21.09.2026-26.09.2026","Fleischkäsebrät","roh, zum Backen, 700 g Packung, (1 kg = € 5.70)","3.99","","","5.70","https://www.edeka.de/maerkte/072249/angebote/"
"2026-09-20 21:02 Europe/Berlin","EDEKA","EDEKA Nüsken, Rossbachstraße 21-23, 44369 Dortmund (공식 전단 기준, 지점별 가격 미확인)","44369","음료","21.09.2026-26.09.2026","Frankreich - Brut Dargent","versch. Sorten, je 0,75 l Flasche, (1 l = € 7.99)","5.99","","","7.99","https://www.edeka.de/maerkte/072249/angebote/"
"2026-09-20 21:02 Europe/Berlin","EDEKA","EDEKA Nüsken, Rossbachstraße 21-23, 44369 Dortmund (공식 전단 기준, 지점별 가격 미확인)","44369","주류","21.09.2026-26.09.2026","Frankreich / Deutschland - Bree Weine","versch. Sorten auch Alkoholfrei im Angebot, je 0,75 l Flasche, (1 l = € 3.99)","2.99","2.79","","3.99","https://www.edeka.de/maerkte/072249/angebote/"
"2026-09-20 21:02 Europe/Berlin","EDEKA","EDEKA Nüsken, Rossbachstraße 21-23, 44369 Dortmund (공식 전단 기준, 지점별 가격 미확인)","44369","음료","21.09.2026-26.09.2026","Franziskaner Hefeweissbier","Alkoholfrei oder Hell, je Kasten = 11 x 0,5 l zzgl. € 2.38 Pfand, (1 l = € 1.63)","8.99","","","1.63","https://www.edeka.de/maerkte/072249/angebote/"
"2026-09-20 21:02 Europe/Berlin","EDEKA","EDEKA Nüsken, Rossbachstraße 21-23, 44369 Dortmund (공식 전단 기준, 지점별 가격 미확인)","44369","식품","21.09.2026-26.09.2026","Frische Bratwurst","vom Schwein, nach „Fränkischer Art“ gewürzt, zum Braten, 300 g Packung, (1 kg = € 9.97)","2.99","","","9.97","https://www.edeka.de/maerkte/072249/angebote/"
"2026-09-20 21:02 Europe/Berlin","EDEKA","EDEKA Nüsken, Rossbachstraße 21-23, 44369 Dortmund (공식 전단 기준, 지점별 가격 미확인)","44369","식품","21.09.2026-26.09.2026","Frische Dicke Schweinerippe","ideal zum Braten, je 1 kg","5.99","","","","https://www.edeka.de/maerkte/072249/angebote/"
"2026-09-20 21:02 Europe/Berlin","EDEKA","EDEKA Nüsken, Rossbachstraße 21-23, 44369 Dortmund (공식 전단 기준, 지점별 가격 미확인)","44369","식품","21.09.2026-26.09.2026","Frische Hähnchenflügel","Handelsklasse A, je 1 kg","4.44","","","","https://www.edeka.de/maerkte/072249/angebote/"
"2026-09-20 21:02 Europe/Berlin","EDEKA","EDEKA Nüsken, Rossbachstraße 21-23, 44369 Dortmund (공식 전단 기준, 지점별 가격 미확인)","44369","식품","21.09.2026-26.09.2026","Frische Lummerkoteletts","zart und mager, je 1 kg","6.49","","","","https://www.edeka.de/maerkte/072249/angebote/"
"2026-09-20 21:02 Europe/Berlin","EDEKA","EDEKA Nüsken, Rossbachstraße 21-23, 44369 Dortmund (공식 전단 기준, 지점별 가격 미확인)","44369","식품","21.09.2026-26.09.2026","Frische Putenschnitzel oder frisches Putengulasch","aus der Brust geschnitten, besonders mager, für den kalorienbewussten Genuss, je 100 g","1.29","","","","https://www.edeka.de/maerkte/072249/angebote/"
"2026-09-20 21:02 Europe/Berlin","EDEKA","EDEKA Nüsken, Rossbachstraße 21-23, 44369 Dortmund (공식 전단 기준, 지점별 가격 미확인)","44369","식품","21.09.2026-26.09.2026","Frische Schweine-Schwänzchen oder -Pfötchen","ideal für den Eintopf, je 1 kg","2.00","","","","https://www.edeka.de/maerkte/072249/angebote/"
"2026-09-20 21:02 Europe/Berlin","EDEKA","EDEKA Nüsken, Rossbachstraße 21-23, 44369 Dortmund (공식 전단 기준, 지점별 가격 미확인)","44369","식품","21.09.2026-26.09.2026","Frische Schweineleber oder Schweinenieren","je 1 kg","2.50","","","","https://www.edeka.de/maerkte/072249/angebote/"
"2026-09-20 21:02 Europe/Berlin","EDEKA","EDEKA Nüsken, Rossbachstraße 21-23, 44369 Dortmund (공식 전단 기준, 지점별 가격 미확인)","44369","식품","21.09.2026-26.09.2026","Frische Stielkoteletts","das schnelle Pfannengericht, je 1 kg","5.99","","","","https://www.edeka.de/maerkte/072249/angebote/"
"2026-09-20 21:02 Europe/Berlin","EDEKA","EDEKA Nüsken, Rossbachstraße 21-23, 44369 Dortmund (공식 전단 기준, 지점별 가격 미확인)","44369","식품","21.09.2026-26.09.2026","Frischer Schweinebauch","am Stück, mit Knochenanteil, je 1 kg","5.99","","","","https://www.edeka.de/maerkte/072249/angebote/"
"2026-09-20 21:02 Europe/Berlin","EDEKA","EDEKA Nüsken, Rossbachstraße 21-23, 44369 Dortmund (공식 전단 기준, 지점별 가격 미확인)","44369","식품","21.09.2026-26.09.2026","Frischer Schweineschulterbraten","wie gewachsen, saftig, rustikal, je 1 kg","4.99","","","","https://www.edeka.de/maerkte/072249/angebote/"
"2026-09-20 21:02 Europe/Berlin","EDEKA","EDEKA Nüsken, Rossbachstraße 21-23, 44369 Dortmund (공식 전단 기준, 지점별 가격 미확인)","44369","식품","21.09.2026-26.09.2026","Frisches ganzes Schweinefilet","das beste Stück vom Schwein, besonders zart, je 100 g","1.11","","","","https://www.edeka.de/maerkte/072249/angebote/"
"2026-09-20 21:02 Europe/Berlin","EDEKA","EDEKA Nüsken, Rossbachstraße 21-23, 44369 Dortmund (공식 전단 기준, 지점별 가격 미확인)","44369","식품","21.09.2026-26.09.2026","Frisches Hähnchenbrustfilet","für den kalorienbewussten Genuss, Handelsklasse A, je 100 g","0.99","","","","https://www.edeka.de/maerkte/072249/angebote/"
"2026-09-20 21:02 Europe/Berlin","EDEKA","EDEKA Nüsken, Rossbachstraße 21-23, 44369 Dortmund (공식 전단 기준, 지점별 가격 미확인)","44369","식품","21.09.2026-26.09.2026","Frisches Rinderhackfleisch","vielseitig verwendbar, je 100 g","1.49","","","","https://www.edeka.de/maerkte/072249/angebote/"
"2026-09-20 21:02 Europe/Berlin","EDEKA","EDEKA Nüsken, Rossbachstraße 21-23, 44369 Dortmund (공식 전단 기준, 지점별 가격 미확인)","44369","식품","21.09.2026-26.09.2026","Frisches Schweinemett","pikant gewürzt, je 1 kg","6.99","","","","https://www.edeka.de/maerkte/072249/angebote/"
"2026-09-20 21:02 Europe/Berlin","EDEKA","EDEKA Nüsken, Rossbachstraße 21-23, 44369 Dortmund (공식 전단 기준, 지점별 가격 미확인)","44369","식품","21.09.2026-26.09.2026","Frischwurst-Aufschnitt","versch. Sorten, je 100 g","1.19","","","","https://www.edeka.de/maerkte/072249/angebote/"
"2026-09-20 21:02 Europe/Berlin","EDEKA","EDEKA Nüsken, Rossbachstraße 21-23, 44369 Dortmund (공식 전단 기준, 지점별 가격 미확인)","44369","식품","21.09.2026-26.09.2026","Frozen Ice Dessert","tiefgefroren, versch. Sorten, je 75 g Packung, (1 kg = € 26.53)","1.99","","","26.53","https://www.edeka.de/maerkte/072249/angebote/"
"2026-09-20 21:02 Europe/Berlin","EDEKA","EDEKA Nüsken, Rossbachstraße 21-23, 44369 Dortmund (공식 전단 기준, 지점별 가격 미확인)","44369","식품","21.09.2026-26.09.2026","funny-frisch Ofen- oder Intense-Chips","versch. Sorten, je 115 g / 110 g Beutel, (1 kg = € 12.96 / € 13.55)","1.49","1.11","","12.96 / € 13.55","https://www.edeka.de/maerkte/072249/angebote/"
"2026-09-20 21:02 Europe/Berlin","EDEKA","EDEKA Nüsken, Rossbachstraße 21-23, 44369 Dortmund (공식 전단 기준, 지점별 가격 미확인)","44369","식품","21.09.2026-26.09.2026","glycklich Eis","versch. Sorten, je 500 ml Becher, (1 l = € 7.98)","3.99","","","7.98","https://www.edeka.de/maerkte/072249/angebote/"
"2026-09-20 21:02 Europe/Berlin","EDEKA","EDEKA Nüsken, Rossbachstraße 21-23, 44369 Dortmund (공식 전단 기준, 지점별 가격 미확인)","44369","식품","21.09.2026-26.09.2026","Gourmet Sauerkraut","400 g Beutel / 375 g Abtropfg., (1 kg = € 2.64)","0.99","","","2.64","https://www.edeka.de/maerkte/072249/angebote/"
"2026-09-20 21:02 Europe/Berlin","EDEKA","EDEKA Nüsken, Rossbachstraße 21-23, 44369 Dortmund (공식 전단 기준, 지점별 가격 미확인)","44369","식품","21.09.2026-26.09.2026","Griesson Soft Cake","versch. Sorten, je 300 g Packung, (1 kg = € 6.63)","1.99","1.79","","6.63","https://www.edeka.de/maerkte/072249/angebote/"
"2026-09-20 21:02 Europe/Berlin","EDEKA","EDEKA Nüsken, Rossbachstraße 21-23, 44369 Dortmund (공식 전단 기준, 지점별 가격 미확인)","44369","식품","21.09.2026-26.09.2026","GUT & GÜNSTIG - Eierspätzle","500 g Packung, (1 kg = € 2.78)","1.39","","","2.78","https://www.edeka.de/maerkte/072249/angebote/"
"2026-09-20 21:02 Europe/Berlin","EDEKA","EDEKA Nüsken, Rossbachstraße 21-23, 44369 Dortmund (공식 전단 기준, 지점별 가격 미확인)","44369","식품","21.09.2026-26.09.2026","GUT & GÜNSTIG - Haferflocken","extra zart oder kernig, je 500 g Packung, (1 kg = € 1.38)","0.69","","","1.38","https://www.edeka.de/maerkte/072249/angebote/"
"2026-09-20 21:02 Europe/Berlin","EDEKA","EDEKA Nüsken, Rossbachstraße 21-23, 44369 Dortmund (공식 전단 기준, 지점별 가격 미확인)","44369","식품","21.09.2026-26.09.2026","GUT & GÜNSTIG - Hähnchengeschnetzeltes","400 g Packung, (1 kg = € 12.48)","4.99","","","12.48","https://www.edeka.de/maerkte/072249/angebote/"
"2026-09-20 21:02 Europe/Berlin","EDEKA","EDEKA Nüsken, Rossbachstraße 21-23, 44369 Dortmund (공식 전단 기준, 지점별 가격 미확인)","44369","식품","21.09.2026-26.09.2026","GUT & GÜNSTIG - Hähnchenminutenschnitzel","400 g Packung, (1 kg = € 12.48)","4.99","","","12.48","https://www.edeka.de/maerkte/072249/angebote/"
"2026-09-20 21:02 Europe/Berlin","EDEKA","EDEKA Nüsken, Rossbachstraße 21-23, 44369 Dortmund (공식 전단 기준, 지점별 가격 미확인)","44369","식품","21.09.2026-26.09.2026","GUT & GÜNSTIG - Mozzarella","45% Fett i. Tr., 200 g Beutel / 125 g Abtropfg., (1 kg = € 6.80)","0.85","","","6.80","https://www.edeka.de/maerkte/072249/angebote/"
"2026-09-20 21:02 Europe/Berlin","EDEKA","EDEKA Nüsken, Rossbachstraße 21-23, 44369 Dortmund (공식 전단 기준, 지점별 가격 미확인)","44369","식품","21.09.2026-26.09.2026","GUT & GÜNSTIG - Norwegische Lachsfilets","tiefgefroren, 2 x 125 g = 250 g Packung, (1 kg = € 19.96)","4.99","","","19.96","https://www.edeka.de/maerkte/072249/angebote/"
"2026-09-20 21:02 Europe/Berlin","EDEKA","EDEKA Nüsken, Rossbachstraße 21-23, 44369 Dortmund (공식 전단 기준, 지점별 가격 미확인)","44369","식품","21.09.2026-26.09.2026","GUT & GÜNSTIG - Pasta","versch. Sorten, je 500 g Packung, (1 kg = € 1.18)","0.59","","","1.18","https://www.edeka.de/maerkte/072249/angebote/"
"2026-09-20 21:02 Europe/Berlin","EDEKA","EDEKA Nüsken, Rossbachstraße 21-23, 44369 Dortmund (공식 전단 기준, 지점별 가격 미확인)","44369","식품","21.09.2026-26.09.2026","GUT & GÜNSTIG - Skyr Natur","500 g Becher, (1 kg = € 2.58)","1.29","","","2.58","https://www.edeka.de/maerkte/072249/angebote/"
"2026-09-20 21:02 Europe/Berlin","EDEKA","EDEKA Nüsken, Rossbachstraße 21-23, 44369 Dortmund (공식 전단 기준, 지점별 가격 미확인)","44369","식품","21.09.2026-26.09.2026","GUT & GÜNSTIG - Wiener Würstchen","20 x 50 g = 1 kg Packung","6.79","","","","https://www.edeka.de/maerkte/072249/angebote/"
"2026-09-20 21:02 Europe/Berlin","EDEKA","EDEKA Nüsken, Rossbachstraße 21-23, 44369 Dortmund (공식 전단 기준, 지점별 가격 미확인)","44369","식품","21.09.2026-26.09.2026","GUT&GÜNSTIG - Frischkäse","Pur oder Kräuter, Doppelrahmstufe, je 300 g Becher, (1 kg = € 5.30)","1.59","","","5.30","https://www.edeka.de/maerkte/072249/angebote/"
"2026-09-20 21:02 Europe/Berlin","EDEKA","EDEKA Nüsken, Rossbachstraße 21-23, 44369 Dortmund (공식 전단 기준, 지점별 가격 미확인)","44369","식품","21.09.2026-26.09.2026","Häagen-Dazs Eiscreme","versch. Sorten auch Häagen Dazs Classic Collect 4 x 95 ml im Angebot, je 460 ml / 420 ml Becher, (1 l = € 8.67 / € 9.50)","3.99","3.49","","8.67 / € 9.50","https://www.edeka.de/maerkte/072249/angebote/"
"2026-09-20 21:02 Europe/Berlin","EDEKA","EDEKA Nüsken, Rossbachstraße 21-23, 44369 Dortmund (공식 전단 기준, 지점별 가격 미확인)","44369","식품","21.09.2026-26.09.2026","Haribo Fruchtgummi oder Lakritz","versch. Sorten, je 125 g - 175 g Beutel, (1 kg = ab € 4.51)","0.79","","","ab € 4.51","https://www.edeka.de/maerkte/072249/angebote/"
"2026-09-20 21:02 Europe/Berlin","EDEKA","EDEKA Nüsken, Rossbachstraße 21-23, 44369 Dortmund (공식 전단 기준, 지점별 가격 미확인)","44369","음료","21.09.2026-26.09.2026","Havana Club","Original, Especial oder Mango Lime, 37,5% / 30% Vol., je 0,7 l Flasche, (1 l = € 15.70)","10.99","9.99","","15.70","https://www.edeka.de/maerkte/072249/angebote/"
"2026-09-20 21:02 Europe/Berlin","EDEKA","EDEKA Nüsken, Rossbachstraße 21-23, 44369 Dortmund (공식 전단 기준, 지점별 가격 미확인)","44369","식품","21.09.2026-26.09.2026","Heinz Saucen","versch. Sorten, je 220 ml Kopfstehflasche, (1 l = € 9.05)","1.99","","","9.05","https://www.edeka.de/maerkte/072249/angebote/"
"2026-09-20 21:02 Europe/Berlin","EDEKA","EDEKA Nüsken, Rossbachstraße 21-23, 44369 Dortmund (공식 전단 기준, 지점별 가격 미확인)","44369","식품","21.09.2026-26.09.2026","Heinz Tomato Ketchup oder Mayonnaise","je 800 ml Kopfstehflasche, (1 l = € 4.11)","3.29","","","4.11","https://www.edeka.de/maerkte/072249/angebote/"
"2026-09-20 21:02 Europe/Berlin","EDEKA","EDEKA Nüsken, Rossbachstraße 21-23, 44369 Dortmund (공식 전단 기준, 지점별 가격 미확인)","44369","식품","21.09.2026-26.09.2026","Hengstenberg Knax oder Sticksi","versch. Sorten, je 670 g Glas / 360 g Abtropfg., (1 kg = € 4.97)","1.79","1.59","","4.97","https://www.edeka.de/maerkte/072249/angebote/"
"2026-09-20 21:02 Europe/Berlin","EDEKA","EDEKA Nüsken, Rossbachstraße 21-23, 44369 Dortmund (공식 전단 기준, 지점별 가격 미확인)","44369","식품","21.09.2026-26.09.2026","Homann Saucen","versch. Sorten, je 400 ml Glas, (1 l = € 3.73)","1.49","1.29","","3.73","https://www.edeka.de/maerkte/072249/angebote/"
"2026-09-20 21:02 Europe/Berlin","EDEKA","EDEKA Nüsken, Rossbachstraße 21-23, 44369 Dortmund (공식 전단 기준, 지점별 가격 미확인)","44369","식품","21.09.2026-26.09.2026","Houdek - Kabanos","versch. Sorten, je 150 g Packung, (1 kg = € 13.27)","1.99","","","13.27","https://www.edeka.de/maerkte/072249/angebote/"
"2026-09-20 21:02 Europe/Berlin","EDEKA","EDEKA Nüsken, Rossbachstraße 21-23, 44369 Dortmund (공식 전단 기준, 지점별 가격 미확인)","44369","식품","21.09.2026-26.09.2026","iglo Gemüse-Ideen oder Rahm-Gemüse","tiefgefroren, versch. Sorten, je 400 g - 500 g Packung, (1 kg = ab € 4.78)","2.39","","","ab € 4.78","https://www.edeka.de/maerkte/072249/angebote/"
"2026-09-20 21:02 Europe/Berlin","EDEKA","EDEKA Nüsken, Rossbachstraße 21-23, 44369 Dortmund (공식 전단 기준, 지점별 가격 미확인)","44369","식품","21.09.2026-26.09.2026","Italien - GUT & GÜNSTIG - Tafeltrauben","hell, kernlos, Klasse I, 500 g Packung, (1 kg = € 2.00)","1.00","","","2.00","https://www.edeka.de/maerkte/072249/angebote/"
"2026-09-20 21:02 Europe/Berlin","EDEKA","EDEKA Nüsken, Rossbachstraße 21-23, 44369 Dortmund (공식 전단 기준, 지점별 가격 미확인)","44369","식품","21.09.2026-26.09.2026","Jacobs Instantkaffee","versch. Sorten, je 36 g - 124 g Packung, (1 kg = ab € 20.08)","2.49","","","ab € 20.08","https://www.edeka.de/maerkte/072249/angebote/"
"2026-09-20 21:02 Europe/Berlin","EDEKA","EDEKA Nüsken, Rossbachstraße 21-23, 44369 Dortmund (공식 전단 기준, 지점별 가격 미확인)","44369","식품","21.09.2026-26.09.2026","Jacobs Krönung","vakuumverpackt, versch. Sorten auch Café Hag klassisch mild entkoffeiniert im Angebot, je 500 g Packung, (1 kg = € 12.98)","6.49","5.99","","12.98","https://www.edeka.de/maerkte/072249/angebote/"
"2026-09-20 21:02 Europe/Berlin","EDEKA","EDEKA Nüsken, Rossbachstraße 21-23, 44369 Dortmund (공식 전단 기준, 지점별 가격 미확인)","44369","식품","21.09.2026-26.09.2026","Kasseler-Nacken","ohne Knochen, goldgelb geräuchert, je 1 kg","7.99","","","","https://www.edeka.de/maerkte/072249/angebote/"
"2026-09-20 21:02 Europe/Berlin","EDEKA","EDEKA Nüsken, Rossbachstraße 21-23, 44369 Dortmund (공식 전단 기준, 지점별 가격 미확인)","44369","식품","21.09.2026-26.09.2026","Kerrygold Original irische Butter oder Kerrygold extra","gesalzen oder ungesalzen, versch. Sorten, je 250 g / 200 g Packung / Becher, (1 kg = € 6.36 / € 7.95)","1.59","1.49","","6.36 / € 7.95","https://www.edeka.de/maerkte/072249/angebote/"
"2026-09-20 21:02 Europe/Berlin","EDEKA","EDEKA Nüsken, Rossbachstraße 21-23, 44369 Dortmund (공식 전단 기준, 지점별 가격 미확인)","44369","식품","21.09.2026-26.09.2026","Kikok - Das ganz besondere Maishähnchen","Handelsklasse A, je 1 kg","8.99","","","","https://www.edeka.de/maerkte/072249/angebote/"
"2026-09-20 21:02 Europe/Berlin","EDEKA","EDEKA Nüsken, Rossbachstraße 21-23, 44369 Dortmund (공식 전단 기준, 지점별 가격 미확인)","44369","식품","21.09.2026-26.09.2026","Knorr Feinschmecker Suppe oder Sauce","versch. Sorten, je 32 g - 70 g Beutel, (1 kg = ab € 11.29)","0.79","","","ab € 11.29","https://www.edeka.de/maerkte/072249/angebote/"
"2026-09-20 21:02 Europe/Berlin","EDEKA","EDEKA Nüsken, Rossbachstraße 21-23, 44369 Dortmund (공식 전단 기준, 지점별 가격 미확인)","44369","식품","21.09.2026-26.09.2026","Kölln Müsli","versch. Sorten auch Kölln Granola versch. Sorten 350 g im Angebot, je 380 g - 600 g Packung, (1 kg = ab € 4.15)","2.49","","","ab € 4.15","https://www.edeka.de/maerkte/072249/angebote/"
"2026-09-20 21:02 Europe/Berlin","EDEKA","EDEKA Nüsken, Rossbachstraße 21-23, 44369 Dortmund (공식 전단 기준, 지점별 가격 미확인)","44369","주류","21.09.2026-26.09.2026","König Pilsener","versch. Sorten, je Kasten = 20 x 0,5 l / 24 x 0,33 l zzgl. € 3.10 / € 3.42 Pfand, (1 l = € 1.20 / € 1.51)","11.99","","","1.20 / € 1.51","https://www.edeka.de/maerkte/072249/angebote/"
"2026-09-20 21:02 Europe/Berlin","EDEKA","EDEKA Nüsken, Rossbachstraße 21-23, 44369 Dortmund (공식 전단 기준, 지점별 가격 미확인)","44369","음료","21.09.2026-26.09.2026","Krombacher Spezi","Original oder Zero, koffeinhaltig, je Kasten = 20 x 0,5 l zzgl. € 3.10 Pfand, (1 l = € 1.30)","12.99","","","1.30","https://www.edeka.de/maerkte/072249/angebote/"
"2026-09-20 21:02 Europe/Berlin","EDEKA","EDEKA Nüsken, Rossbachstraße 21-23, 44369 Dortmund (공식 전단 기준, 지점별 가격 미확인)","44369","식품","21.09.2026-26.09.2026","Krone Meine Lieblinge Lachs","versch. Sorten, je 80 g - 100 g Packung, (1 kg = ab € 32.90)","3.29","","","ab € 32.90","https://www.edeka.de/maerkte/072249/angebote/"
"2026-09-20 21:02 Europe/Berlin","EDEKA","EDEKA Nüsken, Rossbachstraße 21-23, 44369 Dortmund (공식 전단 기준, 지점별 가격 미확인)","44369","식품","21.09.2026-26.09.2026","Krüger Family Cappuccino","versch. Sorten, je 500 g Nachfüllbeutel, (1 kg = € 7.60)","3.80","","","7.60","https://www.edeka.de/maerkte/072249/angebote/"
"2026-09-20 21:02 Europe/Berlin","EDEKA","EDEKA Nüsken, Rossbachstraße 21-23, 44369 Dortmund (공식 전단 기준, 지점별 가격 미확인)","44369","식품","21.09.2026-26.09.2026","Landliebe Joghurt","versch. Sorten, 3,8% / 10% Fett, je 500 g Glas zzgl. € 0.15 Pfand, (1 kg = € 2.22)","1.11","","","2.22","https://www.edeka.de/maerkte/072249/angebote/"
"2026-09-20 21:02 Europe/Berlin","EDEKA","EDEKA Nüsken, Rossbachstraße 21-23, 44369 Dortmund (공식 전단 기준, 지점별 가격 미확인)","44369","식품","21.09.2026-26.09.2026","Le Grand Rustique oder Saint André","französischer Weichkäse oder Weinbergkäse, 45% / 75% Fett i. Tr., je 100 g am Stück","1.99","","","","https://www.edeka.de/maerkte/072249/angebote/"
"2026-09-20 21:02 Europe/Berlin","EDEKA","EDEKA Nüsken, Rossbachstraße 21-23, 44369 Dortmund (공식 전단 기준, 지점별 가격 미확인)","44369","식품","21.09.2026-26.09.2026","Leibniz Zoo Mini Kekse","versch. Sorten, je 125 g Beutel, (1 kg = € 11.92)","1.49","","","11.92","https://www.edeka.de/maerkte/072249/angebote/"
"2026-09-20 21:02 Europe/Berlin","EDEKA","EDEKA Nüsken, Rossbachstraße 21-23, 44369 Dortmund (공식 전단 기준, 지점별 가격 미확인)","44369","식품","21.09.2026-26.09.2026","Loose Quäse oder Harzbube Handkäse","versch. Sorten und Fettstufen auch Hausmacher Handkäse 200 g im Angebot, je 220 g / 200 g Packung, (1 kg = € 11.32 / € 12.45)","2.49","","","11.32 / € 12.45","https://www.edeka.de/maerkte/072249/angebote/"
"2026-09-20 21:02 Europe/Berlin","EDEKA","EDEKA Nüsken, Rossbachstraße 21-23, 44369 Dortmund (공식 전단 기준, 지점별 가격 미확인)","44369","식품","21.09.2026-26.09.2026","Lorenz Crunchips oder Nic Nacs","versch. Sorten, je 110 g - 150 g Beutel, (1 kg = ab € 6.60)","0.99","","","ab € 6.60","https://www.edeka.de/maerkte/072249/angebote/"
"2026-09-20 21:02 Europe/Berlin","EDEKA","EDEKA Nüsken, Rossbachstraße 21-23, 44369 Dortmund (공식 전단 기준, 지점별 가격 미확인)","44369","식품","21.09.2026-26.09.2026","Marktkaas Noord Holland Gouda","holländischer Schnittkäse, jung oder mittelalt, 48% Fett i. Tr., je 100 g am Stück","1.11","","","","https://www.edeka.de/maerkte/072249/angebote/"
"2026-09-20 21:02 Europe/Berlin","EDEKA","EDEKA Nüsken, Rossbachstraße 21-23, 44369 Dortmund (공식 전단 기준, 지점별 가격 미확인)","44369","식품","21.09.2026-26.09.2026","Maryland Snack Nüsse oder Studentenfutter","versch. Sorten, je 250 g - 300 g Dose, (1 kg = ab € 9.97)","2.99","","","ab € 9.97","https://www.edeka.de/maerkte/072249/angebote/"
"2026-09-20 21:02 Europe/Berlin","EDEKA","EDEKA Nüsken, Rossbachstraße 21-23, 44369 Dortmund (공식 전단 기준, 지점별 가격 미확인)","44369","식품","21.09.2026-26.09.2026","McCain Golden Longs","tiefgefroren, extra knusprig, 1000 g Beutel","2.99","","","","https://www.edeka.de/maerkte/072249/angebote/"
"2026-09-20 21:02 Europe/Berlin","EDEKA","EDEKA Nüsken, Rossbachstraße 21-23, 44369 Dortmund (공식 전단 기준, 지점별 가격 미확인)","44369","식품","21.09.2026-26.09.2026","Meica Wiener oder Frankfurter Art","extra knackig, je 6 Stück = 540 g Glas / 250 g Abtropfg., (1 kg = € 13.96)","3.49","2.99","","13.96","https://www.edeka.de/maerkte/072249/angebote/"
"2026-09-20 21:02 Europe/Berlin","EDEKA","EDEKA Nüsken, Rossbachstraße 21-23, 44369 Dortmund (공식 전단 기준, 지점별 가격 미확인)","44369","식품","21.09.2026-26.09.2026","Melitta Barista Classic","Crema oder Crema Forte, ganze Bohnen, je 1 kg Beutel","12.99","11.99","","","https://www.edeka.de/maerkte/072249/angebote/"
"2026-09-20 21:02 Europe/Berlin","EDEKA","EDEKA Nüsken, Rossbachstraße 21-23, 44369 Dortmund (공식 전단 기준, 지점별 가격 미확인)","44369","식품","21.09.2026-26.09.2026","Mettenden","geräuchert, 300 g Packung, (1 kg = € 9.30)","2.79","","","9.30","https://www.edeka.de/maerkte/072249/angebote/"
"2026-09-20 21:02 Europe/Berlin","EDEKA","EDEKA Nüsken, Rossbachstraße 21-23, 44369 Dortmund (공식 전단 기준, 지점별 가격 미확인)","44369","식품","21.09.2026-26.09.2026","Milka Haselnusscreme","350 g Glas, (1 kg = € 8.54)","2.99","","","8.54","https://www.edeka.de/maerkte/072249/angebote/"
"2026-09-20 21:02 Europe/Berlin","EDEKA","EDEKA Nüsken, Rossbachstraße 21-23, 44369 Dortmund (공식 전단 기준, 지점별 가격 미확인)","44369","식품","21.09.2026-26.09.2026","Milram Schnittkäse","versch. Sorten und Fettstufen, je 100 g am Stück","0.99","","","","https://www.edeka.de/maerkte/072249/angebote/"
"2026-09-20 21:02 Europe/Berlin","EDEKA","EDEKA Nüsken, Rossbachstraße 21-23, 44369 Dortmund (공식 전단 기준, 지점별 가격 미확인)","44369","식품","21.09.2026-26.09.2026","Mirácoli Spaghetti Klassiker","376,2 g Packung, (1 kg = € 5.29)","1.99","","","5.29","https://www.edeka.de/maerkte/072249/angebote/"
"2026-09-20 21:02 Europe/Berlin","EDEKA","EDEKA Nüsken, Rossbachstraße 21-23, 44369 Dortmund (공식 전단 기준, 지점별 가격 미확인)","44369","식품","21.09.2026-26.09.2026","müller Joghurt mit der Ecke","je 113 g - 150 g Becher, (1 kg = ab € 2.60)","0.39","","","ab € 2.60","https://www.edeka.de/maerkte/072249/angebote/"
"2026-09-20 21:02 Europe/Berlin","EDEKA","EDEKA Nüsken, Rossbachstraße 21-23, 44369 Dortmund (공식 전단 기준, 지점별 가격 미확인)","44369","식품","21.09.2026-26.09.2026","Nackenkotelett","vom Schwein, mit Knochen, zum Braten, 700 g Packung, (1 kg = € 8.56)","5.99","","","8.56","https://www.edeka.de/maerkte/072249/angebote/"
"2026-09-20 21:02 Europe/Berlin","EDEKA","EDEKA Nüsken, Rossbachstraße 21-23, 44369 Dortmund (공식 전단 기준, 지점별 가격 미확인)","44369","식품","21.09.2026-26.09.2026","Nescafé Classic oder Classic Mild","je 200 g Glas, (1 kg = € 32.45)","6.49","","","32.45","https://www.edeka.de/maerkte/072249/angebote/"
"2026-09-20 21:02 Europe/Berlin","EDEKA","EDEKA Nüsken, Rossbachstraße 21-23, 44369 Dortmund (공식 전단 기준, 지점별 가격 미확인)","44369","식품","21.09.2026-26.09.2026","Neuseeland - Kiwis","Stück","0.59","","","","https://www.edeka.de/maerkte/072249/angebote/"
"2026-09-20 21:02 Europe/Berlin","EDEKA","EDEKA Nüsken, Rossbachstraße 21-23, 44369 Dortmund (공식 전단 기준, 지점별 가격 미확인)","44369","식품","21.09.2026-26.09.2026","Neuseeland - Zespri - Kiwis Gold","„Jumbo"", Klasse I, Stück","1.00","","","","https://www.edeka.de/maerkte/072249/angebote/"
"2026-09-20 21:02 Europe/Berlin","EDEKA","EDEKA Nüsken, Rossbachstraße 21-23, 44369 Dortmund (공식 전단 기준, 지점별 가격 미확인)","44369","식품","21.09.2026-26.09.2026","Niederlande - GUT & GÜNSTIG - Paprika","rot, Klasse I, 500 g Packung, (1 kg = € 2.98)","1.49","","","2.98","https://www.edeka.de/maerkte/072249/angebote/"
"2026-09-20 21:02 Europe/Berlin","EDEKA","EDEKA Nüsken, Rossbachstraße 21-23, 44369 Dortmund (공식 전단 기준, 지점별 가격 미확인)","44369","식품","21.09.2026-26.09.2026","Nuii, Daim, Milka, Lotus Biscoff oder Oreo Eis","versch. Sorten, je 200 ml - 440 ml Multipackung, (1 l = ab € 5.20)","2.29","","","ab € 5.20","https://www.edeka.de/maerkte/072249/angebote/"
"2026-09-20 21:02 Europe/Berlin","EDEKA","EDEKA Nüsken, Rossbachstraße 21-23, 44369 Dortmund (공식 전단 기준, 지점별 가격 미확인)","44369","식품","21.09.2026-26.09.2026","Oreo","versch. Sorten, je 157 g / 154 g Packung, (1 kg = € 9.49 / € 9.68)","1.49","","","9.49 / € 9.68","https://www.edeka.de/maerkte/072249/angebote/"
"2026-09-20 21:02 Europe/Berlin","EDEKA","EDEKA Nüsken, Rossbachstraße 21-23, 44369 Dortmund (공식 전단 기준, 지점별 가격 미확인)","44369","식품","21.09.2026-26.09.2026","Papa Joe’s Sauce","versch. Sorten, je 300 ml Kopfstehflasche, (1 l = € 4.97)","1.49","","","4.97","https://www.edeka.de/maerkte/072249/angebote/"
"2026-09-20 21:02 Europe/Berlin","EDEKA","EDEKA Nüsken, Rossbachstraße 21-23, 44369 Dortmund (공식 전단 기준, 지점별 가격 미확인)","44369","음료","21.09.2026-26.09.2026","Paulaner Spezi oder Limo","versch. Sorten, koffeinhaltig, je 0,33 l Dose zzgl. € 0.25 Pfand, (1 l = € 2.09)","0.69","","","2.09","https://www.edeka.de/maerkte/072249/angebote/"
"2026-09-20 21:02 Europe/Berlin","EDEKA","EDEKA Nüsken, Rossbachstraße 21-23, 44369 Dortmund (공식 전단 기준, 지점별 가격 미확인)","44369","식품","21.09.2026-26.09.2026","Peanut & Schoko","Dragierte Erdnüsse, bunt, 250 g Beutel, (1 kg = € 7.40)","1.85","","","7.40","https://www.edeka.de/maerkte/072249/angebote/"
"2026-09-20 21:02 Europe/Berlin","EDEKA","EDEKA Nüsken, Rossbachstraße 21-23, 44369 Dortmund (공식 전단 기준, 지점별 가격 미확인)","44369","음료","21.09.2026-26.09.2026","Pepsi Cola oder Schwip Schwap","versch. Sorten, koffeinhaltig, je 0,33 l Dose zzgl. € 0.25 Pfand, (1 l = € 2.09)","0.69","","","2.09","https://www.edeka.de/maerkte/072249/angebote/"
"2026-09-20 21:02 Europe/Berlin","EDEKA","EDEKA Nüsken, Rossbachstraße 21-23, 44369 Dortmund (공식 전단 기준, 지점별 가격 미확인)","44369","식품","21.09.2026-26.09.2026","Peru - Avocados","„Hass"", Klasse I, Stück","1.11","","","","https://www.edeka.de/maerkte/072249/angebote/"
"2026-09-20 21:02 Europe/Berlin","EDEKA","EDEKA Nüsken, Rossbachstraße 21-23, 44369 Dortmund (공식 전단 기준, 지점별 가격 미확인)","44369","식품","21.09.2026-26.09.2026","Peru - Driscolls - Kulturheidelbeeren","Klasse I, 125 g Schale, (1 kg = € 11.92)","1.49","","","11.92","https://www.edeka.de/maerkte/072249/angebote/"
"2026-09-20 21:02 Europe/Berlin","EDEKA","EDEKA Nüsken, Rossbachstraße 21-23, 44369 Dortmund (공식 전단 기준, 지점별 가격 미확인)","44369","식품","21.09.2026-26.09.2026","Philadelphia Frischkäse","versch. Sorten auch Philadelphia Natur 6 x 16,67 g Packung im Angebot, je 150 g - 195 g Becher, (1 kg = ab € 5.69)","1.11","0.99","","ab € 5.69","https://www.edeka.de/maerkte/072249/angebote/"
"2026-09-20 21:02 Europe/Berlin","EDEKA","EDEKA Nüsken, Rossbachstraße 21-23, 44369 Dortmund (공식 전단 기준, 지점별 가격 미확인)","44369","식품","21.09.2026-26.09.2026","Portugal - Kiwi-Beeren","125 g Schale, (1 kg = € 15.92)","1.99","","","15.92","https://www.edeka.de/maerkte/072249/angebote/"
"2026-09-20 21:02 Europe/Berlin","EDEKA","EDEKA Nüsken, Rossbachstraße 21-23, 44369 Dortmund (공식 전단 기준, 지점별 가격 미확인)","44369","주류","21.09.2026-26.09.2026","Radeberger Pilsner","je Kasten = 20 x 0,5 l / 24 x 0,33 l zzgl. € 3.10 / € 3.42 Pfand, (1 l = € 1.20 / € 1.51)","11.99","","","1.20 / € 1.51","https://www.edeka.de/maerkte/072249/angebote/"
"2026-09-20 21:02 Europe/Berlin","EDEKA","EDEKA Nüsken, Rossbachstraße 21-23, 44369 Dortmund (공식 전단 기준, 지점별 가격 미확인)","44369","식품","21.09.2026-26.09.2026","Rama","versch. Sorten, je 250 g / 225 g Packung / Becher, (1 kg = € 4.76 / € 5.29)","1.19","0.99","","4.76 / € 5.29","https://www.edeka.de/maerkte/072249/angebote/"
"2026-09-20 21:02 Europe/Berlin","EDEKA","EDEKA Nüsken, Rossbachstraße 21-23, 44369 Dortmund (공식 전단 기준, 지점별 가격 미확인)","44369","식품","21.09.2026-26.09.2026","Rama Culinesse","versch. Sorten, je 450 ml Flasche, (1 l = € 3.53)","1.59","","","3.53","https://www.edeka.de/maerkte/072249/angebote/"
"2026-09-20 21:02 Europe/Berlin","EDEKA","EDEKA Nüsken, Rossbachstraße 21-23, 44369 Dortmund (공식 전단 기준, 지점별 가격 미확인)","44369","식품","21.09.2026-26.09.2026","Rapso 100% reines Rapsöl","aus kontrolliertem Anbau, 0,75 l Flasche, (1 l = € 5.59)","4.19","","","5.59","https://www.edeka.de/maerkte/072249/angebote/"
"2026-09-20 21:02 Europe/Berlin","EDEKA","EDEKA Nüsken, Rossbachstraße 21-23, 44369 Dortmund (공식 전단 기준, 지점별 가격 미확인)","44369","식품","21.09.2026-26.09.2026","Rasting - Delikatess Leberwurst mit Kalbfleisch, im Golddarm oder grobe Leberwurst","nach Probsteier Art, je 100 g","0.99","","","","https://www.edeka.de/maerkte/072249/angebote/"
"2026-09-20 21:02 Europe/Berlin","EDEKA","EDEKA Nüsken, Rossbachstraße 21-23, 44369 Dortmund (공식 전단 기준, 지점별 가격 미확인)","44369","식품","21.09.2026-26.09.2026","Rasting - Deutsches Corned Beef","herzhaft im Geschmack, je 100 g","1.59","","","","https://www.edeka.de/maerkte/072249/angebote/"
"2026-09-20 21:02 Europe/Berlin","EDEKA","EDEKA Nüsken, Rossbachstraße 21-23, 44369 Dortmund (공식 전단 기준, 지점별 가격 미확인)","44369","식품","21.09.2026-26.09.2026","Rasting - Gefüllter Schweinerollbraten","nach Gyros-Art mariniert, je 1 kg","9.99","","","","https://www.edeka.de/maerkte/072249/angebote/"
"2026-09-20 21:02 Europe/Berlin","EDEKA","EDEKA Nüsken, Rossbachstraße 21-23, 44369 Dortmund (공식 전단 기준, 지점별 가격 미확인)","44369","식품","21.09.2026-26.09.2026","Rasting - Kottenforster Bauernfrühstück","nach Art einer Sülze, je 100 g","0.99","","","","https://www.edeka.de/maerkte/072249/angebote/"
"2026-09-20 21:02 Europe/Berlin","EDEKA","EDEKA Nüsken, Rossbachstraße 21-23, 44369 Dortmund (공식 전단 기준, 지점별 가격 미확인)","44369","식품","21.09.2026-26.09.2026","Rasting - Meisterkochschinken","je 100 g","1.99","","","","https://www.edeka.de/maerkte/072249/angebote/"
"2026-09-20 21:02 Europe/Berlin","EDEKA","EDEKA Nüsken, Rossbachstraße 21-23, 44369 Dortmund (공식 전단 기준, 지점별 가격 미확인)","44369","식품","21.09.2026-26.09.2026","Rasting - Schinkenmettwürstchen","je 100 g","1.69","","","","https://www.edeka.de/maerkte/072249/angebote/"
"2026-09-20 21:02 Europe/Berlin","EDEKA","EDEKA Nüsken, Rossbachstraße 21-23, 44369 Dortmund (공식 전단 기준, 지점별 가격 미확인)","44369","식품","21.09.2026-26.09.2026","Rasting - Schinkenspeck","handgesalzen, geräuchert oder luftgetrocknet, je 100 g","1.79","","","","https://www.edeka.de/maerkte/072249/angebote/"
"2026-09-20 21:02 Europe/Berlin","EDEKA","EDEKA Nüsken, Rossbachstraße 21-23, 44369 Dortmund (공식 전단 기준, 지점별 가격 미확인)","44369","음료","21.09.2026-26.09.2026","Rauch Eistee","versch. Sorten, je 0,33 l Dose zzgl. € 0.25 Pfand, (1 l = € 2.09)","0.69","","","2.09","https://www.edeka.de/maerkte/072249/angebote/"
"2026-09-20 21:02 Europe/Berlin","EDEKA","EDEKA Nüsken, Rossbachstraße 21-23, 44369 Dortmund (공식 전단 기준, 지점별 가격 미확인)","44369","식품","21.09.2026-26.09.2026","Red Band Fruchtgummi oder Lakritz","versch. Sorten, je 500 g Beutel, (1 kg = € 4.44)","2.22","1.88","","4.44","https://www.edeka.de/maerkte/072249/angebote/"
"2026-09-20 21:02 Europe/Berlin","EDEKA","EDEKA Nüsken, Rossbachstraße 21-23, 44369 Dortmund (공식 전단 기준, 지점별 가격 미확인)","44369","음료","21.09.2026-26.09.2026","Red Bull Energy Drink","taurin- und koffeinhaltig, versch. Sorten, je 0,25 l Dose zzgl. € 0.25 Pfand, (1 l = € 3.96)","0.99","","","3.96","https://www.edeka.de/maerkte/072249/angebote/"
"2026-09-20 21:02 Europe/Berlin","EDEKA","EDEKA Nüsken, Rossbachstraße 21-23, 44369 Dortmund (공식 전단 기준, 지점별 가격 미확인)","44369","음료","21.09.2026-26.09.2026","Rheinfels Quelle Mineralwasser","versch. Sorten, je Packung = 6 x 1,5 l zzgl. € 1.50 Pfand, (1 l = € 0.44)","3.99","","","0.44","https://www.edeka.de/maerkte/072249/angebote/"
"2026-09-20 21:02 Europe/Berlin","EDEKA","EDEKA Nüsken, Rossbachstraße 21-23, 44369 Dortmund (공식 전단 기준, 지점별 가격 미확인)","44369","식품","21.09.2026-26.09.2026","Riesenrostbratwurst XXL oder Riesenkrakauer XXL","je 3 x 125 g = 375 g Packung, (1 kg = € 10.64)","3.99","","","10.64","https://www.edeka.de/maerkte/072249/angebote/"
"2026-09-20 21:02 Europe/Berlin","EDEKA","EDEKA Nüsken, Rossbachstraße 21-23, 44369 Dortmund (공식 전단 기준, 지점별 가격 미확인)","44369","식품","21.09.2026-26.09.2026","Rinder- oder Sauerbratengulasch","in Sauce, je 550 g Schlauch, (1 kg = € 12.71)","6.99","","","12.71","https://www.edeka.de/maerkte/072249/angebote/"
"2026-09-20 21:02 Europe/Berlin","EDEKA","EDEKA Nüsken, Rossbachstraße 21-23, 44369 Dortmund (공식 전단 기준, 지점별 가격 미확인)","44369","식품","21.09.2026-26.09.2026","Ritter Sport Nuss- oder Kakaoklasse","versch. Sorten, je 100 g / 75 g Tafel, (1 kg = € 16.90 / € 22.53)","1.69","1.49","","16.90 / € 22.53","https://www.edeka.de/maerkte/072249/angebote/"
"2026-09-20 21:02 Europe/Berlin","EDEKA","EDEKA Nüsken, Rossbachstraße 21-23, 44369 Dortmund (공식 전단 기준, 지점별 가격 미확인)","44369","주류","21.09.2026-26.09.2026","Rotkäppchen Sekt oder Fruchtsecco","versch. Sorten, je 0,2 l Flasche, (1 l = € 5.00)","1.00","","","5.00","https://www.edeka.de/maerkte/072249/angebote/"
"2026-09-20 21:02 Europe/Berlin","EDEKA","EDEKA Nüsken, Rossbachstraße 21-23, 44369 Dortmund (공식 전단 기준, 지점별 가격 미확인)","44369","식품","21.09.2026-26.09.2026","Rotkäppchen Sticks & Dip oder Minis","je 105 g / 100 g Packung, (1 kg = € 14.19 / € 14.90)","1.49","","","14.19 / € 14.90","https://www.edeka.de/maerkte/072249/angebote/"
"2026-09-20 21:02 Europe/Berlin","EDEKA","EDEKA Nüsken, Rossbachstraße 21-23, 44369 Dortmund (공식 전단 기준, 지점별 가격 미확인)","44369","식품","21.09.2026-26.09.2026","Rügenwalder Mühle - Veganer Aufschnitt","versch. Sorten, je 80 g / 70 g Packung, (1 kg = € 16.13 / € 18.43)","1.29","","","16.13 / € 18.43","https://www.edeka.de/maerkte/072249/angebote/"
"2026-09-20 21:02 Europe/Berlin","EDEKA","EDEKA Nüsken, Rossbachstraße 21-23, 44369 Dortmund (공식 전단 기준, 지점별 가격 미확인)","44369","음료","21.09.2026-26.09.2026","S. Pellegrino oder Acqua Panna Mineralwasser","je Packung = 6 x 1 l zzgl. € 1.50 Pfand, (1 l = € 0.83)","4.99","","","0.83","https://www.edeka.de/maerkte/072249/angebote/"
"2026-09-20 21:02 Europe/Berlin","EDEKA","EDEKA Nüsken, Rossbachstraße 21-23, 44369 Dortmund (공식 전단 기준, 지점별 가격 미확인)","44369","식품","21.09.2026-26.09.2026","Salakis Schafskäse","versch. Sorten und Fettstufen, je 180 g / 150 g Packung, (1 kg = € 19.39 / € 23.27)","3.49","","","19.39 / € 23.27","https://www.edeka.de/maerkte/072249/angebote/"
"2026-09-20 21:02 Europe/Berlin","EDEKA","EDEKA Nüsken, Rossbachstraße 21-23, 44369 Dortmund (공식 전단 기준, 지점별 가격 미확인)","44369","음료","21.09.2026-26.09.2026","Sarti Rosa","italienischer Aperitif, 14% Vol., 0,7 l Flasche, (1 l = € 21.41)","14.99","13.99","","21.41","https://www.edeka.de/maerkte/072249/angebote/"
"2026-09-20 21:02 Europe/Berlin","EDEKA","EDEKA Nüsken, Rossbachstraße 21-23, 44369 Dortmund (공식 전단 기준, 지점별 가격 미확인)","44369","식품","21.09.2026-26.09.2026","Schokolade","versch. Sorten, je 90 g Tafel, (1 kg = € 9.89)","0.89","0.79","","9.89","https://www.edeka.de/maerkte/072249/angebote/"
"2026-09-20 21:02 Europe/Berlin","EDEKA","EDEKA Nüsken, Rossbachstraße 21-23, 44369 Dortmund (공식 전단 기준, 지점별 가격 미확인)","44369","식품","21.09.2026-26.09.2026","Schwartau Extra, Samt oder Weniger Zucker","versch. Sorten auch Schwartau Holsteiner Pflaumenmus 330 g im Angebot, je 255 g - 340 g Glas, (1 kg = ab € 5.85)","1.99","","","ab € 5.85","https://www.edeka.de/maerkte/072249/angebote/"
"2026-09-20 21:02 Europe/Berlin","EDEKA","EDEKA Nüsken, Rossbachstraße 21-23, 44369 Dortmund (공식 전단 기준, 지점별 가격 미확인)","44369","식품","21.09.2026-26.09.2026","Schwarzwaldmilch LAC lactosefrei Schlagsahne, Sauerrahm oder Crème fraîche","auch Kochsahne und Schmand 200 g im Angebot, je 200 g / 150 g Becher, (1 kg = € 5.55 / € 7.40)","1.11","","","5.55 / € 7.40","https://www.edeka.de/maerkte/072249/angebote/"
"2026-09-20 21:02 Europe/Berlin","EDEKA","EDEKA Nüsken, Rossbachstraße 21-23, 44369 Dortmund (공식 전단 기준, 지점별 가격 미확인)","44369","식품","21.09.2026-26.09.2026","Schweinefilet","im Baconmantel, je 100 g","1.79","","","","https://www.edeka.de/maerkte/072249/angebote/"
"2026-09-20 21:02 Europe/Berlin","EDEKA","EDEKA Nüsken, Rossbachstraße 21-23, 44369 Dortmund (공식 전단 기준, 지점별 가격 미확인)","44369","식품","21.09.2026-26.09.2026","Schweinegeschnetzeltes","Gyros Art, gewürzt, zum Braten, 800 g XXL Packung, (1 kg = € 8.74)","6.99","","","8.74","https://www.edeka.de/maerkte/072249/angebote/"
"2026-09-20 21:02 Europe/Berlin","EDEKA","EDEKA Nüsken, Rossbachstraße 21-23, 44369 Dortmund (공식 전단 기준, 지점별 가격 미확인)","44369","식품","21.09.2026-26.09.2026","Schweinegulasch","aus dem Schweineschinken geschnitten, zum Braten, 500 g Packung, (1 kg = € 8.98)","4.49","","","8.98","https://www.edeka.de/maerkte/072249/angebote/"
"2026-09-20 21:02 Europe/Berlin","EDEKA","EDEKA Nüsken, Rossbachstraße 21-23, 44369 Dortmund (공식 전단 기준, 지점별 가격 미확인)","44369","식품","21.09.2026-26.09.2026","Senseo Coffee Pads","versch. Sorten, je 84 g - 125 g Beutel, (1 kg = ab € 17.76)","2.22","1.99","","ab € 17.76","https://www.edeka.de/maerkte/072249/angebote/"
"2026-09-20 21:02 Europe/Berlin","EDEKA","EDEKA Nüsken, Rossbachstraße 21-23, 44369 Dortmund (공식 전단 기준, 지점별 가격 미확인)","44369","식품","21.09.2026-26.09.2026","Sonnenblumenkernbrötchen","je Stück","0.39","","","","https://www.edeka.de/maerkte/072249/angebote/"
"2026-09-20 21:02 Europe/Berlin","EDEKA","EDEKA Nüsken, Rossbachstraße 21-23, 44369 Dortmund (공식 전단 기준, 지점별 가격 미확인)","44369","음료","21.09.2026-26.09.2026","Southern Comfort oder Fireball","35% / 33% Vol., je 0,7 l Flasche, (1 l = € 14.27)","9.99","","","14.27","https://www.edeka.de/maerkte/072249/angebote/"
"2026-09-20 21:02 Europe/Berlin","EDEKA","EDEKA Nüsken, Rossbachstraße 21-23, 44369 Dortmund (공식 전단 기준, 지점별 가격 미확인)","44369","식품","21.09.2026-26.09.2026","Spanien - Bio-Salatgurke","Klasse II, Stück","1.29","","","","https://www.edeka.de/maerkte/072249/angebote/"
"2026-09-20 21:02 Europe/Berlin","EDEKA","EDEKA Nüsken, Rossbachstraße 21-23, 44369 Dortmund (공식 전단 기준, 지점별 가격 미확인)","44369","식품","21.09.2026-26.09.2026","Speisequark","Magerstufe, 250 g Becher, (1 kg = € 2.76)","0.69","","","2.76","https://www.edeka.de/maerkte/072249/angebote/"
"2026-09-20 21:02 Europe/Berlin","EDEKA","EDEKA Nüsken, Rossbachstraße 21-23, 44369 Dortmund (공식 전단 기준, 지점별 가격 미확인)","44369","음료","21.09.2026-26.09.2026","Spraga Bio Kombucha","versch. Sorten, je 0,33 l Dose zzgl. € 0.25 Pfand, (1 l = € 6.03)","1.99","","","6.03","https://www.edeka.de/maerkte/072249/angebote/"
"2026-09-20 21:02 Europe/Berlin","EDEKA","EDEKA Nüsken, Rossbachstraße 21-23, 44369 Dortmund (공식 전단 기준, 지점별 가격 미확인)","44369","식품","21.09.2026-26.09.2026","Steinhaus Elsässer Flammkuchen oder Quiche Lorraine","je 350 g / 300 g Packung, (1 kg = € 8.54 / € 9.97)","2.99","","","8.54 / € 9.97","https://www.edeka.de/maerkte/072249/angebote/"
"2026-09-20 21:02 Europe/Berlin","EDEKA","EDEKA Nüsken, Rossbachstraße 21-23, 44369 Dortmund (공식 전단 기준, 지점별 가격 미확인)","44369","식품","21.09.2026-26.09.2026","Steinhaus frische Pasta","versch. Sorten, je 200 g Packung, (1 kg = € 9.95)","1.99","","","9.95","https://www.edeka.de/maerkte/072249/angebote/"
"2026-09-20 21:02 Europe/Berlin","EDEKA","EDEKA Nüsken, Rossbachstraße 21-23, 44369 Dortmund (공식 전단 기준, 지점별 가격 미확인)","44369","식품","21.09.2026-26.09.2026","Sülze Royal","mit einem süß-sauren Geschmack, je 100 g","1.79","","","","https://www.edeka.de/maerkte/072249/angebote/"
"2026-09-20 21:02 Europe/Berlin","EDEKA","EDEKA Nüsken, Rossbachstraße 21-23, 44369 Dortmund (공식 전단 기준, 지점별 가격 미확인)","44369","식품","21.09.2026-26.09.2026","Tante Fanny Frischer Flammkuchenteig XXL, Dinkel-Flammkuchenteig oder Flammkuchenböden","je 260 g - 350 g Packung, (1 kg = ab € 5.69)","1.99","","","ab € 5.69","https://www.edeka.de/maerkte/072249/angebote/"
"2026-09-20 21:02 Europe/Berlin","EDEKA","EDEKA Nüsken, Rossbachstraße 21-23, 44369 Dortmund (공식 전단 기준, 지점별 가격 미확인)","44369","식품","21.09.2026-26.09.2026","Tarczynski - Gegrilltes Hähnchenbrustfilet","je 100 g","1.99","","","","https://www.edeka.de/maerkte/072249/angebote/"
"2026-09-20 21:02 Europe/Berlin","EDEKA","EDEKA Nüsken, Rossbachstraße 21-23, 44369 Dortmund (공식 전단 기준, 지점별 가격 미확인)","44369","식품","21.09.2026-26.09.2026","Tchibo Feine Milde oder entkoffeiniert","gemahlen oder ganze Bohnen, je 2 x 250 g = 500 g / 500 g Packung, (1 kg = € 15.98)","7.99","","","15.98","https://www.edeka.de/maerkte/072249/angebote/"
"2026-09-20 21:02 Europe/Berlin","EDEKA","EDEKA Nüsken, Rossbachstraße 21-23, 44369 Dortmund (공식 전단 기준, 지점별 가격 미확인)","44369","식품","21.09.2026-26.09.2026","Teekanne Länder-Tee","versch. Sorten, je 20 / 18 Stück = 35 g - 55 g Packung, (1 kg = ab € 30.73)","1.69","1.49","","ab € 30.73","https://www.edeka.de/maerkte/072249/angebote/"
"2026-09-20 21:02 Europe/Berlin","EDEKA","EDEKA Nüsken, Rossbachstraße 21-23, 44369 Dortmund (공식 전단 기준, 지점별 가격 미확인)","44369","식품","21.09.2026-26.09.2026","Tillman’s Toasty","tiefgefroren, der Snack zum Toasten, versch. Sorten, je 280 g Packung, (1 kg = € 10.68)","2.99","","","10.68","https://www.edeka.de/maerkte/072249/angebote/"
"2026-09-20 21:02 Europe/Berlin","EDEKA","EDEKA Nüsken, Rossbachstraße 21-23, 44369 Dortmund (공식 전단 기준, 지점별 가격 미확인)","44369","식품","21.09.2026-26.09.2026","Toffifee","4 + 1 gratis = 625 g Packung, (1 kg = € 7.98)","4.99","","","7.98","https://www.edeka.de/maerkte/072249/angebote/"
"2026-09-20 21:02 Europe/Berlin","EDEKA","EDEKA Nüsken, Rossbachstraße 21-23, 44369 Dortmund (공식 전단 기준, 지점별 가격 미확인)","44369","주류","21.09.2026-26.09.2026","Tullamore D.E.W.","Irish Whiskey oder Café Honey, 40% / 35% Vol., je 0,7 l Flasche, (1 l = € 19.99)","13.99","","","19.99","https://www.edeka.de/maerkte/072249/angebote/"
"2026-09-20 21:02 Europe/Berlin","EDEKA","EDEKA Nüsken, Rossbachstraße 21-23, 44369 Dortmund (공식 전단 기준, 지점별 가격 미확인)","44369","식품","21.09.2026-26.09.2026","ültje Erdnüsse","versch. Sorten, je 180 g / 150 g Dose, (1 kg = € 9.39 / € 11.27)","1.69","1.39","","9.39 / € 11.27","https://www.edeka.de/maerkte/072249/angebote/"
"2026-09-20 21:02 Europe/Berlin","EDEKA","EDEKA Nüsken, Rossbachstraße 21-23, 44369 Dortmund (공식 전단 기준, 지점별 가격 미확인)","44369","식품","21.09.2026-26.09.2026","Unser Bergsommer","deutscher Schnittkäse, mit Ringelblumen, Kornblumen und Rosenblüten auf der Rinde affiniert, 50% Fett i. Tr., je 100 g am Stück","2.49","","","","https://www.edeka.de/maerkte/072249/angebote/"
"2026-09-20 21:02 Europe/Berlin","EDEKA","EDEKA Nüsken, Rossbachstraße 21-23, 44369 Dortmund (공식 전단 기준, 지점별 가격 미확인)","44369","음료","21.09.2026-26.09.2026","Valensina Eistee","versch. Sorten, je 1 l Flasche zzgl. € 0.25 Pfand","0.99","","","","https://www.edeka.de/maerkte/072249/angebote/"
"2026-09-20 21:02 Europe/Berlin","EDEKA","EDEKA Nüsken, Rossbachstraße 21-23, 44369 Dortmund (공식 전단 기준, 지점별 가격 미확인)","44369","식품","21.09.2026-26.09.2026","Vassemer - Hähnchenbrustfilet","in Aspik, mit Mandarinen, je 100 g","1.79","","","","https://www.edeka.de/maerkte/072249/angebote/"
"2026-09-20 21:02 Europe/Berlin","EDEKA","EDEKA Nüsken, Rossbachstraße 21-23, 44369 Dortmund (공식 전단 기준, 지점별 가격 미확인)","44369","음료","21.09.2026-26.09.2026","Volvic Vitamin+ oder Bio Tee","versch. Sorten, je 0,75 l Flasche zzgl. € 0.25 Pfand, (1 l = € 1.99)","1.49","","","1.99","https://www.edeka.de/maerkte/072249/angebote/"
"2026-09-20 21:02 Europe/Berlin","EDEKA","EDEKA Nüsken, Rossbachstraße 21-23, 44369 Dortmund (공식 전단 기준, 지점별 가격 미확인)","44369","주류","21.09.2026-26.09.2026","Warsteiner Pilsener","versch. Sorten, je Kasten = 20 x 0,5 l / 24 x 0,33 l zzgl. € 3.10 / € 3.42 Pfand, (1 l = € 1.20 / € 1.51)","11.99","10.99","","1.20 / € 1.51","https://www.edeka.de/maerkte/072249/angebote/"
"2026-09-20 21:02 Europe/Berlin","EDEKA","EDEKA Nüsken, Rossbachstraße 21-23, 44369 Dortmund (공식 전단 기준, 지점별 가격 미확인)","44369","식품","21.09.2026-26.09.2026","Weihenstephan Haltbare Milch","3,5% / 1,5% Fett, je 1 l Packung","0.99","","","","https://www.edeka.de/maerkte/072249/angebote/"
"2026-09-20 21:02 Europe/Berlin","EDEKA","EDEKA Nüsken, Rossbachstraße 21-23, 44369 Dortmund (공식 전단 기준, 지점별 가격 미확인)","44369","주류","21.09.2026-26.09.2026","Wicküler Pils","je Kasten = 20 x 0,5 l / 24 x 0,33 l zzgl. € 3.10 / € 3.42 Pfand, (1 l = € 0.95 / € 1.20)","9.49","","","0.95 / € 1.20","https://www.edeka.de/maerkte/072249/angebote/"
"2026-09-20 21:02 Europe/Berlin","EDEKA","EDEKA Nüsken, Rossbachstraße 21-23, 44369 Dortmund (공식 전단 기준, 지점별 가격 미확인)","44369","주류","21.09.2026-26.09.2026","Wodka Gorbatschow","37,5% Vol. auch Wodka Citron und Raspberry im Angebot, 0,7 l Flasche, (1 l = € 9.27)","6.49","","","9.27","https://www.edeka.de/maerkte/072249/angebote/"
"2026-09-20 21:02 Europe/Berlin","EDEKA","EDEKA Nüsken, Rossbachstraße 21-23, 44369 Dortmund (공식 전단 기준, 지점별 가격 미확인)","44369","식품","21.09.2026-26.09.2026","Wurzelbrot","versch. Sorten, je 450 g Stück, (1 kg = € 4.42)","1.99","","","4.42","https://www.edeka.de/maerkte/072249/angebote/"
"2026-09-20 21:02 Europe/Berlin","EDEKA","EDEKA Nüsken, Rossbachstraße 21-23, 44369 Dortmund (공식 전단 기준, 지점별 가격 미확인)","44369","식품","21.09.2026-26.09.2026","Zarte Schinkenschnitzel, zarter Schinkenbraten oder zartes Schinkengulasch","je 1 kg","6.66","","","","https://www.edeka.de/maerkte/072249/angebote/"
"2026-09-20 21:02 Europe/Berlin","EDEKA","EDEKA Nüsken, Rossbachstraße 21-23, 44369 Dortmund (공식 전단 기준, 지점별 가격 미확인)","44369","식품","21.09.2026-26.09.2026","Zartes Gulasch","aus der Keule geschnitten, deutsches Jungbullenfleisch, je 1 kg","16.90","","","","https://www.edeka.de/maerkte/072249/angebote/"
"2026-09-20 21:02 Europe/Berlin","EDEKA","EDEKA Nüsken, Rossbachstraße 21-23, 44369 Dortmund (공식 전단 기준, 지점별 가격 미확인)","44369","식품","21.09.2026-26.09.2026","Zott Monte","versch. Sorten, je 400 g / 232 g Packung / Becher, (1 kg = € 3.98 / € 6.85)","1.59","1.39","","3.98 / € 6.85","https://www.edeka.de/maerkte/072249/angebote/"
"2026-09-20 21:02 Europe/Berlin","EDEKA","EDEKA Nüsken, Rossbachstraße 21-23, 44369 Dortmund (공식 전단 기준, 지점별 가격 미확인)","44369","식품","21.09.2026-26.09.2026","Zott Sahnejoghurt","versch. Sorten auch Zott Pure Joy vegan im Angebot, je 140 g Becher, (1 kg = € 3.50)","0.49","0.39","","3.50","https://www.edeka.de/maerkte/072249/angebote/"
"2026-09-20 21:02 Europe/Berlin","EDEKA","EDEKA Nüsken, Rossbachstraße 21-23, 44369 Dortmund (공식 전단 기준, 지점별 가격 미확인)","44369","식품","21.09.2026-26.09.2026","Zuivelhoeve Vla","Vanille oder Vanille & Schoko, je 800 g Becher, (1 kg = € 3.11)","2.49","","","3.11","https://www.edeka.de/maerkte/072249/angebote/"
"2026-09-20 21:02 Europe/Berlin","EDEKA","EDEKA Nüsken, Rossbachstraße 21-23, 44369 Dortmund (공식 전단 기준, 지점별 가격 미확인)","44369","식품","21.09.2026-26.09.2026","Zum Dorfkrug Grütze oder Pudding","versch. Sorten, je 375 g / 360 g Glas, (1 kg = € 5.31 / € 5.53)","1.99","","","5.31 / € 5.53","https://www.edeka.de/maerkte/072249/angebote/"
"2026-09-20 21:02 Europe/Berlin","EDEKA","EDEKA Nüsken, Rossbachstraße 21-23, 44369 Dortmund (공식 전단 기준, 지점별 가격 미확인)","44369","식품","21.09.2026-26.09.2026","Zum Dorfkrug Salatsauce","versch. Sorten, je 250 ml Flasche, (1 l = € 7.16)","1.79","","","7.16","https://www.edeka.de/maerkte/072249/angebote/"
"2026-09-20 21:02 Europe/Berlin","EDEKA","E center Vieler, Schillerstraße 20-40, 52064 Aachen (최근접 지점 확인)","52062","식품","21.09.2026-26.09.2026","3 Glocken Genuss Pur","versch. Sorten, je 500 g Packung, (1 kg = € 2.58)","1.29","","","2.58","https://www.edeka.de/maerkte/071409/angebote/"
"2026-09-20 21:02 Europe/Berlin","EDEKA","E center Vieler, Schillerstraße 20-40, 52064 Aachen (최근접 지점 확인)","52062","식품","21.09.2026-26.09.2026","7 Days Croissants","versch. Sorten, je 240 g / 185 g Packung / Beutel, (1 kg = € 8.29 / € 10.76)","1.99","","","8.29 / € 10.76","https://www.edeka.de/maerkte/071409/angebote/"
"2026-09-20 21:02 Europe/Berlin","EDEKA","E center Vieler, Schillerstraße 20-40, 52064 Aachen (최근접 지점 확인)","52062","식품","21.09.2026-26.09.2026","After Eight Classic","200 g Packung, (1 kg = € 11.10)","2.22","","","11.10","https://www.edeka.de/maerkte/071409/angebote/"
"2026-09-20 21:02 Europe/Berlin","EDEKA","E center Vieler, Schillerstraße 20-40, 52064 Aachen (최근접 지점 확인)","52062","식품","21.09.2026-26.09.2026","Ahornsirup","250 ml Flasche, (1 l = € 13.32)","3.33","","","13.32","https://www.edeka.de/maerkte/071409/angebote/"
"2026-09-20 21:02 Europe/Berlin","EDEKA","E center Vieler, Schillerstraße 20-40, 52064 Aachen (최근접 지점 확인)","52062","식품","21.09.2026-26.09.2026","Alpenhain Obazda oder Camembert Creme","versch. Sorten, je 125 g Becher, (1 kg = € 11.92)","1.49","1.29","","11.92","https://www.edeka.de/maerkte/071409/angebote/"
"2026-09-20 21:02 Europe/Berlin","EDEKA","E center Vieler, Schillerstraße 20-40, 52064 Aachen (최근접 지점 확인)","52062","주류","21.09.2026-26.09.2026","Aperol Spritz","10,5% Vol., Packung = 3 x 0,2 l pfandfrei, (1 l = € 11.65)","6.99","","","11.65","https://www.edeka.de/maerkte/071409/angebote/"
"2026-09-20 21:02 Europe/Berlin","EDEKA","E center Vieler, Schillerstraße 20-40, 52064 Aachen (최근접 지점 확인)","52062","식품","21.09.2026-26.09.2026","Appenzeller Appenzellerin","schweizer Halbhartkäse, mind. 48% Fett i. Tr., je 100 g am Stück","2.29","","","","https://www.edeka.de/maerkte/071409/angebote/"
"2026-09-20 21:02 Europe/Berlin","EDEKA","E center Vieler, Schillerstraße 20-40, 52064 Aachen (최근접 지점 확인)","52062","음료","21.09.2026-26.09.2026","Asbach Uralt","36% Vol., 0,7 l Flasche, (1 l = € 14.27)","9.99","","","14.27","https://www.edeka.de/maerkte/071409/angebote/"
"2026-09-20 21:02 Europe/Berlin","EDEKA","E center Vieler, Schillerstraße 20-40, 52064 Aachen (최근접 지점 확인)","52062","식품","21.09.2026-26.09.2026","Bille - Chicken Salami","versch. ummantelt, je 100 g","1.99","","","","https://www.edeka.de/maerkte/071409/angebote/"
"2026-09-20 21:02 Europe/Berlin","EDEKA","E center Vieler, Schillerstraße 20-40, 52064 Aachen (최근접 지점 확인)","52062","식품","21.09.2026-26.09.2026","Birkel’s No. 1 oder 7 Hühnchen Nudeln","versch. Sorten, je 500 g / 600 g Packung, (1 kg = € 2.58 / € 2.15)","1.29","","","2.58 / € 2.15","https://www.edeka.de/maerkte/071409/angebote/"
"2026-09-20 21:02 Europe/Berlin","EDEKA","E center Vieler, Schillerstraße 20-40, 52064 Aachen (최근접 지점 확인)","52062","식품","21.09.2026-26.09.2026","Bonduelle Gemüsekonserven","versch. Sorten, je 300 g - 400 g Dose / 220 g - 285 g Abtropfg., (1 kg = ab € 2.78)","1.11","","","ab € 2.78","https://www.edeka.de/maerkte/071409/angebote/"
"2026-09-20 21:02 Europe/Berlin","EDEKA","E center Vieler, Schillerstraße 20-40, 52064 Aachen (최근접 지점 확인)","52062","식품","21.09.2026-26.09.2026","Börek-Stick","mit Feta-Füllung oder Spinat-Feta-Füllung, je Stück","0.50","","","","https://www.edeka.de/maerkte/071409/angebote/"
"2026-09-20 21:02 Europe/Berlin","EDEKA","E center Vieler, Schillerstraße 20-40, 52064 Aachen (최근접 지점 확인)","52062","식품","21.09.2026-26.09.2026","Brandt Der Markenzwieback","225 g Packung, (1 kg = € 5.73)","1.29","","","5.73","https://www.edeka.de/maerkte/071409/angebote/"
"2026-09-20 21:02 Europe/Berlin","EDEKA","E center Vieler, Schillerstraße 20-40, 52064 Aachen (최근접 지점 확인)","52062","식품","21.09.2026-26.09.2026","Bulgur- oder Bauernsalat","verzehrfertig, je 250 g Schale, (1 kg = € 11.96)","2.99","","","11.96","https://www.edeka.de/maerkte/071409/angebote/"
"2026-09-20 21:02 Europe/Berlin","EDEKA","E center Vieler, Schillerstraße 20-40, 52064 Aachen (최근접 지점 확인)","52062","식품","21.09.2026-26.09.2026","Cathedral City Cheddar","4 / 9 Monate gereift, 48% Fett i. Tr., je 120 g Packung, (1 kg = € 16.58)","1.99","","","16.58","https://www.edeka.de/maerkte/071409/angebote/"
"2026-09-20 21:02 Europe/Berlin","EDEKA","E center Vieler, Schillerstraße 20-40, 52064 Aachen (최근접 지점 확인)","52062","식품","21.09.2026-26.09.2026","Cevapcici","aus Rinder- und Schweinehackfleisch, mit einer Paprika-Knoblauch-Note abgerundet, je 10 x 50 g Stück = 500 g, (1 kg = € 10.00)","5.00","","","10.00","https://www.edeka.de/maerkte/071409/angebote/"
"2026-09-20 21:02 Europe/Berlin","EDEKA","E center Vieler, Schillerstraße 20-40, 52064 Aachen (최근접 지점 확인)","52062","식품","21.09.2026-26.09.2026","Choi's Bibimmyeon Instant Nudeln","versch. Sorten, je 113 g - 131 g Beutel, (1 kg = ab € 11.37)","1.49","","","ab € 11.37","https://www.edeka.de/maerkte/071409/angebote/"
"2026-09-20 21:02 Europe/Berlin","EDEKA","E center Vieler, Schillerstraße 20-40, 52064 Aachen (최근접 지점 확인)","52062","음료","21.09.2026-26.09.2026","Coca-Cola, Coca-Cola Zero, Mezzo Mix oder Sprite","koffeinhaltig, je Kasten = 6 x 1 l zzgl. € 2.40 Pfand, (1 l = € 1.33)","7.99","","","1.33","https://www.edeka.de/maerkte/071409/angebote/"
"2026-09-20 21:02 Europe/Berlin","EDEKA","E center Vieler, Schillerstraße 20-40, 52064 Aachen (최근접 지점 확인)","52062","음료","21.09.2026-26.09.2026","Coca-Cola, Fanta oder Sprite","und weitere Sorten, teilweise koffeinhaltig, je 1,25 l Flasche zzgl. € 0.25 Pfand, (1 l = € 0.89)","1.11","","","0.89","https://www.edeka.de/maerkte/071409/angebote/"
"2026-09-20 21:02 Europe/Berlin","EDEKA","E center Vieler, Schillerstraße 20-40, 52064 Aachen (최근접 지점 확인)","52062","식품","21.09.2026-26.09.2026","Corny Müsli-Riegel","versch. Sorten auch Corny Haferkraft-Riegel, Corny Protein 4 x 25 g und Corny Protein Crunchy Riegel 45 g im Angebot, je 3 - 6 Riegel = 96 g - 150 g Packung, (1 kg = ab € 10.60)","1.59","","","ab € 10.60","https://www.edeka.de/maerkte/071409/angebote/"
"2026-09-20 21:02 Europe/Berlin","EDEKA","E center Vieler, Schillerstraße 20-40, 52064 Aachen (최근접 지점 확인)","52062","식품","21.09.2026-26.09.2026","Das Mehl","glutenfrei, 1 kg Packung","3.99","","","","https://www.edeka.de/maerkte/071409/angebote/"
"2026-09-20 21:02 Europe/Berlin","EDEKA","E center Vieler, Schillerstraße 20-40, 52064 Aachen (최근접 지점 확인)","52062","음료","21.09.2026-26.09.2026","Deutschland - Baden - Badischer Federweißer","versch. Sorten, je 1 l Flasche","2.49","","","","https://www.edeka.de/maerkte/071409/angebote/"
"2026-09-20 21:02 Europe/Berlin","EDEKA","E center Vieler, Schillerstraße 20-40, 52064 Aachen (최근접 지점 확인)","52062","식품","21.09.2026-26.09.2026","Deutschland - Bio-Möhren","Klasse II, 1 kg Beutel","1.49","","","","https://www.edeka.de/maerkte/071409/angebote/"
"2026-09-20 21:02 Europe/Berlin","EDEKA","E center Vieler, Schillerstraße 20-40, 52064 Aachen (최근접 지점 확인)","52062","식품","21.09.2026-26.09.2026","Deutschland - Bio-Porree","Klasse II, 430 g Bund, (1 kg = € 4.63)","1.99","","","4.63","https://www.edeka.de/maerkte/071409/angebote/"
"2026-09-20 21:02 Europe/Berlin","EDEKA","E center Vieler, Schillerstraße 20-40, 52064 Aachen (최근접 지점 확인)","52062","식품","21.09.2026-26.09.2026","Deutschland - Bio-Zwiebeln","rot oder gelb, Klasse II, je 500 g / 750 g Netz, (1 kg = € 2.98 / € 1.99)","1.49","","","2.98 / € 1.99","https://www.edeka.de/maerkte/071409/angebote/"
"2026-09-20 21:02 Europe/Berlin","EDEKA","E center Vieler, Schillerstraße 20-40, 52064 Aachen (최근접 지점 확인)","52062","식품","21.09.2026-26.09.2026","Deutschland - Blumenkohl","Klasse I, Stück","1.49","","","","https://www.edeka.de/maerkte/071409/angebote/"
"2026-09-20 21:02 Europe/Berlin","EDEKA","E center Vieler, Schillerstraße 20-40, 52064 Aachen (최근접 지점 확인)","52062","식품","21.09.2026-26.09.2026","Deutschland - Bundmöhren","Klasse I, Bund","1.49","","","","https://www.edeka.de/maerkte/071409/angebote/"
"2026-09-20 21:02 Europe/Berlin","EDEKA","E center Vieler, Schillerstraße 20-40, 52064 Aachen (최근접 지점 확인)","52062","식품","21.09.2026-26.09.2026","Deutschland - EDEKA Regional - Mini-Romanasalat","Klasse I, 2 Stück Packung","0.99","","","","https://www.edeka.de/maerkte/071409/angebote/"
"2026-09-20 21:02 Europe/Berlin","EDEKA","E center Vieler, Schillerstraße 20-40, 52064 Aachen (최근접 지점 확인)","52062","식품","21.09.2026-26.09.2026","Deutschland - GUT & GÜNSTIG - Speisekartoffeln","vorwiegend festkochend oder festkochend, je 2,5 kg Beutel, (1 kg = € 0.80)","1.99","","","0.80","https://www.edeka.de/maerkte/071409/angebote/"
"2026-09-20 21:02 Europe/Berlin","EDEKA","E center Vieler, Schillerstraße 20-40, 52064 Aachen (최근접 지점 확인)","52062","식품","21.09.2026-26.09.2026","Deutschland - GUT & GÜNSTIG - Tafeläpfel Jonagold","Klasse II, 2 kg Beutel, (1 kg = € 0.75)","1.49","","","0.75","https://www.edeka.de/maerkte/071409/angebote/"
"2026-09-20 21:02 Europe/Berlin","EDEKA","E center Vieler, Schillerstraße 20-40, 52064 Aachen (최근접 지점 확인)","52062","식품","21.09.2026-26.09.2026","Deutschland - GUT & GÜNSTIG - Zwiebeln","Klasse II, 2 kg Netz, (1 kg = € 0.75)","1.49","","","0.75","https://www.edeka.de/maerkte/071409/angebote/"
"2026-09-20 21:02 Europe/Berlin","EDEKA","E center Vieler, Schillerstraße 20-40, 52064 Aachen (최근접 지점 확인)","52062","음료","21.09.2026-26.09.2026","Deutschland - III Freunde","versch. Sorten, je 0,75 l Flasche, (1 l = € 10.65)","7.99","","","10.65","https://www.edeka.de/maerkte/071409/angebote/"
"2026-09-20 21:02 Europe/Berlin","EDEKA","E center Vieler, Schillerstraße 20-40, 52064 Aachen (최근접 지점 확인)","52062","식품","21.09.2026-26.09.2026","Deutschland - Kohlrabi","weiß, Klasse I, Stück","0.55","","","","https://www.edeka.de/maerkte/071409/angebote/"
"2026-09-20 21:02 Europe/Berlin","EDEKA","E center Vieler, Schillerstraße 20-40, 52064 Aachen (최근접 지점 확인)","52062","식품","21.09.2026-26.09.2026","Deutschland - Lauchzwiebeln oder Radieschen","Klasse I, je Bund","0.55","","","","https://www.edeka.de/maerkte/071409/angebote/"
"2026-09-20 21:02 Europe/Berlin","EDEKA","E center Vieler, Schillerstraße 20-40, 52064 Aachen (최근접 지점 확인)","52062","식품","21.09.2026-26.09.2026","Deutschland - Staudensellerie","Klasse II, Stück","1.99","","","","https://www.edeka.de/maerkte/071409/angebote/"
"2026-09-20 21:02 Europe/Berlin","EDEKA","E center Vieler, Schillerstraße 20-40, 52064 Aachen (최근접 지점 확인)","52062","주류","21.09.2026-26.09.2026","Deutschland - Weingenuss","versch. Sorten, je 1 l Flasche","1.99","1.79","","","https://www.edeka.de/maerkte/071409/angebote/"
"2026-09-20 21:02 Europe/Berlin","EDEKA","E center Vieler, Schillerstraße 20-40, 52064 Aachen (최근접 지점 확인)","52062","식품","21.09.2026-26.09.2026","Die Pasta glutenfrei","versch. Sorten, je 400 g Packung, (1 kg = € 4.98)","1.99","","","4.98","https://www.edeka.de/maerkte/071409/angebote/"
"2026-09-20 21:02 Europe/Berlin","EDEKA","E center Vieler, Schillerstraße 20-40, 52064 Aachen (최근접 지점 확인)","52062","식품","21.09.2026-26.09.2026","Dr. Oetker Backmischung","versch. Sorten, je 280 g - 580 g Packung, (1 kg = ab € 4.29)","2.49","1.99","","ab € 4.29","https://www.edeka.de/maerkte/071409/angebote/"
"2026-09-20 21:02 Europe/Berlin","EDEKA","E center Vieler, Schillerstraße 20-40, 52064 Aachen (최근접 지점 확인)","52062","식품","21.09.2026-26.09.2026","Dr. Oetker Die Ofenfrische, Pizza Tradizionale oder La Mia Pinsa","tiefgefroren, versch. Sorten, je 305 g - 435 g Packung, (1 kg = ab € 4.11)","1.79","","","ab € 4.11","https://www.edeka.de/maerkte/071409/angebote/"
"2026-09-20 21:02 Europe/Berlin","EDEKA","E center Vieler, Schillerstraße 20-40, 52064 Aachen (최근접 지점 확인)","52062","식품","21.09.2026-26.09.2026","Dr. Oetker Pudding oder Fruchtgrütze","versch. Sorten, je 160 g - 200 g Becher, (1 kg = ab € 4.95)","0.99","0.79","","ab € 4.95","https://www.edeka.de/maerkte/071409/angebote/"
"2026-09-20 21:02 Europe/Berlin","EDEKA","E center Vieler, Schillerstraße 20-40, 52064 Aachen (최근접 지점 확인)","52062","식품","21.09.2026-26.09.2026","Dr. Oetker Suprema","tiefgefroren, versch. Sorten, je 475 g - 540 g Packung, (1 kg = ab € 7.39)","3.99","","","ab € 7.39","https://www.edeka.de/maerkte/071409/angebote/"
"2026-09-20 21:02 Europe/Berlin","EDEKA","E center Vieler, Schillerstraße 20-40, 52064 Aachen (최근접 지점 확인)","52062","식품","21.09.2026-26.09.2026","Ecuador - GUT & GÜNSTIG - Bananen","1 kg","1.11","","","","https://www.edeka.de/maerkte/071409/angebote/"
"2026-09-20 21:02 Europe/Berlin","EDEKA","E center Vieler, Schillerstraße 20-40, 52064 Aachen (최근접 지점 확인)","52062","식품","21.09.2026-26.09.2026","EDEKA - Laktosefreie H-Milch","3,5% / 1,5% Fett, je 1 l Packung","0.89","","","","https://www.edeka.de/maerkte/071409/angebote/"
"2026-09-20 21:02 Europe/Berlin","EDEKA","E center Vieler, Schillerstraße 20-40, 52064 Aachen (최근접 지점 확인)","52062","식품","21.09.2026-26.09.2026","EDEKA - Saatenbrot","glutenfrei, 300 g Packung, (1 kg = € 9.30)","2.79","","","9.30","https://www.edeka.de/maerkte/071409/angebote/"
"2026-09-20 21:02 Europe/Berlin","EDEKA","E center Vieler, Schillerstraße 20-40, 52064 Aachen (최근접 지점 확인)","52062","식품","21.09.2026-26.09.2026","EDEKA - Supersweet Mais","150 g Dose / 140 g Abtropfg., (1 kg = € 4.93)","0.69","","","4.93","https://www.edeka.de/maerkte/071409/angebote/"
"2026-09-20 21:02 Europe/Berlin","EDEKA","E center Vieler, Schillerstraße 20-40, 52064 Aachen (최근접 지점 확인)","52062","식품","21.09.2026-26.09.2026","EDEKA - Tomaten","versch. Sorten, je 390 g Packung, (1 kg = € 2.85)","1.11","","","2.85","https://www.edeka.de/maerkte/071409/angebote/"
"2026-09-20 21:02 Europe/Berlin","EDEKA","E center Vieler, Schillerstraße 20-40, 52064 Aachen (최근접 지점 확인)","52062","식품","21.09.2026-26.09.2026","EDEKA - Tortenpfirsiche, Aprikosen oder Williams Christ Birnen","je 225 g Dose / 125 g / 140 g Abtropfg., (1 kg = € 7.92 / € 7.07)","0.99","","","7.92 / € 7.07","https://www.edeka.de/maerkte/071409/angebote/"
"2026-09-20 21:02 Europe/Berlin","EDEKA","E center Vieler, Schillerstraße 20-40, 52064 Aachen (최근접 지점 확인)","52062","식품","21.09.2026-26.09.2026","EDEKA Bio - Apfelessig","naturtrüb, 750 ml Flasche, (1 l = € 2.12)","1.59","","","2.12","https://www.edeka.de/maerkte/071409/angebote/"
"2026-09-20 21:02 Europe/Berlin","EDEKA","E center Vieler, Schillerstraße 20-40, 52064 Aachen (최근접 지점 확인)","52062","식품","21.09.2026-26.09.2026","EDEKA Bio - Dinkel- oder Dinkelvollkornmehl","je 1 kg Packung","1.29","","","","https://www.edeka.de/maerkte/071409/angebote/"
"2026-09-20 21:02 Europe/Berlin","EDEKA","E center Vieler, Schillerstraße 20-40, 52064 Aachen (최근접 지점 확인)","52062","식품","21.09.2026-26.09.2026","EDEKA Bio - Natives Olivenöl extra","aus Griechenland, 500 ml Flasche, (1 l = € 16.98)","8.49","","","16.98","https://www.edeka.de/maerkte/071409/angebote/"
"2026-09-20 21:02 Europe/Berlin","EDEKA","E center Vieler, Schillerstraße 20-40, 52064 Aachen (최근접 지점 확인)","52062","음료","21.09.2026-26.09.2026","EDEKA Herzstücke - Saft, Nektar oder Fruchtsaftgetränk","versch. Sorten, je 1 l Flasche zzgl. € 0.25 Pfand","1.11","0.99","","","https://www.edeka.de/maerkte/071409/angebote/"
"2026-09-20 21:02 Europe/Berlin","EDEKA","E center Vieler, Schillerstraße 20-40, 52064 Aachen (최근접 지점 확인)","52062","식품","21.09.2026-26.09.2026","Edeka Küche - Tortellini","mit Bolognese- oder Sahnesauce, je 400 g Schale, (1 kg = € 9.98)","3.99","","","9.98","https://www.edeka.de/maerkte/071409/angebote/"
"2026-09-20 21:02 Europe/Berlin","EDEKA","E center Vieler, Schillerstraße 20-40, 52064 Aachen (최근접 지점 확인)","52062","식품","21.09.2026-26.09.2026","EDEKA Regional - Herzhafter Wurst-Aufschnitt","versch. Sorten, je 100 g Packung, (1 kg = € 13.90)","1.39","","","13.90","https://www.edeka.de/maerkte/071409/angebote/"
"2026-09-20 21:02 Europe/Berlin","EDEKA","E center Vieler, Schillerstraße 20-40, 52064 Aachen (최근접 지점 확인)","52062","식품","21.09.2026-26.09.2026","Emmi Caffè Latte","versch. Sorten, je 230 ml Becher, (1 l = € 6.48)","1.49","1.29","","6.48","https://www.edeka.de/maerkte/071409/angebote/"
"2026-09-20 21:02 Europe/Berlin","EDEKA","E center Vieler, Schillerstraße 20-40, 52064 Aachen (최근접 지점 확인)","52062","식품","21.09.2026-26.09.2026","Exquisa Zero Quark-Joghurt-Creme","versch. Sorten, je 400 g Becher, (1 kg = € 3.73)","1.49","","","3.73","https://www.edeka.de/maerkte/071409/angebote/"
"2026-09-20 21:02 Europe/Berlin","EDEKA","E center Vieler, Schillerstraße 20-40, 52064 Aachen (최근접 지점 확인)","52062","식품","21.09.2026-26.09.2026","Fleischkäsebrät","roh, zum Backen, 700 g Packung, (1 kg = € 5.70)","3.99","","","5.70","https://www.edeka.de/maerkte/071409/angebote/"
"2026-09-20 21:02 Europe/Berlin","EDEKA","E center Vieler, Schillerstraße 20-40, 52064 Aachen (최근접 지점 확인)","52062","음료","21.09.2026-26.09.2026","Frankreich - Brut Dargent","versch. Sorten, je 0,75 l Flasche, (1 l = € 7.99)","5.99","","","7.99","https://www.edeka.de/maerkte/071409/angebote/"
"2026-09-20 21:02 Europe/Berlin","EDEKA","E center Vieler, Schillerstraße 20-40, 52064 Aachen (최근접 지점 확인)","52062","주류","21.09.2026-26.09.2026","Frankreich / Deutschland - Bree Weine","versch. Sorten auch Alkoholfrei im Angebot, je 0,75 l Flasche, (1 l = € 3.99)","2.99","2.79","","3.99","https://www.edeka.de/maerkte/071409/angebote/"
"2026-09-20 21:02 Europe/Berlin","EDEKA","E center Vieler, Schillerstraße 20-40, 52064 Aachen (최근접 지점 확인)","52062","음료","21.09.2026-26.09.2026","Franziskaner Hefeweissbier","Alkoholfrei oder Hell, je Kasten = 11 x 0,5 l zzgl. € 2.38 Pfand, (1 l = € 1.63)","8.99","","","1.63","https://www.edeka.de/maerkte/071409/angebote/"
"2026-09-20 21:02 Europe/Berlin","EDEKA","E center Vieler, Schillerstraße 20-40, 52064 Aachen (최근접 지점 확인)","52062","식품","21.09.2026-26.09.2026","Frische Bratwurst","vom Schwein, nach „Fränkischer Art“ gewürzt, zum Braten, 300 g Packung, (1 kg = € 9.97)","2.99","","","9.97","https://www.edeka.de/maerkte/071409/angebote/"
"2026-09-20 21:02 Europe/Berlin","EDEKA","E center Vieler, Schillerstraße 20-40, 52064 Aachen (최근접 지점 확인)","52062","식품","21.09.2026-26.09.2026","Frische Dicke Schweinerippe","ideal zum Braten, je 1 kg","5.99","","","","https://www.edeka.de/maerkte/071409/angebote/"
"2026-09-20 21:02 Europe/Berlin","EDEKA","E center Vieler, Schillerstraße 20-40, 52064 Aachen (최근접 지점 확인)","52062","식품","21.09.2026-26.09.2026","Frische Hähnchenflügel","Handelsklasse A, je 1 kg","4.44","","","","https://www.edeka.de/maerkte/071409/angebote/"
"2026-09-20 21:02 Europe/Berlin","EDEKA","E center Vieler, Schillerstraße 20-40, 52064 Aachen (최근접 지점 확인)","52062","식품","21.09.2026-26.09.2026","Frische Lummerkoteletts","zart und mager, je 1 kg","6.49","","","","https://www.edeka.de/maerkte/071409/angebote/"
"2026-09-20 21:02 Europe/Berlin","EDEKA","E center Vieler, Schillerstraße 20-40, 52064 Aachen (최근접 지점 확인)","52062","식품","21.09.2026-26.09.2026","Frische Putenschnitzel oder frisches Putengulasch","aus der Brust geschnitten, besonders mager, für den kalorienbewussten Genuss, je 100 g","1.29","","","","https://www.edeka.de/maerkte/071409/angebote/"
"2026-09-20 21:02 Europe/Berlin","EDEKA","E center Vieler, Schillerstraße 20-40, 52064 Aachen (최근접 지점 확인)","52062","식품","21.09.2026-26.09.2026","Frische Schweine-Schwänzchen oder -Pfötchen","ideal für den Eintopf, je 1 kg","2.00","","","","https://www.edeka.de/maerkte/071409/angebote/"
"2026-09-20 21:02 Europe/Berlin","EDEKA","E center Vieler, Schillerstraße 20-40, 52064 Aachen (최근접 지점 확인)","52062","식품","21.09.2026-26.09.2026","Frische Schweineleber oder Schweinenieren","je 1 kg","2.50","","","","https://www.edeka.de/maerkte/071409/angebote/"
"2026-09-20 21:02 Europe/Berlin","EDEKA","E center Vieler, Schillerstraße 20-40, 52064 Aachen (최근접 지점 확인)","52062","식품","21.09.2026-26.09.2026","Frische Stielkoteletts","das schnelle Pfannengericht, je 1 kg","5.99","","","","https://www.edeka.de/maerkte/071409/angebote/"
"2026-09-20 21:02 Europe/Berlin","EDEKA","E center Vieler, Schillerstraße 20-40, 52064 Aachen (최근접 지점 확인)","52062","식품","21.09.2026-26.09.2026","Frischer Schweinebauch","am Stück, mit Knochenanteil, je 1 kg","5.99","","","","https://www.edeka.de/maerkte/071409/angebote/"
"2026-09-20 21:02 Europe/Berlin","EDEKA","E center Vieler, Schillerstraße 20-40, 52064 Aachen (최근접 지점 확인)","52062","식품","21.09.2026-26.09.2026","Frischer Schweineschulterbraten","wie gewachsen, saftig, rustikal, je 1 kg","4.99","","","","https://www.edeka.de/maerkte/071409/angebote/"
"2026-09-20 21:02 Europe/Berlin","EDEKA","E center Vieler, Schillerstraße 20-40, 52064 Aachen (최근접 지점 확인)","52062","식품","21.09.2026-26.09.2026","Frisches ganzes Schweinefilet","das beste Stück vom Schwein, besonders zart, je 100 g","1.11","","","","https://www.edeka.de/maerkte/071409/angebote/"
"2026-09-20 21:02 Europe/Berlin","EDEKA","E center Vieler, Schillerstraße 20-40, 52064 Aachen (최근접 지점 확인)","52062","식품","21.09.2026-26.09.2026","Frisches Hähnchenbrustfilet","für den kalorienbewussten Genuss, Handelsklasse A, je 100 g","0.99","","","","https://www.edeka.de/maerkte/071409/angebote/"
"2026-09-20 21:02 Europe/Berlin","EDEKA","E center Vieler, Schillerstraße 20-40, 52064 Aachen (최근접 지점 확인)","52062","식품","21.09.2026-26.09.2026","Frisches Rinderhackfleisch","vielseitig verwendbar, je 100 g","1.49","","","","https://www.edeka.de/maerkte/071409/angebote/"
"2026-09-20 21:02 Europe/Berlin","EDEKA","E center Vieler, Schillerstraße 20-40, 52064 Aachen (최근접 지점 확인)","52062","식품","21.09.2026-26.09.2026","Frisches Schweinemett","pikant gewürzt, je 1 kg","6.99","","","","https://www.edeka.de/maerkte/071409/angebote/"
"2026-09-20 21:02 Europe/Berlin","EDEKA","E center Vieler, Schillerstraße 20-40, 52064 Aachen (최근접 지점 확인)","52062","식품","21.09.2026-26.09.2026","Frischwurst-Aufschnitt","versch. Sorten, je 100 g","1.19","","","","https://www.edeka.de/maerkte/071409/angebote/"
"2026-09-20 21:02 Europe/Berlin","EDEKA","E center Vieler, Schillerstraße 20-40, 52064 Aachen (최근접 지점 확인)","52062","식품","21.09.2026-26.09.2026","Frozen Ice Dessert","tiefgefroren, versch. Sorten, je 75 g Packung, (1 kg = € 26.53)","1.99","","","26.53","https://www.edeka.de/maerkte/071409/angebote/"
"2026-09-20 21:02 Europe/Berlin","EDEKA","E center Vieler, Schillerstraße 20-40, 52064 Aachen (최근접 지점 확인)","52062","식품","21.09.2026-26.09.2026","funny-frisch Ofen- oder Intense-Chips","versch. Sorten, je 115 g / 110 g Beutel, (1 kg = € 12.96 / € 13.55)","1.49","1.11","","12.96 / € 13.55","https://www.edeka.de/maerkte/071409/angebote/"
"2026-09-20 21:02 Europe/Berlin","EDEKA","E center Vieler, Schillerstraße 20-40, 52064 Aachen (최근접 지점 확인)","52062","식품","21.09.2026-26.09.2026","glycklich Eis","versch. Sorten, je 500 ml Becher, (1 l = € 7.98)","3.99","","","7.98","https://www.edeka.de/maerkte/071409/angebote/"
"2026-09-20 21:02 Europe/Berlin","EDEKA","E center Vieler, Schillerstraße 20-40, 52064 Aachen (최근접 지점 확인)","52062","식품","21.09.2026-26.09.2026","Gourmet Sauerkraut","400 g Beutel / 375 g Abtropfg., (1 kg = € 2.64)","0.99","","","2.64","https://www.edeka.de/maerkte/071409/angebote/"
"2026-09-20 21:02 Europe/Berlin","EDEKA","E center Vieler, Schillerstraße 20-40, 52064 Aachen (최근접 지점 확인)","52062","식품","21.09.2026-26.09.2026","Griesson Soft Cake","versch. Sorten, je 300 g Packung, (1 kg = € 6.63)","1.99","1.79","","6.63","https://www.edeka.de/maerkte/071409/angebote/"
"2026-09-20 21:02 Europe/Berlin","EDEKA","E center Vieler, Schillerstraße 20-40, 52064 Aachen (최근접 지점 확인)","52062","식품","21.09.2026-26.09.2026","GUT & GÜNSTIG - Eierspätzle","500 g Packung, (1 kg = € 2.78)","1.39","","","2.78","https://www.edeka.de/maerkte/071409/angebote/"
"2026-09-20 21:02 Europe/Berlin","EDEKA","E center Vieler, Schillerstraße 20-40, 52064 Aachen (최근접 지점 확인)","52062","식품","21.09.2026-26.09.2026","GUT & GÜNSTIG - Haferflocken","extra zart oder kernig, je 500 g Packung, (1 kg = € 1.38)","0.69","","","1.38","https://www.edeka.de/maerkte/071409/angebote/"
"2026-09-20 21:02 Europe/Berlin","EDEKA","E center Vieler, Schillerstraße 20-40, 52064 Aachen (최근접 지점 확인)","52062","식품","21.09.2026-26.09.2026","GUT & GÜNSTIG - Hähnchengeschnetzeltes","400 g Packung, (1 kg = € 12.48)","4.99","","","12.48","https://www.edeka.de/maerkte/071409/angebote/"
"2026-09-20 21:02 Europe/Berlin","EDEKA","E center Vieler, Schillerstraße 20-40, 52064 Aachen (최근접 지점 확인)","52062","식품","21.09.2026-26.09.2026","GUT & GÜNSTIG - Hähnchenminutenschnitzel","400 g Packung, (1 kg = € 12.48)","4.99","","","12.48","https://www.edeka.de/maerkte/071409/angebote/"
"2026-09-20 21:02 Europe/Berlin","EDEKA","E center Vieler, Schillerstraße 20-40, 52064 Aachen (최근접 지점 확인)","52062","식품","21.09.2026-26.09.2026","GUT & GÜNSTIG - Mozzarella","45% Fett i. Tr., 200 g Beutel / 125 g Abtropfg., (1 kg = € 6.80)","0.85","","","6.80","https://www.edeka.de/maerkte/071409/angebote/"
"2026-09-20 21:02 Europe/Berlin","EDEKA","E center Vieler, Schillerstraße 20-40, 52064 Aachen (최근접 지점 확인)","52062","식품","21.09.2026-26.09.2026","GUT & GÜNSTIG - Norwegische Lachsfilets","tiefgefroren, 2 x 125 g = 250 g Packung, (1 kg = € 19.96)","4.99","","","19.96","https://www.edeka.de/maerkte/071409/angebote/"
"2026-09-20 21:02 Europe/Berlin","EDEKA","E center Vieler, Schillerstraße 20-40, 52064 Aachen (최근접 지점 확인)","52062","식품","21.09.2026-26.09.2026","GUT & GÜNSTIG - Pasta","versch. Sorten, je 500 g Packung, (1 kg = € 1.18)","0.59","","","1.18","https://www.edeka.de/maerkte/071409/angebote/"
"2026-09-20 21:02 Europe/Berlin","EDEKA","E center Vieler, Schillerstraße 20-40, 52064 Aachen (최근접 지점 확인)","52062","식품","21.09.2026-26.09.2026","GUT & GÜNSTIG - Skyr Natur","500 g Becher, (1 kg = € 2.58)","1.29","","","2.58","https://www.edeka.de/maerkte/071409/angebote/"
"2026-09-20 21:02 Europe/Berlin","EDEKA","E center Vieler, Schillerstraße 20-40, 52064 Aachen (최근접 지점 확인)","52062","식품","21.09.2026-26.09.2026","GUT & GÜNSTIG - Wiener Würstchen","20 x 50 g = 1 kg Packung","6.79","","","","https://www.edeka.de/maerkte/071409/angebote/"
"2026-09-20 21:02 Europe/Berlin","EDEKA","E center Vieler, Schillerstraße 20-40, 52064 Aachen (최근접 지점 확인)","52062","식품","21.09.2026-26.09.2026","GUT&GÜNSTIG - Frischkäse","Pur oder Kräuter, Doppelrahmstufe, je 300 g Becher, (1 kg = € 5.30)","1.59","","","5.30","https://www.edeka.de/maerkte/071409/angebote/"
"2026-09-20 21:02 Europe/Berlin","EDEKA","E center Vieler, Schillerstraße 20-40, 52064 Aachen (최근접 지점 확인)","52062","식품","21.09.2026-26.09.2026","Häagen-Dazs Eiscreme","versch. Sorten auch Häagen Dazs Classic Collect 4 x 95 ml im Angebot, je 460 ml / 420 ml Becher, (1 l = € 8.67 / € 9.50)","3.99","3.49","","8.67 / € 9.50","https://www.edeka.de/maerkte/071409/angebote/"
"2026-09-20 21:02 Europe/Berlin","EDEKA","E center Vieler, Schillerstraße 20-40, 52064 Aachen (최근접 지점 확인)","52062","식품","21.09.2026-26.09.2026","Haribo Fruchtgummi oder Lakritz","versch. Sorten, je 125 g - 175 g Beutel, (1 kg = ab € 4.51)","0.79","","","ab € 4.51","https://www.edeka.de/maerkte/071409/angebote/"
"2026-09-20 21:02 Europe/Berlin","EDEKA","E center Vieler, Schillerstraße 20-40, 52064 Aachen (최근접 지점 확인)","52062","음료","21.09.2026-26.09.2026","Havana Club","Original, Especial oder Mango Lime, 37,5% / 30% Vol., je 0,7 l Flasche, (1 l = € 15.70)","10.99","9.99","","15.70","https://www.edeka.de/maerkte/071409/angebote/"
"2026-09-20 21:02 Europe/Berlin","EDEKA","E center Vieler, Schillerstraße 20-40, 52064 Aachen (최근접 지점 확인)","52062","식품","21.09.2026-26.09.2026","Heinz Saucen","versch. Sorten, je 220 ml Kopfstehflasche, (1 l = € 9.05)","1.99","","","9.05","https://www.edeka.de/maerkte/071409/angebote/"
"2026-09-20 21:02 Europe/Berlin","EDEKA","E center Vieler, Schillerstraße 20-40, 52064 Aachen (최근접 지점 확인)","52062","식품","21.09.2026-26.09.2026","Heinz Tomato Ketchup oder Mayonnaise","je 800 ml Kopfstehflasche, (1 l = € 4.11)","3.29","","","4.11","https://www.edeka.de/maerkte/071409/angebote/"
"2026-09-20 21:02 Europe/Berlin","EDEKA","E center Vieler, Schillerstraße 20-40, 52064 Aachen (최근접 지점 확인)","52062","식품","21.09.2026-26.09.2026","Hengstenberg Knax oder Sticksi","versch. Sorten, je 670 g Glas / 360 g Abtropfg., (1 kg = € 4.97)","1.79","1.59","","4.97","https://www.edeka.de/maerkte/071409/angebote/"
"2026-09-20 21:02 Europe/Berlin","EDEKA","E center Vieler, Schillerstraße 20-40, 52064 Aachen (최근접 지점 확인)","52062","식품","21.09.2026-26.09.2026","Homann Saucen","versch. Sorten, je 400 ml Glas, (1 l = € 3.73)","1.49","1.29","","3.73","https://www.edeka.de/maerkte/071409/angebote/"
"2026-09-20 21:02 Europe/Berlin","EDEKA","E center Vieler, Schillerstraße 20-40, 52064 Aachen (최근접 지점 확인)","52062","식품","21.09.2026-26.09.2026","Houdek - Kabanos","versch. Sorten, je 150 g Packung, (1 kg = € 13.27)","1.99","","","13.27","https://www.edeka.de/maerkte/071409/angebote/"
"2026-09-20 21:02 Europe/Berlin","EDEKA","E center Vieler, Schillerstraße 20-40, 52064 Aachen (최근접 지점 확인)","52062","식품","21.09.2026-26.09.2026","iglo Gemüse-Ideen oder Rahm-Gemüse","tiefgefroren, versch. Sorten, je 400 g - 500 g Packung, (1 kg = ab € 4.78)","2.39","","","ab € 4.78","https://www.edeka.de/maerkte/071409/angebote/"
"2026-09-20 21:02 Europe/Berlin","EDEKA","E center Vieler, Schillerstraße 20-40, 52064 Aachen (최근접 지점 확인)","52062","식품","21.09.2026-26.09.2026","Italien - GUT & GÜNSTIG - Tafeltrauben","hell, kernlos, Klasse I, 500 g Packung, (1 kg = € 2.00)","1.00","","","2.00","https://www.edeka.de/maerkte/071409/angebote/"
"2026-09-20 21:02 Europe/Berlin","EDEKA","E center Vieler, Schillerstraße 20-40, 52064 Aachen (최근접 지점 확인)","52062","식품","21.09.2026-26.09.2026","Jacobs Instantkaffee","versch. Sorten, je 36 g - 124 g Packung, (1 kg = ab € 20.08)","2.49","","","ab € 20.08","https://www.edeka.de/maerkte/071409/angebote/"
"2026-09-20 21:02 Europe/Berlin","EDEKA","E center Vieler, Schillerstraße 20-40, 52064 Aachen (최근접 지점 확인)","52062","식품","21.09.2026-26.09.2026","Jacobs Krönung","vakuumverpackt, versch. Sorten auch Café Hag klassisch mild entkoffeiniert im Angebot, je 500 g Packung, (1 kg = € 12.98)","6.49","5.99","","12.98","https://www.edeka.de/maerkte/071409/angebote/"
"2026-09-20 21:02 Europe/Berlin","EDEKA","E center Vieler, Schillerstraße 20-40, 52064 Aachen (최근접 지점 확인)","52062","식품","21.09.2026-26.09.2026","Kasseler-Nacken","ohne Knochen, goldgelb geräuchert, je 1 kg","7.99","","","","https://www.edeka.de/maerkte/071409/angebote/"
"2026-09-20 21:02 Europe/Berlin","EDEKA","E center Vieler, Schillerstraße 20-40, 52064 Aachen (최근접 지점 확인)","52062","식품","21.09.2026-26.09.2026","Kerrygold Original irische Butter oder Kerrygold extra","gesalzen oder ungesalzen, versch. Sorten, je 250 g / 200 g Packung / Becher, (1 kg = € 6.36 / € 7.95)","1.59","1.49","","6.36 / € 7.95","https://www.edeka.de/maerkte/071409/angebote/"
"2026-09-20 21:02 Europe/Berlin","EDEKA","E center Vieler, Schillerstraße 20-40, 52064 Aachen (최근접 지점 확인)","52062","식품","21.09.2026-26.09.2026","Kikok - Das ganz besondere Maishähnchen","Handelsklasse A, je 1 kg","8.99","","","","https://www.edeka.de/maerkte/071409/angebote/"
"2026-09-20 21:02 Europe/Berlin","EDEKA","E center Vieler, Schillerstraße 20-40, 52064 Aachen (최근접 지점 확인)","52062","식품","21.09.2026-26.09.2026","Knorr Feinschmecker Suppe oder Sauce","versch. Sorten, je 32 g - 70 g Beutel, (1 kg = ab € 11.29)","0.79","","","ab € 11.29","https://www.edeka.de/maerkte/071409/angebote/"
"2026-09-20 21:02 Europe/Berlin","EDEKA","E center Vieler, Schillerstraße 20-40, 52064 Aachen (최근접 지점 확인)","52062","식품","21.09.2026-26.09.2026","Kölln Müsli","versch. Sorten auch Kölln Granola versch. Sorten 350 g im Angebot, je 380 g - 600 g Packung, (1 kg = ab € 4.15)","2.49","","","ab € 4.15","https://www.edeka.de/maerkte/071409/angebote/"
"2026-09-20 21:02 Europe/Berlin","EDEKA","E center Vieler, Schillerstraße 20-40, 52064 Aachen (최근접 지점 확인)","52062","주류","21.09.2026-26.09.2026","König Pilsener","versch. Sorten, je Kasten = 20 x 0,5 l / 24 x 0,33 l zzgl. € 3.10 / € 3.42 Pfand, (1 l = € 1.20 / € 1.51)","11.99","","","1.20 / € 1.51","https://www.edeka.de/maerkte/071409/angebote/"
"2026-09-20 21:02 Europe/Berlin","EDEKA","E center Vieler, Schillerstraße 20-40, 52064 Aachen (최근접 지점 확인)","52062","음료","21.09.2026-26.09.2026","Krombacher Spezi","Original oder Zero, koffeinhaltig, je Kasten = 20 x 0,5 l zzgl. € 3.10 Pfand, (1 l = € 1.30)","12.99","","","1.30","https://www.edeka.de/maerkte/071409/angebote/"
"2026-09-20 21:02 Europe/Berlin","EDEKA","E center Vieler, Schillerstraße 20-40, 52064 Aachen (최근접 지점 확인)","52062","식품","21.09.2026-26.09.2026","Krone Meine Lieblinge Lachs","versch. Sorten, je 80 g - 100 g Packung, (1 kg = ab € 32.90)","3.29","","","ab € 32.90","https://www.edeka.de/maerkte/071409/angebote/"
"2026-09-20 21:02 Europe/Berlin","EDEKA","E center Vieler, Schillerstraße 20-40, 52064 Aachen (최근접 지점 확인)","52062","식품","21.09.2026-26.09.2026","Krüger Family Cappuccino","versch. Sorten, je 500 g Nachfüllbeutel, (1 kg = € 7.60)","3.80","","","7.60","https://www.edeka.de/maerkte/071409/angebote/"
"2026-09-20 21:02 Europe/Berlin","EDEKA","E center Vieler, Schillerstraße 20-40, 52064 Aachen (최근접 지점 확인)","52062","식품","21.09.2026-26.09.2026","Landliebe Joghurt","versch. Sorten, 3,8% / 10% Fett, je 500 g Glas zzgl. € 0.15 Pfand, (1 kg = € 2.22)","1.11","","","2.22","https://www.edeka.de/maerkte/071409/angebote/"
"2026-09-20 21:02 Europe/Berlin","EDEKA","E center Vieler, Schillerstraße 20-40, 52064 Aachen (최근접 지점 확인)","52062","식품","21.09.2026-26.09.2026","Le Grand Rustique oder Saint André","französischer Weichkäse oder Weinbergkäse, 45% / 75% Fett i. Tr., je 100 g am Stück","1.99","","","","https://www.edeka.de/maerkte/071409/angebote/"
"2026-09-20 21:02 Europe/Berlin","EDEKA","E center Vieler, Schillerstraße 20-40, 52064 Aachen (최근접 지점 확인)","52062","식품","21.09.2026-26.09.2026","Leibniz Zoo Mini Kekse","versch. Sorten, je 125 g Beutel, (1 kg = € 11.92)","1.49","","","11.92","https://www.edeka.de/maerkte/071409/angebote/"
"2026-09-20 21:02 Europe/Berlin","EDEKA","E center Vieler, Schillerstraße 20-40, 52064 Aachen (최근접 지점 확인)","52062","식품","21.09.2026-26.09.2026","Loose Quäse oder Harzbube Handkäse","versch. Sorten und Fettstufen auch Hausmacher Handkäse 200 g im Angebot, je 220 g / 200 g Packung, (1 kg = € 11.32 / € 12.45)","2.49","","","11.32 / € 12.45","https://www.edeka.de/maerkte/071409/angebote/"
"2026-09-20 21:02 Europe/Berlin","EDEKA","E center Vieler, Schillerstraße 20-40, 52064 Aachen (최근접 지점 확인)","52062","식품","21.09.2026-26.09.2026","Lorenz Crunchips oder Nic Nacs","versch. Sorten, je 110 g - 150 g Beutel, (1 kg = ab € 6.60)","0.99","","","ab € 6.60","https://www.edeka.de/maerkte/071409/angebote/"
"2026-09-20 21:02 Europe/Berlin","EDEKA","E center Vieler, Schillerstraße 20-40, 52064 Aachen (최근접 지점 확인)","52062","식품","21.09.2026-26.09.2026","Marktkaas Noord Holland Gouda","holländischer Schnittkäse, jung oder mittelalt, 48% Fett i. Tr., je 100 g am Stück","1.11","","","","https://www.edeka.de/maerkte/071409/angebote/"
"2026-09-20 21:02 Europe/Berlin","EDEKA","E center Vieler, Schillerstraße 20-40, 52064 Aachen (최근접 지점 확인)","52062","식품","21.09.2026-26.09.2026","Maryland Snack Nüsse oder Studentenfutter","versch. Sorten, je 250 g - 300 g Dose, (1 kg = ab € 9.97)","2.99","","","ab € 9.97","https://www.edeka.de/maerkte/071409/angebote/"
"2026-09-20 21:02 Europe/Berlin","EDEKA","E center Vieler, Schillerstraße 20-40, 52064 Aachen (최근접 지점 확인)","52062","식품","21.09.2026-26.09.2026","McCain Golden Longs","tiefgefroren, extra knusprig, 1000 g Beutel","2.99","","","","https://www.edeka.de/maerkte/071409/angebote/"
"2026-09-20 21:02 Europe/Berlin","EDEKA","E center Vieler, Schillerstraße 20-40, 52064 Aachen (최근접 지점 확인)","52062","식품","21.09.2026-26.09.2026","Meica Wiener oder Frankfurter Art","extra knackig, je 6 Stück = 540 g Glas / 250 g Abtropfg., (1 kg = € 13.96)","3.49","2.99","","13.96","https://www.edeka.de/maerkte/071409/angebote/"
"2026-09-20 21:02 Europe/Berlin","EDEKA","E center Vieler, Schillerstraße 20-40, 52064 Aachen (최근접 지점 확인)","52062","식품","21.09.2026-26.09.2026","Melitta Barista Classic","Crema oder Crema Forte, ganze Bohnen, je 1 kg Beutel","12.99","11.99","","","https://www.edeka.de/maerkte/071409/angebote/"
"2026-09-20 21:02 Europe/Berlin","EDEKA","E center Vieler, Schillerstraße 20-40, 52064 Aachen (최근접 지점 확인)","52062","식품","21.09.2026-26.09.2026","Mettenden","geräuchert, 300 g Packung, (1 kg = € 9.30)","2.79","","","9.30","https://www.edeka.de/maerkte/071409/angebote/"
"2026-09-20 21:02 Europe/Berlin","EDEKA","E center Vieler, Schillerstraße 20-40, 52064 Aachen (최근접 지점 확인)","52062","식품","21.09.2026-26.09.2026","Milka Haselnusscreme","350 g Glas, (1 kg = € 8.54)","2.99","","","8.54","https://www.edeka.de/maerkte/071409/angebote/"
"2026-09-20 21:02 Europe/Berlin","EDEKA","E center Vieler, Schillerstraße 20-40, 52064 Aachen (최근접 지점 확인)","52062","식품","21.09.2026-26.09.2026","Milram Schnittkäse","versch. Sorten und Fettstufen, je 100 g am Stück","0.99","","","","https://www.edeka.de/maerkte/071409/angebote/"
"2026-09-20 21:02 Europe/Berlin","EDEKA","E center Vieler, Schillerstraße 20-40, 52064 Aachen (최근접 지점 확인)","52062","식품","21.09.2026-26.09.2026","Mirácoli Spaghetti Klassiker","376,2 g Packung, (1 kg = € 5.29)","1.99","","","5.29","https://www.edeka.de/maerkte/071409/angebote/"
"2026-09-20 21:02 Europe/Berlin","EDEKA","E center Vieler, Schillerstraße 20-40, 52064 Aachen (최근접 지점 확인)","52062","식품","21.09.2026-26.09.2026","müller Joghurt mit der Ecke","je 113 g - 150 g Becher, (1 kg = ab € 2.60)","0.39","","","ab € 2.60","https://www.edeka.de/maerkte/071409/angebote/"
"2026-09-20 21:02 Europe/Berlin","EDEKA","E center Vieler, Schillerstraße 20-40, 52064 Aachen (최근접 지점 확인)","52062","식품","21.09.2026-26.09.2026","Nackenkotelett","vom Schwein, mit Knochen, zum Braten, 700 g Packung, (1 kg = € 8.56)","5.99","","","8.56","https://www.edeka.de/maerkte/071409/angebote/"
"2026-09-20 21:02 Europe/Berlin","EDEKA","E center Vieler, Schillerstraße 20-40, 52064 Aachen (최근접 지점 확인)","52062","식품","21.09.2026-26.09.2026","Nescafé Classic oder Classic Mild","je 200 g Glas, (1 kg = € 32.45)","6.49","","","32.45","https://www.edeka.de/maerkte/071409/angebote/"
"2026-09-20 21:02 Europe/Berlin","EDEKA","E center Vieler, Schillerstraße 20-40, 52064 Aachen (최근접 지점 확인)","52062","식품","21.09.2026-26.09.2026","Neuseeland - Kiwis","Stück","0.59","","","","https://www.edeka.de/maerkte/071409/angebote/"
"2026-09-20 21:02 Europe/Berlin","EDEKA","E center Vieler, Schillerstraße 20-40, 52064 Aachen (최근접 지점 확인)","52062","식품","21.09.2026-26.09.2026","Neuseeland - Zespri - Kiwis Gold","„Jumbo"", Klasse I, Stück","1.00","","","","https://www.edeka.de/maerkte/071409/angebote/"
"2026-09-20 21:02 Europe/Berlin","EDEKA","E center Vieler, Schillerstraße 20-40, 52064 Aachen (최근접 지점 확인)","52062","식품","21.09.2026-26.09.2026","Niederlande - GUT & GÜNSTIG - Paprika","rot, Klasse I, 500 g Packung, (1 kg = € 2.98)","1.49","","","2.98","https://www.edeka.de/maerkte/071409/angebote/"
"2026-09-20 21:02 Europe/Berlin","EDEKA","E center Vieler, Schillerstraße 20-40, 52064 Aachen (최근접 지점 확인)","52062","식품","21.09.2026-26.09.2026","Nuii, Daim, Milka, Lotus Biscoff oder Oreo Eis","versch. Sorten, je 200 ml - 440 ml Multipackung, (1 l = ab € 5.20)","2.29","","","ab € 5.20","https://www.edeka.de/maerkte/071409/angebote/"
"2026-09-20 21:02 Europe/Berlin","EDEKA","E center Vieler, Schillerstraße 20-40, 52064 Aachen (최근접 지점 확인)","52062","식품","21.09.2026-26.09.2026","Oreo","versch. Sorten, je 157 g / 154 g Packung, (1 kg = € 9.49 / € 9.68)","1.49","","","9.49 / € 9.68","https://www.edeka.de/maerkte/071409/angebote/"
"2026-09-20 21:02 Europe/Berlin","EDEKA","E center Vieler, Schillerstraße 20-40, 52064 Aachen (최근접 지점 확인)","52062","식품","21.09.2026-26.09.2026","Papa Joe’s Sauce","versch. Sorten, je 300 ml Kopfstehflasche, (1 l = € 4.97)","1.49","","","4.97","https://www.edeka.de/maerkte/071409/angebote/"
"2026-09-20 21:02 Europe/Berlin","EDEKA","E center Vieler, Schillerstraße 20-40, 52064 Aachen (최근접 지점 확인)","52062","음료","21.09.2026-26.09.2026","Paulaner Spezi oder Limo","versch. Sorten, koffeinhaltig, je 0,33 l Dose zzgl. € 0.25 Pfand, (1 l = € 2.09)","0.69","","","2.09","https://www.edeka.de/maerkte/071409/angebote/"
"2026-09-20 21:02 Europe/Berlin","EDEKA","E center Vieler, Schillerstraße 20-40, 52064 Aachen (최근접 지점 확인)","52062","식품","21.09.2026-26.09.2026","Peanut & Schoko","Dragierte Erdnüsse, bunt, 250 g Beutel, (1 kg = € 7.40)","1.85","","","7.40","https://www.edeka.de/maerkte/071409/angebote/"
"2026-09-20 21:02 Europe/Berlin","EDEKA","E center Vieler, Schillerstraße 20-40, 52064 Aachen (최근접 지점 확인)","52062","음료","21.09.2026-26.09.2026","Pepsi Cola oder Schwip Schwap","versch. Sorten, koffeinhaltig, je 0,33 l Dose zzgl. € 0.25 Pfand, (1 l = € 2.09)","0.69","","","2.09","https://www.edeka.de/maerkte/071409/angebote/"
"2026-09-20 21:02 Europe/Berlin","EDEKA","E center Vieler, Schillerstraße 20-40, 52064 Aachen (최근접 지점 확인)","52062","식품","21.09.2026-26.09.2026","Peru - Avocados","„Hass"", Klasse I, Stück","1.11","","","","https://www.edeka.de/maerkte/071409/angebote/"
"2026-09-20 21:02 Europe/Berlin","EDEKA","E center Vieler, Schillerstraße 20-40, 52064 Aachen (최근접 지점 확인)","52062","식품","21.09.2026-26.09.2026","Peru - Driscolls - Kulturheidelbeeren","Klasse I, 125 g Schale, (1 kg = € 11.92)","1.49","","","11.92","https://www.edeka.de/maerkte/071409/angebote/"
"2026-09-20 21:02 Europe/Berlin","EDEKA","E center Vieler, Schillerstraße 20-40, 52064 Aachen (최근접 지점 확인)","52062","식품","21.09.2026-26.09.2026","Philadelphia Frischkäse","versch. Sorten auch Philadelphia Natur 6 x 16,67 g Packung im Angebot, je 150 g - 195 g Becher, (1 kg = ab € 5.69)","1.11","0.99","","ab € 5.69","https://www.edeka.de/maerkte/071409/angebote/"
"2026-09-20 21:02 Europe/Berlin","EDEKA","E center Vieler, Schillerstraße 20-40, 52064 Aachen (최근접 지점 확인)","52062","식품","21.09.2026-26.09.2026","Portugal - Kiwi-Beeren","125 g Schale, (1 kg = € 15.92)","1.99","","","15.92","https://www.edeka.de/maerkte/071409/angebote/"
"2026-09-20 21:02 Europe/Berlin","EDEKA","E center Vieler, Schillerstraße 20-40, 52064 Aachen (최근접 지점 확인)","52062","주류","21.09.2026-26.09.2026","Radeberger Pilsner","je Kasten = 20 x 0,5 l / 24 x 0,33 l zzgl. € 3.10 / € 3.42 Pfand, (1 l = € 1.20 / € 1.51)","11.99","","","1.20 / € 1.51","https://www.edeka.de/maerkte/071409/angebote/"
"2026-09-20 21:02 Europe/Berlin","EDEKA","E center Vieler, Schillerstraße 20-40, 52064 Aachen (최근접 지점 확인)","52062","식품","21.09.2026-26.09.2026","Rama","versch. Sorten, je 250 g / 225 g Packung / Becher, (1 kg = € 4.76 / € 5.29)","1.19","0.99","","4.76 / € 5.29","https://www.edeka.de/maerkte/071409/angebote/"
"2026-09-20 21:02 Europe/Berlin","EDEKA","E center Vieler, Schillerstraße 20-40, 52064 Aachen (최근접 지점 확인)","52062","식품","21.09.2026-26.09.2026","Rama Culinesse","versch. Sorten, je 450 ml Flasche, (1 l = € 3.53)","1.59","","","3.53","https://www.edeka.de/maerkte/071409/angebote/"
"2026-09-20 21:02 Europe/Berlin","EDEKA","E center Vieler, Schillerstraße 20-40, 52064 Aachen (최근접 지점 확인)","52062","식품","21.09.2026-26.09.2026","Rapso 100% reines Rapsöl","aus kontrolliertem Anbau, 0,75 l Flasche, (1 l = € 5.59)","4.19","","","5.59","https://www.edeka.de/maerkte/071409/angebote/"
"2026-09-20 21:02 Europe/Berlin","EDEKA","E center Vieler, Schillerstraße 20-40, 52064 Aachen (최근접 지점 확인)","52062","식품","21.09.2026-26.09.2026","Rasting - Delikatess Leberwurst mit Kalbfleisch, im Golddarm oder grobe Leberwurst","nach Probsteier Art, je 100 g","0.99","","","","https://www.edeka.de/maerkte/071409/angebote/"
"2026-09-20 21:02 Europe/Berlin","EDEKA","E center Vieler, Schillerstraße 20-40, 52064 Aachen (최근접 지점 확인)","52062","식품","21.09.2026-26.09.2026","Rasting - Deutsches Corned Beef","herzhaft im Geschmack, je 100 g","1.59","","","","https://www.edeka.de/maerkte/071409/angebote/"
"2026-09-20 21:02 Europe/Berlin","EDEKA","E center Vieler, Schillerstraße 20-40, 52064 Aachen (최근접 지점 확인)","52062","식품","21.09.2026-26.09.2026","Rasting - Gefüllter Schweinerollbraten","nach Gyros-Art mariniert, je 1 kg","9.99","","","","https://www.edeka.de/maerkte/071409/angebote/"
"2026-09-20 21:02 Europe/Berlin","EDEKA","E center Vieler, Schillerstraße 20-40, 52064 Aachen (최근접 지점 확인)","52062","식품","21.09.2026-26.09.2026","Rasting - Kottenforster Bauernfrühstück","nach Art einer Sülze, je 100 g","0.99","","","","https://www.edeka.de/maerkte/071409/angebote/"
"2026-09-20 21:02 Europe/Berlin","EDEKA","E center Vieler, Schillerstraße 20-40, 52064 Aachen (최근접 지점 확인)","52062","식품","21.09.2026-26.09.2026","Rasting - Meisterkochschinken","je 100 g","1.99","","","","https://www.edeka.de/maerkte/071409/angebote/"
"2026-09-20 21:02 Europe/Berlin","EDEKA","E center Vieler, Schillerstraße 20-40, 52064 Aachen (최근접 지점 확인)","52062","식품","21.09.2026-26.09.2026","Rasting - Schinkenmettwürstchen","je 100 g","1.69","","","","https://www.edeka.de/maerkte/071409/angebote/"
"2026-09-20 21:02 Europe/Berlin","EDEKA","E center Vieler, Schillerstraße 20-40, 52064 Aachen (최근접 지점 확인)","52062","식품","21.09.2026-26.09.2026","Rasting - Schinkenspeck","handgesalzen, geräuchert oder luftgetrocknet, je 100 g","1.79","","","","https://www.edeka.de/maerkte/071409/angebote/"
"2026-09-20 21:02 Europe/Berlin","EDEKA","E center Vieler, Schillerstraße 20-40, 52064 Aachen (최근접 지점 확인)","52062","음료","21.09.2026-26.09.2026","Rauch Eistee","versch. Sorten, je 0,33 l Dose zzgl. € 0.25 Pfand, (1 l = € 2.09)","0.69","","","2.09","https://www.edeka.de/maerkte/071409/angebote/"
"2026-09-20 21:02 Europe/Berlin","EDEKA","E center Vieler, Schillerstraße 20-40, 52064 Aachen (최근접 지점 확인)","52062","식품","21.09.2026-26.09.2026","Red Band Fruchtgummi oder Lakritz","versch. Sorten, je 500 g Beutel, (1 kg = € 4.44)","2.22","1.88","","4.44","https://www.edeka.de/maerkte/071409/angebote/"
"2026-09-20 21:02 Europe/Berlin","EDEKA","E center Vieler, Schillerstraße 20-40, 52064 Aachen (최근접 지점 확인)","52062","음료","21.09.2026-26.09.2026","Red Bull Energy Drink","taurin- und koffeinhaltig, versch. Sorten, je 0,25 l Dose zzgl. € 0.25 Pfand, (1 l = € 3.96)","0.99","","","3.96","https://www.edeka.de/maerkte/071409/angebote/"
"2026-09-20 21:02 Europe/Berlin","EDEKA","E center Vieler, Schillerstraße 20-40, 52064 Aachen (최근접 지점 확인)","52062","음료","21.09.2026-26.09.2026","Rheinfels Quelle Mineralwasser","versch. Sorten, je Packung = 6 x 1,5 l zzgl. € 1.50 Pfand, (1 l = € 0.44)","3.99","","","0.44","https://www.edeka.de/maerkte/071409/angebote/"
"2026-09-20 21:02 Europe/Berlin","EDEKA","E center Vieler, Schillerstraße 20-40, 52064 Aachen (최근접 지점 확인)","52062","식품","21.09.2026-26.09.2026","Riesenrostbratwurst XXL oder Riesenkrakauer XXL","je 3 x 125 g = 375 g Packung, (1 kg = € 10.64)","3.99","","","10.64","https://www.edeka.de/maerkte/071409/angebote/"
"2026-09-20 21:02 Europe/Berlin","EDEKA","E center Vieler, Schillerstraße 20-40, 52064 Aachen (최근접 지점 확인)","52062","식품","21.09.2026-26.09.2026","Rinder- oder Sauerbratengulasch","in Sauce, je 550 g Schlauch, (1 kg = € 12.71)","6.99","","","12.71","https://www.edeka.de/maerkte/071409/angebote/"
"2026-09-20 21:02 Europe/Berlin","EDEKA","E center Vieler, Schillerstraße 20-40, 52064 Aachen (최근접 지점 확인)","52062","식품","21.09.2026-26.09.2026","Ritter Sport Nuss- oder Kakaoklasse","versch. Sorten, je 100 g / 75 g Tafel, (1 kg = € 16.90 / € 22.53)","1.69","1.49","","16.90 / € 22.53","https://www.edeka.de/maerkte/071409/angebote/"
"2026-09-20 21:02 Europe/Berlin","EDEKA","E center Vieler, Schillerstraße 20-40, 52064 Aachen (최근접 지점 확인)","52062","주류","21.09.2026-26.09.2026","Rotkäppchen Sekt oder Fruchtsecco","versch. Sorten, je 0,2 l Flasche, (1 l = € 5.00)","1.00","","","5.00","https://www.edeka.de/maerkte/071409/angebote/"
"2026-09-20 21:02 Europe/Berlin","EDEKA","E center Vieler, Schillerstraße 20-40, 52064 Aachen (최근접 지점 확인)","52062","식품","21.09.2026-26.09.2026","Rotkäppchen Sticks & Dip oder Minis","je 105 g / 100 g Packung, (1 kg = € 14.19 / € 14.90)","1.49","","","14.19 / € 14.90","https://www.edeka.de/maerkte/071409/angebote/"
"2026-09-20 21:02 Europe/Berlin","EDEKA","E center Vieler, Schillerstraße 20-40, 52064 Aachen (최근접 지점 확인)","52062","식품","21.09.2026-26.09.2026","Rügenwalder Mühle - Veganer Aufschnitt","versch. Sorten, je 80 g / 70 g Packung, (1 kg = € 16.13 / € 18.43)","1.29","","","16.13 / € 18.43","https://www.edeka.de/maerkte/071409/angebote/"
"2026-09-20 21:02 Europe/Berlin","EDEKA","E center Vieler, Schillerstraße 20-40, 52064 Aachen (최근접 지점 확인)","52062","음료","21.09.2026-26.09.2026","S. Pellegrino oder Acqua Panna Mineralwasser","je Packung = 6 x 1 l zzgl. € 1.50 Pfand, (1 l = € 0.83)","4.99","","","0.83","https://www.edeka.de/maerkte/071409/angebote/"
"2026-09-20 21:02 Europe/Berlin","EDEKA","E center Vieler, Schillerstraße 20-40, 52064 Aachen (최근접 지점 확인)","52062","식품","21.09.2026-26.09.2026","Salakis Schafskäse","versch. Sorten und Fettstufen, je 180 g / 150 g Packung, (1 kg = € 19.39 / € 23.27)","3.49","","","19.39 / € 23.27","https://www.edeka.de/maerkte/071409/angebote/"
"2026-09-20 21:02 Europe/Berlin","EDEKA","E center Vieler, Schillerstraße 20-40, 52064 Aachen (최근접 지점 확인)","52062","음료","21.09.2026-26.09.2026","Sarti Rosa","italienischer Aperitif, 14% Vol., 0,7 l Flasche, (1 l = € 21.41)","14.99","13.99","","21.41","https://www.edeka.de/maerkte/071409/angebote/"
"2026-09-20 21:02 Europe/Berlin","EDEKA","E center Vieler, Schillerstraße 20-40, 52064 Aachen (최근접 지점 확인)","52062","식품","21.09.2026-26.09.2026","Schokolade","versch. Sorten, je 90 g Tafel, (1 kg = € 9.89)","0.89","0.79","","9.89","https://www.edeka.de/maerkte/071409/angebote/"
"2026-09-20 21:02 Europe/Berlin","EDEKA","E center Vieler, Schillerstraße 20-40, 52064 Aachen (최근접 지점 확인)","52062","식품","21.09.2026-26.09.2026","Schwartau Extra, Samt oder Weniger Zucker","versch. Sorten auch Schwartau Holsteiner Pflaumenmus 330 g im Angebot, je 255 g - 340 g Glas, (1 kg = ab € 5.85)","1.99","","","ab € 5.85","https://www.edeka.de/maerkte/071409/angebote/"
"2026-09-20 21:02 Europe/Berlin","EDEKA","E center Vieler, Schillerstraße 20-40, 52064 Aachen (최근접 지점 확인)","52062","식품","21.09.2026-26.09.2026","Schwarzwaldmilch LAC lactosefrei Schlagsahne, Sauerrahm oder Crème fraîche","auch Kochsahne und Schmand 200 g im Angebot, je 200 g / 150 g Becher, (1 kg = € 5.55 / € 7.40)","1.11","","","5.55 / € 7.40","https://www.edeka.de/maerkte/071409/angebote/"
"2026-09-20 21:02 Europe/Berlin","EDEKA","E center Vieler, Schillerstraße 20-40, 52064 Aachen (최근접 지점 확인)","52062","식품","21.09.2026-26.09.2026","Schweinefilet","im Baconmantel, je 100 g","1.79","","","","https://www.edeka.de/maerkte/071409/angebote/"
"2026-09-20 21:02 Europe/Berlin","EDEKA","E center Vieler, Schillerstraße 20-40, 52064 Aachen (최근접 지점 확인)","52062","식품","21.09.2026-26.09.2026","Schweinegeschnetzeltes","Gyros Art, gewürzt, zum Braten, 800 g XXL Packung, (1 kg = € 8.74)","6.99","","","8.74","https://www.edeka.de/maerkte/071409/angebote/"
"2026-09-20 21:02 Europe/Berlin","EDEKA","E center Vieler, Schillerstraße 20-40, 52064 Aachen (최근접 지점 확인)","52062","식품","21.09.2026-26.09.2026","Schweinegulasch","aus dem Schweineschinken geschnitten, zum Braten, 500 g Packung, (1 kg = € 8.98)","4.49","","","8.98","https://www.edeka.de/maerkte/071409/angebote/"
"2026-09-20 21:02 Europe/Berlin","EDEKA","E center Vieler, Schillerstraße 20-40, 52064 Aachen (최근접 지점 확인)","52062","식품","21.09.2026-26.09.2026","Senseo Coffee Pads","versch. Sorten, je 84 g - 125 g Beutel, (1 kg = ab € 17.76)","2.22","1.99","","ab € 17.76","https://www.edeka.de/maerkte/071409/angebote/"
"2026-09-20 21:02 Europe/Berlin","EDEKA","E center Vieler, Schillerstraße 20-40, 52064 Aachen (최근접 지점 확인)","52062","식품","21.09.2026-26.09.2026","Sonnenblumenkernbrötchen","je Stück","0.39","","","","https://www.edeka.de/maerkte/071409/angebote/"
"2026-09-20 21:02 Europe/Berlin","EDEKA","E center Vieler, Schillerstraße 20-40, 52064 Aachen (최근접 지점 확인)","52062","음료","21.09.2026-26.09.2026","Southern Comfort oder Fireball","35% / 33% Vol., je 0,7 l Flasche, (1 l = € 14.27)","9.99","","","14.27","https://www.edeka.de/maerkte/071409/angebote/"
"2026-09-20 21:02 Europe/Berlin","EDEKA","E center Vieler, Schillerstraße 20-40, 52064 Aachen (최근접 지점 확인)","52062","식품","21.09.2026-26.09.2026","Spanien - Bio-Salatgurke","Klasse II, Stück","1.29","","","","https://www.edeka.de/maerkte/071409/angebote/"
"2026-09-20 21:02 Europe/Berlin","EDEKA","E center Vieler, Schillerstraße 20-40, 52064 Aachen (최근접 지점 확인)","52062","식품","21.09.2026-26.09.2026","Speisequark","Magerstufe, 250 g Becher, (1 kg = € 2.76)","0.69","","","2.76","https://www.edeka.de/maerkte/071409/angebote/"
"2026-09-20 21:02 Europe/Berlin","EDEKA","E center Vieler, Schillerstraße 20-40, 52064 Aachen (최근접 지점 확인)","52062","음료","21.09.2026-26.09.2026","Spraga Bio Kombucha","versch. Sorten, je 0,33 l Dose zzgl. € 0.25 Pfand, (1 l = € 6.03)","1.99","","","6.03","https://www.edeka.de/maerkte/071409/angebote/"
"2026-09-20 21:02 Europe/Berlin","EDEKA","E center Vieler, Schillerstraße 20-40, 52064 Aachen (최근접 지점 확인)","52062","식품","21.09.2026-26.09.2026","Steinhaus Elsässer Flammkuchen oder Quiche Lorraine","je 350 g / 300 g Packung, (1 kg = € 8.54 / € 9.97)","2.99","","","8.54 / € 9.97","https://www.edeka.de/maerkte/071409/angebote/"
"2026-09-20 21:02 Europe/Berlin","EDEKA","E center Vieler, Schillerstraße 20-40, 52064 Aachen (최근접 지점 확인)","52062","식품","21.09.2026-26.09.2026","Steinhaus frische Pasta","versch. Sorten, je 200 g Packung, (1 kg = € 9.95)","1.99","","","9.95","https://www.edeka.de/maerkte/071409/angebote/"
"2026-09-20 21:02 Europe/Berlin","EDEKA","E center Vieler, Schillerstraße 20-40, 52064 Aachen (최근접 지점 확인)","52062","식품","21.09.2026-26.09.2026","Sülze Royal","mit einem süß-sauren Geschmack, je 100 g","1.79","","","","https://www.edeka.de/maerkte/071409/angebote/"
"2026-09-20 21:02 Europe/Berlin","EDEKA","E center Vieler, Schillerstraße 20-40, 52064 Aachen (최근접 지점 확인)","52062","식품","21.09.2026-26.09.2026","Tante Fanny Frischer Flammkuchenteig XXL, Dinkel-Flammkuchenteig oder Flammkuchenböden","je 260 g - 350 g Packung, (1 kg = ab € 5.69)","1.99","","","ab € 5.69","https://www.edeka.de/maerkte/071409/angebote/"
"2026-09-20 21:02 Europe/Berlin","EDEKA","E center Vieler, Schillerstraße 20-40, 52064 Aachen (최근접 지점 확인)","52062","식품","21.09.2026-26.09.2026","Tarczynski - Gegrilltes Hähnchenbrustfilet","je 100 g","1.99","","","","https://www.edeka.de/maerkte/071409/angebote/"
"2026-09-20 21:02 Europe/Berlin","EDEKA","E center Vieler, Schillerstraße 20-40, 52064 Aachen (최근접 지점 확인)","52062","식품","21.09.2026-26.09.2026","Tchibo Feine Milde oder entkoffeiniert","gemahlen oder ganze Bohnen, je 2 x 250 g = 500 g / 500 g Packung, (1 kg = € 15.98)","7.99","","","15.98","https://www.edeka.de/maerkte/071409/angebote/"
"2026-09-20 21:02 Europe/Berlin","EDEKA","E center Vieler, Schillerstraße 20-40, 52064 Aachen (최근접 지점 확인)","52062","식품","21.09.2026-26.09.2026","Teekanne Länder-Tee","versch. Sorten, je 20 / 18 Stück = 35 g - 55 g Packung, (1 kg = ab € 30.73)","1.69","1.49","","ab € 30.73","https://www.edeka.de/maerkte/071409/angebote/"
"2026-09-20 21:02 Europe/Berlin","EDEKA","E center Vieler, Schillerstraße 20-40, 52064 Aachen (최근접 지점 확인)","52062","식품","21.09.2026-26.09.2026","Tillman’s Toasty","tiefgefroren, der Snack zum Toasten, versch. Sorten, je 280 g Packung, (1 kg = € 10.68)","2.99","","","10.68","https://www.edeka.de/maerkte/071409/angebote/"
"2026-09-20 21:02 Europe/Berlin","EDEKA","E center Vieler, Schillerstraße 20-40, 52064 Aachen (최근접 지점 확인)","52062","식품","21.09.2026-26.09.2026","Toffifee","4 + 1 gratis = 625 g Packung, (1 kg = € 7.98)","4.99","","","7.98","https://www.edeka.de/maerkte/071409/angebote/"
"2026-09-20 21:02 Europe/Berlin","EDEKA","E center Vieler, Schillerstraße 20-40, 52064 Aachen (최근접 지점 확인)","52062","주류","21.09.2026-26.09.2026","Tullamore D.E.W.","Irish Whiskey oder Café Honey, 40% / 35% Vol., je 0,7 l Flasche, (1 l = € 19.99)","13.99","","","19.99","https://www.edeka.de/maerkte/071409/angebote/"
"2026-09-20 21:02 Europe/Berlin","EDEKA","E center Vieler, Schillerstraße 20-40, 52064 Aachen (최근접 지점 확인)","52062","식품","21.09.2026-26.09.2026","ültje Erdnüsse","versch. Sorten, je 180 g / 150 g Dose, (1 kg = € 9.39 / € 11.27)","1.69","1.39","","9.39 / € 11.27","https://www.edeka.de/maerkte/071409/angebote/"
"2026-09-20 21:02 Europe/Berlin","EDEKA","E center Vieler, Schillerstraße 20-40, 52064 Aachen (최근접 지점 확인)","52062","식품","21.09.2026-26.09.2026","Unser Bergsommer","deutscher Schnittkäse, mit Ringelblumen, Kornblumen und Rosenblüten auf der Rinde affiniert, 50% Fett i. Tr., je 100 g am Stück","2.49","","","","https://www.edeka.de/maerkte/071409/angebote/"
"2026-09-20 21:02 Europe/Berlin","EDEKA","E center Vieler, Schillerstraße 20-40, 52064 Aachen (최근접 지점 확인)","52062","음료","21.09.2026-26.09.2026","Valensina Eistee","versch. Sorten, je 1 l Flasche zzgl. € 0.25 Pfand","0.99","","","","https://www.edeka.de/maerkte/071409/angebote/"
"2026-09-20 21:02 Europe/Berlin","EDEKA","E center Vieler, Schillerstraße 20-40, 52064 Aachen (최근접 지점 확인)","52062","식품","21.09.2026-26.09.2026","Vassemer - Hähnchenbrustfilet","in Aspik, mit Mandarinen, je 100 g","1.79","","","","https://www.edeka.de/maerkte/071409/angebote/"
"2026-09-20 21:02 Europe/Berlin","EDEKA","E center Vieler, Schillerstraße 20-40, 52064 Aachen (최근접 지점 확인)","52062","음료","21.09.2026-26.09.2026","Volvic Vitamin+ oder Bio Tee","versch. Sorten, je 0,75 l Flasche zzgl. € 0.25 Pfand, (1 l = € 1.99)","1.49","","","1.99","https://www.edeka.de/maerkte/071409/angebote/"
"2026-09-20 21:02 Europe/Berlin","EDEKA","E center Vieler, Schillerstraße 20-40, 52064 Aachen (최근접 지점 확인)","52062","주류","21.09.2026-26.09.2026","Warsteiner Pilsener","versch. Sorten, je Kasten = 20 x 0,5 l / 24 x 0,33 l zzgl. € 3.10 / € 3.42 Pfand, (1 l = € 1.20 / € 1.51)","11.99","10.99","","1.20 / € 1.51","https://www.edeka.de/maerkte/071409/angebote/"
"2026-09-20 21:02 Europe/Berlin","EDEKA","E center Vieler, Schillerstraße 20-40, 52064 Aachen (최근접 지점 확인)","52062","식품","21.09.2026-26.09.2026","Weihenstephan Haltbare Milch","3,5% / 1,5% Fett, je 1 l Packung","0.99","","","","https://www.edeka.de/maerkte/071409/angebote/"
"2026-09-20 21:02 Europe/Berlin","EDEKA","E center Vieler, Schillerstraße 20-40, 52064 Aachen (최근접 지점 확인)","52062","주류","21.09.2026-26.09.2026","Wicküler Pils","je Kasten = 20 x 0,5 l / 24 x 0,33 l zzgl. € 3.10 / € 3.42 Pfand, (1 l = € 0.95 / € 1.20)","9.49","","","0.95 / € 1.20","https://www.edeka.de/maerkte/071409/angebote/"
"2026-09-20 21:02 Europe/Berlin","EDEKA","E center Vieler, Schillerstraße 20-40, 52064 Aachen (최근접 지점 확인)","52062","주류","21.09.2026-26.09.2026","Wodka Gorbatschow","37,5% Vol. auch Wodka Citron und Raspberry im Angebot, 0,7 l Flasche, (1 l = € 9.27)","6.49","","","9.27","https://www.edeka.de/maerkte/071409/angebote/"
"2026-09-20 21:02 Europe/Berlin","EDEKA","E center Vieler, Schillerstraße 20-40, 52064 Aachen (최근접 지점 확인)","52062","식품","21.09.2026-26.09.2026","Wurzelbrot","versch. Sorten, je 450 g Stück, (1 kg = € 4.42)","1.99","","","4.42","https://www.edeka.de/maerkte/071409/angebote/"
"2026-09-20 21:02 Europe/Berlin","EDEKA","E center Vieler, Schillerstraße 20-40, 52064 Aachen (최근접 지점 확인)","52062","식품","21.09.2026-26.09.2026","Zarte Schinkenschnitzel, zarter Schinkenbraten oder zartes Schinkengulasch","je 1 kg","6.66","","","","https://www.edeka.de/maerkte/071409/angebote/"
"2026-09-20 21:02 Europe/Berlin","EDEKA","E center Vieler, Schillerstraße 20-40, 52064 Aachen (최근접 지점 확인)","52062","식품","21.09.2026-26.09.2026","Zartes Gulasch","aus der Keule geschnitten, deutsches Jungbullenfleisch, je 1 kg","16.90","","","","https://www.edeka.de/maerkte/071409/angebote/"
"2026-09-20 21:02 Europe/Berlin","EDEKA","E center Vieler, Schillerstraße 20-40, 52064 Aachen (최근접 지점 확인)","52062","식품","21.09.2026-26.09.2026","Zott Monte","versch. Sorten, je 400 g / 232 g Packung / Becher, (1 kg = € 3.98 / € 6.85)","1.59","1.39","","3.98 / € 6.85","https://www.edeka.de/maerkte/071409/angebote/"
"2026-09-20 21:02 Europe/Berlin","EDEKA","E center Vieler, Schillerstraße 20-40, 52064 Aachen (최근접 지점 확인)","52062","식품","21.09.2026-26.09.2026","Zott Sahnejoghurt","versch. Sorten auch Zott Pure Joy vegan im Angebot, je 140 g Becher, (1 kg = € 3.50)","0.49","0.39","","3.50","https://www.edeka.de/maerkte/071409/angebote/"
"2026-09-20 21:02 Europe/Berlin","EDEKA","E center Vieler, Schillerstraße 20-40, 52064 Aachen (최근접 지점 확인)","52062","식품","21.09.2026-26.09.2026","Zuivelhoeve Vla","Vanille oder Vanille & Schoko, je 800 g Becher, (1 kg = € 3.11)","2.49","","","3.11","https://www.edeka.de/maerkte/071409/angebote/"
"2026-09-20 21:02 Europe/Berlin","EDEKA","E center Vieler, Schillerstraße 20-40, 52064 Aachen (최근접 지점 확인)","52062","식품","21.09.2026-26.09.2026","Zum Dorfkrug Grütze oder Pudding","versch. Sorten, je 375 g / 360 g Glas, (1 kg = € 5.31 / € 5.53)","1.99","","","5.31 / € 5.53","https://www.edeka.de/maerkte/071409/angebote/"
"2026-09-20 21:02 Europe/Berlin","EDEKA","E center Vieler, Schillerstraße 20-40, 52064 Aachen (최근접 지점 확인)","52062","식품","21.09.2026-26.09.2026","Zum Dorfkrug Salatsauce","versch. Sorten, je 250 ml Flasche, (1 l = € 7.16)","1.79","","","7.16","https://www.edeka.de/maerkte/071409/angebote/"
"2026-09-20 21:02 Europe/Berlin","Lidl","Lidl, Marler Str. 4, 40472 Düsseldorf (최근접 전단 지점, 지점별 가격 미확인)","40468","주류","21.09.2026-26.09.2026","APEROL","11% vol., 1,5 l","18.99","","","12,66 €/l","https://assets.leaflets.schwarz/leaflets/pdfs/01a0907e-1d3e-7b25-8bed-767cb5a5d447/Aktionsprospekt-21-09-2026-26-09-2026-03.pdf"
"2026-09-20 21:02 Europe/Berlin","Lidl","Lidl, Marler Str. 4, 40472 Düsseldorf (최근접 전단 지점, 지점별 가격 미확인)","40468","음료","21.09.2026-26.09.2026","BÄRENMARKE Haltbare Milch","3,5% oder 1,5% Fett, 1 l","0.95","","36%","0,95 €/l","https://assets.leaflets.schwarz/leaflets/pdfs/01a0907e-1d3e-7b25-8bed-767cb5a5d447/Aktionsprospekt-21-09-2026-26-09-2026-03.pdf"
"2026-09-20 21:02 Europe/Berlin","Lidl","Lidl, Marler Str. 4, 40472 Düsseldorf (최근접 전단 지점, 지점별 가격 미확인)","40468","식품","24.09.2026-26.09.2026","BON GELATI Eis-Croissant","versch. Sorten, 200 g","2.99","","","14,95 €/kg","https://assets.leaflets.schwarz/leaflets/pdfs/01a0907e-1d3e-7b25-8bed-767cb5a5d447/Aktionsprospekt-21-09-2026-26-09-2026-03.pdf"
"2026-09-20 21:02 Europe/Berlin","Lidl","Lidl, Marler Str. 4, 40472 Düsseldorf (최근접 전단 지점, 지점별 가격 미확인)","40468","음료","21.09.2026-26.09.2026","COCA-COLA / FANTA / MEZZO MIX / SPRITE","versch. Sorten, teilweise koffeinhaltig, 1,25 l, zzgl. Pfand","1.19","0.99","","0,95 €/l","https://assets.leaflets.schwarz/leaflets/pdfs/01a0907e-1d3e-7b25-8bed-767cb5a5d447/Aktionsprospekt-21-09-2026-26-09-2026-03.pdf"
"2026-09-20 21:02 Europe/Berlin","Lidl","Lidl, Marler Str. 4, 40472 Düsseldorf (최근접 전단 지점, 지점별 가격 미확인)","40468","식품","21.09.2026-26.09.2026","Deutscher Mini Romana Salat","Klasse I, 2 Stück","0.66","","33%","","https://assets.leaflets.schwarz/leaflets/pdfs/01a0907e-1d3e-7b25-8bed-767cb5a5d447/Aktionsprospekt-21-09-2026-26-09-2026-03.pdf"
"2026-09-20 21:02 Europe/Berlin","Lidl","Lidl, Marler Str. 4, 40472 Düsseldorf (최근접 전단 지점, 지점별 가격 미확인)","40468","식품","21.09.2026-26.09.2026","ITALIAMO Kirschtomatensauce","330 g; Normalpreis 1,19 €","1.19","0.99","16%","3,61 €/kg","https://assets.leaflets.schwarz/leaflets/pdfs/01a0907e-1d3e-7b25-8bed-767cb5a5d447/Aktionsprospekt-21-09-2026-26-09-2026-03.pdf"
"2026-09-20 21:02 Europe/Berlin","Lidl","Lidl, Marler Str. 4, 40472 Düsseldorf (최근접 전단 지점, 지점별 가격 미확인)","40468","식품","21.09.2026-26.09.2026","Rote Paprika","Ursprung Spanien/Niederlande, Klasse I, 500 g","1.19","","","2,38 €/kg","https://assets.leaflets.schwarz/leaflets/pdfs/01a0907e-1d3e-7b25-8bed-767cb5a5d447/Aktionsprospekt-21-09-2026-26-09-2026-03.pdf"
"2026-09-20 21:02 Europe/Berlin","Lidl","Lidl, Marler Str. 4, 40472 Düsseldorf (최근접 전단 지점, 지점별 가격 미확인)","40468","주류","21.09.2026-26.09.2026","SMIRNOFF Vodka No. 21","37,5% vol., 0,7 l","13.99","","","19,99 €/l","https://assets.leaflets.schwarz/leaflets/pdfs/01a0907e-1d3e-7b25-8bed-767cb5a5d447/Aktionsprospekt-21-09-2026-26-09-2026-03.pdf"
"2026-09-20 21:02 Europe/Berlin","Lidl","Lidl, Pfarrer-Holl-Weg 21, 40489 Düsseldorf (최근접 전단 지점, 지점별 가격 미확인)","40474","주류","21.09.2026-26.09.2026","APEROL","11% vol., 1,5 l","18.99","","","12,66 €/l","https://assets.leaflets.schwarz/leaflets/pdfs/01a0907e-1d3e-7b25-8bed-767cb5a5d447/Aktionsprospekt-21-09-2026-26-09-2026-03.pdf"
"2026-09-20 21:02 Europe/Berlin","Lidl","Lidl, Pfarrer-Holl-Weg 21, 40489 Düsseldorf (최근접 전단 지점, 지점별 가격 미확인)","40474","음료","21.09.2026-26.09.2026","BÄRENMARKE Haltbare Milch","3,5% oder 1,5% Fett, 1 l","0.95","","36%","0,95 €/l","https://assets.leaflets.schwarz/leaflets/pdfs/01a0907e-1d3e-7b25-8bed-767cb5a5d447/Aktionsprospekt-21-09-2026-26-09-2026-03.pdf"
"2026-09-20 21:02 Europe/Berlin","Lidl","Lidl, Pfarrer-Holl-Weg 21, 40489 Düsseldorf (최근접 전단 지점, 지점별 가격 미확인)","40474","식품","24.09.2026-26.09.2026","BON GELATI Eis-Croissant","versch. Sorten, 200 g","2.99","","","14,95 €/kg","https://assets.leaflets.schwarz/leaflets/pdfs/01a0907e-1d3e-7b25-8bed-767cb5a5d447/Aktionsprospekt-21-09-2026-26-09-2026-03.pdf"
"2026-09-20 21:02 Europe/Berlin","Lidl","Lidl, Pfarrer-Holl-Weg 21, 40489 Düsseldorf (최근접 전단 지점, 지점별 가격 미확인)","40474","음료","21.09.2026-26.09.2026","COCA-COLA / FANTA / MEZZO MIX / SPRITE","versch. Sorten, teilweise koffeinhaltig, 1,25 l, zzgl. Pfand","1.19","0.99","","0,95 €/l","https://assets.leaflets.schwarz/leaflets/pdfs/01a0907e-1d3e-7b25-8bed-767cb5a5d447/Aktionsprospekt-21-09-2026-26-09-2026-03.pdf"
"2026-09-20 21:02 Europe/Berlin","Lidl","Lidl, Pfarrer-Holl-Weg 21, 40489 Düsseldorf (최근접 전단 지점, 지점별 가격 미확인)","40474","식품","21.09.2026-26.09.2026","Deutscher Mini Romana Salat","Klasse I, 2 Stück","0.66","","33%","","https://assets.leaflets.schwarz/leaflets/pdfs/01a0907e-1d3e-7b25-8bed-767cb5a5d447/Aktionsprospekt-21-09-2026-26-09-2026-03.pdf"
"2026-09-20 21:02 Europe/Berlin","Lidl","Lidl, Pfarrer-Holl-Weg 21, 40489 Düsseldorf (최근접 전단 지점, 지점별 가격 미확인)","40474","식품","21.09.2026-26.09.2026","ITALIAMO Kirschtomatensauce","330 g; Normalpreis 1,19 €","1.19","0.99","16%","3,61 €/kg","https://assets.leaflets.schwarz/leaflets/pdfs/01a0907e-1d3e-7b25-8bed-767cb5a5d447/Aktionsprospekt-21-09-2026-26-09-2026-03.pdf"
"2026-09-20 21:02 Europe/Berlin","Lidl","Lidl, Pfarrer-Holl-Weg 21, 40489 Düsseldorf (최근접 전단 지점, 지점별 가격 미확인)","40474","식품","21.09.2026-26.09.2026","Rote Paprika","Ursprung Spanien/Niederlande, Klasse I, 500 g","1.19","","","2,38 €/kg","https://assets.leaflets.schwarz/leaflets/pdfs/01a0907e-1d3e-7b25-8bed-767cb5a5d447/Aktionsprospekt-21-09-2026-26-09-2026-03.pdf"
"2026-09-20 21:02 Europe/Berlin","Lidl","Lidl, Pfarrer-Holl-Weg 21, 40489 Düsseldorf (최근접 전단 지점, 지점별 가격 미확인)","40474","주류","21.09.2026-26.09.2026","SMIRNOFF Vodka No. 21","37,5% vol., 0,7 l","13.99","","","19,99 €/l","https://assets.leaflets.schwarz/leaflets/pdfs/01a0907e-1d3e-7b25-8bed-767cb5a5d447/Aktionsprospekt-21-09-2026-26-09-2026-03.pdf"
"2026-09-20 21:02 Europe/Berlin","Lidl","Lidl, Huckarder Allee 27, 44369 Dortmund (공식 전단 기준, 지점별 가격 미확인)","44369","주류","21.09.2026-26.09.2026","APEROL","11% vol., 1,5 l","18.99","","","12,66 €/l","https://assets.leaflets.schwarz/leaflets/pdfs/01a0907e-1d3e-7b25-8bed-767cb5a5d447/Aktionsprospekt-21-09-2026-26-09-2026-03.pdf"
"2026-09-20 21:02 Europe/Berlin","Lidl","Lidl, Huckarder Allee 27, 44369 Dortmund (공식 전단 기준, 지점별 가격 미확인)","44369","음료","21.09.2026-26.09.2026","BÄRENMARKE Haltbare Milch","3,5% oder 1,5% Fett, 1 l","0.95","","36%","0,95 €/l","https://assets.leaflets.schwarz/leaflets/pdfs/01a0907e-1d3e-7b25-8bed-767cb5a5d447/Aktionsprospekt-21-09-2026-26-09-2026-03.pdf"
"2026-09-20 21:02 Europe/Berlin","Lidl","Lidl, Huckarder Allee 27, 44369 Dortmund (공식 전단 기준, 지점별 가격 미확인)","44369","식품","24.09.2026-26.09.2026","BON GELATI Eis-Croissant","versch. Sorten, 200 g","2.99","","","14,95 €/kg","https://assets.leaflets.schwarz/leaflets/pdfs/01a0907e-1d3e-7b25-8bed-767cb5a5d447/Aktionsprospekt-21-09-2026-26-09-2026-03.pdf"
"2026-09-20 21:02 Europe/Berlin","Lidl","Lidl, Huckarder Allee 27, 44369 Dortmund (공식 전단 기준, 지점별 가격 미확인)","44369","음료","21.09.2026-26.09.2026","COCA-COLA / FANTA / MEZZO MIX / SPRITE","versch. Sorten, teilweise koffeinhaltig, 1,25 l, zzgl. Pfand","1.19","0.99","","0,95 €/l","https://assets.leaflets.schwarz/leaflets/pdfs/01a0907e-1d3e-7b25-8bed-767cb5a5d447/Aktionsprospekt-21-09-2026-26-09-2026-03.pdf"
"2026-09-20 21:02 Europe/Berlin","Lidl","Lidl, Huckarder Allee 27, 44369 Dortmund (공식 전단 기준, 지점별 가격 미확인)","44369","식품","21.09.2026-26.09.2026","Deutscher Mini Romana Salat","Klasse I, 2 Stück","0.66","","33%","","https://assets.leaflets.schwarz/leaflets/pdfs/01a0907e-1d3e-7b25-8bed-767cb5a5d447/Aktionsprospekt-21-09-2026-26-09-2026-03.pdf"
"2026-09-20 21:02 Europe/Berlin","Lidl","Lidl, Huckarder Allee 27, 44369 Dortmund (공식 전단 기준, 지점별 가격 미확인)","44369","식품","21.09.2026-26.09.2026","ITALIAMO Kirschtomatensauce","330 g; Normalpreis 1,19 €","1.19","0.99","16%","3,61 €/kg","https://assets.leaflets.schwarz/leaflets/pdfs/01a0907e-1d3e-7b25-8bed-767cb5a5d447/Aktionsprospekt-21-09-2026-26-09-2026-03.pdf"
"2026-09-20 21:02 Europe/Berlin","Lidl","Lidl, Huckarder Allee 27, 44369 Dortmund (공식 전단 기준, 지점별 가격 미확인)","44369","식품","21.09.2026-26.09.2026","Rote Paprika","Ursprung Spanien/Niederlande, Klasse I, 500 g","1.19","","","2,38 €/kg","https://assets.leaflets.schwarz/leaflets/pdfs/01a0907e-1d3e-7b25-8bed-767cb5a5d447/Aktionsprospekt-21-09-2026-26-09-2026-03.pdf"
"2026-09-20 21:02 Europe/Berlin","Lidl","Lidl, Huckarder Allee 27, 44369 Dortmund (공식 전단 기준, 지점별 가격 미확인)","44369","주류","21.09.2026-26.09.2026","SMIRNOFF Vodka No. 21","37,5% vol., 0,7 l","13.99","","","19,99 €/l","https://assets.leaflets.schwarz/leaflets/pdfs/01a0907e-1d3e-7b25-8bed-767cb5a5d447/Aktionsprospekt-21-09-2026-26-09-2026-03.pdf"
"2026-09-20 21:02 Europe/Berlin","Lidl","Lidl, Eynattener Str. 26, 52064 Aachen (최근접 전단 지점, 지점별 가격 미확인)","52062","주류","21.09.2026-26.09.2026","APEROL","11% vol., 1,5 l","18.99","","","12,66 €/l","https://assets.leaflets.schwarz/leaflets/pdfs/01a0907e-1d3e-7b25-8bed-767cb5a5d447/Aktionsprospekt-21-09-2026-26-09-2026-03.pdf"
"2026-09-20 21:02 Europe/Berlin","Lidl","Lidl, Eynattener Str. 26, 52064 Aachen (최근접 전단 지점, 지점별 가격 미확인)","52062","음료","21.09.2026-26.09.2026","BÄRENMARKE Haltbare Milch","3,5% oder 1,5% Fett, 1 l","0.95","","36%","0,95 €/l","https://assets.leaflets.schwarz/leaflets/pdfs/01a0907e-1d3e-7b25-8bed-767cb5a5d447/Aktionsprospekt-21-09-2026-26-09-2026-03.pdf"
"2026-09-20 21:02 Europe/Berlin","Lidl","Lidl, Eynattener Str. 26, 52064 Aachen (최근접 전단 지점, 지점별 가격 미확인)","52062","식품","24.09.2026-26.09.2026","BON GELATI Eis-Croissant","versch. Sorten, 200 g","2.99","","","14,95 €/kg","https://assets.leaflets.schwarz/leaflets/pdfs/01a0907e-1d3e-7b25-8bed-767cb5a5d447/Aktionsprospekt-21-09-2026-26-09-2026-03.pdf"
"2026-09-20 21:02 Europe/Berlin","Lidl","Lidl, Eynattener Str. 26, 52064 Aachen (최근접 전단 지점, 지점별 가격 미확인)","52062","음료","21.09.2026-26.09.2026","COCA-COLA / FANTA / MEZZO MIX / SPRITE","versch. Sorten, teilweise koffeinhaltig, 1,25 l, zzgl. Pfand","1.19","0.99","","0,95 €/l","https://assets.leaflets.schwarz/leaflets/pdfs/01a0907e-1d3e-7b25-8bed-767cb5a5d447/Aktionsprospekt-21-09-2026-26-09-2026-03.pdf"
"2026-09-20 21:02 Europe/Berlin","Lidl","Lidl, Eynattener Str. 26, 52064 Aachen (최근접 전단 지점, 지점별 가격 미확인)","52062","식품","21.09.2026-26.09.2026","Deutscher Mini Romana Salat","Klasse I, 2 Stück","0.66","","33%","","https://assets.leaflets.schwarz/leaflets/pdfs/01a0907e-1d3e-7b25-8bed-767cb5a5d447/Aktionsprospekt-21-09-2026-26-09-2026-03.pdf"
"2026-09-20 21:02 Europe/Berlin","Lidl","Lidl, Eynattener Str. 26, 52064 Aachen (최근접 전단 지점, 지점별 가격 미확인)","52062","식품","21.09.2026-26.09.2026","ITALIAMO Kirschtomatensauce","330 g; Normalpreis 1,19 €","1.19","0.99","16%","3,61 €/kg","https://assets.leaflets.schwarz/leaflets/pdfs/01a0907e-1d3e-7b25-8bed-767cb5a5d447/Aktionsprospekt-21-09-2026-26-09-2026-03.pdf"
"2026-09-20 21:02 Europe/Berlin","Lidl","Lidl, Eynattener Str. 26, 52064 Aachen (최근접 전단 지점, 지점별 가격 미확인)","52062","식품","21.09.2026-26.09.2026","Rote Paprika","Ursprung Spanien/Niederlande, Klasse I, 500 g","1.19","","","2,38 €/kg","https://assets.leaflets.schwarz/leaflets/pdfs/01a0907e-1d3e-7b25-8bed-767cb5a5d447/Aktionsprospekt-21-09-2026-26-09-2026-03.pdf"
"2026-09-20 21:02 Europe/Berlin","Lidl","Lidl, Eynattener Str. 26, 52064 Aachen (최근접 전단 지점, 지점별 가격 미확인)","52062","주류","21.09.2026-26.09.2026","SMIRNOFF Vodka No. 21","37,5% vol., 0,7 l","13.99","","","19,99 €/l","https://assets.leaflets.schwarz/leaflets/pdfs/01a0907e-1d3e-7b25-8bed-767cb5a5d447/Aktionsprospekt-21-09-2026-26-09-2026-03.pdf"
"2026-09-20 21:02 Europe/Berlin","Netto Marken-Discount","Netto Marken-Discount, Unterrather Str. 108, 40468 Düsseldorf (공식 전단 기준, 지점별 가격 미확인)","40468","식품","21.09.2026-26.09.2026","Äpfel rot","Deutschland/Italien, Kl. II, 2-kg-Beutel","1.49","","40%","0,75 €/kg","https://view.publitas.com/100989/3369537/pdfs/f25b959d-f629-4b78-acc6-486baf63e3f0.pdf?response-content-disposition=attachment%3B+filename%2A%3DUTF-8%27%27Wochenprospekte%2520-%2520hz39_krsb_grpb372c68fdee8649379e1.pdf"
"2026-09-20 21:02 Europe/Berlin","Netto Marken-Discount","Netto Marken-Discount, Unterrather Str. 108, 40468 Düsseldorf (공식 전단 기준, 지점별 가격 미확인)","40468","식품","21.09.2026-26.09.2026","Blumenkohl","Deutschland, Kl. I, Stück","1.49","","16%","","https://view.publitas.com/100989/3369537/pdfs/f25b959d-f629-4b78-acc6-486baf63e3f0.pdf?response-content-disposition=attachment%3B+filename%2A%3DUTF-8%27%27Wochenprospekte%2520-%2520hz39_krsb_grpb372c68fdee8649379e1.pdf"
"2026-09-20 21:02 Europe/Berlin","Netto Marken-Discount","Netto Marken-Discount, Unterrather Str. 108, 40468 Düsseldorf (공식 전단 기준, 지점별 가격 미확인)","40468","식품","21.09.2026-26.09.2026","Broccoli","Deutschland, Kl. I, 500 g","1.39","","22%","2,78 €/kg","https://view.publitas.com/100989/3369537/pdfs/f25b959d-f629-4b78-acc6-486baf63e3f0.pdf?response-content-disposition=attachment%3B+filename%2A%3DUTF-8%27%27Wochenprospekte%2520-%2520hz39_krsb_grpb372c68fdee8649379e1.pdf"
"2026-09-20 21:02 Europe/Berlin","Netto Marken-Discount","Netto Marken-Discount, Unterrather Str. 108, 40468 Düsseldorf (공식 전단 기준, 지점별 가격 미확인)","40468","식품","21.09.2026-26.09.2026","Buschbohnen","Deutschland, Kl. I, 500 g","1.11","","25%","2,22 €/kg","https://view.publitas.com/100989/3369537/pdfs/f25b959d-f629-4b78-acc6-486baf63e3f0.pdf?response-content-disposition=attachment%3B+filename%2A%3DUTF-8%27%27Wochenprospekte%2520-%2520hz39_krsb_grpb372c68fdee8649379e1.pdf"
"2026-09-20 21:02 Europe/Berlin","Netto Marken-Discount","Netto Marken-Discount, Unterrather Str. 108, 40468 Düsseldorf (공식 전단 기준, 지점별 가격 미확인)","40468","식품","21.09.2026-26.09.2026","Butternut Kürbis","Deutschland, 1 kg","0.99","","28%","","https://view.publitas.com/100989/3369537/pdfs/f25b959d-f629-4b78-acc6-486baf63e3f0.pdf?response-content-disposition=attachment%3B+filename%2A%3DUTF-8%27%27Wochenprospekte%2520-%2520hz39_krsb_grpb372c68fdee8649379e1.pdf"
"2026-09-20 21:02 Europe/Berlin","Netto Marken-Discount","Netto Marken-Discount, Unterrather Str. 108, 40468 Düsseldorf (공식 전단 기준, 지점별 가격 미확인)","40468","식품","21.09.2026-26.09.2026","Champignons weiß","Polen, Kl. I, 400-g-Schale","2.29","","23%","4,23 €/kg","https://view.publitas.com/100989/3369537/pdfs/f25b959d-f629-4b78-acc6-486baf63e3f0.pdf?response-content-disposition=attachment%3B+filename%2A%3DUTF-8%27%27Wochenprospekte%2520-%2520hz39_krsb_grpb372c68fdee8649379e1.pdf"
"2026-09-20 21:02 Europe/Berlin","Netto Marken-Discount","Netto Marken-Discount, Unterrather Str. 108, 40468 Düsseldorf (공식 전단 기준, 지점별 가격 미확인)","40468","식품","21.09.2026-26.09.2026","Chinakohl","Deutschland, Kl. I, 1 kg","1.49","","25%","","https://view.publitas.com/100989/3369537/pdfs/f25b959d-f629-4b78-acc6-486baf63e3f0.pdf?response-content-disposition=attachment%3B+filename%2A%3DUTF-8%27%27Wochenprospekte%2520-%2520hz39_krsb_grpb372c68fdee8649379e1.pdf"
"2026-09-20 21:02 Europe/Berlin","Netto Marken-Discount","Netto Marken-Discount, Unterrather Str. 108, 40468 Düsseldorf (공식 전단 기준, 지점별 가격 미확인)","40468","식품","22.09.2026-22.09.2026","Feigen frisch","Türkei, Kl. I, Stück","0.33","","32%","","https://view.publitas.com/100989/3369537/pdfs/f25b959d-f629-4b78-acc6-486baf63e3f0.pdf?response-content-disposition=attachment%3B+filename%2A%3DUTF-8%27%27Wochenprospekte%2520-%2520hz39_krsb_grpb372c68fdee8649379e1.pdf"
"2026-09-20 21:02 Europe/Berlin","Netto Marken-Discount","Netto Marken-Discount, Unterrather Str. 108, 40468 Düsseldorf (공식 전단 기준, 지점별 가격 미확인)","40468","식품","21.09.2026-26.09.2026","Himbeeren","Marokko/Portugal, Kl. I, 125-g-Schale","1.99","","13%","15,92 €/kg","https://view.publitas.com/100989/3369537/pdfs/f25b959d-f629-4b78-acc6-486baf63e3f0.pdf?response-content-disposition=attachment%3B+filename%2A%3DUTF-8%27%27Wochenprospekte%2520-%2520hz39_krsb_grpb372c68fdee8649379e1.pdf"
"2026-09-20 21:02 Europe/Berlin","Netto Marken-Discount","Netto Marken-Discount, Unterrather Str. 108, 40468 Düsseldorf (공식 전단 기준, 지점별 가격 미확인)","40468","식품","21.09.2026-26.09.2026","Hokkaido-Kürbis","Deutschland, 1 kg","0.79","","43%","","https://view.publitas.com/100989/3369537/pdfs/f25b959d-f629-4b78-acc6-486baf63e3f0.pdf?response-content-disposition=attachment%3B+filename%2A%3DUTF-8%27%27Wochenprospekte%2520-%2520hz39_krsb_grpb372c68fdee8649379e1.pdf"
"2026-09-20 21:02 Europe/Berlin","Netto Marken-Discount","Netto Marken-Discount, Unterrather Str. 108, 40468 Düsseldorf (공식 전단 기준, 지점별 가격 미확인)","40468","식품","21.09.2026-26.09.2026","Johannisbeeren","Deutschland, Kl. I, 200-g-Schale","1.99","","26%","9,95 €/kg","https://view.publitas.com/100989/3369537/pdfs/f25b959d-f629-4b78-acc6-486baf63e3f0.pdf?response-content-disposition=attachment%3B+filename%2A%3DUTF-8%27%27Wochenprospekte%2520-%2520hz39_krsb_grpb372c68fdee8649379e1.pdf"
"2026-09-20 21:02 Europe/Berlin","Netto Marken-Discount","Netto Marken-Discount, Unterrather Str. 108, 40468 Düsseldorf (공식 전단 기준, 지점별 가격 미확인)","40468","식품","21.09.2026-26.09.2026","Kopfsalat","Deutschland, Kl. I, Stück","1.29","","13%","","https://view.publitas.com/100989/3369537/pdfs/f25b959d-f629-4b78-acc6-486baf63e3f0.pdf?response-content-disposition=attachment%3B+filename%2A%3DUTF-8%27%27Wochenprospekte%2520-%2520hz39_krsb_grpb372c68fdee8649379e1.pdf"
"2026-09-20 21:02 Europe/Berlin","Netto Marken-Discount","Netto Marken-Discount, Unterrather Str. 108, 40468 Düsseldorf (공식 전단 기준, 지점별 가격 미확인)","40468","식품","21.09.2026-26.09.2026","Lauchzwiebeln","Deutschland, Bund","0.49","","28%","","https://view.publitas.com/100989/3369537/pdfs/f25b959d-f629-4b78-acc6-486baf63e3f0.pdf?response-content-disposition=attachment%3B+filename%2A%3DUTF-8%27%27Wochenprospekte%2520-%2520hz39_krsb_grpb372c68fdee8649379e1.pdf"
"2026-09-20 21:02 Europe/Berlin","Netto Marken-Discount","Netto Marken-Discount, Unterrather Str. 108, 40468 Düsseldorf (공식 전단 기준, 지점별 가격 미확인)","40468","식품","21.09.2026-26.09.2026","Mango","Brasilien, Kl. I, Stück","0.99","","33%","","https://view.publitas.com/100989/3369537/pdfs/f25b959d-f629-4b78-acc6-486baf63e3f0.pdf?response-content-disposition=attachment%3B+filename%2A%3DUTF-8%27%27Wochenprospekte%2520-%2520hz39_krsb_grpb372c68fdee8649379e1.pdf"
"2026-09-20 21:02 Europe/Berlin","Netto Marken-Discount","Netto Marken-Discount, Unterrather Str. 108, 40468 Düsseldorf (공식 전단 기준, 지점별 가격 미확인)","40468","식품","21.09.2026-26.09.2026","Mini Rispentomaten","Deutschland, Kl. I, 350-g-Schale","2.22","","17%","6,34 €/kg","https://view.publitas.com/100989/3369537/pdfs/f25b959d-f629-4b78-acc6-486baf63e3f0.pdf?response-content-disposition=attachment%3B+filename%2A%3DUTF-8%27%27Wochenprospekte%2520-%2520hz39_krsb_grpb372c68fdee8649379e1.pdf"
"2026-09-20 21:02 Europe/Berlin","Netto Marken-Discount","Netto Marken-Discount, Unterrather Str. 108, 40468 Düsseldorf (공식 전단 기준, 지점별 가격 미확인)","40468","식품","21.09.2026-26.09.2026","Möhren","Deutschland, Kl. I, 2-kg-Beutel","1.29","","27%","0,65 €/kg","https://view.publitas.com/100989/3369537/pdfs/f25b959d-f629-4b78-acc6-486baf63e3f0.pdf?response-content-disposition=attachment%3B+filename%2A%3DUTF-8%27%27Wochenprospekte%2520-%2520hz39_krsb_grpb372c68fdee8649379e1.pdf"
"2026-09-20 21:02 Europe/Berlin","Netto Marken-Discount","Netto Marken-Discount, Unterrather Str. 108, 40468 Düsseldorf (공식 전단 기준, 지점별 가격 미확인)","40468","식품","23.09.2026-23.09.2026","Passionsfrüchte","Kolumbien, 3 Stück","1.29","","35%","","https://view.publitas.com/100989/3369537/pdfs/f25b959d-f629-4b78-acc6-486baf63e3f0.pdf?response-content-disposition=attachment%3B+filename%2A%3DUTF-8%27%27Wochenprospekte%2520-%2520hz39_krsb_grpb372c68fdee8649379e1.pdf"
"2026-09-20 21:02 Europe/Berlin","Netto Marken-Discount","Netto Marken-Discount, Unterrather Str. 108, 40468 Düsseldorf (공식 전단 기준, 지점별 가격 미확인)","40468","식품","21.09.2026-26.09.2026","Radieschen","Deutschland, Kl. I, Bund","0.49","","28%","","https://view.publitas.com/100989/3369537/pdfs/f25b959d-f629-4b78-acc6-486baf63e3f0.pdf?response-content-disposition=attachment%3B+filename%2A%3DUTF-8%27%27Wochenprospekte%2520-%2520hz39_krsb_grpb372c68fdee8649379e1.pdf"
"2026-09-20 21:02 Europe/Berlin","Netto Marken-Discount","Netto Marken-Discount, Unterrather Str. 108, 40468 Düsseldorf (공식 전단 기준, 지점별 가격 미확인)","40468","식품","21.09.2026-26.09.2026","Rispentomaten","Niederlande, Kl. I, 1 kg","1.69","","15%","","https://view.publitas.com/100989/3369537/pdfs/f25b959d-f629-4b78-acc6-486baf63e3f0.pdf?response-content-disposition=attachment%3B+filename%2A%3DUTF-8%27%27Wochenprospekte%2520-%2520hz39_krsb_grpb372c68fdee8649379e1.pdf"
"2026-09-20 21:02 Europe/Berlin","Netto Marken-Discount","Netto Marken-Discount, Unterrather Str. 108, 40468 Düsseldorf (공식 전단 기준, 지점별 가격 미확인)","40468","식품","21.09.2026-26.09.2026","Rotkohl","Deutschland, Kl. I, 1 kg","0.79","","33%","","https://view.publitas.com/100989/3369537/pdfs/f25b959d-f629-4b78-acc6-486baf63e3f0.pdf?response-content-disposition=attachment%3B+filename%2A%3DUTF-8%27%27Wochenprospekte%2520-%2520hz39_krsb_grpb372c68fdee8649379e1.pdf"
"2026-09-20 21:02 Europe/Berlin","Netto Marken-Discount","Netto Marken-Discount, Unterrather Str. 108, 40468 Düsseldorf (공식 전단 기준, 지점별 가격 미확인)","40468","식품","21.09.2026-26.09.2026","Sellerie mit Grün","Deutschland, Kl. I, Stück","0.99","","28%","","https://view.publitas.com/100989/3369537/pdfs/f25b959d-f629-4b78-acc6-486baf63e3f0.pdf?response-content-disposition=attachment%3B+filename%2A%3DUTF-8%27%27Wochenprospekte%2520-%2520hz39_krsb_grpb372c68fdee8649379e1.pdf"
"2026-09-20 21:02 Europe/Berlin","Netto Marken-Discount","Netto Marken-Discount, Unterrather Str. 108, 40468 Düsseldorf (공식 전단 기준, 지점별 가격 미확인)","40468","식품","21.09.2026-26.09.2026","Weißkohl","Deutschland, Kl. I, 1 kg","0.79","","20%","","https://view.publitas.com/100989/3369537/pdfs/f25b959d-f629-4b78-acc6-486baf63e3f0.pdf?response-content-disposition=attachment%3B+filename%2A%3DUTF-8%27%27Wochenprospekte%2520-%2520hz39_krsb_grpb372c68fdee8649379e1.pdf"
"2026-09-20 21:02 Europe/Berlin","Netto Marken-Discount","Netto Marken-Discount, Unterrather Str. 108, 40468 Düsseldorf (공식 전단 기준, 지점별 가격 미확인)","40468","식품","21.09.2026-26.09.2026","Zwetschgen","Deutschland, Kl. I, Sorte Baronesse, 500-g-Schale","2.49","","16%","4,98 €/kg","https://view.publitas.com/100989/3369537/pdfs/f25b959d-f629-4b78-acc6-486baf63e3f0.pdf?response-content-disposition=attachment%3B+filename%2A%3DUTF-8%27%27Wochenprospekte%2520-%2520hz39_krsb_grpb372c68fdee8649379e1.pdf"
"2026-09-20 21:02 Europe/Berlin","Netto Marken-Discount","Netto Marken-Discount, Unterrather Str. 108, 40468 Düsseldorf (공식 전단 기준, 지점별 가격 미확인)","40468","식품","21.09.2026-26.09.2026","Zwiebeln","Deutschland, Kl. II, 3-kg-Sack","2.49","","28%","0,83 €/kg","https://view.publitas.com/100989/3369537/pdfs/f25b959d-f629-4b78-acc6-486baf63e3f0.pdf?response-content-disposition=attachment%3B+filename%2A%3DUTF-8%27%27Wochenprospekte%2520-%2520hz39_krsb_grpb372c68fdee8649379e1.pdf"
"2026-09-20 21:02 Europe/Berlin","Netto Marken-Discount","Netto Marken-Discount, Unterrather Str. 108, 40468 Düsseldorf (40474 최근접 전단 지점, 지점별 가격 미확인)","40474","식품","21.09.2026-26.09.2026","Äpfel rot","Deutschland/Italien, Kl. II, 2-kg-Beutel","1.49","","40%","0,75 €/kg","https://view.publitas.com/100989/3369537/pdfs/f25b959d-f629-4b78-acc6-486baf63e3f0.pdf?response-content-disposition=attachment%3B+filename%2A%3DUTF-8%27%27Wochenprospekte%2520-%2520hz39_krsb_grpb372c68fdee8649379e1.pdf"
"2026-09-20 21:02 Europe/Berlin","Netto Marken-Discount","Netto Marken-Discount, Unterrather Str. 108, 40468 Düsseldorf (40474 최근접 전단 지점, 지점별 가격 미확인)","40474","식품","21.09.2026-26.09.2026","Blumenkohl","Deutschland, Kl. I, Stück","1.49","","16%","","https://view.publitas.com/100989/3369537/pdfs/f25b959d-f629-4b78-acc6-486baf63e3f0.pdf?response-content-disposition=attachment%3B+filename%2A%3DUTF-8%27%27Wochenprospekte%2520-%2520hz39_krsb_grpb372c68fdee8649379e1.pdf"
"2026-09-20 21:02 Europe/Berlin","Netto Marken-Discount","Netto Marken-Discount, Unterrather Str. 108, 40468 Düsseldorf (40474 최근접 전단 지점, 지점별 가격 미확인)","40474","식품","21.09.2026-26.09.2026","Broccoli","Deutschland, Kl. I, 500 g","1.39","","22%","2,78 €/kg","https://view.publitas.com/100989/3369537/pdfs/f25b959d-f629-4b78-acc6-486baf63e3f0.pdf?response-content-disposition=attachment%3B+filename%2A%3DUTF-8%27%27Wochenprospekte%2520-%2520hz39_krsb_grpb372c68fdee8649379e1.pdf"
"2026-09-20 21:02 Europe/Berlin","Netto Marken-Discount","Netto Marken-Discount, Unterrather Str. 108, 40468 Düsseldorf (40474 최근접 전단 지점, 지점별 가격 미확인)","40474","식품","21.09.2026-26.09.2026","Buschbohnen","Deutschland, Kl. I, 500 g","1.11","","25%","2,22 €/kg","https://view.publitas.com/100989/3369537/pdfs/f25b959d-f629-4b78-acc6-486baf63e3f0.pdf?response-content-disposition=attachment%3B+filename%2A%3DUTF-8%27%27Wochenprospekte%2520-%2520hz39_krsb_grpb372c68fdee8649379e1.pdf"
"2026-09-20 21:02 Europe/Berlin","Netto Marken-Discount","Netto Marken-Discount, Unterrather Str. 108, 40468 Düsseldorf (40474 최근접 전단 지점, 지점별 가격 미확인)","40474","식품","21.09.2026-26.09.2026","Butternut Kürbis","Deutschland, 1 kg","0.99","","28%","","https://view.publitas.com/100989/3369537/pdfs/f25b959d-f629-4b78-acc6-486baf63e3f0.pdf?response-content-disposition=attachment%3B+filename%2A%3DUTF-8%27%27Wochenprospekte%2520-%2520hz39_krsb_grpb372c68fdee8649379e1.pdf"
"2026-09-20 21:02 Europe/Berlin","Netto Marken-Discount","Netto Marken-Discount, Unterrather Str. 108, 40468 Düsseldorf (40474 최근접 전단 지점, 지점별 가격 미확인)","40474","식품","21.09.2026-26.09.2026","Champignons weiß","Polen, Kl. I, 400-g-Schale","2.29","","23%","4,23 €/kg","https://view.publitas.com/100989/3369537/pdfs/f25b959d-f629-4b78-acc6-486baf63e3f0.pdf?response-content-disposition=attachment%3B+filename%2A%3DUTF-8%27%27Wochenprospekte%2520-%2520hz39_krsb_grpb372c68fdee8649379e1.pdf"
"2026-09-20 21:02 Europe/Berlin","Netto Marken-Discount","Netto Marken-Discount, Unterrather Str. 108, 40468 Düsseldorf (40474 최근접 전단 지점, 지점별 가격 미확인)","40474","식품","21.09.2026-26.09.2026","Chinakohl","Deutschland, Kl. I, 1 kg","1.49","","25%","","https://view.publitas.com/100989/3369537/pdfs/f25b959d-f629-4b78-acc6-486baf63e3f0.pdf?response-content-disposition=attachment%3B+filename%2A%3DUTF-8%27%27Wochenprospekte%2520-%2520hz39_krsb_grpb372c68fdee8649379e1.pdf"
"2026-09-20 21:02 Europe/Berlin","Netto Marken-Discount","Netto Marken-Discount, Unterrather Str. 108, 40468 Düsseldorf (40474 최근접 전단 지점, 지점별 가격 미확인)","40474","식품","22.09.2026-22.09.2026","Feigen frisch","Türkei, Kl. I, Stück","0.33","","32%","","https://view.publitas.com/100989/3369537/pdfs/f25b959d-f629-4b78-acc6-486baf63e3f0.pdf?response-content-disposition=attachment%3B+filename%2A%3DUTF-8%27%27Wochenprospekte%2520-%2520hz39_krsb_grpb372c68fdee8649379e1.pdf"
"2026-09-20 21:02 Europe/Berlin","Netto Marken-Discount","Netto Marken-Discount, Unterrather Str. 108, 40468 Düsseldorf (40474 최근접 전단 지점, 지점별 가격 미확인)","40474","식품","21.09.2026-26.09.2026","Himbeeren","Marokko/Portugal, Kl. I, 125-g-Schale","1.99","","13%","15,92 €/kg","https://view.publitas.com/100989/3369537/pdfs/f25b959d-f629-4b78-acc6-486baf63e3f0.pdf?response-content-disposition=attachment%3B+filename%2A%3DUTF-8%27%27Wochenprospekte%2520-%2520hz39_krsb_grpb372c68fdee8649379e1.pdf"
"2026-09-20 21:02 Europe/Berlin","Netto Marken-Discount","Netto Marken-Discount, Unterrather Str. 108, 40468 Düsseldorf (40474 최근접 전단 지점, 지점별 가격 미확인)","40474","식품","21.09.2026-26.09.2026","Hokkaido-Kürbis","Deutschland, 1 kg","0.79","","43%","","https://view.publitas.com/100989/3369537/pdfs/f25b959d-f629-4b78-acc6-486baf63e3f0.pdf?response-content-disposition=attachment%3B+filename%2A%3DUTF-8%27%27Wochenprospekte%2520-%2520hz39_krsb_grpb372c68fdee8649379e1.pdf"
"2026-09-20 21:02 Europe/Berlin","Netto Marken-Discount","Netto Marken-Discount, Unterrather Str. 108, 40468 Düsseldorf (40474 최근접 전단 지점, 지점별 가격 미확인)","40474","식품","21.09.2026-26.09.2026","Johannisbeeren","Deutschland, Kl. I, 200-g-Schale","1.99","","26%","9,95 €/kg","https://view.publitas.com/100989/3369537/pdfs/f25b959d-f629-4b78-acc6-486baf63e3f0.pdf?response-content-disposition=attachment%3B+filename%2A%3DUTF-8%27%27Wochenprospekte%2520-%2520hz39_krsb_grpb372c68fdee8649379e1.pdf"
"2026-09-20 21:02 Europe/Berlin","Netto Marken-Discount","Netto Marken-Discount, Unterrather Str. 108, 40468 Düsseldorf (40474 최근접 전단 지점, 지점별 가격 미확인)","40474","식품","21.09.2026-26.09.2026","Kopfsalat","Deutschland, Kl. I, Stück","1.29","","13%","","https://view.publitas.com/100989/3369537/pdfs/f25b959d-f629-4b78-acc6-486baf63e3f0.pdf?response-content-disposition=attachment%3B+filename%2A%3DUTF-8%27%27Wochenprospekte%2520-%2520hz39_krsb_grpb372c68fdee8649379e1.pdf"
"2026-09-20 21:02 Europe/Berlin","Netto Marken-Discount","Netto Marken-Discount, Unterrather Str. 108, 40468 Düsseldorf (40474 최근접 전단 지점, 지점별 가격 미확인)","40474","식품","21.09.2026-26.09.2026","Lauchzwiebeln","Deutschland, Bund","0.49","","28%","","https://view.publitas.com/100989/3369537/pdfs/f25b959d-f629-4b78-acc6-486baf63e3f0.pdf?response-content-disposition=attachment%3B+filename%2A%3DUTF-8%27%27Wochenprospekte%2520-%2520hz39_krsb_grpb372c68fdee8649379e1.pdf"
"2026-09-20 21:02 Europe/Berlin","Netto Marken-Discount","Netto Marken-Discount, Unterrather Str. 108, 40468 Düsseldorf (40474 최근접 전단 지점, 지점별 가격 미확인)","40474","식품","21.09.2026-26.09.2026","Mango","Brasilien, Kl. I, Stück","0.99","","33%","","https://view.publitas.com/100989/3369537/pdfs/f25b959d-f629-4b78-acc6-486baf63e3f0.pdf?response-content-disposition=attachment%3B+filename%2A%3DUTF-8%27%27Wochenprospekte%2520-%2520hz39_krsb_grpb372c68fdee8649379e1.pdf"
"2026-09-20 21:02 Europe/Berlin","Netto Marken-Discount","Netto Marken-Discount, Unterrather Str. 108, 40468 Düsseldorf (40474 최근접 전단 지점, 지점별 가격 미확인)","40474","식품","21.09.2026-26.09.2026","Mini Rispentomaten","Deutschland, Kl. I, 350-g-Schale","2.22","","17%","6,34 €/kg","https://view.publitas.com/100989/3369537/pdfs/f25b959d-f629-4b78-acc6-486baf63e3f0.pdf?response-content-disposition=attachment%3B+filename%2A%3DUTF-8%27%27Wochenprospekte%2520-%2520hz39_krsb_grpb372c68fdee8649379e1.pdf"
"2026-09-20 21:02 Europe/Berlin","Netto Marken-Discount","Netto Marken-Discount, Unterrather Str. 108, 40468 Düsseldorf (40474 최근접 전단 지점, 지점별 가격 미확인)","40474","식품","21.09.2026-26.09.2026","Möhren","Deutschland, Kl. I, 2-kg-Beutel","1.29","","27%","0,65 €/kg","https://view.publitas.com/100989/3369537/pdfs/f25b959d-f629-4b78-acc6-486baf63e3f0.pdf?response-content-disposition=attachment%3B+filename%2A%3DUTF-8%27%27Wochenprospekte%2520-%2520hz39_krsb_grpb372c68fdee8649379e1.pdf"
"2026-09-20 21:02 Europe/Berlin","Netto Marken-Discount","Netto Marken-Discount, Unterrather Str. 108, 40468 Düsseldorf (40474 최근접 전단 지점, 지점별 가격 미확인)","40474","식품","23.09.2026-23.09.2026","Passionsfrüchte","Kolumbien, 3 Stück","1.29","","35%","","https://view.publitas.com/100989/3369537/pdfs/f25b959d-f629-4b78-acc6-486baf63e3f0.pdf?response-content-disposition=attachment%3B+filename%2A%3DUTF-8%27%27Wochenprospekte%2520-%2520hz39_krsb_grpb372c68fdee8649379e1.pdf"
"2026-09-20 21:02 Europe/Berlin","Netto Marken-Discount","Netto Marken-Discount, Unterrather Str. 108, 40468 Düsseldorf (40474 최근접 전단 지점, 지점별 가격 미확인)","40474","식품","21.09.2026-26.09.2026","Radieschen","Deutschland, Kl. I, Bund","0.49","","28%","","https://view.publitas.com/100989/3369537/pdfs/f25b959d-f629-4b78-acc6-486baf63e3f0.pdf?response-content-disposition=attachment%3B+filename%2A%3DUTF-8%27%27Wochenprospekte%2520-%2520hz39_krsb_grpb372c68fdee8649379e1.pdf"
"2026-09-20 21:02 Europe/Berlin","Netto Marken-Discount","Netto Marken-Discount, Unterrather Str. 108, 40468 Düsseldorf (40474 최근접 전단 지점, 지점별 가격 미확인)","40474","식품","21.09.2026-26.09.2026","Rispentomaten","Niederlande, Kl. I, 1 kg","1.69","","15%","","https://view.publitas.com/100989/3369537/pdfs/f25b959d-f629-4b78-acc6-486baf63e3f0.pdf?response-content-disposition=attachment%3B+filename%2A%3DUTF-8%27%27Wochenprospekte%2520-%2520hz39_krsb_grpb372c68fdee8649379e1.pdf"
"2026-09-20 21:02 Europe/Berlin","Netto Marken-Discount","Netto Marken-Discount, Unterrather Str. 108, 40468 Düsseldorf (40474 최근접 전단 지점, 지점별 가격 미확인)","40474","식품","21.09.2026-26.09.2026","Rotkohl","Deutschland, Kl. I, 1 kg","0.79","","33%","","https://view.publitas.com/100989/3369537/pdfs/f25b959d-f629-4b78-acc6-486baf63e3f0.pdf?response-content-disposition=attachment%3B+filename%2A%3DUTF-8%27%27Wochenprospekte%2520-%2520hz39_krsb_grpb372c68fdee8649379e1.pdf"
"2026-09-20 21:02 Europe/Berlin","Netto Marken-Discount","Netto Marken-Discount, Unterrather Str. 108, 40468 Düsseldorf (40474 최근접 전단 지점, 지점별 가격 미확인)","40474","식품","21.09.2026-26.09.2026","Sellerie mit Grün","Deutschland, Kl. I, Stück","0.99","","28%","","https://view.publitas.com/100989/3369537/pdfs/f25b959d-f629-4b78-acc6-486baf63e3f0.pdf?response-content-disposition=attachment%3B+filename%2A%3DUTF-8%27%27Wochenprospekte%2520-%2520hz39_krsb_grpb372c68fdee8649379e1.pdf"
"2026-09-20 21:02 Europe/Berlin","Netto Marken-Discount","Netto Marken-Discount, Unterrather Str. 108, 40468 Düsseldorf (40474 최근접 전단 지점, 지점별 가격 미확인)","40474","식품","21.09.2026-26.09.2026","Weißkohl","Deutschland, Kl. I, 1 kg","0.79","","20%","","https://view.publitas.com/100989/3369537/pdfs/f25b959d-f629-4b78-acc6-486baf63e3f0.pdf?response-content-disposition=attachment%3B+filename%2A%3DUTF-8%27%27Wochenprospekte%2520-%2520hz39_krsb_grpb372c68fdee8649379e1.pdf"
"2026-09-20 21:02 Europe/Berlin","Netto Marken-Discount","Netto Marken-Discount, Unterrather Str. 108, 40468 Düsseldorf (40474 최근접 전단 지점, 지점별 가격 미확인)","40474","식품","21.09.2026-26.09.2026","Zwetschgen","Deutschland, Kl. I, Sorte Baronesse, 500-g-Schale","2.49","","16%","4,98 €/kg","https://view.publitas.com/100989/3369537/pdfs/f25b959d-f629-4b78-acc6-486baf63e3f0.pdf?response-content-disposition=attachment%3B+filename%2A%3DUTF-8%27%27Wochenprospekte%2520-%2520hz39_krsb_grpb372c68fdee8649379e1.pdf"
"2026-09-20 21:02 Europe/Berlin","Netto Marken-Discount","Netto Marken-Discount, Unterrather Str. 108, 40468 Düsseldorf (40474 최근접 전단 지점, 지점별 가격 미확인)","40474","식품","21.09.2026-26.09.2026","Zwiebeln","Deutschland, Kl. II, 3-kg-Sack","2.49","","28%","0,83 €/kg","https://view.publitas.com/100989/3369537/pdfs/f25b959d-f629-4b78-acc6-486baf63e3f0.pdf?response-content-disposition=attachment%3B+filename%2A%3DUTF-8%27%27Wochenprospekte%2520-%2520hz39_krsb_grpb372c68fdee8649379e1.pdf"
"2026-09-20 21:02 Europe/Berlin","Netto Marken-Discount","Netto Marken-Discount, Rahmer Str. 8, 44369 Dortmund (공식 전단 기준, 지점별 가격 미확인)","44369","식품","21.09.2026-26.09.2026","Äpfel rot","Deutschland/Italien, Kl. II, 2-kg-Beutel","1.49","","40%","0,75 €/kg","https://view.publitas.com/100989/3368871/pdfs/50eb41b5-f4a5-4cc8-9f18-ea6f75a61896.pdf?response-content-disposition=attachment%3B+filename%2A%3DUTF-8%27%27hz39_hasb.pdf"
"2026-09-20 21:02 Europe/Berlin","Netto Marken-Discount","Netto Marken-Discount, Rahmer Str. 8, 44369 Dortmund (공식 전단 기준, 지점별 가격 미확인)","44369","식품","21.09.2026-26.09.2026","Blumenkohl","Deutschland, Kl. I, Stück","1.49","","16%","","https://view.publitas.com/100989/3368871/pdfs/50eb41b5-f4a5-4cc8-9f18-ea6f75a61896.pdf?response-content-disposition=attachment%3B+filename%2A%3DUTF-8%27%27hz39_hasb.pdf"
"2026-09-20 21:02 Europe/Berlin","Netto Marken-Discount","Netto Marken-Discount, Rahmer Str. 8, 44369 Dortmund (공식 전단 기준, 지점별 가격 미확인)","44369","식품","21.09.2026-26.09.2026","Broccoli","Deutschland, Kl. I, 500 g","1.39","","22%","2,78 €/kg","https://view.publitas.com/100989/3368871/pdfs/50eb41b5-f4a5-4cc8-9f18-ea6f75a61896.pdf?response-content-disposition=attachment%3B+filename%2A%3DUTF-8%27%27hz39_hasb.pdf"
"2026-09-20 21:02 Europe/Berlin","Netto Marken-Discount","Netto Marken-Discount, Rahmer Str. 8, 44369 Dortmund (공식 전단 기준, 지점별 가격 미확인)","44369","식품","21.09.2026-26.09.2026","Buschbohnen","Deutschland, Kl. I, 500 g","1.11","","25%","2,22 €/kg","https://view.publitas.com/100989/3368871/pdfs/50eb41b5-f4a5-4cc8-9f18-ea6f75a61896.pdf?response-content-disposition=attachment%3B+filename%2A%3DUTF-8%27%27hz39_hasb.pdf"
"2026-09-20 21:02 Europe/Berlin","Netto Marken-Discount","Netto Marken-Discount, Rahmer Str. 8, 44369 Dortmund (공식 전단 기준, 지점별 가격 미확인)","44369","식품","21.09.2026-26.09.2026","Butternut Kürbis","Deutschland, 1 kg","0.99","","28%","","https://view.publitas.com/100989/3368871/pdfs/50eb41b5-f4a5-4cc8-9f18-ea6f75a61896.pdf?response-content-disposition=attachment%3B+filename%2A%3DUTF-8%27%27hz39_hasb.pdf"
"2026-09-20 21:02 Europe/Berlin","Netto Marken-Discount","Netto Marken-Discount, Rahmer Str. 8, 44369 Dortmund (공식 전단 기준, 지점별 가격 미확인)","44369","식품","21.09.2026-26.09.2026","Champignons weiß","Polen, Kl. I, 400-g-Schale","2.29","","23%","4,23 €/kg","https://view.publitas.com/100989/3368871/pdfs/50eb41b5-f4a5-4cc8-9f18-ea6f75a61896.pdf?response-content-disposition=attachment%3B+filename%2A%3DUTF-8%27%27hz39_hasb.pdf"
"2026-09-20 21:02 Europe/Berlin","Netto Marken-Discount","Netto Marken-Discount, Rahmer Str. 8, 44369 Dortmund (공식 전단 기준, 지점별 가격 미확인)","44369","식품","21.09.2026-26.09.2026","Chinakohl","Deutschland, Kl. I, 1 kg","1.49","","25%","","https://view.publitas.com/100989/3368871/pdfs/50eb41b5-f4a5-4cc8-9f18-ea6f75a61896.pdf?response-content-disposition=attachment%3B+filename%2A%3DUTF-8%27%27hz39_hasb.pdf"
"2026-09-20 21:02 Europe/Berlin","Netto Marken-Discount","Netto Marken-Discount, Rahmer Str. 8, 44369 Dortmund (공식 전단 기준, 지점별 가격 미확인)","44369","식품","22.09.2026-22.09.2026","Feigen frisch","Türkei, Kl. I, Stück","0.33","","32%","","https://view.publitas.com/100989/3368871/pdfs/50eb41b5-f4a5-4cc8-9f18-ea6f75a61896.pdf?response-content-disposition=attachment%3B+filename%2A%3DUTF-8%27%27hz39_hasb.pdf"
"2026-09-20 21:02 Europe/Berlin","Netto Marken-Discount","Netto Marken-Discount, Rahmer Str. 8, 44369 Dortmund (공식 전단 기준, 지점별 가격 미확인)","44369","식품","21.09.2026-26.09.2026","Himbeeren","Marokko/Portugal, Kl. I, 125-g-Schale","1.99","","13%","15,92 €/kg","https://view.publitas.com/100989/3368871/pdfs/50eb41b5-f4a5-4cc8-9f18-ea6f75a61896.pdf?response-content-disposition=attachment%3B+filename%2A%3DUTF-8%27%27hz39_hasb.pdf"
"2026-09-20 21:02 Europe/Berlin","Netto Marken-Discount","Netto Marken-Discount, Rahmer Str. 8, 44369 Dortmund (공식 전단 기준, 지점별 가격 미확인)","44369","식품","21.09.2026-26.09.2026","Hokkaido-Kürbis","Deutschland, 1 kg","0.79","","43%","","https://view.publitas.com/100989/3368871/pdfs/50eb41b5-f4a5-4cc8-9f18-ea6f75a61896.pdf?response-content-disposition=attachment%3B+filename%2A%3DUTF-8%27%27hz39_hasb.pdf"
"2026-09-20 21:02 Europe/Berlin","Netto Marken-Discount","Netto Marken-Discount, Rahmer Str. 8, 44369 Dortmund (공식 전단 기준, 지점별 가격 미확인)","44369","식품","21.09.2026-26.09.2026","Johannisbeeren","Deutschland, Kl. I, 200-g-Schale","1.99","","26%","9,95 €/kg","https://view.publitas.com/100989/3368871/pdfs/50eb41b5-f4a5-4cc8-9f18-ea6f75a61896.pdf?response-content-disposition=attachment%3B+filename%2A%3DUTF-8%27%27hz39_hasb.pdf"
"2026-09-20 21:02 Europe/Berlin","Netto Marken-Discount","Netto Marken-Discount, Rahmer Str. 8, 44369 Dortmund (공식 전단 기준, 지점별 가격 미확인)","44369","식품","21.09.2026-26.09.2026","Kopfsalat","Deutschland, Kl. I, Stück","1.29","","13%","","https://view.publitas.com/100989/3368871/pdfs/50eb41b5-f4a5-4cc8-9f18-ea6f75a61896.pdf?response-content-disposition=attachment%3B+filename%2A%3DUTF-8%27%27hz39_hasb.pdf"
"2026-09-20 21:02 Europe/Berlin","Netto Marken-Discount","Netto Marken-Discount, Rahmer Str. 8, 44369 Dortmund (공식 전단 기준, 지점별 가격 미확인)","44369","식품","21.09.2026-26.09.2026","Lauchzwiebeln","Deutschland, Bund","0.49","","28%","","https://view.publitas.com/100989/3368871/pdfs/50eb41b5-f4a5-4cc8-9f18-ea6f75a61896.pdf?response-content-disposition=attachment%3B+filename%2A%3DUTF-8%27%27hz39_hasb.pdf"
"2026-09-20 21:02 Europe/Berlin","Netto Marken-Discount","Netto Marken-Discount, Rahmer Str. 8, 44369 Dortmund (공식 전단 기준, 지점별 가격 미확인)","44369","식품","21.09.2026-26.09.2026","Mango","Brasilien, Kl. I, Stück","0.99","","33%","","https://view.publitas.com/100989/3368871/pdfs/50eb41b5-f4a5-4cc8-9f18-ea6f75a61896.pdf?response-content-disposition=attachment%3B+filename%2A%3DUTF-8%27%27hz39_hasb.pdf"
"2026-09-20 21:02 Europe/Berlin","Netto Marken-Discount","Netto Marken-Discount, Rahmer Str. 8, 44369 Dortmund (공식 전단 기준, 지점별 가격 미확인)","44369","식품","21.09.2026-26.09.2026","Mini Rispentomaten","Deutschland, Kl. I, 350-g-Schale","2.22","","17%","6,34 €/kg","https://view.publitas.com/100989/3368871/pdfs/50eb41b5-f4a5-4cc8-9f18-ea6f75a61896.pdf?response-content-disposition=attachment%3B+filename%2A%3DUTF-8%27%27hz39_hasb.pdf"
"2026-09-20 21:02 Europe/Berlin","Netto Marken-Discount","Netto Marken-Discount, Rahmer Str. 8, 44369 Dortmund (공식 전단 기준, 지점별 가격 미확인)","44369","식품","21.09.2026-26.09.2026","Möhren","Deutschland, Kl. I, 2-kg-Beutel","1.29","","27%","0,65 €/kg","https://view.publitas.com/100989/3368871/pdfs/50eb41b5-f4a5-4cc8-9f18-ea6f75a61896.pdf?response-content-disposition=attachment%3B+filename%2A%3DUTF-8%27%27hz39_hasb.pdf"
"2026-09-20 21:02 Europe/Berlin","Netto Marken-Discount","Netto Marken-Discount, Rahmer Str. 8, 44369 Dortmund (공식 전단 기준, 지점별 가격 미확인)","44369","식품","23.09.2026-23.09.2026","Passionsfrüchte","Kolumbien, 3 Stück","1.29","","35%","","https://view.publitas.com/100989/3368871/pdfs/50eb41b5-f4a5-4cc8-9f18-ea6f75a61896.pdf?response-content-disposition=attachment%3B+filename%2A%3DUTF-8%27%27hz39_hasb.pdf"
"2026-09-20 21:02 Europe/Berlin","Netto Marken-Discount","Netto Marken-Discount, Rahmer Str. 8, 44369 Dortmund (공식 전단 기준, 지점별 가격 미확인)","44369","식품","21.09.2026-26.09.2026","Radieschen","Deutschland, Kl. I, Bund","0.49","","28%","","https://view.publitas.com/100989/3368871/pdfs/50eb41b5-f4a5-4cc8-9f18-ea6f75a61896.pdf?response-content-disposition=attachment%3B+filename%2A%3DUTF-8%27%27hz39_hasb.pdf"
"2026-09-20 21:02 Europe/Berlin","Netto Marken-Discount","Netto Marken-Discount, Rahmer Str. 8, 44369 Dortmund (공식 전단 기준, 지점별 가격 미확인)","44369","식품","21.09.2026-26.09.2026","Rispentomaten","Niederlande, Kl. I, 1 kg","1.69","","15%","","https://view.publitas.com/100989/3368871/pdfs/50eb41b5-f4a5-4cc8-9f18-ea6f75a61896.pdf?response-content-disposition=attachment%3B+filename%2A%3DUTF-8%27%27hz39_hasb.pdf"
"2026-09-20 21:02 Europe/Berlin","Netto Marken-Discount","Netto Marken-Discount, Rahmer Str. 8, 44369 Dortmund (공식 전단 기준, 지점별 가격 미확인)","44369","식품","21.09.2026-26.09.2026","Rotkohl","Deutschland, Kl. I, 1 kg","0.79","","33%","","https://view.publitas.com/100989/3368871/pdfs/50eb41b5-f4a5-4cc8-9f18-ea6f75a61896.pdf?response-content-disposition=attachment%3B+filename%2A%3DUTF-8%27%27hz39_hasb.pdf"
"2026-09-20 21:02 Europe/Berlin","Netto Marken-Discount","Netto Marken-Discount, Rahmer Str. 8, 44369 Dortmund (공식 전단 기준, 지점별 가격 미확인)","44369","식품","21.09.2026-26.09.2026","Sellerie mit Grün","Deutschland, Kl. I, Stück","0.99","","28%","","https://view.publitas.com/100989/3368871/pdfs/50eb41b5-f4a5-4cc8-9f18-ea6f75a61896.pdf?response-content-disposition=attachment%3B+filename%2A%3DUTF-8%27%27hz39_hasb.pdf"
"2026-09-20 21:02 Europe/Berlin","Netto Marken-Discount","Netto Marken-Discount, Rahmer Str. 8, 44369 Dortmund (공식 전단 기준, 지점별 가격 미확인)","44369","식품","21.09.2026-26.09.2026","Weißkohl","Deutschland, Kl. I, 1 kg","0.79","","20%","","https://view.publitas.com/100989/3368871/pdfs/50eb41b5-f4a5-4cc8-9f18-ea6f75a61896.pdf?response-content-disposition=attachment%3B+filename%2A%3DUTF-8%27%27hz39_hasb.pdf"
"2026-09-20 21:02 Europe/Berlin","Netto Marken-Discount","Netto Marken-Discount, Rahmer Str. 8, 44369 Dortmund (공식 전단 기준, 지점별 가격 미확인)","44369","식품","21.09.2026-26.09.2026","Zwetschgen","Deutschland, Kl. I, Sorte Baronesse, 500-g-Schale","2.49","","16%","4,98 €/kg","https://view.publitas.com/100989/3368871/pdfs/50eb41b5-f4a5-4cc8-9f18-ea6f75a61896.pdf?response-content-disposition=attachment%3B+filename%2A%3DUTF-8%27%27hz39_hasb.pdf"
"2026-09-20 21:02 Europe/Berlin","Netto Marken-Discount","Netto Marken-Discount, Rahmer Str. 8, 44369 Dortmund (공식 전단 기준, 지점별 가격 미확인)","44369","식품","21.09.2026-26.09.2026","Zwiebeln","Deutschland, Kl. II, 3-kg-Sack","2.49","","28%","0,83 €/kg","https://view.publitas.com/100989/3368871/pdfs/50eb41b5-f4a5-4cc8-9f18-ea6f75a61896.pdf?response-content-disposition=attachment%3B+filename%2A%3DUTF-8%27%27hz39_hasb.pdf"
"2026-09-20 21:02 Europe/Berlin","Netto Marken-Discount","Netto Marken-Discount, Peterstr. 50, 52062 Aachen (공식 전단 기준, 지점별 가격 미확인)","52062","식품","21.09.2026-26.09.2026","Äpfel rot","Deutschland/Italien, Kl. II, 2-kg-Beutel","1.49","","40%","0,75 €/kg","https://view.publitas.com/100989/3369322/pdfs/6d0b71a7-7213-45ac-ac66-56a9917fab2b.pdf?response-content-disposition=attachment%3B+filename%2A%3DUTF-8%27%27Wochenprospekte%2520-%2520hz39_kesn_grp79bb2637ba2219a4f8fd.pdf"
"2026-09-20 21:02 Europe/Berlin","Netto Marken-Discount","Netto Marken-Discount, Peterstr. 50, 52062 Aachen (공식 전단 기준, 지점별 가격 미확인)","52062","식품","21.09.2026-26.09.2026","Blumenkohl","Deutschland, Kl. I, Stück","1.49","","16%","","https://view.publitas.com/100989/3369322/pdfs/6d0b71a7-7213-45ac-ac66-56a9917fab2b.pdf?response-content-disposition=attachment%3B+filename%2A%3DUTF-8%27%27Wochenprospekte%2520-%2520hz39_kesn_grp79bb2637ba2219a4f8fd.pdf"
"2026-09-20 21:02 Europe/Berlin","Netto Marken-Discount","Netto Marken-Discount, Peterstr. 50, 52062 Aachen (공식 전단 기준, 지점별 가격 미확인)","52062","식품","21.09.2026-26.09.2026","Broccoli","Deutschland, Kl. I, 500 g","1.39","","22%","2,78 €/kg","https://view.publitas.com/100989/3369322/pdfs/6d0b71a7-7213-45ac-ac66-56a9917fab2b.pdf?response-content-disposition=attachment%3B+filename%2A%3DUTF-8%27%27Wochenprospekte%2520-%2520hz39_kesn_grp79bb2637ba2219a4f8fd.pdf"
"2026-09-20 21:02 Europe/Berlin","Netto Marken-Discount","Netto Marken-Discount, Peterstr. 50, 52062 Aachen (공식 전단 기준, 지점별 가격 미확인)","52062","식품","21.09.2026-26.09.2026","Buschbohnen","Deutschland, Kl. I, 500 g","1.11","","25%","2,22 €/kg","https://view.publitas.com/100989/3369322/pdfs/6d0b71a7-7213-45ac-ac66-56a9917fab2b.pdf?response-content-disposition=attachment%3B+filename%2A%3DUTF-8%27%27Wochenprospekte%2520-%2520hz39_kesn_grp79bb2637ba2219a4f8fd.pdf"
"2026-09-20 21:02 Europe/Berlin","Netto Marken-Discount","Netto Marken-Discount, Peterstr. 50, 52062 Aachen (공식 전단 기준, 지점별 가격 미확인)","52062","식품","21.09.2026-26.09.2026","Butternut Kürbis","Deutschland, 1 kg","0.99","","28%","","https://view.publitas.com/100989/3369322/pdfs/6d0b71a7-7213-45ac-ac66-56a9917fab2b.pdf?response-content-disposition=attachment%3B+filename%2A%3DUTF-8%27%27Wochenprospekte%2520-%2520hz39_kesn_grp79bb2637ba2219a4f8fd.pdf"
"2026-09-20 21:02 Europe/Berlin","Netto Marken-Discount","Netto Marken-Discount, Peterstr. 50, 52062 Aachen (공식 전단 기준, 지점별 가격 미확인)","52062","식품","21.09.2026-26.09.2026","Champignons weiß","Polen, Kl. I, 400-g-Schale","2.29","","23%","4,23 €/kg","https://view.publitas.com/100989/3369322/pdfs/6d0b71a7-7213-45ac-ac66-56a9917fab2b.pdf?response-content-disposition=attachment%3B+filename%2A%3DUTF-8%27%27Wochenprospekte%2520-%2520hz39_kesn_grp79bb2637ba2219a4f8fd.pdf"
"2026-09-20 21:02 Europe/Berlin","Netto Marken-Discount","Netto Marken-Discount, Peterstr. 50, 52062 Aachen (공식 전단 기준, 지점별 가격 미확인)","52062","식품","21.09.2026-26.09.2026","Chinakohl","Deutschland, Kl. I, 1 kg","1.49","","25%","","https://view.publitas.com/100989/3369322/pdfs/6d0b71a7-7213-45ac-ac66-56a9917fab2b.pdf?response-content-disposition=attachment%3B+filename%2A%3DUTF-8%27%27Wochenprospekte%2520-%2520hz39_kesn_grp79bb2637ba2219a4f8fd.pdf"
"2026-09-20 21:02 Europe/Berlin","Netto Marken-Discount","Netto Marken-Discount, Peterstr. 50, 52062 Aachen (공식 전단 기준, 지점별 가격 미확인)","52062","식품","22.09.2026-22.09.2026","Feigen frisch","Türkei, Kl. I, Stück","0.33","","32%","","https://view.publitas.com/100989/3369322/pdfs/6d0b71a7-7213-45ac-ac66-56a9917fab2b.pdf?response-content-disposition=attachment%3B+filename%2A%3DUTF-8%27%27Wochenprospekte%2520-%2520hz39_kesn_grp79bb2637ba2219a4f8fd.pdf"
"2026-09-20 21:02 Europe/Berlin","Netto Marken-Discount","Netto Marken-Discount, Peterstr. 50, 52062 Aachen (공식 전단 기준, 지점별 가격 미확인)","52062","식품","21.09.2026-26.09.2026","Himbeeren","Marokko/Portugal, Kl. I, 125-g-Schale","1.99","","13%","15,92 €/kg","https://view.publitas.com/100989/3369322/pdfs/6d0b71a7-7213-45ac-ac66-56a9917fab2b.pdf?response-content-disposition=attachment%3B+filename%2A%3DUTF-8%27%27Wochenprospekte%2520-%2520hz39_kesn_grp79bb2637ba2219a4f8fd.pdf"
"2026-09-20 21:02 Europe/Berlin","Netto Marken-Discount","Netto Marken-Discount, Peterstr. 50, 52062 Aachen (공식 전단 기준, 지점별 가격 미확인)","52062","식품","21.09.2026-26.09.2026","Hokkaido-Kürbis","Deutschland, 1 kg","0.79","","43%","","https://view.publitas.com/100989/3369322/pdfs/6d0b71a7-7213-45ac-ac66-56a9917fab2b.pdf?response-content-disposition=attachment%3B+filename%2A%3DUTF-8%27%27Wochenprospekte%2520-%2520hz39_kesn_grp79bb2637ba2219a4f8fd.pdf"
"2026-09-20 21:02 Europe/Berlin","Netto Marken-Discount","Netto Marken-Discount, Peterstr. 50, 52062 Aachen (공식 전단 기준, 지점별 가격 미확인)","52062","식품","21.09.2026-26.09.2026","Johannisbeeren","Deutschland, Kl. I, 200-g-Schale","1.99","","26%","9,95 €/kg","https://view.publitas.com/100989/3369322/pdfs/6d0b71a7-7213-45ac-ac66-56a9917fab2b.pdf?response-content-disposition=attachment%3B+filename%2A%3DUTF-8%27%27Wochenprospekte%2520-%2520hz39_kesn_grp79bb2637ba2219a4f8fd.pdf"
"2026-09-20 21:02 Europe/Berlin","Netto Marken-Discount","Netto Marken-Discount, Peterstr. 50, 52062 Aachen (공식 전단 기준, 지점별 가격 미확인)","52062","식품","21.09.2026-26.09.2026","Kopfsalat","Deutschland, Kl. I, Stück","1.29","","13%","","https://view.publitas.com/100989/3369322/pdfs/6d0b71a7-7213-45ac-ac66-56a9917fab2b.pdf?response-content-disposition=attachment%3B+filename%2A%3DUTF-8%27%27Wochenprospekte%2520-%2520hz39_kesn_grp79bb2637ba2219a4f8fd.pdf"
"2026-09-20 21:02 Europe/Berlin","Netto Marken-Discount","Netto Marken-Discount, Peterstr. 50, 52062 Aachen (공식 전단 기준, 지점별 가격 미확인)","52062","식품","21.09.2026-26.09.2026","Lauchzwiebeln","Deutschland, Bund","0.49","","28%","","https://view.publitas.com/100989/3369322/pdfs/6d0b71a7-7213-45ac-ac66-56a9917fab2b.pdf?response-content-disposition=attachment%3B+filename%2A%3DUTF-8%27%27Wochenprospekte%2520-%2520hz39_kesn_grp79bb2637ba2219a4f8fd.pdf"
"2026-09-20 21:02 Europe/Berlin","Netto Marken-Discount","Netto Marken-Discount, Peterstr. 50, 52062 Aachen (공식 전단 기준, 지점별 가격 미확인)","52062","식품","21.09.2026-26.09.2026","Mango","Brasilien, Kl. I, Stück","0.99","","33%","","https://view.publitas.com/100989/3369322/pdfs/6d0b71a7-7213-45ac-ac66-56a9917fab2b.pdf?response-content-disposition=attachment%3B+filename%2A%3DUTF-8%27%27Wochenprospekte%2520-%2520hz39_kesn_grp79bb2637ba2219a4f8fd.pdf"
"2026-09-20 21:02 Europe/Berlin","Netto Marken-Discount","Netto Marken-Discount, Peterstr. 50, 52062 Aachen (공식 전단 기준, 지점별 가격 미확인)","52062","식품","21.09.2026-26.09.2026","Mini Rispentomaten","Deutschland, Kl. I, 350-g-Schale","2.22","","17%","6,34 €/kg","https://view.publitas.com/100989/3369322/pdfs/6d0b71a7-7213-45ac-ac66-56a9917fab2b.pdf?response-content-disposition=attachment%3B+filename%2A%3DUTF-8%27%27Wochenprospekte%2520-%2520hz39_kesn_grp79bb2637ba2219a4f8fd.pdf"
"2026-09-20 21:02 Europe/Berlin","Netto Marken-Discount","Netto Marken-Discount, Peterstr. 50, 52062 Aachen (공식 전단 기준, 지점별 가격 미확인)","52062","식품","21.09.2026-26.09.2026","Möhren","Deutschland, Kl. I, 2-kg-Beutel","1.29","","27%","0,65 €/kg","https://view.publitas.com/100989/3369322/pdfs/6d0b71a7-7213-45ac-ac66-56a9917fab2b.pdf?response-content-disposition=attachment%3B+filename%2A%3DUTF-8%27%27Wochenprospekte%2520-%2520hz39_kesn_grp79bb2637ba2219a4f8fd.pdf"
"2026-09-20 21:02 Europe/Berlin","Netto Marken-Discount","Netto Marken-Discount, Peterstr. 50, 52062 Aachen (공식 전단 기준, 지점별 가격 미확인)","52062","식품","23.09.2026-23.09.2026","Passionsfrüchte","Kolumbien, 3 Stück","1.29","","35%","","https://view.publitas.com/100989/3369322/pdfs/6d0b71a7-7213-45ac-ac66-56a9917fab2b.pdf?response-content-disposition=attachment%3B+filename%2A%3DUTF-8%27%27Wochenprospekte%2520-%2520hz39_kesn_grp79bb2637ba2219a4f8fd.pdf"
"2026-09-20 21:02 Europe/Berlin","Netto Marken-Discount","Netto Marken-Discount, Peterstr. 50, 52062 Aachen (공식 전단 기준, 지점별 가격 미확인)","52062","식품","21.09.2026-26.09.2026","Radieschen","Deutschland, Kl. I, Bund","0.49","","28%","","https://view.publitas.com/100989/3369322/pdfs/6d0b71a7-7213-45ac-ac66-56a9917fab2b.pdf?response-content-disposition=attachment%3B+filename%2A%3DUTF-8%27%27Wochenprospekte%2520-%2520hz39_kesn_grp79bb2637ba2219a4f8fd.pdf"
"2026-09-20 21:02 Europe/Berlin","Netto Marken-Discount","Netto Marken-Discount, Peterstr. 50, 52062 Aachen (공식 전단 기준, 지점별 가격 미확인)","52062","식품","21.09.2026-26.09.2026","Rispentomaten","Niederlande, Kl. I, 1 kg","1.69","","15%","","https://view.publitas.com/100989/3369322/pdfs/6d0b71a7-7213-45ac-ac66-56a9917fab2b.pdf?response-content-disposition=attachment%3B+filename%2A%3DUTF-8%27%27Wochenprospekte%2520-%2520hz39_kesn_grp79bb2637ba2219a4f8fd.pdf"
"2026-09-20 21:02 Europe/Berlin","Netto Marken-Discount","Netto Marken-Discount, Peterstr. 50, 52062 Aachen (공식 전단 기준, 지점별 가격 미확인)","52062","식품","21.09.2026-26.09.2026","Rotkohl","Deutschland, Kl. I, 1 kg","0.79","","33%","","https://view.publitas.com/100989/3369322/pdfs/6d0b71a7-7213-45ac-ac66-56a9917fab2b.pdf?response-content-disposition=attachment%3B+filename%2A%3DUTF-8%27%27Wochenprospekte%2520-%2520hz39_kesn_grp79bb2637ba2219a4f8fd.pdf"
"2026-09-20 21:02 Europe/Berlin","Netto Marken-Discount","Netto Marken-Discount, Peterstr. 50, 52062 Aachen (공식 전단 기준, 지점별 가격 미확인)","52062","식품","21.09.2026-26.09.2026","Sellerie mit Grün","Deutschland, Kl. I, Stück","0.99","","28%","","https://view.publitas.com/100989/3369322/pdfs/6d0b71a7-7213-45ac-ac66-56a9917fab2b.pdf?response-content-disposition=attachment%3B+filename%2A%3DUTF-8%27%27Wochenprospekte%2520-%2520hz39_kesn_grp79bb2637ba2219a4f8fd.pdf"
"2026-09-20 21:02 Europe/Berlin","Netto Marken-Discount","Netto Marken-Discount, Peterstr. 50, 52062 Aachen (공식 전단 기준, 지점별 가격 미확인)","52062","식품","21.09.2026-26.09.2026","Weißkohl","Deutschland, Kl. I, 1 kg","0.79","","20%","","https://view.publitas.com/100989/3369322/pdfs/6d0b71a7-7213-45ac-ac66-56a9917fab2b.pdf?response-content-disposition=attachment%3B+filename%2A%3DUTF-8%27%27Wochenprospekte%2520-%2520hz39_kesn_grp79bb2637ba2219a4f8fd.pdf"
"2026-09-20 21:02 Europe/Berlin","Netto Marken-Discount","Netto Marken-Discount, Peterstr. 50, 52062 Aachen (공식 전단 기준, 지점별 가격 미확인)","52062","식품","21.09.2026-26.09.2026","Zwetschgen","Deutschland, Kl. I, Sorte Baronesse, 500-g-Schale","2.49","","16%","4,98 €/kg","https://view.publitas.com/100989/3369322/pdfs/6d0b71a7-7213-45ac-ac66-56a9917fab2b.pdf?response-content-disposition=attachment%3B+filename%2A%3DUTF-8%27%27Wochenprospekte%2520-%2520hz39_kesn_grp79bb2637ba2219a4f8fd.pdf"
"2026-09-20 21:02 Europe/Berlin","Netto Marken-Discount","Netto Marken-Discount, Peterstr. 50, 52062 Aachen (공식 전단 기준, 지점별 가격 미확인)","52062","식품","21.09.2026-26.09.2026","Zwiebeln","Deutschland, Kl. II, 3-kg-Sack","2.49","","28%","0,83 €/kg","https://view.publitas.com/100989/3369322/pdfs/6d0b71a7-7213-45ac-ac66-56a9917fab2b.pdf?response-content-disposition=attachment%3B+filename%2A%3DUTF-8%27%27Wochenprospekte%2520-%2520hz39_kesn_grp79bb2637ba2219a4f8fd.pdf"
"2026-09-20 21:02 Europe/Berlin","ALDI SÜD","ALDI SÜD, An der Piwipp 86, 40468 Düsseldorf (공식 전단 기준, 지점별 가격 미확인)","40468","식품","25.09.2026-26.09.2026","· FAIR&GUT · Rindergulasch XXL","0,8 kg","10.99","","","13,74 €/1 kg","https://www.aldi-sued.de/angebote/2026-09-25"
"2026-09-20 21:02 Europe/Berlin","ALDI SÜD","ALDI SÜD, An der Piwipp 86, 40468 Düsseldorf (공식 전단 기준, 지점별 가격 미확인)","40468","식품","25.09.2026-26.09.2026","ALDI SPORTS Flavor Powder 120 g, Chocolate Brownie","0,12 kg","6.49","","","54,08 €/1 kg","https://www.aldi-sued.de/angebote/2026-09-25?page=2"
"2026-09-20 21:02 Europe/Berlin","ALDI SÜD","ALDI SÜD, An der Piwipp 86, 40468 Düsseldorf (공식 전단 기준, 지점별 가격 미확인)","40468","식품","25.09.2026-26.09.2026","ALDI SPORTS Flavor Powder 120 g, Salty Caramel","0,12 kg","6.49","","","54,08 €/1 kg","https://www.aldi-sued.de/angebote/2026-09-25?page=2"
"2026-09-20 21:02 Europe/Berlin","ALDI SÜD","ALDI SÜD, An der Piwipp 86, 40468 Düsseldorf (공식 전단 기준, 지점별 가격 미확인)","40468","식품","25.09.2026-26.09.2026","ALDI SPORTS Flavor Powder 120 g, Strawberry","0,12 kg","6.49","","","54,08 €/1 kg","https://www.aldi-sued.de/angebote/2026-09-25?page=2"
"2026-09-20 21:02 Europe/Berlin","ALDI SÜD","ALDI SÜD, An der Piwipp 86, 40468 Düsseldorf (공식 전단 기준, 지점별 가격 미확인)","40468","식품","25.09.2026-26.09.2026","ALDI SPORTS Flavor Powder 120 g, Vanilla","0,12 kg","6.49","","","54,08 €/1 kg","https://www.aldi-sued.de/angebote/2026-09-25?page=2"
"2026-09-20 21:02 Europe/Berlin","ALDI SÜD","ALDI SÜD, An der Piwipp 86, 40468 Düsseldorf (공식 전단 기준, 지점별 가격 미확인)","40468","식품","25.09.2026-26.09.2026","ALDI SPORTS High Protein Sahne Pulver 350 g","0,35 kg","9.99","","","28,54 €/1 kg","https://www.aldi-sued.de/angebote/2026-09-25"
"2026-09-20 21:02 Europe/Berlin","ALDI SÜD","ALDI SÜD, An der Piwipp 86, 40468 Düsseldorf (공식 전단 기준, 지점별 가격 미확인)","40468","식품","25.09.2026-26.09.2026","ALDI SPORTS Kreatin Pulver 200g, Orange","0,2 kg","5.99","","","29,95 €/1 kg","https://www.aldi-sued.de/angebote/2026-09-25?page=2"
"2026-09-20 21:02 Europe/Berlin","ALDI SÜD","ALDI SÜD, An der Piwipp 86, 40468 Düsseldorf (공식 전단 기준, 지점별 가격 미확인)","40468","식품","25.09.2026-26.09.2026","ALDI SPORTS Kreatin Pulver 200g, Waldbeere","0,2 kg","5.99","","","29,95 €/1 kg","https://www.aldi-sued.de/angebote/2026-09-25?page=2"
"2026-09-20 21:02 Europe/Berlin","ALDI SÜD","ALDI SÜD, An der Piwipp 86, 40468 Düsseldorf (공식 전단 기준, 지점별 가격 미확인)","40468","식품","25.09.2026-26.09.2026","ALDI SPORTS Protein Matcha Latte 250 g","0,25 kg","9.95","","","39,80 €/1 kg","https://www.aldi-sued.de/angebote/2026-09-25"
"2026-09-20 21:02 Europe/Berlin","ALDI SÜD","ALDI SÜD, An der Piwipp 86, 40468 Düsseldorf (공식 전단 기준, 지점별 가격 미확인)","40468","식품","25.09.2026-26.09.2026","ALDI SPORTS Protein Riegel Kreatin 50 g, Nougat Dark Chocolate","0,05 kg","1.29","","","25,80 €/1 kg","https://www.aldi-sued.de/angebote/2026-09-25?page=2"
"2026-09-20 21:02 Europe/Berlin","ALDI SÜD","ALDI SÜD, An der Piwipp 86, 40468 Düsseldorf (공식 전단 기준, 지점별 가격 미확인)","40468","식품","25.09.2026-26.09.2026","ALDI SPORTS Protein Riegel Kreatin 50 g, Pistacchio White Chocolate","0,05 kg","1.29","","","25,80 €/1 kg","https://www.aldi-sued.de/angebote/2026-09-25?page=2"
"2026-09-20 21:02 Europe/Berlin","ALDI SÜD","ALDI SÜD, An der Piwipp 86, 40468 Düsseldorf (공식 전단 기준, 지점별 가격 미확인)","40468","식품","25.09.2026-26.09.2026","ALDI SPORTS Veganer Proteinriegel 55 g, Cookies & Cream","0,06 kg","1.29","","","23,45 €/1 kg","https://www.aldi-sued.de/angebote/2026-09-25?page=2"
"2026-09-20 21:02 Europe/Berlin","ALDI SÜD","ALDI SÜD, An der Piwipp 86, 40468 Düsseldorf (공식 전단 기준, 지점별 가격 미확인)","40468","식품","25.09.2026-26.09.2026","ALDI SPORTS Veganer Proteinriegel 55 g, Lemon Cake","0,06 kg","1.29","","","23,45 €/1 kg","https://www.aldi-sued.de/angebote/2026-09-25?page=2"
"2026-09-20 21:02 Europe/Berlin","ALDI SÜD","ALDI SÜD, An der Piwipp 86, 40468 Düsseldorf (공식 전단 기준, 지점별 가격 미확인)","40468","식품","25.09.2026-26.09.2026","Alpensalz 1 kg","1 kg","0.99","","","0,99 €/1 kg","https://www.aldi-sued.de/angebote/2026-09-25"
"2026-09-20 21:02 Europe/Berlin","ALDI SÜD","ALDI SÜD, An der Piwipp 86, 40468 Düsseldorf (공식 전단 기준, 지점별 가격 미확인)","40468","주류","25.09.2026-26.09.2026","Apfel Cidre aus der Normandie 750 ml, Herb","0,75 l","1.49","","","1,99 €/1 l","https://www.aldi-sued.de/angebote/2026-09-25"
"2026-09-20 21:02 Europe/Berlin","ALDI SÜD","ALDI SÜD, An der Piwipp 86, 40468 Düsseldorf (공식 전단 기준, 지점별 가격 미확인)","40468","주류","25.09.2026-26.09.2026","Apfel Cidre aus der Normandie 750 ml, Mild","0,75 l","1.49","","","1,99 €/1 l","https://www.aldi-sued.de/angebote/2026-09-25"
"2026-09-20 21:02 Europe/Berlin","ALDI SÜD","ALDI SÜD, An der Piwipp 86, 40468 Düsseldorf (공식 전단 기준, 지점별 가격 미확인)","40468","주류","25.09.2026-26.09.2026","BENEDIKTINER HELL Benediktiner Hell 5-l-Fass","5 l","8.99","","","1,80 €/1 l","https://www.aldi-sued.de/angebote/2026-09-25"
"2026-09-20 21:02 Europe/Berlin","ALDI SÜD","ALDI SÜD, An der Piwipp 86, 40468 Düsseldorf (공식 전단 기준, 지점별 가격 미확인)","40468","식품","25.09.2026-26.09.2026","CHOCEUR Nussknacker Vollmilch 300 g","0,3 kg","3.49","","","11,63 €/1 kg","https://www.aldi-sued.de/angebote/2026-09-25"
"2026-09-20 21:02 Europe/Berlin","ALDI SÜD","ALDI SÜD, An der Piwipp 86, 40468 Düsseldorf (공식 전단 기준, 지점별 가격 미확인)","40468","주류","25.09.2026-26.09.2026","COUPERNE Calvados V.S 700 ml","0,7 l","9.99","","","14,27 €/1 l","https://www.aldi-sued.de/angebote/2026-09-25"
"2026-09-20 21:02 Europe/Berlin","ALDI SÜD","ALDI SÜD, An der Piwipp 86, 40468 Düsseldorf (공식 전단 기준, 지점별 가격 미확인)","40468","식품","25.09.2026-26.09.2026","DR. OETKER Rustica 3-Salame","0,49 kg","3.99","","","8,16 €/1 kg","https://www.aldi-sued.de/angebote/2026-09-25"
"2026-09-20 21:02 Europe/Berlin","ALDI SÜD","ALDI SÜD, An der Piwipp 86, 40468 Düsseldorf (공식 전단 기준, 지점별 가격 미확인)","40468","식품","25.09.2026-26.09.2026","DR. OETKER Rustica 5-Cheese 505 g","0,51 kg","3.99","","","7,90 €/1 kg","https://www.aldi-sued.de/angebote/2026-09-25"
"2026-09-20 21:02 Europe/Berlin","ALDI SÜD","ALDI SÜD, An der Piwipp 86, 40468 Düsseldorf (공식 전단 기준, 지점별 가격 미확인)","40468","식품","25.09.2026-26.09.2026","FERRERO Maxi King 105 g","0,11 kg","1.49","","","14,19 €/1 kg","https://www.aldi-sued.de/angebote/2026-09-25"
"2026-09-20 21:02 Europe/Berlin","ALDI SÜD","ALDI SÜD, An der Piwipp 86, 40468 Düsseldorf (공식 전단 기준, 지점별 가격 미확인)","40468","식품","25.09.2026-26.09.2026","FERRERO Rocher 250 g","0,25 kg","5.99","","","23,96 €/1 kg","https://www.aldi-sued.de/angebote/2026-09-25"
"2026-09-20 21:02 Europe/Berlin","ALDI SÜD","ALDI SÜD, An der Piwipp 86, 40468 Düsseldorf (공식 전단 기준, 지점별 가격 미확인)","40468","식품","25.09.2026-26.09.2026","FOL EPI Fol Epi  210 g, Caractere","0,21 kg","2.99","","","14,24 €/1 kg","https://www.aldi-sued.de/angebote/2026-09-25?page=2"
"2026-09-20 21:02 Europe/Berlin","ALDI SÜD","ALDI SÜD, An der Piwipp 86, 40468 Düsseldorf (공식 전단 기준, 지점별 가격 미확인)","40468","식품","25.09.2026-26.09.2026","FOL EPI Fol Epi  210 g, Cremig","0,21 kg","2.99","","","14,24 €/1 kg","https://www.aldi-sued.de/angebote/2026-09-25?page=2"
"2026-09-20 21:02 Europe/Berlin","ALDI SÜD","ALDI SÜD, An der Piwipp 86, 40468 Düsseldorf (공식 전단 기준, 지점별 가격 미확인)","40468","식품","25.09.2026-26.09.2026","FOL EPI Fol Epi  210 g, Kürbiskern","0,21 kg","2.99","","","14,24 €/1 kg","https://www.aldi-sued.de/angebote/2026-09-25?page=2"
"2026-09-20 21:02 Europe/Berlin","ALDI SÜD","ALDI SÜD, An der Piwipp 86, 40468 Düsseldorf (공식 전단 기준, 지점별 가격 미확인)","40468","식품","25.09.2026-26.09.2026","FOL EPI Fol Epi  235 g, Classic","0,24 kg","2.99","","","12,72 €/1 kg","https://www.aldi-sued.de/angebote/2026-09-25?page=2"
"2026-09-20 21:02 Europe/Berlin","ALDI SÜD","ALDI SÜD, An der Piwipp 86, 40468 Düsseldorf (공식 전단 기준, 지점별 가격 미확인)","40468","식품","25.09.2026-26.09.2026","FRANTASTIQUE! Mini französisches Feingebäck, Croissant","0,21 kg","1.49","","","7,10 €/1 kg","https://www.aldi-sued.de/angebote/2026-09-25?page=2"
"2026-09-20 21:02 Europe/Berlin","ALDI SÜD","ALDI SÜD, An der Piwipp 86, 40468 Düsseldorf (공식 전단 기준, 지점별 가격 미확인)","40468","식품","25.09.2026-26.09.2026","FRANTASTIQUE! Mini französisches Feingebäck, Pains au Choc","0,23 kg","1.49","","","6,48 €/1 kg","https://www.aldi-sued.de/angebote/2026-09-25?page=2"
"2026-09-20 21:02 Europe/Berlin","ALDI SÜD","ALDI SÜD, An der Piwipp 86, 40468 Düsseldorf (공식 전단 기준, 지점별 가격 미확인)","40468","식품","25.09.2026-26.09.2026","FUNNY FRISCH Chipsfrisch 250 g, Oriental","0,25 kg","1.79","","","7,16 €/1 kg","https://www.aldi-sued.de/angebote/2026-09-25?page=2"
"2026-09-20 21:02 Europe/Berlin","ALDI SÜD","ALDI SÜD, An der Piwipp 86, 40468 Düsseldorf (공식 전단 기준, 지점별 가격 미확인)","40468","식품","25.09.2026-26.09.2026","FUNNY FRISCH Chipsfrisch 250 g, Ungarisch","0,25 kg","1.79","","","7,16 €/1 kg","https://www.aldi-sued.de/angebote/2026-09-25?page=2"
"2026-09-20 21:02 Europe/Berlin","ALDI SÜD","ALDI SÜD, An der Piwipp 86, 40468 Düsseldorf (공식 전단 기준, 지점별 가격 미확인)","40468","식품","25.09.2026-26.09.2026","HERTA Kochschinken 140 g, Grillschinken","0,14 kg","1.99","","","14,21 €/1 kg","https://www.aldi-sued.de/angebote/2026-09-25?page=2"
"2026-09-20 21:02 Europe/Berlin","ALDI SÜD","ALDI SÜD, An der Piwipp 86, 40468 Düsseldorf (공식 전단 기준, 지점별 가격 미확인)","40468","식품","25.09.2026-26.09.2026","HERTA Kochschinken 140 g, Saftschinken","0,14 kg","1.99","","","14,21 €/1 kg","https://www.aldi-sued.de/angebote/2026-09-25?page=2"
"2026-09-20 21:02 Europe/Berlin","ALDI SÜD","ALDI SÜD, An der Piwipp 86, 40468 Düsseldorf (공식 전단 기준, 지점별 가격 미확인)","40468","식품","25.09.2026-26.09.2026","HOUDEK Kabanos Wiesn, Käse 180 g","0,18 kg","2.39","","","13,28 €/1 kg","https://www.aldi-sued.de/angebote/2026-09-25?page=3"
"2026-09-20 21:02 Europe/Berlin","ALDI SÜD","ALDI SÜD, An der Piwipp 86, 40468 Düsseldorf (공식 전단 기준, 지점별 가격 미확인)","40468","식품","25.09.2026-26.09.2026","HOUDEK Kabanos Wiesn, Klassik 180 g","0,18 kg","2.39","","","13,28 €/1 kg","https://www.aldi-sued.de/angebote/2026-09-25?page=3"
"2026-09-20 21:02 Europe/Berlin","ALDI SÜD","ALDI SÜD, An der Piwipp 86, 40468 Düsseldorf (공식 전단 기준, 지점별 가격 미확인)","40468","식품","25.09.2026-26.09.2026","HOUDEK Kabanos Wiesn, Klassik 200 g","0,2 kg","2.39","","","11,95 €/1 kg","https://www.aldi-sued.de/angebote/2026-09-25?page=3"
"2026-09-20 21:02 Europe/Berlin","ALDI SÜD","ALDI SÜD, An der Piwipp 86, 40468 Düsseldorf (공식 전단 기준, 지점별 가격 미확인)","40468","식품","25.09.2026-26.09.2026","HOUDEK Kabanos Wiesn, Paprika 180 g","0,18 kg","2.39","","","13,28 €/1 kg","https://www.aldi-sued.de/angebote/2026-09-25?page=3"
"2026-09-20 21:02 Europe/Berlin","ALDI SÜD","ALDI SÜD, An der Piwipp 86, 40468 Düsseldorf (공식 전단 기준, 지점별 가격 미확인)","40468","식품","21.09.2026-26.09.2026","IRONMAXX 100 % Milk Protein Pulver 500 g, Vanilla","0,5 kg","14.99","","","29,98 €/1 kg","https://www.aldi-sued.de/angebote/2026-09-21"
"2026-09-20 21:02 Europe/Berlin","ALDI SÜD","ALDI SÜD, An der Piwipp 86, 40468 Düsseldorf (공식 전단 기준, 지점별 가격 미확인)","40468","식품","21.09.2026-26.09.2026","IRONMAXX Lava Bar 40 g, Cookies & Cream","0,04 kg","1.69","","","42,25 €/1 kg","https://www.aldi-sued.de/angebote/2026-09-21"
"2026-09-20 21:02 Europe/Berlin","ALDI SÜD","ALDI SÜD, An der Piwipp 86, 40468 Düsseldorf (공식 전단 기준, 지점별 가격 미확인)","40468","식품","21.09.2026-26.09.2026","IRONMAXX Matcha Bites 2 × 23 g, Strawberry Flavour","0,05 kg","1.99","","","43,26 €/1 kg","https://www.aldi-sued.de/angebote/2026-09-21?page=2"
"2026-09-20 21:02 Europe/Berlin","ALDI SÜD","ALDI SÜD, An der Piwipp 86, 40468 Düsseldorf (공식 전단 기준, 지점별 가격 미확인)","40468","식품","21.09.2026-26.09.2026","IRONMAXX Maxxers Protein Riegel, 49 g, White Chocolate Pistachio","0,05 kg","1.99","","","40,61 €/1 kg","https://www.aldi-sued.de/angebote/2026-09-21"
"2026-09-20 21:02 Europe/Berlin","ALDI SÜD","ALDI SÜD, An der Piwipp 86, 40468 Düsseldorf (공식 전단 기준, 지점별 가격 미확인)","40468","식품","21.09.2026-26.09.2026","IRONMAXX Prococo Riegel 48 g, Coconut Caramel","0,05 kg","1.99","","","41,46 €/1 kg","https://www.aldi-sued.de/angebote/2026-09-21"
"2026-09-20 21:02 Europe/Berlin","ALDI SÜD","ALDI SÜD, An der Piwipp 86, 40468 Düsseldorf (공식 전단 기준, 지점별 가격 미확인)","40468","식품","21.09.2026-26.09.2026","IRONMAXX Proteccino Plant Pulver 500 g, Dark Cookie Crumble","0,5 kg","14.99","","","29,98 €/1 kg","https://www.aldi-sued.de/angebote/2026-09-21"
"2026-09-20 21:02 Europe/Berlin","ALDI SÜD","ALDI SÜD, An der Piwipp 86, 40468 Düsseldorf (공식 전단 기준, 지점별 가격 미확인)","40468","식품","21.09.2026-26.09.2026","IRONMAXX Wafix Riegel 39 g, Peanut Caramel","0,04 kg","1.79","","","45,90 €/1 kg","https://www.aldi-sued.de/angebote/2026-09-21"
"2026-09-20 21:02 Europe/Berlin","ALDI SÜD","ALDI SÜD, An der Piwipp 86, 40468 Düsseldorf (공식 전단 기준, 지점별 가격 미확인)","40468","식품","21.09.2026-26.09.2026","IRONMAXX Wafix Riegel 39 g, White Peanut Caramel","0,04 kg","1.79","","","45,90 €/1 kg","https://www.aldi-sued.de/angebote/2026-09-21"
"2026-09-20 21:02 Europe/Berlin","ALDI SÜD","ALDI SÜD, An der Piwipp 86, 40468 Düsseldorf (공식 전단 기준, 지점별 가격 미확인)","40468","식품","21.09.2026-26.09.2026","IRONMAXX Whey Protein Pulver 500 g, Dark Cookie Salted Caramel","0,5 kg","13.49","","","26,98 €/1 kg","https://www.aldi-sued.de/angebote/2026-09-21"
"2026-09-20 21:02 Europe/Berlin","ALDI SÜD","ALDI SÜD, An der Piwipp 86, 40468 Düsseldorf (공식 전단 기준, 지점별 가격 미확인)","40468","식품","21.09.2026-26.09.2026","IRONMAXX Whey Protein Pulver 500 g, Strawberry Ice Cream","0,5 kg","13.49","","","26,98 €/1 kg","https://www.aldi-sued.de/angebote/2026-09-21"
"2026-09-20 21:02 Europe/Berlin","ALDI SÜD","ALDI SÜD, An der Piwipp 86, 40468 Düsseldorf (공식 전단 기준, 지점별 가격 미확인)","40468","식품","25.09.2026-26.09.2026","LANDLIEBE Butter 250 g","0,25 kg","1.29","","","5,16 €/1 kg","https://www.aldi-sued.de/angebote/2026-09-25"
"2026-09-20 21:02 Europe/Berlin","ALDI SÜD","ALDI SÜD, An der Piwipp 86, 40468 Düsseldorf (공식 전단 기준, 지점별 가격 미확인)","40468","식품","25.09.2026-26.09.2026","LANDLIEBE Fruchtjoghurt 500 g, Erdbeere","0,5 kg","1.11","","","2,22 €/1 kg","https://www.aldi-sued.de/angebote/2026-09-25?page=2"
"2026-09-20 21:02 Europe/Berlin","ALDI SÜD","ALDI SÜD, An der Piwipp 86, 40468 Düsseldorf (공식 전단 기준, 지점별 가격 미확인)","40468","식품","25.09.2026-26.09.2026","LANDLIEBE Fruchtjoghurt 500 g, Heidelbeere","0,5 kg","1.11","","","2,22 €/1 kg","https://www.aldi-sued.de/angebote/2026-09-25?page=2"
"2026-09-20 21:02 Europe/Berlin","ALDI SÜD","ALDI SÜD, An der Piwipp 86, 40468 Düsseldorf (공식 전단 기준, 지점별 가격 미확인)","40468","식품","25.09.2026-26.09.2026","LANDLIEBE Fruchtjoghurt 500 g, Pfirsich","0,5 kg","1.11","","","2,22 €/1 kg","https://www.aldi-sued.de/angebote/2026-09-25?page=2"
"2026-09-20 21:02 Europe/Berlin","ALDI SÜD","ALDI SÜD, An der Piwipp 86, 40468 Düsseldorf (공식 전단 기준, 지점별 가격 미확인)","40468","식품","25.09.2026-26.09.2026","LANDLIEBE Fruchtjoghurt 500 g, Vanille","0,5 kg","1.11","","","2,22 €/1 kg","https://www.aldi-sued.de/angebote/2026-09-25?page=2"
"2026-09-20 21:02 Europe/Berlin","ALDI SÜD","ALDI SÜD, An der Piwipp 86, 40468 Düsseldorf (공식 전단 기준, 지점별 가격 미확인)","40468","식품","25.09.2026-26.09.2026","MEINE METZGEREI Hackfleisch gemischt 1 kg","1 kg","6.99","","","6,99 €/1 kg","https://www.aldi-sued.de/angebote/2026-09-25"
"2026-09-20 21:02 Europe/Berlin","ALDI SÜD","ALDI SÜD, An der Piwipp 86, 40468 Düsseldorf (공식 전단 기준, 지점별 가격 미확인)","40468","식품","25.09.2026-26.09.2026","MÜLLER Milchreis 200 g Limitiert, Bienenstich","0,2 kg","0.39","","","1,95 €/1 kg","https://www.aldi-sued.de/angebote/2026-09-25?page=2"
"2026-09-20 21:02 Europe/Berlin","ALDI SÜD","ALDI SÜD, An der Piwipp 86, 40468 Düsseldorf (공식 전단 기준, 지점별 가격 미확인)","40468","식품","25.09.2026-26.09.2026","MÜLLER Milchreis 200 g Limitiert, Orange Vanille","0,2 kg","0.39","","","1,95 €/1 kg","https://www.aldi-sued.de/angebote/2026-09-25?page=2"
"2026-09-20 21:02 Europe/Berlin","ALDI SÜD","ALDI SÜD, An der Piwipp 86, 40468 Düsseldorf (공식 전단 기준, 지점별 가격 미확인)","40468","식품","25.09.2026-26.09.2026","MÜLLER Milchreis 200 g Limitiert, Schoko Banane","0,2 kg","0.39","","","1,95 €/1 kg","https://www.aldi-sued.de/angebote/2026-09-25?page=2"
"2026-09-20 21:02 Europe/Berlin","ALDI SÜD","ALDI SÜD, An der Piwipp 86, 40468 Düsseldorf (공식 전단 기준, 지점별 가격 미확인)","40468","식품","25.09.2026-26.09.2026","MÜLLER Milchreis 200 g, Pur","0,2 kg","0.39","","","1,95 €/1 kg","https://www.aldi-sued.de/angebote/2026-09-25"
"2026-09-20 21:02 Europe/Berlin","ALDI SÜD","ALDI SÜD, An der Piwipp 86, 40468 Düsseldorf (공식 전단 기준, 지점별 가격 미확인)","40468","식품","25.09.2026-26.09.2026","MÜLLER Milchreis 200 g, Schokolade","0,2 kg","0.39","","","1,95 €/1 kg","https://www.aldi-sued.de/angebote/2026-09-25"
"2026-09-20 21:02 Europe/Berlin","ALDI SÜD","ALDI SÜD, An der Piwipp 86, 40468 Düsseldorf (공식 전단 기준, 지점별 가격 미확인)","40468","식품","25.09.2026-26.09.2026","MÜLLER Milchreis 200 g, Vanille","0,2 kg","0.39","","","1,95 €/1 kg","https://www.aldi-sued.de/angebote/2026-09-25"
"2026-09-20 21:02 Europe/Berlin","ALDI SÜD","ALDI SÜD, An der Piwipp 86, 40468 Düsseldorf (공식 전단 기준, 지점별 가격 미확인)","40468","식품","25.09.2026-26.09.2026","MÜLLER Milchreis 200 g, Zimt","0,2 kg","0.39","","","1,95 €/1 kg","https://www.aldi-sued.de/angebote/2026-09-25"
"2026-09-20 21:02 Europe/Berlin","ALDI SÜD","ALDI SÜD, An der Piwipp 86, 40468 Düsseldorf (공식 전단 기준, 지점별 가격 미확인)","40468","주류","25.09.2026-26.09.2026","Pastis de Marseille 700 ml","0,7 l","8.99","","","12,84 €/1 l","https://www.aldi-sued.de/angebote/2026-09-25"
"2026-09-20 21:02 Europe/Berlin","ALDI SÜD","ALDI SÜD, An der Piwipp 86, 40468 Düsseldorf (공식 전단 기준, 지점별 가격 미확인)","40468","식품","25.09.2026-26.09.2026","PRESIDENT Président Carré Gourmet 200 g, Classic","0,2 kg","2.29","","","11,45 €/1 kg","https://www.aldi-sued.de/angebote/2026-09-25?page=3"
"2026-09-20 21:02 Europe/Berlin","ALDI SÜD","ALDI SÜD, An der Piwipp 86, 40468 Düsseldorf (공식 전단 기준, 지점별 가격 미확인)","40468","식품","25.09.2026-26.09.2026","PRESIDENT Président Snack 180g, fein-würzig","0,18 kg","2.29","","","12,72 €/1 kg","https://www.aldi-sued.de/angebote/2026-09-25?page=3"
"2026-09-20 21:02 Europe/Berlin","ALDI SÜD","ALDI SÜD, An der Piwipp 86, 40468 Düsseldorf (공식 전단 기준, 지점별 가격 미확인)","40468","식품","25.09.2026-26.09.2026","PRESIDENT Président Snack 180g, mild-cremig","0,18 kg","2.29","","","12,72 €/1 kg","https://www.aldi-sued.de/angebote/2026-09-25?page=3"
"2026-09-20 21:02 Europe/Berlin","ALDI SÜD","ALDI SÜD, An der Piwipp 86, 40468 Düsseldorf (공식 전단 기준, 지점별 가격 미확인)","40468","식품","25.09.2026-26.09.2026","ROUGETTE Ofenkäse 320 g, Kräuter","0,32 kg","3.99","","","12,47 €/1 kg","https://www.aldi-sued.de/angebote/2026-09-25"
"2026-09-20 21:02 Europe/Berlin","ALDI SÜD","ALDI SÜD, An der Piwipp 86, 40468 Düsseldorf (공식 전단 기준, 지점별 가격 미확인)","40468","식품","25.09.2026-26.09.2026","ROUGETTE Ofenkäse 320 g, Mild-cremig","0,32 kg","3.99","","","12,47 €/1 kg","https://www.aldi-sued.de/angebote/2026-09-25"
"2026-09-20 21:02 Europe/Berlin","ALDI SÜD","ALDI SÜD, An der Piwipp 86, 40468 Düsseldorf (공식 전단 기준, 지점별 가격 미확인)","40468","식품","25.09.2026-26.09.2026","ROUGETTE Ofenkäse 320 g, Würzig","0,32 kg","3.99","","","12,47 €/1 kg","https://www.aldi-sued.de/angebote/2026-09-25"
"2026-09-20 21:02 Europe/Berlin","ALDI SÜD","ALDI SÜD, An der Piwipp 86, 40468 Düsseldorf (공식 전단 기준, 지점별 가격 미확인)","40468","식품","25.09.2026-26.09.2026","WIESBAUER Aufschnitt 200 g, Frühstück","0,2 kg","1.99","","","9,95 €/1 kg","https://www.aldi-sued.de/angebote/2026-09-25"
"2026-09-20 21:02 Europe/Berlin","ALDI SÜD","ALDI SÜD, An der Piwipp 86, 40468 Düsseldorf (공식 전단 기준, 지점별 가격 미확인)","40468","식품","25.09.2026-26.09.2026","WIESBAUER Aufschnitt 200 g, Knackermix","0,2 kg","1.99","","","9,95 €/1 kg","https://www.aldi-sued.de/angebote/2026-09-25"
"2026-09-20 21:02 Europe/Berlin","ALDI SÜD","ALDI SÜD, Niederrheinstraße 158-166, 40474 Düsseldorf (공식 전단 기준, 지점별 가격 미확인)","40474","식품","25.09.2026-26.09.2026","· FAIR&GUT · Rindergulasch XXL","0,8 kg","10.99","","","13,74 €/1 kg","https://www.aldi-sued.de/angebote/2026-09-25"
"2026-09-20 21:02 Europe/Berlin","ALDI SÜD","ALDI SÜD, Niederrheinstraße 158-166, 40474 Düsseldorf (공식 전단 기준, 지점별 가격 미확인)","40474","식품","25.09.2026-26.09.2026","ALDI SPORTS Flavor Powder 120 g, Chocolate Brownie","0,12 kg","6.49","","","54,08 €/1 kg","https://www.aldi-sued.de/angebote/2026-09-25?page=2"
"2026-09-20 21:02 Europe/Berlin","ALDI SÜD","ALDI SÜD, Niederrheinstraße 158-166, 40474 Düsseldorf (공식 전단 기준, 지점별 가격 미확인)","40474","식품","25.09.2026-26.09.2026","ALDI SPORTS Flavor Powder 120 g, Salty Caramel","0,12 kg","6.49","","","54,08 €/1 kg","https://www.aldi-sued.de/angebote/2026-09-25?page=2"
"2026-09-20 21:02 Europe/Berlin","ALDI SÜD","ALDI SÜD, Niederrheinstraße 158-166, 40474 Düsseldorf (공식 전단 기준, 지점별 가격 미확인)","40474","식품","25.09.2026-26.09.2026","ALDI SPORTS Flavor Powder 120 g, Strawberry","0,12 kg","6.49","","","54,08 €/1 kg","https://www.aldi-sued.de/angebote/2026-09-25?page=2"
"2026-09-20 21:02 Europe/Berlin","ALDI SÜD","ALDI SÜD, Niederrheinstraße 158-166, 40474 Düsseldorf (공식 전단 기준, 지점별 가격 미확인)","40474","식품","25.09.2026-26.09.2026","ALDI SPORTS Flavor Powder 120 g, Vanilla","0,12 kg","6.49","","","54,08 €/1 kg","https://www.aldi-sued.de/angebote/2026-09-25?page=2"
"2026-09-20 21:02 Europe/Berlin","ALDI SÜD","ALDI SÜD, Niederrheinstraße 158-166, 40474 Düsseldorf (공식 전단 기준, 지점별 가격 미확인)","40474","식품","25.09.2026-26.09.2026","ALDI SPORTS High Protein Sahne Pulver 350 g","0,35 kg","9.99","","","28,54 €/1 kg","https://www.aldi-sued.de/angebote/2026-09-25"
"2026-09-20 21:02 Europe/Berlin","ALDI SÜD","ALDI SÜD, Niederrheinstraße 158-166, 40474 Düsseldorf (공식 전단 기준, 지점별 가격 미확인)","40474","식품","25.09.2026-26.09.2026","ALDI SPORTS Kreatin Pulver 200g, Orange","0,2 kg","5.99","","","29,95 €/1 kg","https://www.aldi-sued.de/angebote/2026-09-25?page=2"
"2026-09-20 21:02 Europe/Berlin","ALDI SÜD","ALDI SÜD, Niederrheinstraße 158-166, 40474 Düsseldorf (공식 전단 기준, 지점별 가격 미확인)","40474","식품","25.09.2026-26.09.2026","ALDI SPORTS Kreatin Pulver 200g, Waldbeere","0,2 kg","5.99","","","29,95 €/1 kg","https://www.aldi-sued.de/angebote/2026-09-25?page=2"
"2026-09-20 21:02 Europe/Berlin","ALDI SÜD","ALDI SÜD, Niederrheinstraße 158-166, 40474 Düsseldorf (공식 전단 기준, 지점별 가격 미확인)","40474","식품","25.09.2026-26.09.2026","ALDI SPORTS Protein Matcha Latte 250 g","0,25 kg","9.95","","","39,80 €/1 kg","https://www.aldi-sued.de/angebote/2026-09-25"
"2026-09-20 21:02 Europe/Berlin","ALDI SÜD","ALDI SÜD, Niederrheinstraße 158-166, 40474 Düsseldorf (공식 전단 기준, 지점별 가격 미확인)","40474","식품","25.09.2026-26.09.2026","ALDI SPORTS Protein Riegel Kreatin 50 g, Nougat Dark Chocolate","0,05 kg","1.29","","","25,80 €/1 kg","https://www.aldi-sued.de/angebote/2026-09-25?page=2"
"2026-09-20 21:02 Europe/Berlin","ALDI SÜD","ALDI SÜD, Niederrheinstraße 158-166, 40474 Düsseldorf (공식 전단 기준, 지점별 가격 미확인)","40474","식품","25.09.2026-26.09.2026","ALDI SPORTS Protein Riegel Kreatin 50 g, Pistacchio White Chocolate","0,05 kg","1.29","","","25,80 €/1 kg","https://www.aldi-sued.de/angebote/2026-09-25?page=2"
"2026-09-20 21:02 Europe/Berlin","ALDI SÜD","ALDI SÜD, Niederrheinstraße 158-166, 40474 Düsseldorf (공식 전단 기준, 지점별 가격 미확인)","40474","식품","25.09.2026-26.09.2026","ALDI SPORTS Veganer Proteinriegel 55 g, Cookies & Cream","0,06 kg","1.29","","","23,45 €/1 kg","https://www.aldi-sued.de/angebote/2026-09-25?page=2"
"2026-09-20 21:02 Europe/Berlin","ALDI SÜD","ALDI SÜD, Niederrheinstraße 158-166, 40474 Düsseldorf (공식 전단 기준, 지점별 가격 미확인)","40474","식품","25.09.2026-26.09.2026","ALDI SPORTS Veganer Proteinriegel 55 g, Lemon Cake","0,06 kg","1.29","","","23,45 €/1 kg","https://www.aldi-sued.de/angebote/2026-09-25?page=2"
"2026-09-20 21:02 Europe/Berlin","ALDI SÜD","ALDI SÜD, Niederrheinstraße 158-166, 40474 Düsseldorf (공식 전단 기준, 지점별 가격 미확인)","40474","식품","25.09.2026-26.09.2026","Alpensalz 1 kg","1 kg","0.99","","","0,99 €/1 kg","https://www.aldi-sued.de/angebote/2026-09-25"
"2026-09-20 21:02 Europe/Berlin","ALDI SÜD","ALDI SÜD, Niederrheinstraße 158-166, 40474 Düsseldorf (공식 전단 기준, 지점별 가격 미확인)","40474","주류","25.09.2026-26.09.2026","Apfel Cidre aus der Normandie 750 ml, Herb","0,75 l","1.49","","","1,99 €/1 l","https://www.aldi-sued.de/angebote/2026-09-25"
"2026-09-20 21:02 Europe/Berlin","ALDI SÜD","ALDI SÜD, Niederrheinstraße 158-166, 40474 Düsseldorf (공식 전단 기준, 지점별 가격 미확인)","40474","주류","25.09.2026-26.09.2026","Apfel Cidre aus der Normandie 750 ml, Mild","0,75 l","1.49","","","1,99 €/1 l","https://www.aldi-sued.de/angebote/2026-09-25"
"2026-09-20 21:02 Europe/Berlin","ALDI SÜD","ALDI SÜD, Niederrheinstraße 158-166, 40474 Düsseldorf (공식 전단 기준, 지점별 가격 미확인)","40474","주류","25.09.2026-26.09.2026","BENEDIKTINER HELL Benediktiner Hell 5-l-Fass","5 l","8.99","","","1,80 €/1 l","https://www.aldi-sued.de/angebote/2026-09-25"
"2026-09-20 21:02 Europe/Berlin","ALDI SÜD","ALDI SÜD, Niederrheinstraße 158-166, 40474 Düsseldorf (공식 전단 기준, 지점별 가격 미확인)","40474","식품","25.09.2026-26.09.2026","CHOCEUR Nussknacker Vollmilch 300 g","0,3 kg","3.49","","","11,63 €/1 kg","https://www.aldi-sued.de/angebote/2026-09-25"
"2026-09-20 21:02 Europe/Berlin","ALDI SÜD","ALDI SÜD, Niederrheinstraße 158-166, 40474 Düsseldorf (공식 전단 기준, 지점별 가격 미확인)","40474","주류","25.09.2026-26.09.2026","COUPERNE Calvados V.S 700 ml","0,7 l","9.99","","","14,27 €/1 l","https://www.aldi-sued.de/angebote/2026-09-25"
"2026-09-20 21:02 Europe/Berlin","ALDI SÜD","ALDI SÜD, Niederrheinstraße 158-166, 40474 Düsseldorf (공식 전단 기준, 지점별 가격 미확인)","40474","식품","25.09.2026-26.09.2026","DR. OETKER Rustica 3-Salame","0,49 kg","3.99","","","8,16 €/1 kg","https://www.aldi-sued.de/angebote/2026-09-25"
"2026-09-20 21:02 Europe/Berlin","ALDI SÜD","ALDI SÜD, Niederrheinstraße 158-166, 40474 Düsseldorf (공식 전단 기준, 지점별 가격 미확인)","40474","식품","25.09.2026-26.09.2026","DR. OETKER Rustica 5-Cheese 505 g","0,51 kg","3.99","","","7,90 €/1 kg","https://www.aldi-sued.de/angebote/2026-09-25"
"2026-09-20 21:02 Europe/Berlin","ALDI SÜD","ALDI SÜD, Niederrheinstraße 158-166, 40474 Düsseldorf (공식 전단 기준, 지점별 가격 미확인)","40474","식품","25.09.2026-26.09.2026","FERRERO Maxi King 105 g","0,11 kg","1.49","","","14,19 €/1 kg","https://www.aldi-sued.de/angebote/2026-09-25"
"2026-09-20 21:02 Europe/Berlin","ALDI SÜD","ALDI SÜD, Niederrheinstraße 158-166, 40474 Düsseldorf (공식 전단 기준, 지점별 가격 미확인)","40474","식품","25.09.2026-26.09.2026","FERRERO Rocher 250 g","0,25 kg","5.99","","","23,96 €/1 kg","https://www.aldi-sued.de/angebote/2026-09-25"
"2026-09-20 21:02 Europe/Berlin","ALDI SÜD","ALDI SÜD, Niederrheinstraße 158-166, 40474 Düsseldorf (공식 전단 기준, 지점별 가격 미확인)","40474","식품","25.09.2026-26.09.2026","FOL EPI Fol Epi  210 g, Caractere","0,21 kg","2.99","","","14,24 €/1 kg","https://www.aldi-sued.de/angebote/2026-09-25?page=2"
"2026-09-20 21:02 Europe/Berlin","ALDI SÜD","ALDI SÜD, Niederrheinstraße 158-166, 40474 Düsseldorf (공식 전단 기준, 지점별 가격 미확인)","40474","식품","25.09.2026-26.09.2026","FOL EPI Fol Epi  210 g, Cremig","0,21 kg","2.99","","","14,24 €/1 kg","https://www.aldi-sued.de/angebote/2026-09-25?page=2"
"2026-09-20 21:02 Europe/Berlin","ALDI SÜD","ALDI SÜD, Niederrheinstraße 158-166, 40474 Düsseldorf (공식 전단 기준, 지점별 가격 미확인)","40474","식품","25.09.2026-26.09.2026","FOL EPI Fol Epi  210 g, Kürbiskern","0,21 kg","2.99","","","14,24 €/1 kg","https://www.aldi-sued.de/angebote/2026-09-25?page=2"
"2026-09-20 21:02 Europe/Berlin","ALDI SÜD","ALDI SÜD, Niederrheinstraße 158-166, 40474 Düsseldorf (공식 전단 기준, 지점별 가격 미확인)","40474","식품","25.09.2026-26.09.2026","FOL EPI Fol Epi  235 g, Classic","0,24 kg","2.99","","","12,72 €/1 kg","https://www.aldi-sued.de/angebote/2026-09-25?page=2"
"2026-09-20 21:02 Europe/Berlin","ALDI SÜD","ALDI SÜD, Niederrheinstraße 158-166, 40474 Düsseldorf (공식 전단 기준, 지점별 가격 미확인)","40474","식품","25.09.2026-26.09.2026","FRANTASTIQUE! Mini französisches Feingebäck, Croissant","0,21 kg","1.49","","","7,10 €/1 kg","https://www.aldi-sued.de/angebote/2026-09-25?page=2"
"2026-09-20 21:02 Europe/Berlin","ALDI SÜD","ALDI SÜD, Niederrheinstraße 158-166, 40474 Düsseldorf (공식 전단 기준, 지점별 가격 미확인)","40474","식품","25.09.2026-26.09.2026","FRANTASTIQUE! Mini französisches Feingebäck, Pains au Choc","0,23 kg","1.49","","","6,48 €/1 kg","https://www.aldi-sued.de/angebote/2026-09-25?page=2"
"2026-09-20 21:02 Europe/Berlin","ALDI SÜD","ALDI SÜD, Niederrheinstraße 158-166, 40474 Düsseldorf (공식 전단 기준, 지점별 가격 미확인)","40474","식품","25.09.2026-26.09.2026","FUNNY FRISCH Chipsfrisch 250 g, Oriental","0,25 kg","1.79","","","7,16 €/1 kg","https://www.aldi-sued.de/angebote/2026-09-25?page=2"
"2026-09-20 21:02 Europe/Berlin","ALDI SÜD","ALDI SÜD, Niederrheinstraße 158-166, 40474 Düsseldorf (공식 전단 기준, 지점별 가격 미확인)","40474","식품","25.09.2026-26.09.2026","FUNNY FRISCH Chipsfrisch 250 g, Ungarisch","0,25 kg","1.79","","","7,16 €/1 kg","https://www.aldi-sued.de/angebote/2026-09-25?page=2"
"2026-09-20 21:02 Europe/Berlin","ALDI SÜD","ALDI SÜD, Niederrheinstraße 158-166, 40474 Düsseldorf (공식 전단 기준, 지점별 가격 미확인)","40474","식품","25.09.2026-26.09.2026","HERTA Kochschinken 140 g, Grillschinken","0,14 kg","1.99","","","14,21 €/1 kg","https://www.aldi-sued.de/angebote/2026-09-25?page=2"
"2026-09-20 21:02 Europe/Berlin","ALDI SÜD","ALDI SÜD, Niederrheinstraße 158-166, 40474 Düsseldorf (공식 전단 기준, 지점별 가격 미확인)","40474","식품","25.09.2026-26.09.2026","HERTA Kochschinken 140 g, Saftschinken","0,14 kg","1.99","","","14,21 €/1 kg","https://www.aldi-sued.de/angebote/2026-09-25?page=2"
"2026-09-20 21:02 Europe/Berlin","ALDI SÜD","ALDI SÜD, Niederrheinstraße 158-166, 40474 Düsseldorf (공식 전단 기준, 지점별 가격 미확인)","40474","식품","25.09.2026-26.09.2026","HOUDEK Kabanos Wiesn, Käse 180 g","0,18 kg","2.39","","","13,28 €/1 kg","https://www.aldi-sued.de/angebote/2026-09-25?page=3"
"2026-09-20 21:02 Europe/Berlin","ALDI SÜD","ALDI SÜD, Niederrheinstraße 158-166, 40474 Düsseldorf (공식 전단 기준, 지점별 가격 미확인)","40474","식품","25.09.2026-26.09.2026","HOUDEK Kabanos Wiesn, Klassik 180 g","0,18 kg","2.39","","","13,28 €/1 kg","https://www.aldi-sued.de/angebote/2026-09-25?page=3"
"2026-09-20 21:02 Europe/Berlin","ALDI SÜD","ALDI SÜD, Niederrheinstraße 158-166, 40474 Düsseldorf (공식 전단 기준, 지점별 가격 미확인)","40474","식품","25.09.2026-26.09.2026","HOUDEK Kabanos Wiesn, Klassik 200 g","0,2 kg","2.39","","","11,95 €/1 kg","https://www.aldi-sued.de/angebote/2026-09-25?page=3"
"2026-09-20 21:02 Europe/Berlin","ALDI SÜD","ALDI SÜD, Niederrheinstraße 158-166, 40474 Düsseldorf (공식 전단 기준, 지점별 가격 미확인)","40474","식품","25.09.2026-26.09.2026","HOUDEK Kabanos Wiesn, Paprika 180 g","0,18 kg","2.39","","","13,28 €/1 kg","https://www.aldi-sued.de/angebote/2026-09-25?page=3"
"2026-09-20 21:02 Europe/Berlin","ALDI SÜD","ALDI SÜD, Niederrheinstraße 158-166, 40474 Düsseldorf (공식 전단 기준, 지점별 가격 미확인)","40474","식품","21.09.2026-26.09.2026","IRONMAXX 100 % Milk Protein Pulver 500 g, Vanilla","0,5 kg","14.99","","","29,98 €/1 kg","https://www.aldi-sued.de/angebote/2026-09-21"
"2026-09-20 21:02 Europe/Berlin","ALDI SÜD","ALDI SÜD, Niederrheinstraße 158-166, 40474 Düsseldorf (공식 전단 기준, 지점별 가격 미확인)","40474","식품","21.09.2026-26.09.2026","IRONMAXX Lava Bar 40 g, Cookies & Cream","0,04 kg","1.69","","","42,25 €/1 kg","https://www.aldi-sued.de/angebote/2026-09-21"
"2026-09-20 21:02 Europe/Berlin","ALDI SÜD","ALDI SÜD, Niederrheinstraße 158-166, 40474 Düsseldorf (공식 전단 기준, 지점별 가격 미확인)","40474","식품","21.09.2026-26.09.2026","IRONMAXX Matcha Bites 2 × 23 g, Strawberry Flavour","0,05 kg","1.99","","","43,26 €/1 kg","https://www.aldi-sued.de/angebote/2026-09-21?page=2"
"2026-09-20 21:02 Europe/Berlin","ALDI SÜD","ALDI SÜD, Niederrheinstraße 158-166, 40474 Düsseldorf (공식 전단 기준, 지점별 가격 미확인)","40474","식품","21.09.2026-26.09.2026","IRONMAXX Maxxers Protein Riegel, 49 g, White Chocolate Pistachio","0,05 kg","1.99","","","40,61 €/1 kg","https://www.aldi-sued.de/angebote/2026-09-21"
"2026-09-20 21:02 Europe/Berlin","ALDI SÜD","ALDI SÜD, Niederrheinstraße 158-166, 40474 Düsseldorf (공식 전단 기준, 지점별 가격 미확인)","40474","식품","21.09.2026-26.09.2026","IRONMAXX Prococo Riegel 48 g, Coconut Caramel","0,05 kg","1.99","","","41,46 €/1 kg","https://www.aldi-sued.de/angebote/2026-09-21"
"2026-09-20 21:02 Europe/Berlin","ALDI SÜD","ALDI SÜD, Niederrheinstraße 158-166, 40474 Düsseldorf (공식 전단 기준, 지점별 가격 미확인)","40474","식품","21.09.2026-26.09.2026","IRONMAXX Proteccino Plant Pulver 500 g, Dark Cookie Crumble","0,5 kg","14.99","","","29,98 €/1 kg","https://www.aldi-sued.de/angebote/2026-09-21"
"2026-09-20 21:02 Europe/Berlin","ALDI SÜD","ALDI SÜD, Niederrheinstraße 158-166, 40474 Düsseldorf (공식 전단 기준, 지점별 가격 미확인)","40474","식품","21.09.2026-26.09.2026","IRONMAXX Wafix Riegel 39 g, Peanut Caramel","0,04 kg","1.79","","","45,90 €/1 kg","https://www.aldi-sued.de/angebote/2026-09-21"
"2026-09-20 21:02 Europe/Berlin","ALDI SÜD","ALDI SÜD, Niederrheinstraße 158-166, 40474 Düsseldorf (공식 전단 기준, 지점별 가격 미확인)","40474","식품","21.09.2026-26.09.2026","IRONMAXX Wafix Riegel 39 g, White Peanut Caramel","0,04 kg","1.79","","","45,90 €/1 kg","https://www.aldi-sued.de/angebote/2026-09-21"
"2026-09-20 21:02 Europe/Berlin","ALDI SÜD","ALDI SÜD, Niederrheinstraße 158-166, 40474 Düsseldorf (공식 전단 기준, 지점별 가격 미확인)","40474","식품","21.09.2026-26.09.2026","IRONMAXX Whey Protein Pulver 500 g, Dark Cookie Salted Caramel","0,5 kg","13.49","","","26,98 €/1 kg","https://www.aldi-sued.de/angebote/2026-09-21"
"2026-09-20 21:02 Europe/Berlin","ALDI SÜD","ALDI SÜD, Niederrheinstraße 158-166, 40474 Düsseldorf (공식 전단 기준, 지점별 가격 미확인)","40474","식품","21.09.2026-26.09.2026","IRONMAXX Whey Protein Pulver 500 g, Strawberry Ice Cream","0,5 kg","13.49","","","26,98 €/1 kg","https://www.aldi-sued.de/angebote/2026-09-21"
"2026-09-20 21:02 Europe/Berlin","ALDI SÜD","ALDI SÜD, Niederrheinstraße 158-166, 40474 Düsseldorf (공식 전단 기준, 지점별 가격 미확인)","40474","식품","25.09.2026-26.09.2026","LANDLIEBE Butter 250 g","0,25 kg","1.29","","","5,16 €/1 kg","https://www.aldi-sued.de/angebote/2026-09-25"
"2026-09-20 21:02 Europe/Berlin","ALDI SÜD","ALDI SÜD, Niederrheinstraße 158-166, 40474 Düsseldorf (공식 전단 기준, 지점별 가격 미확인)","40474","식품","25.09.2026-26.09.2026","LANDLIEBE Fruchtjoghurt 500 g, Erdbeere","0,5 kg","1.11","","","2,22 €/1 kg","https://www.aldi-sued.de/angebote/2026-09-25?page=2"
"2026-09-20 21:02 Europe/Berlin","ALDI SÜD","ALDI SÜD, Niederrheinstraße 158-166, 40474 Düsseldorf (공식 전단 기준, 지점별 가격 미확인)","40474","식품","25.09.2026-26.09.2026","LANDLIEBE Fruchtjoghurt 500 g, Heidelbeere","0,5 kg","1.11","","","2,22 €/1 kg","https://www.aldi-sued.de/angebote/2026-09-25?page=2"
"2026-09-20 21:02 Europe/Berlin","ALDI SÜD","ALDI SÜD, Niederrheinstraße 158-166, 40474 Düsseldorf (공식 전단 기준, 지점별 가격 미확인)","40474","식품","25.09.2026-26.09.2026","LANDLIEBE Fruchtjoghurt 500 g, Pfirsich","0,5 kg","1.11","","","2,22 €/1 kg","https://www.aldi-sued.de/angebote/2026-09-25?page=2"
"2026-09-20 21:02 Europe/Berlin","ALDI SÜD","ALDI SÜD, Niederrheinstraße 158-166, 40474 Düsseldorf (공식 전단 기준, 지점별 가격 미확인)","40474","식품","25.09.2026-26.09.2026","LANDLIEBE Fruchtjoghurt 500 g, Vanille","0,5 kg","1.11","","","2,22 €/1 kg","https://www.aldi-sued.de/angebote/2026-09-25?page=2"
"2026-09-20 21:02 Europe/Berlin","ALDI SÜD","ALDI SÜD, Niederrheinstraße 158-166, 40474 Düsseldorf (공식 전단 기준, 지점별 가격 미확인)","40474","식품","25.09.2026-26.09.2026","MEINE METZGEREI Hackfleisch gemischt 1 kg","1 kg","6.99","","","6,99 €/1 kg","https://www.aldi-sued.de/angebote/2026-09-25"
"2026-09-20 21:02 Europe/Berlin","ALDI SÜD","ALDI SÜD, Niederrheinstraße 158-166, 40474 Düsseldorf (공식 전단 기준, 지점별 가격 미확인)","40474","식품","25.09.2026-26.09.2026","MÜLLER Milchreis 200 g Limitiert, Bienenstich","0,2 kg","0.39","","","1,95 €/1 kg","https://www.aldi-sued.de/angebote/2026-09-25?page=2"
"2026-09-20 21:02 Europe/Berlin","ALDI SÜD","ALDI SÜD, Niederrheinstraße 158-166, 40474 Düsseldorf (공식 전단 기준, 지점별 가격 미확인)","40474","식품","25.09.2026-26.09.2026","MÜLLER Milchreis 200 g Limitiert, Orange Vanille","0,2 kg","0.39","","","1,95 €/1 kg","https://www.aldi-sued.de/angebote/2026-09-25?page=2"
"2026-09-20 21:02 Europe/Berlin","ALDI SÜD","ALDI SÜD, Niederrheinstraße 158-166, 40474 Düsseldorf (공식 전단 기준, 지점별 가격 미확인)","40474","식품","25.09.2026-26.09.2026","MÜLLER Milchreis 200 g Limitiert, Schoko Banane","0,2 kg","0.39","","","1,95 €/1 kg","https://www.aldi-sued.de/angebote/2026-09-25?page=2"
"2026-09-20 21:02 Europe/Berlin","ALDI SÜD","ALDI SÜD, Niederrheinstraße 158-166, 40474 Düsseldorf (공식 전단 기준, 지점별 가격 미확인)","40474","식품","25.09.2026-26.09.2026","MÜLLER Milchreis 200 g, Pur","0,2 kg","0.39","","","1,95 €/1 kg","https://www.aldi-sued.de/angebote/2026-09-25"
"2026-09-20 21:02 Europe/Berlin","ALDI SÜD","ALDI SÜD, Niederrheinstraße 158-166, 40474 Düsseldorf (공식 전단 기준, 지점별 가격 미확인)","40474","식품","25.09.2026-26.09.2026","MÜLLER Milchreis 200 g, Schokolade","0,2 kg","0.39","","","1,95 €/1 kg","https://www.aldi-sued.de/angebote/2026-09-25"
"2026-09-20 21:02 Europe/Berlin","ALDI SÜD","ALDI SÜD, Niederrheinstraße 158-166, 40474 Düsseldorf (공식 전단 기준, 지점별 가격 미확인)","40474","식품","25.09.2026-26.09.2026","MÜLLER Milchreis 200 g, Vanille","0,2 kg","0.39","","","1,95 €/1 kg","https://www.aldi-sued.de/angebote/2026-09-25"
"2026-09-20 21:02 Europe/Berlin","ALDI SÜD","ALDI SÜD, Niederrheinstraße 158-166, 40474 Düsseldorf (공식 전단 기준, 지점별 가격 미확인)","40474","식품","25.09.2026-26.09.2026","MÜLLER Milchreis 200 g, Zimt","0,2 kg","0.39","","","1,95 €/1 kg","https://www.aldi-sued.de/angebote/2026-09-25"
"2026-09-20 21:02 Europe/Berlin","ALDI SÜD","ALDI SÜD, Niederrheinstraße 158-166, 40474 Düsseldorf (공식 전단 기준, 지점별 가격 미확인)","40474","주류","25.09.2026-26.09.2026","Pastis de Marseille 700 ml","0,7 l","8.99","","","12,84 €/1 l","https://www.aldi-sued.de/angebote/2026-09-25"
"2026-09-20 21:02 Europe/Berlin","ALDI SÜD","ALDI SÜD, Niederrheinstraße 158-166, 40474 Düsseldorf (공식 전단 기준, 지점별 가격 미확인)","40474","식품","25.09.2026-26.09.2026","PRESIDENT Président Carré Gourmet 200 g, Classic","0,2 kg","2.29","","","11,45 €/1 kg","https://www.aldi-sued.de/angebote/2026-09-25?page=3"
"2026-09-20 21:02 Europe/Berlin","ALDI SÜD","ALDI SÜD, Niederrheinstraße 158-166, 40474 Düsseldorf (공식 전단 기준, 지점별 가격 미확인)","40474","식품","25.09.2026-26.09.2026","PRESIDENT Président Snack 180g, fein-würzig","0,18 kg","2.29","","","12,72 €/1 kg","https://www.aldi-sued.de/angebote/2026-09-25?page=3"
"2026-09-20 21:02 Europe/Berlin","ALDI SÜD","ALDI SÜD, Niederrheinstraße 158-166, 40474 Düsseldorf (공식 전단 기준, 지점별 가격 미확인)","40474","식품","25.09.2026-26.09.2026","PRESIDENT Président Snack 180g, mild-cremig","0,18 kg","2.29","","","12,72 €/1 kg","https://www.aldi-sued.de/angebote/2026-09-25?page=3"
"2026-09-20 21:02 Europe/Berlin","ALDI SÜD","ALDI SÜD, Niederrheinstraße 158-166, 40474 Düsseldorf (공식 전단 기준, 지점별 가격 미확인)","40474","식품","25.09.2026-26.09.2026","ROUGETTE Ofenkäse 320 g, Kräuter","0,32 kg","3.99","","","12,47 €/1 kg","https://www.aldi-sued.de/angebote/2026-09-25"
"2026-09-20 21:02 Europe/Berlin","ALDI SÜD","ALDI SÜD, Niederrheinstraße 158-166, 40474 Düsseldorf (공식 전단 기준, 지점별 가격 미확인)","40474","식품","25.09.2026-26.09.2026","ROUGETTE Ofenkäse 320 g, Mild-cremig","0,32 kg","3.99","","","12,47 €/1 kg","https://www.aldi-sued.de/angebote/2026-09-25"
"2026-09-20 21:02 Europe/Berlin","ALDI SÜD","ALDI SÜD, Niederrheinstraße 158-166, 40474 Düsseldorf (공식 전단 기준, 지점별 가격 미확인)","40474","식품","25.09.2026-26.09.2026","ROUGETTE Ofenkäse 320 g, Würzig","0,32 kg","3.99","","","12,47 €/1 kg","https://www.aldi-sued.de/angebote/2026-09-25"
"2026-09-20 21:02 Europe/Berlin","ALDI SÜD","ALDI SÜD, Niederrheinstraße 158-166, 40474 Düsseldorf (공식 전단 기준, 지점별 가격 미확인)","40474","식품","25.09.2026-26.09.2026","WIESBAUER Aufschnitt 200 g, Frühstück","0,2 kg","1.99","","","9,95 €/1 kg","https://www.aldi-sued.de/angebote/2026-09-25"
"2026-09-20 21:02 Europe/Berlin","ALDI SÜD","ALDI SÜD, Niederrheinstraße 158-166, 40474 Düsseldorf (공식 전단 기준, 지점별 가격 미확인)","40474","식품","25.09.2026-26.09.2026","WIESBAUER Aufschnitt 200 g, Knackermix","0,2 kg","1.99","","","9,95 €/1 kg","https://www.aldi-sued.de/angebote/2026-09-25"
"2026-09-20 21:02 Europe/Berlin","ALDI SÜD","ALDI SÜD, Franzstraße 2, 52064 Aachen (최근접 전단 지점, 지점별 가격 미확인)","52062","식품","25.09.2026-26.09.2026","· FAIR&GUT · Rindergulasch XXL","0,8 kg","10.99","","","13,74 €/1 kg","https://www.aldi-sued.de/angebote/2026-09-25"
"2026-09-20 21:02 Europe/Berlin","ALDI SÜD","ALDI SÜD, Franzstraße 2, 52064 Aachen (최근접 전단 지점, 지점별 가격 미확인)","52062","식품","25.09.2026-26.09.2026","ALDI SPORTS Flavor Powder 120 g, Chocolate Brownie","0,12 kg","6.49","","","54,08 €/1 kg","https://www.aldi-sued.de/angebote/2026-09-25?page=2"
"2026-09-20 21:02 Europe/Berlin","ALDI SÜD","ALDI SÜD, Franzstraße 2, 52064 Aachen (최근접 전단 지점, 지점별 가격 미확인)","52062","식품","25.09.2026-26.09.2026","ALDI SPORTS Flavor Powder 120 g, Salty Caramel","0,12 kg","6.49","","","54,08 €/1 kg","https://www.aldi-sued.de/angebote/2026-09-25?page=2"
"2026-09-20 21:02 Europe/Berlin","ALDI SÜD","ALDI SÜD, Franzstraße 2, 52064 Aachen (최근접 전단 지점, 지점별 가격 미확인)","52062","식품","25.09.2026-26.09.2026","ALDI SPORTS Flavor Powder 120 g, Strawberry","0,12 kg","6.49","","","54,08 €/1 kg","https://www.aldi-sued.de/angebote/2026-09-25?page=2"
"2026-09-20 21:02 Europe/Berlin","ALDI SÜD","ALDI SÜD, Franzstraße 2, 52064 Aachen (최근접 전단 지점, 지점별 가격 미확인)","52062","식품","25.09.2026-26.09.2026","ALDI SPORTS Flavor Powder 120 g, Vanilla","0,12 kg","6.49","","","54,08 €/1 kg","https://www.aldi-sued.de/angebote/2026-09-25?page=2"
"2026-09-20 21:02 Europe/Berlin","ALDI SÜD","ALDI SÜD, Franzstraße 2, 52064 Aachen (최근접 전단 지점, 지점별 가격 미확인)","52062","식품","25.09.2026-26.09.2026","ALDI SPORTS High Protein Sahne Pulver 350 g","0,35 kg","9.99","","","28,54 €/1 kg","https://www.aldi-sued.de/angebote/2026-09-25"
"2026-09-20 21:02 Europe/Berlin","ALDI SÜD","ALDI SÜD, Franzstraße 2, 52064 Aachen (최근접 전단 지점, 지점별 가격 미확인)","52062","식품","25.09.2026-26.09.2026","ALDI SPORTS Kreatin Pulver 200g, Orange","0,2 kg","5.99","","","29,95 €/1 kg","https://www.aldi-sued.de/angebote/2026-09-25?page=2"
"2026-09-20 21:02 Europe/Berlin","ALDI SÜD","ALDI SÜD, Franzstraße 2, 52064 Aachen (최근접 전단 지점, 지점별 가격 미확인)","52062","식품","25.09.2026-26.09.2026","ALDI SPORTS Kreatin Pulver 200g, Waldbeere","0,2 kg","5.99","","","29,95 €/1 kg","https://www.aldi-sued.de/angebote/2026-09-25?page=2"
"2026-09-20 21:02 Europe/Berlin","ALDI SÜD","ALDI SÜD, Franzstraße 2, 52064 Aachen (최근접 전단 지점, 지점별 가격 미확인)","52062","식품","25.09.2026-26.09.2026","ALDI SPORTS Protein Matcha Latte 250 g","0,25 kg","9.95","","","39,80 €/1 kg","https://www.aldi-sued.de/angebote/2026-09-25"
"2026-09-20 21:02 Europe/Berlin","ALDI SÜD","ALDI SÜD, Franzstraße 2, 52064 Aachen (최근접 전단 지점, 지점별 가격 미확인)","52062","식품","25.09.2026-26.09.2026","ALDI SPORTS Protein Riegel Kreatin 50 g, Nougat Dark Chocolate","0,05 kg","1.29","","","25,80 €/1 kg","https://www.aldi-sued.de/angebote/2026-09-25?page=2"
"2026-09-20 21:02 Europe/Berlin","ALDI SÜD","ALDI SÜD, Franzstraße 2, 52064 Aachen (최근접 전단 지점, 지점별 가격 미확인)","52062","식품","25.09.2026-26.09.2026","ALDI SPORTS Protein Riegel Kreatin 50 g, Pistacchio White Chocolate","0,05 kg","1.29","","","25,80 €/1 kg","https://www.aldi-sued.de/angebote/2026-09-25?page=2"
"2026-09-20 21:02 Europe/Berlin","ALDI SÜD","ALDI SÜD, Franzstraße 2, 52064 Aachen (최근접 전단 지점, 지점별 가격 미확인)","52062","식품","25.09.2026-26.09.2026","ALDI SPORTS Veganer Proteinriegel 55 g, Cookies & Cream","0,06 kg","1.29","","","23,45 €/1 kg","https://www.aldi-sued.de/angebote/2026-09-25?page=2"
"2026-09-20 21:02 Europe/Berlin","ALDI SÜD","ALDI SÜD, Franzstraße 2, 52064 Aachen (최근접 전단 지점, 지점별 가격 미확인)","52062","식품","25.09.2026-26.09.2026","ALDI SPORTS Veganer Proteinriegel 55 g, Lemon Cake","0,06 kg","1.29","","","23,45 €/1 kg","https://www.aldi-sued.de/angebote/2026-09-25?page=2"
"2026-09-20 21:02 Europe/Berlin","ALDI SÜD","ALDI SÜD, Franzstraße 2, 52064 Aachen (최근접 전단 지점, 지점별 가격 미확인)","52062","식품","25.09.2026-26.09.2026","Alpensalz 1 kg","1 kg","0.99","","","0,99 €/1 kg","https://www.aldi-sued.de/angebote/2026-09-25"
"2026-09-20 21:02 Europe/Berlin","ALDI SÜD","ALDI SÜD, Franzstraße 2, 52064 Aachen (최근접 전단 지점, 지점별 가격 미확인)","52062","주류","25.09.2026-26.09.2026","Apfel Cidre aus der Normandie 750 ml, Herb","0,75 l","1.49","","","1,99 €/1 l","https://www.aldi-sued.de/angebote/2026-09-25"
"2026-09-20 21:02 Europe/Berlin","ALDI SÜD","ALDI SÜD, Franzstraße 2, 52064 Aachen (최근접 전단 지점, 지점별 가격 미확인)","52062","주류","25.09.2026-26.09.2026","Apfel Cidre aus der Normandie 750 ml, Mild","0,75 l","1.49","","","1,99 €/1 l","https://www.aldi-sued.de/angebote/2026-09-25"
"2026-09-20 21:02 Europe/Berlin","ALDI SÜD","ALDI SÜD, Franzstraße 2, 52064 Aachen (최근접 전단 지점, 지점별 가격 미확인)","52062","주류","25.09.2026-26.09.2026","BENEDIKTINER HELL Benediktiner Hell 5-l-Fass","5 l","8.99","","","1,80 €/1 l","https://www.aldi-sued.de/angebote/2026-09-25"
"2026-09-20 21:02 Europe/Berlin","ALDI SÜD","ALDI SÜD, Franzstraße 2, 52064 Aachen (최근접 전단 지점, 지점별 가격 미확인)","52062","식품","25.09.2026-26.09.2026","CHOCEUR Nussknacker Vollmilch 300 g","0,3 kg","3.49","","","11,63 €/1 kg","https://www.aldi-sued.de/angebote/2026-09-25"
"2026-09-20 21:02 Europe/Berlin","ALDI SÜD","ALDI SÜD, Franzstraße 2, 52064 Aachen (최근접 전단 지점, 지점별 가격 미확인)","52062","주류","25.09.2026-26.09.2026","COUPERNE Calvados V.S 700 ml","0,7 l","9.99","","","14,27 €/1 l","https://www.aldi-sued.de/angebote/2026-09-25"
"2026-09-20 21:02 Europe/Berlin","ALDI SÜD","ALDI SÜD, Franzstraße 2, 52064 Aachen (최근접 전단 지점, 지점별 가격 미확인)","52062","식품","25.09.2026-26.09.2026","DR. OETKER Rustica 3-Salame","0,49 kg","3.99","","","8,16 €/1 kg","https://www.aldi-sued.de/angebote/2026-09-25"
"2026-09-20 21:02 Europe/Berlin","ALDI SÜD","ALDI SÜD, Franzstraße 2, 52064 Aachen (최근접 전단 지점, 지점별 가격 미확인)","52062","식품","25.09.2026-26.09.2026","DR. OETKER Rustica 5-Cheese 505 g","0,51 kg","3.99","","","7,90 €/1 kg","https://www.aldi-sued.de/angebote/2026-09-25"
"2026-09-20 21:02 Europe/Berlin","ALDI SÜD","ALDI SÜD, Franzstraße 2, 52064 Aachen (최근접 전단 지점, 지점별 가격 미확인)","52062","식품","25.09.2026-26.09.2026","FERRERO Maxi King 105 g","0,11 kg","1.49","","","14,19 €/1 kg","https://www.aldi-sued.de/angebote/2026-09-25"
"2026-09-20 21:02 Europe/Berlin","ALDI SÜD","ALDI SÜD, Franzstraße 2, 52064 Aachen (최근접 전단 지점, 지점별 가격 미확인)","52062","식품","25.09.2026-26.09.2026","FERRERO Rocher 250 g","0,25 kg","5.99","","","23,96 €/1 kg","https://www.aldi-sued.de/angebote/2026-09-25"
"2026-09-20 21:02 Europe/Berlin","ALDI SÜD","ALDI SÜD, Franzstraße 2, 52064 Aachen (최근접 전단 지점, 지점별 가격 미확인)","52062","식품","25.09.2026-26.09.2026","FOL EPI Fol Epi  210 g, Caractere","0,21 kg","2.99","","","14,24 €/1 kg","https://www.aldi-sued.de/angebote/2026-09-25?page=2"
"2026-09-20 21:02 Europe/Berlin","ALDI SÜD","ALDI SÜD, Franzstraße 2, 52064 Aachen (최근접 전단 지점, 지점별 가격 미확인)","52062","식품","25.09.2026-26.09.2026","FOL EPI Fol Epi  210 g, Cremig","0,21 kg","2.99","","","14,24 €/1 kg","https://www.aldi-sued.de/angebote/2026-09-25?page=2"
"2026-09-20 21:02 Europe/Berlin","ALDI SÜD","ALDI SÜD, Franzstraße 2, 52064 Aachen (최근접 전단 지점, 지점별 가격 미확인)","52062","식품","25.09.2026-26.09.2026","FOL EPI Fol Epi  210 g, Kürbiskern","0,21 kg","2.99","","","14,24 €/1 kg","https://www.aldi-sued.de/angebote/2026-09-25?page=2"
"2026-09-20 21:02 Europe/Berlin","ALDI SÜD","ALDI SÜD, Franzstraße 2, 52064 Aachen (최근접 전단 지점, 지점별 가격 미확인)","52062","식품","25.09.2026-26.09.2026","FOL EPI Fol Epi  235 g, Classic","0,24 kg","2.99","","","12,72 €/1 kg","https://www.aldi-sued.de/angebote/2026-09-25?page=2"
"2026-09-20 21:02 Europe/Berlin","ALDI SÜD","ALDI SÜD, Franzstraße 2, 52064 Aachen (최근접 전단 지점, 지점별 가격 미확인)","52062","식품","25.09.2026-26.09.2026","FRANTASTIQUE! Mini französisches Feingebäck, Croissant","0,21 kg","1.49","","","7,10 €/1 kg","https://www.aldi-sued.de/angebote/2026-09-25?page=2"
"2026-09-20 21:02 Europe/Berlin","ALDI SÜD","ALDI SÜD, Franzstraße 2, 52064 Aachen (최근접 전단 지점, 지점별 가격 미확인)","52062","식품","25.09.2026-26.09.2026","FRANTASTIQUE! Mini französisches Feingebäck, Pains au Choc","0,23 kg","1.49","","","6,48 €/1 kg","https://www.aldi-sued.de/angebote/2026-09-25?page=2"
"2026-09-20 21:02 Europe/Berlin","ALDI SÜD","ALDI SÜD, Franzstraße 2, 52064 Aachen (최근접 전단 지점, 지점별 가격 미확인)","52062","식품","25.09.2026-26.09.2026","FUNNY FRISCH Chipsfrisch 250 g, Oriental","0,25 kg","1.79","","","7,16 €/1 kg","https://www.aldi-sued.de/angebote/2026-09-25?page=2"
"2026-09-20 21:02 Europe/Berlin","ALDI SÜD","ALDI SÜD, Franzstraße 2, 52064 Aachen (최근접 전단 지점, 지점별 가격 미확인)","52062","식품","25.09.2026-26.09.2026","FUNNY FRISCH Chipsfrisch 250 g, Ungarisch","0,25 kg","1.79","","","7,16 €/1 kg","https://www.aldi-sued.de/angebote/2026-09-25?page=2"
"2026-09-20 21:02 Europe/Berlin","ALDI SÜD","ALDI SÜD, Franzstraße 2, 52064 Aachen (최근접 전단 지점, 지점별 가격 미확인)","52062","식품","25.09.2026-26.09.2026","HERTA Kochschinken 140 g, Grillschinken","0,14 kg","1.99","","","14,21 €/1 kg","https://www.aldi-sued.de/angebote/2026-09-25?page=2"
"2026-09-20 21:02 Europe/Berlin","ALDI SÜD","ALDI SÜD, Franzstraße 2, 52064 Aachen (최근접 전단 지점, 지점별 가격 미확인)","52062","식품","25.09.2026-26.09.2026","HERTA Kochschinken 140 g, Saftschinken","0,14 kg","1.99","","","14,21 €/1 kg","https://www.aldi-sued.de/angebote/2026-09-25?page=2"
"2026-09-20 21:02 Europe/Berlin","ALDI SÜD","ALDI SÜD, Franzstraße 2, 52064 Aachen (최근접 전단 지점, 지점별 가격 미확인)","52062","식품","25.09.2026-26.09.2026","HOUDEK Kabanos Wiesn, Käse 180 g","0,18 kg","2.39","","","13,28 €/1 kg","https://www.aldi-sued.de/angebote/2026-09-25?page=3"
"2026-09-20 21:02 Europe/Berlin","ALDI SÜD","ALDI SÜD, Franzstraße 2, 52064 Aachen (최근접 전단 지점, 지점별 가격 미확인)","52062","식품","25.09.2026-26.09.2026","HOUDEK Kabanos Wiesn, Klassik 180 g","0,18 kg","2.39","","","13,28 €/1 kg","https://www.aldi-sued.de/angebote/2026-09-25?page=3"
"2026-09-20 21:02 Europe/Berlin","ALDI SÜD","ALDI SÜD, Franzstraße 2, 52064 Aachen (최근접 전단 지점, 지점별 가격 미확인)","52062","식품","25.09.2026-26.09.2026","HOUDEK Kabanos Wiesn, Klassik 200 g","0,2 kg","2.39","","","11,95 €/1 kg","https://www.aldi-sued.de/angebote/2026-09-25?page=3"
"2026-09-20 21:02 Europe/Berlin","ALDI SÜD","ALDI SÜD, Franzstraße 2, 52064 Aachen (최근접 전단 지점, 지점별 가격 미확인)","52062","식품","25.09.2026-26.09.2026","HOUDEK Kabanos Wiesn, Paprika 180 g","0,18 kg","2.39","","","13,28 €/1 kg","https://www.aldi-sued.de/angebote/2026-09-25?page=3"
"2026-09-20 21:02 Europe/Berlin","ALDI SÜD","ALDI SÜD, Franzstraße 2, 52064 Aachen (최근접 전단 지점, 지점별 가격 미확인)","52062","식품","21.09.2026-26.09.2026","IRONMAXX 100 % Milk Protein Pulver 500 g, Vanilla","0,5 kg","14.99","","","29,98 €/1 kg","https://www.aldi-sued.de/angebote/2026-09-21"
"2026-09-20 21:02 Europe/Berlin","ALDI SÜD","ALDI SÜD, Franzstraße 2, 52064 Aachen (최근접 전단 지점, 지점별 가격 미확인)","52062","식품","21.09.2026-26.09.2026","IRONMAXX Lava Bar 40 g, Cookies & Cream","0,04 kg","1.69","","","42,25 €/1 kg","https://www.aldi-sued.de/angebote/2026-09-21"
"2026-09-20 21:02 Europe/Berlin","ALDI SÜD","ALDI SÜD, Franzstraße 2, 52064 Aachen (최근접 전단 지점, 지점별 가격 미확인)","52062","식품","21.09.2026-26.09.2026","IRONMAXX Matcha Bites 2 × 23 g, Strawberry Flavour","0,05 kg","1.99","","","43,26 €/1 kg","https://www.aldi-sued.de/angebote/2026-09-21?page=2"
"2026-09-20 21:02 Europe/Berlin","ALDI SÜD","ALDI SÜD, Franzstraße 2, 52064 Aachen (최근접 전단 지점, 지점별 가격 미확인)","52062","식품","21.09.2026-26.09.2026","IRONMAXX Maxxers Protein Riegel, 49 g, White Chocolate Pistachio","0,05 kg","1.99","","","40,61 €/1 kg","https://www.aldi-sued.de/angebote/2026-09-21"
"2026-09-20 21:02 Europe/Berlin","ALDI SÜD","ALDI SÜD, Franzstraße 2, 52064 Aachen (최근접 전단 지점, 지점별 가격 미확인)","52062","식품","21.09.2026-26.09.2026","IRONMAXX Prococo Riegel 48 g, Coconut Caramel","0,05 kg","1.99","","","41,46 €/1 kg","https://www.aldi-sued.de/angebote/2026-09-21"
"2026-09-20 21:02 Europe/Berlin","ALDI SÜD","ALDI SÜD, Franzstraße 2, 52064 Aachen (최근접 전단 지점, 지점별 가격 미확인)","52062","식품","21.09.2026-26.09.2026","IRONMAXX Proteccino Plant Pulver 500 g, Dark Cookie Crumble","0,5 kg","14.99","","","29,98 €/1 kg","https://www.aldi-sued.de/angebote/2026-09-21"
"2026-09-20 21:02 Europe/Berlin","ALDI SÜD","ALDI SÜD, Franzstraße 2, 52064 Aachen (최근접 전단 지점, 지점별 가격 미확인)","52062","식품","21.09.2026-26.09.2026","IRONMAXX Wafix Riegel 39 g, Peanut Caramel","0,04 kg","1.79","","","45,90 €/1 kg","https://www.aldi-sued.de/angebote/2026-09-21"
"2026-09-20 21:02 Europe/Berlin","ALDI SÜD","ALDI SÜD, Franzstraße 2, 52064 Aachen (최근접 전단 지점, 지점별 가격 미확인)","52062","식품","21.09.2026-26.09.2026","IRONMAXX Wafix Riegel 39 g, White Peanut Caramel","0,04 kg","1.79","","","45,90 €/1 kg","https://www.aldi-sued.de/angebote/2026-09-21"
"2026-09-20 21:02 Europe/Berlin","ALDI SÜD","ALDI SÜD, Franzstraße 2, 52064 Aachen (최근접 전단 지점, 지점별 가격 미확인)","52062","식품","21.09.2026-26.09.2026","IRONMAXX Whey Protein Pulver 500 g, Dark Cookie Salted Caramel","0,5 kg","13.49","","","26,98 €/1 kg","https://www.aldi-sued.de/angebote/2026-09-21"
"2026-09-20 21:02 Europe/Berlin","ALDI SÜD","ALDI SÜD, Franzstraße 2, 52064 Aachen (최근접 전단 지점, 지점별 가격 미확인)","52062","식품","21.09.2026-26.09.2026","IRONMAXX Whey Protein Pulver 500 g, Strawberry Ice Cream","0,5 kg","13.49","","","26,98 €/1 kg","https://www.aldi-sued.de/angebote/2026-09-21"
"2026-09-20 21:02 Europe/Berlin","ALDI SÜD","ALDI SÜD, Franzstraße 2, 52064 Aachen (최근접 전단 지점, 지점별 가격 미확인)","52062","식품","25.09.2026-26.09.2026","LANDLIEBE Butter 250 g","0,25 kg","1.29","","","5,16 €/1 kg","https://www.aldi-sued.de/angebote/2026-09-25"
"2026-09-20 21:02 Europe/Berlin","ALDI SÜD","ALDI SÜD, Franzstraße 2, 52064 Aachen (최근접 전단 지점, 지점별 가격 미확인)","52062","식품","25.09.2026-26.09.2026","LANDLIEBE Fruchtjoghurt 500 g, Erdbeere","0,5 kg","1.11","","","2,22 €/1 kg","https://www.aldi-sued.de/angebote/2026-09-25?page=2"
"2026-09-20 21:02 Europe/Berlin","ALDI SÜD","ALDI SÜD, Franzstraße 2, 52064 Aachen (최근접 전단 지점, 지점별 가격 미확인)","52062","식품","25.09.2026-26.09.2026","LANDLIEBE Fruchtjoghurt 500 g, Heidelbeere","0,5 kg","1.11","","","2,22 €/1 kg","https://www.aldi-sued.de/angebote/2026-09-25?page=2"
"2026-09-20 21:02 Europe/Berlin","ALDI SÜD","ALDI SÜD, Franzstraße 2, 52064 Aachen (최근접 전단 지점, 지점별 가격 미확인)","52062","식품","25.09.2026-26.09.2026","LANDLIEBE Fruchtjoghurt 500 g, Pfirsich","0,5 kg","1.11","","","2,22 €/1 kg","https://www.aldi-sued.de/angebote/2026-09-25?page=2"
"2026-09-20 21:02 Europe/Berlin","ALDI SÜD","ALDI SÜD, Franzstraße 2, 52064 Aachen (최근접 전단 지점, 지점별 가격 미확인)","52062","식품","25.09.2026-26.09.2026","LANDLIEBE Fruchtjoghurt 500 g, Vanille","0,5 kg","1.11","","","2,22 €/1 kg","https://www.aldi-sued.de/angebote/2026-09-25?page=2"
"2026-09-20 21:02 Europe/Berlin","ALDI SÜD","ALDI SÜD, Franzstraße 2, 52064 Aachen (최근접 전단 지점, 지점별 가격 미확인)","52062","식품","25.09.2026-26.09.2026","MEINE METZGEREI Hackfleisch gemischt 1 kg","1 kg","6.99","","","6,99 €/1 kg","https://www.aldi-sued.de/angebote/2026-09-25"
"2026-09-20 21:02 Europe/Berlin","ALDI SÜD","ALDI SÜD, Franzstraße 2, 52064 Aachen (최근접 전단 지점, 지점별 가격 미확인)","52062","식품","25.09.2026-26.09.2026","MÜLLER Milchreis 200 g Limitiert, Bienenstich","0,2 kg","0.39","","","1,95 €/1 kg","https://www.aldi-sued.de/angebote/2026-09-25?page=2"
"2026-09-20 21:02 Europe/Berlin","ALDI SÜD","ALDI SÜD, Franzstraße 2, 52064 Aachen (최근접 전단 지점, 지점별 가격 미확인)","52062","식품","25.09.2026-26.09.2026","MÜLLER Milchreis 200 g Limitiert, Orange Vanille","0,2 kg","0.39","","","1,95 €/1 kg","https://www.aldi-sued.de/angebote/2026-09-25?page=2"
"2026-09-20 21:02 Europe/Berlin","ALDI SÜD","ALDI SÜD, Franzstraße 2, 52064 Aachen (최근접 전단 지점, 지점별 가격 미확인)","52062","식품","25.09.2026-26.09.2026","MÜLLER Milchreis 200 g Limitiert, Schoko Banane","0,2 kg","0.39","","","1,95 €/1 kg","https://www.aldi-sued.de/angebote/2026-09-25?page=2"
"2026-09-20 21:02 Europe/Berlin","ALDI SÜD","ALDI SÜD, Franzstraße 2, 52064 Aachen (최근접 전단 지점, 지점별 가격 미확인)","52062","식품","25.09.2026-26.09.2026","MÜLLER Milchreis 200 g, Pur","0,2 kg","0.39","","","1,95 €/1 kg","https://www.aldi-sued.de/angebote/2026-09-25"
"2026-09-20 21:02 Europe/Berlin","ALDI SÜD","ALDI SÜD, Franzstraße 2, 52064 Aachen (최근접 전단 지점, 지점별 가격 미확인)","52062","식품","25.09.2026-26.09.2026","MÜLLER Milchreis 200 g, Schokolade","0,2 kg","0.39","","","1,95 €/1 kg","https://www.aldi-sued.de/angebote/2026-09-25"
"2026-09-20 21:02 Europe/Berlin","ALDI SÜD","ALDI SÜD, Franzstraße 2, 52064 Aachen (최근접 전단 지점, 지점별 가격 미확인)","52062","식품","25.09.2026-26.09.2026","MÜLLER Milchreis 200 g, Vanille","0,2 kg","0.39","","","1,95 €/1 kg","https://www.aldi-sued.de/angebote/2026-09-25"
"2026-09-20 21:02 Europe/Berlin","ALDI SÜD","ALDI SÜD, Franzstraße 2, 52064 Aachen (최근접 전단 지점, 지점별 가격 미확인)","52062","식품","25.09.2026-26.09.2026","MÜLLER Milchreis 200 g, Zimt","0,2 kg","0.39","","","1,95 €/1 kg","https://www.aldi-sued.de/angebote/2026-09-25"
"2026-09-20 21:02 Europe/Berlin","ALDI SÜD","ALDI SÜD, Franzstraße 2, 52064 Aachen (최근접 전단 지점, 지점별 가격 미확인)","52062","주류","25.09.2026-26.09.2026","Pastis de Marseille 700 ml","0,7 l","8.99","","","12,84 €/1 l","https://www.aldi-sued.de/angebote/2026-09-25"
"2026-09-20 21:02 Europe/Berlin","ALDI SÜD","ALDI SÜD, Franzstraße 2, 52064 Aachen (최근접 전단 지점, 지점별 가격 미확인)","52062","식품","25.09.2026-26.09.2026","PRESIDENT Président Carré Gourmet 200 g, Classic","0,2 kg","2.29","","","11,45 €/1 kg","https://www.aldi-sued.de/angebote/2026-09-25?page=3"
"2026-09-20 21:02 Europe/Berlin","ALDI SÜD","ALDI SÜD, Franzstraße 2, 52064 Aachen (최근접 전단 지점, 지점별 가격 미확인)","52062","식품","25.09.2026-26.09.2026","PRESIDENT Président Snack 180g, fein-würzig","0,18 kg","2.29","","","12,72 €/1 kg","https://www.aldi-sued.de/angebote/2026-09-25?page=3"
"2026-09-20 21:02 Europe/Berlin","ALDI SÜD","ALDI SÜD, Franzstraße 2, 52064 Aachen (최근접 전단 지점, 지점별 가격 미확인)","52062","식품","25.09.2026-26.09.2026","PRESIDENT Président Snack 180g, mild-cremig","0,18 kg","2.29","","","12,72 €/1 kg","https://www.aldi-sued.de/angebote/2026-09-25?page=3"
"2026-09-20 21:02 Europe/Berlin","ALDI SÜD","ALDI SÜD, Franzstraße 2, 52064 Aachen (최근접 전단 지점, 지점별 가격 미확인)","52062","식품","25.09.2026-26.09.2026","ROUGETTE Ofenkäse 320 g, Kräuter","0,32 kg","3.99","","","12,47 €/1 kg","https://www.aldi-sued.de/angebote/2026-09-25"
"2026-09-20 21:02 Europe/Berlin","ALDI SÜD","ALDI SÜD, Franzstraße 2, 52064 Aachen (최근접 전단 지점, 지점별 가격 미확인)","52062","식품","25.09.2026-26.09.2026","ROUGETTE Ofenkäse 320 g, Mild-cremig","0,32 kg","3.99","","","12,47 €/1 kg","https://www.aldi-sued.de/angebote/2026-09-25"
"2026-09-20 21:02 Europe/Berlin","ALDI SÜD","ALDI SÜD, Franzstraße 2, 52064 Aachen (최근접 전단 지점, 지점별 가격 미확인)","52062","식품","25.09.2026-26.09.2026","ROUGETTE Ofenkäse 320 g, Würzig","0,32 kg","3.99","","","12,47 €/1 kg","https://www.aldi-sued.de/angebote/2026-09-25"
"2026-09-20 21:02 Europe/Berlin","ALDI SÜD","ALDI SÜD, Franzstraße 2, 52064 Aachen (최근접 전단 지점, 지점별 가격 미확인)","52062","식품","25.09.2026-26.09.2026","WIESBAUER Aufschnitt 200 g, Frühstück","0,2 kg","1.99","","","9,95 €/1 kg","https://www.aldi-sued.de/angebote/2026-09-25"
"2026-09-20 21:02 Europe/Berlin","ALDI SÜD","ALDI SÜD, Franzstraße 2, 52064 Aachen (최근접 전단 지점, 지점별 가격 미확인)","52062","식품","25.09.2026-26.09.2026","WIESBAUER Aufschnitt 200 g, Knackermix","0,2 kg","1.99","","","9,95 €/1 kg","https://www.aldi-sued.de/angebote/2026-09-25"
"2026-09-20 21:02 Europe/Berlin","ALDI Nord","ALDI Nord, Aspeystraße 75, 44369 Dortmund (공식 전단 기준, 지점별 가격 미확인)","44369","식품","24.09.2026-26.09.2026","ALL SEASONS Rote Grütze","740-g-Glas","1.79","","","kg = 2.42","https://www.aldi-nord.de/angebote.html"
"2026-09-20 21:02 Europe/Berlin","ALDI Nord","ALDI Nord, Aspeystraße 75, 44369 Dortmund (공식 전단 기준, 지점별 가격 미확인)","44369","식품","24.09.2026-26.09.2026","BARILLA Pesto","190-g-Glas","1.69","","-51%","kg = 8.89","https://www.aldi-nord.de/angebote.html"
"2026-09-20 21:02 Europe/Berlin","ALDI Nord","ALDI Nord, Aspeystraße 75, 44369 Dortmund (공식 전단 기준, 지점별 가격 미확인)","44369","식품","24.09.2026-26.09.2026","BARILLA Pesto","Glas","1.69","","-51%","kg = 8.89 / 8.45","https://www.aldi-nord.de/angebote.html"
"2026-09-20 21:02 Europe/Berlin","ALDI Nord","ALDI Nord, Aspeystraße 75, 44369 Dortmund (공식 전단 기준, 지점별 가격 미확인)","44369","식품","24.09.2026-26.09.2026","BARILLA Pesto Basilico e Mozzarella du Bufala","190-g-Glas","1.69","","-51%","kg = 8.89","https://www.aldi-nord.de/angebote.html"
"2026-09-20 21:02 Europe/Berlin","ALDI Nord","ALDI Nord, Aspeystraße 75, 44369 Dortmund (공식 전단 기준, 지점별 가격 미확인)","44369","식품","21.09.2026-23.09.2026","BARILLA Sauce","400-g-Glas","1.79","","-43%","kg = 4.48","https://www.aldi-nord.de/angebote.html"
"2026-09-20 21:02 Europe/Berlin","ALDI Nord","ALDI Nord, Aspeystraße 75, 44369 Dortmund (공식 전단 기준, 지점별 가격 미확인)","44369","식품","24.09.2026-26.09.2026","BBQ Garnelenschwänze","200-g-Packung","3.99","","","kg = 19.95","https://www.aldi-nord.de/angebote.html"
"2026-09-20 21:02 Europe/Berlin","ALDI Nord","ALDI Nord, Aspeystraße 75, 44369 Dortmund (공식 전단 기준, 지점별 가격 미확인)","44369","식품","24.09.2026-26.09.2026","BBQ Iberico-Grillspieße","300-g-Packung","4.99","","","kg = 16.63","https://www.aldi-nord.de/angebote.html"
"2026-09-20 21:02 Europe/Berlin","ALDI Nord","ALDI Nord, Aspeystraße 75, 44369 Dortmund (공식 전단 기준, 지점별 가격 미확인)","44369","식품","24.09.2026-26.09.2026","BBQ Picanha-Steak","z. B. 250 g","3.89","","","kg = 15.56","https://www.aldi-nord.de/angebote.html"
"2026-09-20 21:02 Europe/Berlin","ALDI Nord","ALDI Nord, Aspeystraße 75, 44369 Dortmund (공식 전단 기준, 지점별 가격 미확인)","44369","식품","24.09.2026-26.09.2026","BECEL Streichfett","250-g-Packung","1.29","","","kg = 5.16","https://www.aldi-nord.de/angebote.html"
"2026-09-20 21:02 Europe/Berlin","ALDI Nord","ALDI Nord, Aspeystraße 75, 44369 Dortmund (공식 전단 기준, 지점별 가격 미확인)","44369","식품","24.09.2026-26.09.2026","BIO Dinkelpasta","500-g-Packung","1.29","","","kg = 2.58","https://www.aldi-nord.de/angebote.html"
"2026-09-20 21:02 Europe/Berlin","ALDI Nord","ALDI Nord, Aspeystraße 75, 44369 Dortmund (공식 전단 기준, 지점별 가격 미확인)","44369","식품","21.09.2026-23.09.2026","BIO Kulturchampignons braun","250-g-Schale","1.49","","-21%","kg = 5.96","https://www.aldi-nord.de/angebote.html"
"2026-09-20 21:02 Europe/Berlin","ALDI Nord","ALDI Nord, Aspeystraße 75, 44369 Dortmund (공식 전단 기준, 지점별 가격 미확인)","44369","식품","21.09.2026-23.09.2026","BIO Speisemöhren","1-kg-Beutel","1.11","","","kg = 1.11","https://www.aldi-nord.de/angebote.html"
"2026-09-20 21:02 Europe/Berlin","ALDI Nord","ALDI Nord, Aspeystraße 75, 44369 Dortmund (공식 전단 기준, 지점별 가격 미확인)","44369","식품","21.09.2026-23.09.2026","Blumenkohl","Stück","1.11","","-13%","1.29 €","https://www.aldi-nord.de/angebote.html"
"2026-09-20 21:02 Europe/Berlin","ALDI Nord","ALDI Nord, Aspeystraße 75, 44369 Dortmund (공식 전단 기준, 지점별 가격 미확인)","44369","식품","21.09.2026-23.09.2026","Brunch","185-g-Packung","1.19","","-37%","kg = 6.43","https://www.aldi-nord.de/angebote.html"
"2026-09-20 21:02 Europe/Berlin","ALDI Nord","ALDI Nord, Aspeystraße 75, 44369 Dortmund (공식 전단 기준, 지점별 가격 미확인)","44369","음료","21.09.2026-23.09.2026","CANTINE MADAUDO Cuvée Etna Rosso DOC","0,75-L-Flasche","8.49","","","Liter = 11.32","https://www.aldi-nord.de/angebote.html"
"2026-09-20 21:02 Europe/Berlin","ALDI Nord","ALDI Nord, Aspeystraße 75, 44369 Dortmund (공식 전단 기준, 지점별 가격 미확인)","44369","음료","24.09.2026-26.09.2026","COCA-COLA Original Taste","2-L-Flasche","1.29","","-41%","Liter = 0.65","https://www.aldi-nord.de/angebote.html"
"2026-09-20 21:02 Europe/Berlin","ALDI Nord","ALDI Nord, Aspeystraße 75, 44369 Dortmund (공식 전단 기준, 지점별 가격 미확인)","44369","음료","24.09.2026-26.09.2026","COCA-COLA Zero Sugar","2-L-Flasche","1.29","","-41%","Liter = 0.65","https://www.aldi-nord.de/angebote.html"
"2026-09-20 21:02 Europe/Berlin","ALDI Nord","ALDI Nord, Aspeystraße 75, 44369 Dortmund (공식 전단 기준, 지점별 가격 미확인)","44369","식품","21.09.2026-23.09.2026","DANONE Actimel Erdbeere XXXL","14x100-g-Packung","3.39","","","kg = 2.42","https://www.aldi-nord.de/angebote.html"
"2026-09-20 21:02 Europe/Berlin","ALDI Nord","ALDI Nord, Aspeystraße 75, 44369 Dortmund (공식 전단 기준, 지점별 가격 미확인)","44369","식품","21.09.2026-23.09.2026","DANONE Actimel XXXL","14x100-g-Packung","3.39","","","kg = 2.42","https://www.aldi-nord.de/angebote.html"
"2026-09-20 21:02 Europe/Berlin","ALDI Nord","ALDI Nord, Aspeystraße 75, 44369 Dortmund (공식 전단 기준, 지점별 가격 미확인)","44369","식품","21.09.2026-23.09.2026","DAYLICIOUS Burger XXL","Packung","2.99","","","kg = 11.73 / 10.87","https://www.aldi-nord.de/angebote.html"
"2026-09-20 21:02 Europe/Berlin","ALDI Nord","ALDI Nord, Aspeystraße 75, 44369 Dortmund (공식 전단 기준, 지점별 가격 미확인)","44369","식품","24.09.2026-26.09.2026","DOVGAN Taschki Pelmeni XXL","1-kg-Beutel","3.99","","-42%","kg = 3.99","https://www.aldi-nord.de/angebote.html"
"2026-09-20 21:02 Europe/Berlin","ALDI Nord","ALDI Nord, Aspeystraße 75, 44369 Dortmund (공식 전단 기준, 지점별 가격 미확인)","44369","식품","21.09.2026-23.09.2026","DR. OETKER Backmischung","Packung","2.49","","","kg = 9.96 / 8.59 / 6.73 / 5.11 / 4.86 / 4.74 / 4.29","https://www.aldi-nord.de/angebote.html"
"2026-09-20 21:02 Europe/Berlin","ALDI Nord","ALDI Nord, Aspeystraße 75, 44369 Dortmund (공식 전단 기준, 지점별 가격 미확인)","44369","식품","24.09.2026-26.09.2026","DR. OETKER Bistro-Baguette à la Provence","500-g-Packung","2.49","","-43%","kg = 4.98","https://www.aldi-nord.de/angebote.html"
"2026-09-20 21:02 Europe/Berlin","ALDI Nord","ALDI Nord, Aspeystraße 75, 44369 Dortmund (공식 전단 기준, 지점별 가격 미확인)","44369","식품","24.09.2026-26.09.2026","DR. OETKER Bistro-Baguette Champignon","500-g-Packung","2.49","","-43%","kg = 4.98","https://www.aldi-nord.de/angebote.html"
"2026-09-20 21:02 Europe/Berlin","ALDI Nord","ALDI Nord, Aspeystraße 75, 44369 Dortmund (공식 전단 기준, 지점별 가격 미확인)","44369","식품","24.09.2026-26.09.2026","DR. OETKER Bistro-Baguette Salami","500-g-Packung","2.49","","-43%","kg = 4.98","https://www.aldi-nord.de/angebote.html"
"2026-09-20 21:02 Europe/Berlin","ALDI Nord","ALDI Nord, Aspeystraße 75, 44369 Dortmund (공식 전단 기준, 지점별 가격 미확인)","44369","식품","21.09.2026-23.09.2026","DR. OETKER Die Ofenfrische Diavolo","405-g-Packung","1.99","","-46%","kg = 4.91","https://www.aldi-nord.de/angebote.html"
"2026-09-20 21:02 Europe/Berlin","ALDI Nord","ALDI Nord, Aspeystraße 75, 44369 Dortmund (공식 전단 기준, 지점별 가격 미확인)","44369","식품","21.09.2026-23.09.2026","DR. OETKER Die Ofenfrische Salami","390-g-Packung","1.99","","-46%","kg = 5.10","https://www.aldi-nord.de/angebote.html"
"2026-09-20 21:02 Europe/Berlin","ALDI Nord","ALDI Nord, Aspeystraße 75, 44369 Dortmund (공식 전단 기준, 지점별 가격 미확인)","44369","식품","21.09.2026-23.09.2026","DR. OETKER Die Ofenfrische Schinken-Ananas","415-g-Packung","1.99","","-46%","kg = 4.80","https://www.aldi-nord.de/angebote.html"
"2026-09-20 21:02 Europe/Berlin","ALDI Nord","ALDI Nord, Aspeystraße 75, 44369 Dortmund (공식 전단 기준, 지점별 가격 미확인)","44369","식품","21.09.2026-23.09.2026","DR. OETKER Die Ofenfrische Vier Käse","410-g-Packung","1.99","","-46%","kg = 4.85","https://www.aldi-nord.de/angebote.html"
"2026-09-20 21:02 Europe/Berlin","ALDI Nord","ALDI Nord, Aspeystraße 75, 44369 Dortmund (공식 전단 기준, 지점별 가격 미확인)","44369","식품","21.09.2026-23.09.2026","DR. OETKER Kleine Rührkuchen","140-g-Packung","1.99","","-13%","kg = 14.21","https://www.aldi-nord.de/angebote.html"
"2026-09-20 21:02 Europe/Berlin","ALDI Nord","ALDI Nord, Aspeystraße 75, 44369 Dortmund (공식 전단 기준, 지점별 가격 미확인)","44369","음료","24.09.2026-26.09.2026","DURSTLÖSCHER Eistee","0,5-L-Packung","0.59","","-30%","Liter = 1.18","https://www.aldi-nord.de/angebote.html"
"2026-09-20 21:02 Europe/Berlin","ALDI Nord","ALDI Nord, Aspeystraße 75, 44369 Dortmund (공식 전단 기준, 지점별 가격 미확인)","44369","식품","21.09.2026-23.09.2026","EGETAT Knoblauchwurst","200-g-Packung","3.99","","","kg = 19.95","https://www.aldi-nord.de/angebote.html"
"2026-09-20 21:02 Europe/Berlin","ALDI Nord","ALDI Nord, Aspeystraße 75, 44369 Dortmund (공식 전단 기준, 지점별 가격 미확인)","44369","식품","21.09.2026-23.09.2026","FAIR & GUT Cevapcici XXL","800-g-Packung","6.49","","","kg = 8.11","https://www.aldi-nord.de/angebote.html"
"2026-09-20 21:02 Europe/Berlin","ALDI Nord","ALDI Nord, Aspeystraße 75, 44369 Dortmund (공식 전단 기준, 지점별 가격 미확인)","44369","음료","24.09.2026-26.09.2026","Fanta / Sprite / Mezzo Mix","2-L-Flasche","1.29","","-41%","Liter = 0.65","https://www.aldi-nord.de/angebote.html"
"2026-09-20 21:02 Europe/Berlin","ALDI Nord","ALDI Nord, Aspeystraße 75, 44369 Dortmund (공식 전단 기준, 지점별 가격 미확인)","44369","식품","21.09.2026-23.09.2026","Feigen","500-g-Schale","1.99","","","kg = 3.98","https://www.aldi-nord.de/angebote.html"
"2026-09-20 21:02 Europe/Berlin","ALDI Nord","ALDI Nord, Aspeystraße 75, 44369 Dortmund (공식 전단 기준, 지점별 가격 미확인)","44369","식품","21.09.2026-23.09.2026","FERRERO Kinder Maxi King","3x35-g-Packung","1.49","","-25%","kg = 14.19","https://www.aldi-nord.de/angebote.html"
"2026-09-20 21:02 Europe/Berlin","ALDI Nord","ALDI Nord, Aspeystraße 75, 44369 Dortmund (공식 전단 기준, 지점별 가격 미확인)","44369","음료","21.09.2026-23.09.2026","FONTAGNAC Crémant de Bordeaux AOC Rosé brut","0,75-L-Flasche","6.99","","","Liter = 9.32","https://www.aldi-nord.de/angebote.html"
"2026-09-20 21:02 Europe/Berlin","ALDI Nord","ALDI Nord, Aspeystraße 75, 44369 Dortmund (공식 전단 기준, 지점별 가격 미확인)","44369","식품","24.09.2026-26.09.2026","Gemüsezwiebeln","750-g-Netz","0.99","","-33%","kg = 1.32","https://www.aldi-nord.de/angebote.html"
"2026-09-20 21:02 Europe/Berlin","ALDI Nord","ALDI Nord, Aspeystraße 75, 44369 Dortmund (공식 전단 기준, 지점별 가격 미확인)","44369","음료","21.09.2026-23.09.2026","GEROLSTEINER Medium","1,5-L-Flasche","0.89","","-18%","Liter = 0.59","https://www.aldi-nord.de/angebote.html"
"2026-09-20 21:02 Europe/Berlin","ALDI Nord","ALDI Nord, Aspeystraße 75, 44369 Dortmund (공식 전단 기준, 지점별 가격 미확인)","44369","음료","21.09.2026-23.09.2026","GEROLSTEINER Mineralwasser","1,5-L-Flasche","0.89","","-18%","Liter = 0.59","https://www.aldi-nord.de/angebote.html"
"2026-09-20 21:02 Europe/Berlin","ALDI Nord","ALDI Nord, Aspeystraße 75, 44369 Dortmund (공식 전단 기준, 지점별 가격 미확인)","44369","식품","21.09.2026-23.09.2026","GOLDEN SEAFOOD Lachsfiletseite","1.200-g-Packung","15.99","","","kg = 13.33","https://www.aldi-nord.de/angebote.html"
"2026-09-20 21:02 Europe/Berlin","ALDI Nord","ALDI Nord, Aspeystraße 75, 44369 Dortmund (공식 전단 기준, 지점별 가격 미확인)","44369","식품","21.09.2026-23.09.2026","GOLDEN SEAFOOD Thunfisch","160-g-Dose","1.19","","","kg = 7.44","https://www.aldi-nord.de/angebote.html"
"2026-09-20 21:02 Europe/Berlin","ALDI Nord","ALDI Nord, Aspeystraße 75, 44369 Dortmund (공식 전단 기준, 지점별 가격 미확인)","44369","식품","24.09.2026-26.09.2026","GOURMET FINEST CUISINE Entenkeule mit Sauce","600-g-Packung","7.99","","","kg = 13.32","https://www.aldi-nord.de/angebote.html"
"2026-09-20 21:02 Europe/Berlin","ALDI Nord","ALDI Nord, Aspeystraße 75, 44369 Dortmund (공식 전단 기준, 지점별 가격 미확인)","44369","식품","24.09.2026-26.09.2026","Grapefruit","Stück","0.55","","","","https://www.aldi-nord.de/angebote.html"
"2026-09-20 21:02 Europe/Berlin","ALDI Nord","ALDI Nord, Aspeystraße 75, 44369 Dortmund (공식 전단 기준, 지점별 가격 미확인)","44369","식품","21.09.2026-23.09.2026","Grillwurst","Packung","3.79","","","kg = 7.90 / 7.58","https://www.aldi-nord.de/angebote.html"
"2026-09-20 21:02 Europe/Berlin","ALDI Nord","ALDI Nord, Aspeystraße 75, 44369 Dortmund (공식 전단 기준, 지점별 가격 미확인)","44369","식품","21.09.2026-23.09.2026","HÄAGEN-DAZS Eisbecher","460-ml-Becher","3.99","","-37%","Liter = 8.67","https://www.aldi-nord.de/angebote.html"
"2026-09-20 21:02 Europe/Berlin","ALDI Nord","ALDI Nord, Aspeystraße 75, 44369 Dortmund (공식 전단 기준, 지점별 가격 미확인)","44369","식품","24.09.2026-26.09.2026","HAK Apfelmus","700-g-Glas","1.49","","-40%","kg = 2.13","https://www.aldi-nord.de/angebote.html"
"2026-09-20 21:02 Europe/Berlin","ALDI Nord","ALDI Nord, Aspeystraße 75, 44369 Dortmund (공식 전단 기준, 지점별 가격 미확인)","44369","식품","24.09.2026-26.09.2026","HENGSTENBERG Knax Gewürzgurken","720-ml-Glas","1.79","","-40%","kg (ATG) = 4.97","https://www.aldi-nord.de/angebote.html"
"2026-09-20 21:02 Europe/Berlin","ALDI Nord","ALDI Nord, Aspeystraße 75, 44369 Dortmund (공식 전단 기준, 지점별 가격 미확인)","44369","식품","24.09.2026-26.09.2026","JACOBS Gold","200-g-Glas","6.49","","-40%","kg = 32.45","https://www.aldi-nord.de/angebote.html"
"2026-09-20 21:02 Europe/Berlin","ALDI Nord","ALDI Nord, Aspeystraße 75, 44369 Dortmund (공식 전단 기준, 지점별 가격 미확인)","44369","식품","21.09.2026-23.09.2026","Johannisbeeren rot","125-g-Schale","1.69","","","kg = 13.52","https://www.aldi-nord.de/angebote.html"
"2026-09-20 21:02 Europe/Berlin","ALDI Nord","ALDI Nord, Aspeystraße 75, 44369 Dortmund (공식 전단 기준, 지점별 가격 미확인)","44369","식품","21.09.2026-23.09.2026","KELLOGG’S Cerealien","Packung","2.79","","-37%","kg = 6.98 / 6.64","https://www.aldi-nord.de/angebote.html"
"2026-09-20 21:02 Europe/Berlin","ALDI Nord","ALDI Nord, Aspeystraße 75, 44369 Dortmund (공식 전단 기준, 지점별 가격 미확인)","44369","식품","21.09.2026-23.09.2026","KELLOGG`S Crunchy Nut","500-g-Packung","2.79","","-37%","kg = 5.58","https://www.aldi-nord.de/angebote.html"
"2026-09-20 21:02 Europe/Berlin","ALDI Nord","ALDI Nord, Aspeystraße 75, 44369 Dortmund (공식 전단 기준, 지점별 가격 미확인)","44369","식품","24.09.2026-26.09.2026","KÖLLN Müsli","Packung","2.29","","-39%","kg = 6.03 / 5.73","https://www.aldi-nord.de/angebote.html"
"2026-09-20 21:02 Europe/Berlin","ALDI Nord","ALDI Nord, Aspeystraße 75, 44369 Dortmund (공식 전단 기준, 지점별 가격 미확인)","44369","음료","21.09.2026-23.09.2026","KROMBACHER 0,0 %","0,5-L-Dose","0.65","","-34%","Liter = 1.30","https://www.aldi-nord.de/angebote.html"
"2026-09-20 21:02 Europe/Berlin","ALDI Nord","ALDI Nord, Aspeystraße 75, 44369 Dortmund (공식 전단 기준, 지점별 가격 미확인)","44369","주류","21.09.2026-23.09.2026","KROMBACHER Naturradler","0,5-L-Dose","0.65","","-34%","Liter = 1.30","https://www.aldi-nord.de/angebote.html"
"2026-09-20 21:02 Europe/Berlin","ALDI Nord","ALDI Nord, Aspeystraße 75, 44369 Dortmund (공식 전단 기준, 지점별 가격 미확인)","44369","주류","21.09.2026-23.09.2026","KROMBACHER Pils","0,5-L-Dose","0.65","","-34%","Liter = 1.30","https://www.aldi-nord.de/angebote.html"
"2026-09-20 21:02 Europe/Berlin","ALDI Nord","ALDI Nord, Aspeystraße 75, 44369 Dortmund (공식 전단 기준, 지점별 가격 미확인)","44369","음료","24.09.2026-26.09.2026","KRUPNIK Wódka","0,5-L-Flasche","4.99","","-37%","Liter = 9.98","https://www.aldi-nord.de/angebote.html"
"2026-09-20 21:02 Europe/Berlin","ALDI Nord","ALDI Nord, Aspeystraße 75, 44369 Dortmund (공식 전단 기준, 지점별 가격 미확인)","44369","식품","21.09.2026-23.09.2026","LANDLIEBE Auflaufkäse","150-g-Beutel","1.49","","-40%","kg = 9.93","https://www.aldi-nord.de/angebote.html"
"2026-09-20 21:02 Europe/Berlin","ALDI Nord","ALDI Nord, Aspeystraße 75, 44369 Dortmund (공식 전단 기준, 지점별 가격 미확인)","44369","식품","21.09.2026-23.09.2026","LANDLIEBE Pizzakäse","150-g-Beutel","1.49","","-40%","kg = 9.93","https://www.aldi-nord.de/angebote.html"
"2026-09-20 21:02 Europe/Berlin","ALDI Nord","ALDI Nord, Aspeystraße 75, 44369 Dortmund (공식 전단 기준, 지점별 가격 미확인)","44369","식품","24.09.2026-26.09.2026","LYSELL Fischröllchen","Dose","1.69","","-43%","kg (ATG) / kg = 18.78 / 13.52","https://www.aldi-nord.de/angebote.html"
"2026-09-20 21:02 Europe/Berlin","ALDI Nord","ALDI Nord, Aspeystraße 75, 44369 Dortmund (공식 전단 기준, 지점별 가격 미확인)","44369","식품","21.09.2026-23.09.2026","LYTTOS Riesenoliven XXL","1.600-g-Glas","5.99","","","kg (ATG) = 7.05","https://www.aldi-nord.de/angebote.html"
"2026-09-20 21:02 Europe/Berlin","ALDI Nord","ALDI Nord, Aspeystraße 75, 44369 Dortmund (공식 전단 기준, 지점별 가격 미확인)","44369","식품","21.09.2026-23.09.2026","Mandarinen","750-g-Netz","1.49","","-16%","kg = 1.99","https://www.aldi-nord.de/angebote.html"
"2026-09-20 21:02 Europe/Berlin","ALDI Nord","ALDI Nord, Aspeystraße 75, 44369 Dortmund (공식 전단 기준, 지점별 가격 미확인)","44369","식품","24.09.2026-26.09.2026","MEIN BESTES Dark Crodot","Stück","0.99","","","","https://www.aldi-nord.de/angebote.html"
"2026-09-20 21:02 Europe/Berlin","ALDI Nord","ALDI Nord, Aspeystraße 75, 44369 Dortmund (공식 전단 기준, 지점별 가격 미확인)","44369","식품","21.09.2026-23.09.2026","MEIN BESTES Laugenkranz","300-g-Stück","1.29","","","kg = 4.30","https://www.aldi-nord.de/angebote.html"
"2026-09-20 21:02 Europe/Berlin","ALDI Nord","ALDI Nord, Aspeystraße 75, 44369 Dortmund (공식 전단 기준, 지점별 가격 미확인)","44369","식품","21.09.2026-23.09.2026","MEIN BESTES Scholino","Stück","0.59","","","","https://www.aldi-nord.de/angebote.html"
"2026-09-20 21:02 Europe/Berlin","ALDI Nord","ALDI Nord, Aspeystraße 75, 44369 Dortmund (공식 전단 기준, 지점별 가격 미확인)","44369","식품","24.09.2026-26.09.2026","MEIN BESTES Steinofen-Käsestick","Stück","0.79","","","","https://www.aldi-nord.de/angebote.html"
"2026-09-20 21:02 Europe/Berlin","ALDI Nord","ALDI Nord, Aspeystraße 75, 44369 Dortmund (공식 전단 기준, 지점별 가격 미확인)","44369","식품","21.09.2026-23.09.2026","MEINE METZGEREI Gemischtes Hackfleisch XXL","1-kg-Packung","5.49","","","kg = 5.49","https://www.aldi-nord.de/angebote.html"
"2026-09-20 21:02 Europe/Berlin","ALDI Nord","ALDI Nord, Aspeystraße 75, 44369 Dortmund (공식 전단 기준, 지점별 가격 미확인)","44369","식품","21.09.2026-23.09.2026","MEINE METZGEREI Hüftsteaks","375-g-Packung","7.29","","-11%","kg = 19.44","https://www.aldi-nord.de/angebote.html"
"2026-09-20 21:02 Europe/Berlin","ALDI Nord","ALDI Nord, Aspeystraße 75, 44369 Dortmund (공식 전단 기준, 지점별 가격 미확인)","44369","식품","21.09.2026-23.09.2026","MEINE METZGEREI Puten-Hackfleisch","400-g-Packung","1.99","","-28%","kg = 4.98","https://www.aldi-nord.de/angebote.html"
"2026-09-20 21:02 Europe/Berlin","ALDI Nord","ALDI Nord, Aspeystraße 75, 44369 Dortmund (공식 전단 기준, 지점별 가격 미확인)","44369","식품","24.09.2026-26.09.2026","MEINE METZGEREI Puten-Minifilets XXL","1-kg-Packung","7.99","","","kg = 7.99","https://www.aldi-nord.de/angebote.html"
"2026-09-20 21:02 Europe/Berlin","ALDI Nord","ALDI Nord, Aspeystraße 75, 44369 Dortmund (공식 전단 기준, 지점별 가격 미확인)","44369","식품","21.09.2026-23.09.2026","MEINE METZGEREI Schinken-Schnitzel","500-g-Packung","3.29","","-26%","kg = 6.58","https://www.aldi-nord.de/angebote.html"
"2026-09-20 21:02 Europe/Berlin","ALDI Nord","ALDI Nord, Aspeystraße 75, 44369 Dortmund (공식 전단 기준, 지점별 가격 미확인)","44369","식품","21.09.2026-23.09.2026","MEINE METZGEREI Schinkengulasch XXL","1-kg-Packung","5.79","","","kg = 5.79","https://www.aldi-nord.de/angebote.html"
"2026-09-20 21:02 Europe/Berlin","ALDI Nord","ALDI Nord, Aspeystraße 75, 44369 Dortmund (공식 전단 기준, 지점별 가격 미확인)","44369","식품","21.09.2026-23.09.2026","MILSANI Joghurt","4x150-g-Packung","0.79","","","kg = 1.32","https://www.aldi-nord.de/angebote.html"
"2026-09-20 21:02 Europe/Berlin","ALDI Nord","ALDI Nord, Aspeystraße 75, 44369 Dortmund (공식 전단 기준, 지점별 가격 미확인)","44369","식품","24.09.2026-26.09.2026","MILSANI Streichfein XXL","400-g-Packung","1.59","","","kg = 3.98","https://www.aldi-nord.de/angebote.html"
"2026-09-20 21:02 Europe/Berlin","ALDI Nord","ALDI Nord, Aspeystraße 75, 44369 Dortmund (공식 전단 기준, 지점별 가격 미확인)","44369","식품","21.09.2026-23.09.2026","Mini-Maispoularde","1.200-g-Packung","4.99","","","kg = 4.16","https://www.aldi-nord.de/angebote.html"
"2026-09-20 21:02 Europe/Berlin","ALDI Nord","ALDI Nord, Aspeystraße 75, 44369 Dortmund (공식 전단 기준, 지점별 가격 미확인)","44369","식품","21.09.2026-23.09.2026","MOSER ROTH Trinkschokolade","275-g-Dose","2.29","","","kg = 8.33","https://www.aldi-nord.de/angebote.html"
"2026-09-20 21:02 Europe/Berlin","ALDI Nord","ALDI Nord, Aspeystraße 75, 44369 Dortmund (공식 전단 기준, 지점별 가격 미확인)","44369","식품","21.09.2026-23.09.2026","MÖVENPICK Feinjoghurt","150-g-Becher","0.69","","-30%","kg = 4.60","https://www.aldi-nord.de/angebote.html"
"2026-09-20 21:02 Europe/Berlin","ALDI Nord","ALDI Nord, Aspeystraße 75, 44369 Dortmund (공식 전단 기준, 지점별 가격 미확인)","44369","식품","21.09.2026-23.09.2026","Orangen XXL","3-kg-Netz","3.49","","","kg = 1.16","https://www.aldi-nord.de/angebote.html"
"2026-09-20 21:02 Europe/Berlin","ALDI Nord","ALDI Nord, Aspeystraße 75, 44369 Dortmund (공식 전단 기준, 지점별 가격 미확인)","44369","음료","21.09.2026-23.09.2026","PFANNER Eistee","2-L-Packung","0.99","","","Liter = 0.50","https://www.aldi-nord.de/angebote.html"
"2026-09-20 21:02 Europe/Berlin","ALDI Nord","ALDI Nord, Aspeystraße 75, 44369 Dortmund (공식 전단 기준, 지점별 가격 미확인)","44369","식품","24.09.2026-26.09.2026","Pflaumen","500-g-Schale","1.29","","","kg = 2.58","https://www.aldi-nord.de/angebote.html"
"2026-09-20 21:02 Europe/Berlin","ALDI Nord","ALDI Nord, Aspeystraße 75, 44369 Dortmund (공식 전단 기준, 지점별 가격 미확인)","44369","식품","21.09.2026-23.09.2026","Physalis","100-g-Schale","0.88","","","kg = 8.80","https://www.aldi-nord.de/angebote.html"
"2026-09-20 21:02 Europe/Berlin","ALDI Nord","ALDI Nord, Aspeystraße 75, 44369 Dortmund (공식 전단 기준, 지점별 가격 미확인)","44369","식품","24.09.2026-26.09.2026","POPP Beilagensalat","400-g-Packung","1.89","","","kg = 4.73","https://www.aldi-nord.de/angebote.html"
"2026-09-20 21:02 Europe/Berlin","ALDI Nord","ALDI Nord, Aspeystraße 75, 44369 Dortmund (공식 전단 기준, 지점별 가격 미확인)","44369","식품","24.09.2026-26.09.2026","Rinder-Rouladen XXL","800-g-Packung","11.99","","","kg = 14.99","https://www.aldi-nord.de/angebote.html"
"2026-09-20 21:02 Europe/Berlin","ALDI Nord","ALDI Nord, Aspeystraße 75, 44369 Dortmund (공식 전단 기준, 지점별 가격 미확인)","44369","식품","24.09.2026-26.09.2026","Salat mit Wurzelballen","Stück","0.99","","-16%","1.19 €","https://www.aldi-nord.de/angebote.html"
"2026-09-20 21:02 Europe/Berlin","ALDI Nord","ALDI Nord, Aspeystraße 75, 44369 Dortmund (공식 전단 기준, 지점별 가격 미확인)","44369","식품","21.09.2026-23.09.2026","SNACK TIME Salat-Menü Classic","350-g-Schale","2.69","","-10%","kg = 7.69","https://www.aldi-nord.de/angebote.html"
"2026-09-20 21:02 Europe/Berlin","ALDI Nord","ALDI Nord, Aspeystraße 75, 44369 Dortmund (공식 전단 기준, 지점별 가격 미확인)","44369","식품","21.09.2026-23.09.2026","SNACK TIME Salat-Menü Vielfalt","350-g-Schale","2.69","","-10%","kg = 7.69","https://www.aldi-nord.de/angebote.html"
"2026-09-20 21:02 Europe/Berlin","ALDI Nord","ALDI Nord, Aspeystraße 75, 44369 Dortmund (공식 전단 기준, 지점별 가격 미확인)","44369","식품","21.09.2026-23.09.2026","Speisekürbis","kg-Preis","1.59","","","kg = 1.59","https://www.aldi-nord.de/angebote.html"
"2026-09-20 21:02 Europe/Berlin","ALDI Nord","ALDI Nord, Aspeystraße 75, 44369 Dortmund (공식 전단 기준, 지점별 가격 미확인)","44369","식품","21.09.2026-23.09.2026","SPEISEZEIT Brühe","340-ml-Glas","1.79","","","Liter = 5.26","https://www.aldi-nord.de/angebote.html"
"2026-09-20 21:02 Europe/Berlin","ALDI Nord","ALDI Nord, Aspeystraße 75, 44369 Dortmund (공식 전단 기준, 지점별 가격 미확인)","44369","식품","24.09.2026-26.09.2026","Süßkartoffeln","kg-Preis","1.39","","-30%","kg = 1.39","https://www.aldi-nord.de/angebote.html"
"2026-09-20 21:02 Europe/Berlin","ALDI Nord","ALDI Nord, Aspeystraße 75, 44369 Dortmund (공식 전단 기준, 지점별 가격 미확인)","44369","식품","21.09.2026-23.09.2026","Tafeläpfel","1-kg-Schale","1.49","","-42%","kg = 1.49","https://www.aldi-nord.de/angebote.html"
"2026-09-20 21:02 Europe/Berlin","ALDI Nord","ALDI Nord, Aspeystraße 75, 44369 Dortmund (공식 전단 기준, 지점별 가격 미확인)","44369","식품","21.09.2026-23.09.2026","Tafelbirnen","1-kg-Schale","1.59","","-11%","kg = 1.59","https://www.aldi-nord.de/angebote.html"
"2026-09-20 21:02 Europe/Berlin","ALDI Nord","ALDI Nord, Aspeystraße 75, 44369 Dortmund (공식 전단 기준, 지점별 가격 미확인)","44369","식품","21.09.2026-23.09.2026","Tafeltrauben hell","650-g-Beutel","2.79","","","kg = 4.29","https://www.aldi-nord.de/angebote.html"
"2026-09-20 21:02 Europe/Berlin","ALDI Nord","ALDI Nord, Aspeystraße 75, 44369 Dortmund (공식 전단 기준, 지점별 가격 미확인)","44369","식품","21.09.2026-23.09.2026","TEEKANNE Früchte- / Kräutertee","Packung","1.39","","-36%","kg = 46.33 / 34.75 / 30.89 / 27.80","https://www.aldi-nord.de/angebote.html"
"2026-09-20 21:02 Europe/Berlin","ALDI Nord","ALDI Nord, Aspeystraße 75, 44369 Dortmund (공식 전단 기준, 지점별 가격 미확인)","44369","음료","24.09.2026-26.09.2026","THOMAS HENRY Bittergetränk","0,75-L-Flasche","1.39","","-22%","Liter = 1.85","https://www.aldi-nord.de/angebote.html"
"2026-09-20 21:02 Europe/Berlin","ALDI Nord","ALDI Nord, Aspeystraße 75, 44369 Dortmund (공식 전단 기준, 지점별 가격 미확인)","44369","식품","21.09.2026-23.09.2026","TILLMAN’S Toasty","280-g-Packung","2.79","","-30%","kg = 9.96","https://www.aldi-nord.de/angebote.html"
"2026-09-20 21:02 Europe/Berlin","ALDI Nord","ALDI Nord, Aspeystraße 75, 44369 Dortmund (공식 전단 기준, 지점별 가격 미확인)","44369","식품","24.09.2026-26.09.2026","TRUE FRUITS Smoothie","750-ml-Flasche","3.49","","-25%","Liter = 4.65","https://www.aldi-nord.de/angebote.html"
"2026-09-20 21:02 Europe/Berlin","ALDI Nord","ALDI Nord, Aspeystraße 75, 44369 Dortmund (공식 전단 기준, 지점별 가격 미확인)","44369","식품","21.09.2026-23.09.2026","WEIHENSTEPHAN Butter","250-g-Packung","1.19","","-57%","kg = 4.76","https://www.aldi-nord.de/angebote.html"
"2026-09-20 21:02 Europe/Berlin","ALDI Nord","ALDI Nord, Aspeystraße 75, 44369 Dortmund (공식 전단 기준, 지점별 가격 미확인)","44369","식품","21.09.2026-23.09.2026","WEIHENSTEPHAN Die Streichzarte gesalzen","250-g-Packung","1.19","","-57%","kg = 4.76","https://www.aldi-nord.de/angebote.html"
"2026-09-20 21:02 Europe/Berlin","ALDI Nord","ALDI Nord, Aspeystraße 75, 44369 Dortmund (공식 전단 기준, 지점별 가격 미확인)","44369","식품","21.09.2026-23.09.2026","WEIHENSTEPHAN Die Streichzarte ungesalzen","250-g-Packung","1.19","","-57%","kg = 4.76","https://www.aldi-nord.de/angebote.html"
"2026-09-20 21:02 Europe/Berlin","ALDI Nord","ALDI Nord, Aspeystraße 75, 44369 Dortmund (공식 전단 기준, 지점별 가격 미확인)","44369","식품","21.09.2026-23.09.2026","WEIHENSTEPHAN Frische Milch","1-L-Packung","1.11","","-25%","Liter = 1.11","https://www.aldi-nord.de/angebote.html"
"2026-09-20 21:02 Europe/Berlin","ALDI Nord","ALDI Nord, Aspeystraße 75, 44369 Dortmund (공식 전단 기준, 지점별 가격 미확인)","44369","식품","21.09.2026-23.09.2026","ZESPRI Kiwi grün","Stück","0.44","","","","https://www.aldi-nord.de/angebote.html"
"2026-09-20 21:02 Europe/Berlin","Kaufland","Kaufland Düsseldorf-Derendorf, Hilde-und-Joseph-Neyses-Platz 5, 40476 Düsseldorf (최근접 전단 지점, 지점별 가격 미확인)","40468","식품","21.09.2026-23.09.2026","BERGADER Schnittkäse","versch. Sorten, 130-170 g","1.49","","44%","8,77-11,47 €/kg","https://assets.leaflets.schwarz/leaflets/pdfs/01a09f9b-03e9-76b1-a889-c3de7dfc0f6c/Prospekt-21-09-2026-23-09-2026-00.pdf"
"2026-09-20 21:02 Europe/Berlin","Kaufland","Kaufland Düsseldorf-Derendorf, Hilde-und-Joseph-Neyses-Platz 5, 40476 Düsseldorf (최근접 전단 지점, 지점별 가격 미확인)","40468","식품","24.09.2026-30.09.2026","Bio-Miniromatomaten","Spanien, Kl. I, 250 g","1.49","","16%","5,96 €/kg","https://assets.leaflets.schwarz/leaflets/pdfs/01a09f14-8dce-7298-afbc-d3636a4c9844/Prospekt-24-09-2026-30-09-2026-00.pdf"
"2026-09-20 21:02 Europe/Berlin","Kaufland","Kaufland Düsseldorf-Derendorf, Hilde-und-Joseph-Neyses-Platz 5, 40476 Düsseldorf (최근접 전단 지점, 지점별 가격 미확인)","40468","식품","24.09.2026-30.09.2026","Bio-Zitronen","Peru/Spanien, Kl. I, 500 g","1.79","","21%","3,58 €/kg","https://assets.leaflets.schwarz/leaflets/pdfs/01a09f14-8dce-7298-afbc-d3636a4c9844/Prospekt-24-09-2026-30-09-2026-00.pdf"
"2026-09-20 21:02 Europe/Berlin","Kaufland","Kaufland Düsseldorf-Derendorf, Hilde-und-Joseph-Neyses-Platz 5, 40476 Düsseldorf (최근접 전단 지점, 지점별 가격 미확인)","40468","식품","21.09.2026-23.09.2026","Blumenkohl","Deutschland/Niederlande, Kl. I, Stück","1.29","","35%","","https://assets.leaflets.schwarz/leaflets/pdfs/01a09f9b-03e9-76b1-a889-c3de7dfc0f6c/Prospekt-21-09-2026-23-09-2026-00.pdf"
"2026-09-20 21:02 Europe/Berlin","Kaufland","Kaufland Düsseldorf-Derendorf, Hilde-und-Joseph-Neyses-Platz 5, 40476 Düsseldorf (최근접 전단 지점, 지점별 가격 미확인)","40468","주류","21.09.2026-23.09.2026","BREE Wein oder Free Alkoholfrei","versch. Sorten, 0,75-l-Fl.","2.79","","49%","3,72 €/l","https://assets.leaflets.schwarz/leaflets/pdfs/01a09f9b-03e9-76b1-a889-c3de7dfc0f6c/Prospekt-21-09-2026-23-09-2026-00.pdf"
"2026-09-20 21:02 Europe/Berlin","Kaufland","Kaufland Düsseldorf-Derendorf, Hilde-und-Joseph-Neyses-Platz 5, 40476 Düsseldorf (최근접 전단 지점, 지점별 가격 미확인)","40468","식품","21.09.2026-23.09.2026","BRESSO Frischkäse oder Frischkäsezubereitung","versch. Sorten, 120-150 g","1.11","","58%","7,40-9,25 €/kg","https://assets.leaflets.schwarz/leaflets/pdfs/01a09f9b-03e9-76b1-a889-c3de7dfc0f6c/Prospekt-21-09-2026-23-09-2026-00.pdf"
"2026-09-20 21:02 Europe/Berlin","Kaufland","Kaufland Düsseldorf-Derendorf, Hilde-und-Joseph-Neyses-Platz 5, 40476 Düsseldorf (최근접 전단 지점, 지점별 가격 미확인)","40468","식품","24.09.2026-30.09.2026","Broccoli","Deutschland, Kl. I, 500 g","1.29","","27%","2,58 €/kg","https://assets.leaflets.schwarz/leaflets/pdfs/01a09f14-8dce-7298-afbc-d3636a4c9844/Prospekt-24-09-2026-30-09-2026-00.pdf"
"2026-09-20 21:02 Europe/Berlin","Kaufland","Kaufland Düsseldorf-Derendorf, Hilde-und-Joseph-Neyses-Platz 5, 40476 Düsseldorf (최근접 전단 지점, 지점별 가격 미확인)","40468","식품","24.09.2026-30.09.2026","EHRMANN Almighurt Fruchtjoghurt","versch. Sorten, 150 g","0.25","","71%","1,67 €/kg","https://assets.leaflets.schwarz/leaflets/pdfs/01a09f14-8dce-7298-afbc-d3636a4c9844/Prospekt-24-09-2026-30-09-2026-00.pdf"
"2026-09-20 21:02 Europe/Berlin","Kaufland","Kaufland Düsseldorf-Derendorf, Hilde-und-Joseph-Neyses-Platz 5, 40476 Düsseldorf (최근접 전단 지점, 지점별 가격 미확인)","40468","식품","24.09.2026-30.09.2026","Feigen","Türkei, lose, Stück","0.49","","37%","","https://assets.leaflets.schwarz/leaflets/pdfs/01a09f14-8dce-7298-afbc-d3636a4c9844/Prospekt-24-09-2026-30-09-2026-00.pdf"
"2026-09-20 21:02 Europe/Berlin","Kaufland","Kaufland Düsseldorf-Derendorf, Hilde-und-Joseph-Neyses-Platz 5, 40476 Düsseldorf (최근접 전단 지점, 지점별 가격 미확인)","40468","식품","24.09.2026-30.09.2026","Feldsalat","Deutschland/Frankreich, Kl. I, 150 g","0.99","","23%","6,60 €/kg","https://assets.leaflets.schwarz/leaflets/pdfs/01a09f14-8dce-7298-afbc-d3636a4c9844/Prospekt-24-09-2026-30-09-2026-00.pdf"
"2026-09-20 21:02 Europe/Berlin","Kaufland","Kaufland Düsseldorf-Derendorf, Hilde-und-Joseph-Neyses-Platz 5, 40476 Düsseldorf (최근접 전단 지점, 지점별 가격 미확인)","40468","식품","24.09.2026-30.09.2026","Granatapfel","Spanien, Stück","1.29","","35%","","https://assets.leaflets.schwarz/leaflets/pdfs/01a09f14-8dce-7298-afbc-d3636a4c9844/Prospekt-24-09-2026-30-09-2026-00.pdf"
"2026-09-20 21:02 Europe/Berlin","Kaufland","Kaufland Düsseldorf-Derendorf, Hilde-und-Joseph-Neyses-Platz 5, 40476 Düsseldorf (최근접 전단 지점, 지점별 가격 미확인)","40468","식품","21.09.2026-23.09.2026","K-CLASSIC Natives Olivenöl extra","erste Güteklasse, 750-ml-Fl.","4.44","","","5,92 €/l","https://assets.leaflets.schwarz/leaflets/pdfs/01a09f9b-03e9-76b1-a889-c3de7dfc0f6c/Prospekt-21-09-2026-23-09-2026-00.pdf"
"2026-09-20 21:02 Europe/Berlin","Kaufland","Kaufland Düsseldorf-Derendorf, Hilde-und-Joseph-Neyses-Platz 5, 40476 Düsseldorf (최근접 전단 지점, 지점별 가격 미확인)","40468","음료","24.09.2026-30.09.2026","KÄFER Caffè Crema Lungo oder Espresso Forte","ganze Bohnen, 1 kg","9.99","","33%","","https://assets.leaflets.schwarz/leaflets/pdfs/01a09f14-8dce-7298-afbc-d3636a4c9844/Prospekt-24-09-2026-30-09-2026-00.pdf"
"2026-09-20 21:02 Europe/Berlin","Kaufland","Kaufland Düsseldorf-Derendorf, Hilde-und-Joseph-Neyses-Platz 5, 40476 Düsseldorf (최근접 전단 지점, 지점별 가격 미확인)","40468","식품","24.09.2026-30.09.2026","Kiwibeeren","Italien, Kl. I, 125 g","1.79","","28%","14,32 €/kg","https://assets.leaflets.schwarz/leaflets/pdfs/01a09f14-8dce-7298-afbc-d3636a4c9844/Prospekt-24-09-2026-30-09-2026-00.pdf"
"2026-09-20 21:02 Europe/Berlin","Kaufland","Kaufland Düsseldorf-Derendorf, Hilde-und-Joseph-Neyses-Platz 5, 40476 Düsseldorf (최근접 전단 지점, 지점별 가격 미확인)","40468","식품","21.09.2026-23.09.2026","LANDLIEBE Pudding","versch. Sorten, 150-225 g","0.44","","55%","1,96-2,94 €/kg","https://assets.leaflets.schwarz/leaflets/pdfs/01a09f9b-03e9-76b1-a889-c3de7dfc0f6c/Prospekt-21-09-2026-23-09-2026-00.pdf"
"2026-09-20 21:02 Europe/Berlin","Kaufland","Kaufland Düsseldorf-Derendorf, Hilde-und-Joseph-Neyses-Platz 5, 40476 Düsseldorf (최근접 전단 지점, 지점별 가격 미확인)","40468","식품","24.09.2026-30.09.2026","Möhren XXL","Deutschland, Kl. I, 3 kg","1.99","","","0,67 €/kg","https://assets.leaflets.schwarz/leaflets/pdfs/01a09f14-8dce-7298-afbc-d3636a4c9844/Prospekt-24-09-2026-30-09-2026-00.pdf"
"2026-09-20 21:02 Europe/Berlin","Kaufland","Kaufland Düsseldorf-Derendorf, Hilde-und-Joseph-Neyses-Platz 5, 40476 Düsseldorf (최근접 전단 지점, 지점별 가격 미확인)","40468","식품","24.09.2026-30.09.2026","Physalis","Kolumbien, 100 g","1.49","","16%","14,90 €/kg","https://assets.leaflets.schwarz/leaflets/pdfs/01a09f14-8dce-7298-afbc-d3636a4c9844/Prospekt-24-09-2026-30-09-2026-00.pdf"
"2026-09-20 21:02 Europe/Berlin","Kaufland","Kaufland Düsseldorf-Derendorf, Hilde-und-Joseph-Neyses-Platz 5, 40476 Düsseldorf (최근접 전단 지점, 지점별 가격 미확인)","40468","식품","24.09.2026-30.09.2026","Porree XXL","Deutschland, Kl. I, 1 kg","1.79","","","","https://assets.leaflets.schwarz/leaflets/pdfs/01a09f14-8dce-7298-afbc-d3636a4c9844/Prospekt-24-09-2026-30-09-2026-00.pdf"
"2026-09-20 21:02 Europe/Berlin","Kaufland","Kaufland Düsseldorf-Derendorf, Hilde-und-Joseph-Neyses-Platz 5, 40476 Düsseldorf (최근접 전단 지점, 지점별 가격 미확인)","40468","음료","24.09.2026-30.09.2026","RED BULL Energy Drink oder Erfrischungsgetränk","versch. Sorten, 0,25-0,33 l, zzgl. Pfand","0.79","","46%","2,40-3,16 €/l","https://assets.leaflets.schwarz/leaflets/pdfs/01a09f14-8dce-7298-afbc-d3636a4c9844/Prospekt-24-09-2026-30-09-2026-00.pdf"
"2026-09-20 21:02 Europe/Berlin","Kaufland","Kaufland Düsseldorf-Derendorf, Hilde-und-Joseph-Neyses-Platz 5, 40476 Düsseldorf (최근접 전단 지점, 지점별 가격 미확인)","40468","식품","24.09.2026-30.09.2026","SANLUCAR Tafeltrauben hell oder rot","600-g-Packung","2.49","","28%","4,15 €/kg","https://assets.leaflets.schwarz/leaflets/pdfs/01a09f14-8dce-7298-afbc-d3636a4c9844/Prospekt-24-09-2026-30-09-2026-00.pdf"
"2026-09-20 21:02 Europe/Berlin","Kaufland","Kaufland Düsseldorf-Derendorf, Hilde-und-Joseph-Neyses-Platz 5, 40476 Düsseldorf (최근접 전단 지점, 지점별 가격 미확인)","40468","식품","24.09.2026-30.09.2026","Speisekartoffeln XXL","Deutschland, Qualität I, 5 kg","2.99","","","0,60 €/kg","https://assets.leaflets.schwarz/leaflets/pdfs/01a09f14-8dce-7298-afbc-d3636a4c9844/Prospekt-24-09-2026-30-09-2026-00.pdf"
"2026-09-20 21:02 Europe/Berlin","Kaufland","Kaufland Düsseldorf-Derendorf, Hilde-und-Joseph-Neyses-Platz 5, 40476 Düsseldorf (최근접 전단 지점, 지점별 가격 미확인)","40468","식품","24.09.2026-30.09.2026","Spitzkohl","Deutschland, Kl. I, Stück","0.99","","50%","","https://assets.leaflets.schwarz/leaflets/pdfs/01a09f14-8dce-7298-afbc-d3636a4c9844/Prospekt-24-09-2026-30-09-2026-00.pdf"
"2026-09-20 21:02 Europe/Berlin","Kaufland","Kaufland Düsseldorf-Derendorf, Hilde-und-Joseph-Neyses-Platz 5, 40476 Düsseldorf (최근접 전단 지점, 지점별 가격 미확인)","40468","식품","24.09.2026-30.09.2026","Tafeläpfel XXL","Deutschland/Italien, Kl. I, 5 kg","4.99","","","1,00 €/kg","https://assets.leaflets.schwarz/leaflets/pdfs/01a09f14-8dce-7298-afbc-d3636a4c9844/Prospekt-24-09-2026-30-09-2026-00.pdf"
"2026-09-20 21:02 Europe/Berlin","Kaufland","Kaufland Düsseldorf-Derendorf, Hilde-und-Joseph-Neyses-Platz 5, 40476 Düsseldorf (최근접 전단 지점, 지점별 가격 미확인)","40468","식품","24.09.2026-30.09.2026","Tafelbirnen XXL","Niederlande/Belgien, Kl. I, 1,5 kg","2.49","","28%","1,66 €/kg","https://assets.leaflets.schwarz/leaflets/pdfs/01a09f14-8dce-7298-afbc-d3636a4c9844/Prospekt-24-09-2026-30-09-2026-00.pdf"
"2026-09-20 21:02 Europe/Berlin","Kaufland","Kaufland Düsseldorf-Derendorf, Hilde-und-Joseph-Neyses-Platz 5, 40476 Düsseldorf (최근접 전단 지점, 지점별 가격 미확인)","40468","식품","24.09.2026-30.09.2026","Tafeltrauben rot","Italien, Kl. I, 500 g","1.49","","16%","2,98 €/kg","https://assets.leaflets.schwarz/leaflets/pdfs/01a09f14-8dce-7298-afbc-d3636a4c9844/Prospekt-24-09-2026-30-09-2026-00.pdf"
"2026-09-20 21:02 Europe/Berlin","Kaufland","Kaufland Düsseldorf-Derendorf, Hilde-und-Joseph-Neyses-Platz 5, 40476 Düsseldorf (최근접 전단 지점, 지점별 가격 미확인)","40468","식품","24.09.2026-30.09.2026","Zwiebeln XXL","Deutschland, Kl. II, 5 kg","2.99","","","0,60 €/kg","https://assets.leaflets.schwarz/leaflets/pdfs/01a09f14-8dce-7298-afbc-d3636a4c9844/Prospekt-24-09-2026-30-09-2026-00.pdf"
"2026-09-20 21:02 Europe/Berlin","Kaufland","Kaufland Düsseldorf-Derendorf, Hilde-und-Joseph-Neyses-Platz 5, 40476 Düsseldorf (최근접 전단 지점, 지점별 가격 미확인)","40474","식품","21.09.2026-23.09.2026","BERGADER Schnittkäse","versch. Sorten, 130-170 g","1.49","","44%","8,77-11,47 €/kg","https://assets.leaflets.schwarz/leaflets/pdfs/01a09f9b-03e9-76b1-a889-c3de7dfc0f6c/Prospekt-21-09-2026-23-09-2026-00.pdf"
"2026-09-20 21:02 Europe/Berlin","Kaufland","Kaufland Düsseldorf-Derendorf, Hilde-und-Joseph-Neyses-Platz 5, 40476 Düsseldorf (최근접 전단 지점, 지점별 가격 미확인)","40474","식품","24.09.2026-30.09.2026","Bio-Miniromatomaten","Spanien, Kl. I, 250 g","1.49","","16%","5,96 €/kg","https://assets.leaflets.schwarz/leaflets/pdfs/01a09f14-8dce-7298-afbc-d3636a4c9844/Prospekt-24-09-2026-30-09-2026-00.pdf"
"2026-09-20 21:02 Europe/Berlin","Kaufland","Kaufland Düsseldorf-Derendorf, Hilde-und-Joseph-Neyses-Platz 5, 40476 Düsseldorf (최근접 전단 지점, 지점별 가격 미확인)","40474","식품","24.09.2026-30.09.2026","Bio-Zitronen","Peru/Spanien, Kl. I, 500 g","1.79","","21%","3,58 €/kg","https://assets.leaflets.schwarz/leaflets/pdfs/01a09f14-8dce-7298-afbc-d3636a4c9844/Prospekt-24-09-2026-30-09-2026-00.pdf"
"2026-09-20 21:02 Europe/Berlin","Kaufland","Kaufland Düsseldorf-Derendorf, Hilde-und-Joseph-Neyses-Platz 5, 40476 Düsseldorf (최근접 전단 지점, 지점별 가격 미확인)","40474","식품","21.09.2026-23.09.2026","Blumenkohl","Deutschland/Niederlande, Kl. I, Stück","1.29","","35%","","https://assets.leaflets.schwarz/leaflets/pdfs/01a09f9b-03e9-76b1-a889-c3de7dfc0f6c/Prospekt-21-09-2026-23-09-2026-00.pdf"
"2026-09-20 21:02 Europe/Berlin","Kaufland","Kaufland Düsseldorf-Derendorf, Hilde-und-Joseph-Neyses-Platz 5, 40476 Düsseldorf (최근접 전단 지점, 지점별 가격 미확인)","40474","주류","21.09.2026-23.09.2026","BREE Wein oder Free Alkoholfrei","versch. Sorten, 0,75-l-Fl.","2.79","","49%","3,72 €/l","https://assets.leaflets.schwarz/leaflets/pdfs/01a09f9b-03e9-76b1-a889-c3de7dfc0f6c/Prospekt-21-09-2026-23-09-2026-00.pdf"
"2026-09-20 21:02 Europe/Berlin","Kaufland","Kaufland Düsseldorf-Derendorf, Hilde-und-Joseph-Neyses-Platz 5, 40476 Düsseldorf (최근접 전단 지점, 지점별 가격 미확인)","40474","식품","21.09.2026-23.09.2026","BRESSO Frischkäse oder Frischkäsezubereitung","versch. Sorten, 120-150 g","1.11","","58%","7,40-9,25 €/kg","https://assets.leaflets.schwarz/leaflets/pdfs/01a09f9b-03e9-76b1-a889-c3de7dfc0f6c/Prospekt-21-09-2026-23-09-2026-00.pdf"
"2026-09-20 21:02 Europe/Berlin","Kaufland","Kaufland Düsseldorf-Derendorf, Hilde-und-Joseph-Neyses-Platz 5, 40476 Düsseldorf (최근접 전단 지점, 지점별 가격 미확인)","40474","식품","24.09.2026-30.09.2026","Broccoli","Deutschland, Kl. I, 500 g","1.29","","27%","2,58 €/kg","https://assets.leaflets.schwarz/leaflets/pdfs/01a09f14-8dce-7298-afbc-d3636a4c9844/Prospekt-24-09-2026-30-09-2026-00.pdf"
"2026-09-20 21:02 Europe/Berlin","Kaufland","Kaufland Düsseldorf-Derendorf, Hilde-und-Joseph-Neyses-Platz 5, 40476 Düsseldorf (최근접 전단 지점, 지점별 가격 미확인)","40474","식품","24.09.2026-30.09.2026","EHRMANN Almighurt Fruchtjoghurt","versch. Sorten, 150 g","0.25","","71%","1,67 €/kg","https://assets.leaflets.schwarz/leaflets/pdfs/01a09f14-8dce-7298-afbc-d3636a4c9844/Prospekt-24-09-2026-30-09-2026-00.pdf"
"2026-09-20 21:02 Europe/Berlin","Kaufland","Kaufland Düsseldorf-Derendorf, Hilde-und-Joseph-Neyses-Platz 5, 40476 Düsseldorf (최근접 전단 지점, 지점별 가격 미확인)","40474","식품","24.09.2026-30.09.2026","Feigen","Türkei, lose, Stück","0.49","","37%","","https://assets.leaflets.schwarz/leaflets/pdfs/01a09f14-8dce-7298-afbc-d3636a4c9844/Prospekt-24-09-2026-30-09-2026-00.pdf"
"2026-09-20 21:02 Europe/Berlin","Kaufland","Kaufland Düsseldorf-Derendorf, Hilde-und-Joseph-Neyses-Platz 5, 40476 Düsseldorf (최근접 전단 지점, 지점별 가격 미확인)","40474","식품","24.09.2026-30.09.2026","Feldsalat","Deutschland/Frankreich, Kl. I, 150 g","0.99","","23%","6,60 €/kg","https://assets.leaflets.schwarz/leaflets/pdfs/01a09f14-8dce-7298-afbc-d3636a4c9844/Prospekt-24-09-2026-30-09-2026-00.pdf"
"2026-09-20 21:02 Europe/Berlin","Kaufland","Kaufland Düsseldorf-Derendorf, Hilde-und-Joseph-Neyses-Platz 5, 40476 Düsseldorf (최근접 전단 지점, 지점별 가격 미확인)","40474","식품","24.09.2026-30.09.2026","Granatapfel","Spanien, Stück","1.29","","35%","","https://assets.leaflets.schwarz/leaflets/pdfs/01a09f14-8dce-7298-afbc-d3636a4c9844/Prospekt-24-09-2026-30-09-2026-00.pdf"
"2026-09-20 21:02 Europe/Berlin","Kaufland","Kaufland Düsseldorf-Derendorf, Hilde-und-Joseph-Neyses-Platz 5, 40476 Düsseldorf (최근접 전단 지점, 지점별 가격 미확인)","40474","식품","21.09.2026-23.09.2026","K-CLASSIC Natives Olivenöl extra","erste Güteklasse, 750-ml-Fl.","4.44","","","5,92 €/l","https://assets.leaflets.schwarz/leaflets/pdfs/01a09f9b-03e9-76b1-a889-c3de7dfc0f6c/Prospekt-21-09-2026-23-09-2026-00.pdf"
"2026-09-20 21:02 Europe/Berlin","Kaufland","Kaufland Düsseldorf-Derendorf, Hilde-und-Joseph-Neyses-Platz 5, 40476 Düsseldorf (최근접 전단 지점, 지점별 가격 미확인)","40474","음료","24.09.2026-30.09.2026","KÄFER Caffè Crema Lungo oder Espresso Forte","ganze Bohnen, 1 kg","9.99","","33%","","https://assets.leaflets.schwarz/leaflets/pdfs/01a09f14-8dce-7298-afbc-d3636a4c9844/Prospekt-24-09-2026-30-09-2026-00.pdf"
"2026-09-20 21:02 Europe/Berlin","Kaufland","Kaufland Düsseldorf-Derendorf, Hilde-und-Joseph-Neyses-Platz 5, 40476 Düsseldorf (최근접 전단 지점, 지점별 가격 미확인)","40474","식품","24.09.2026-30.09.2026","Kiwibeeren","Italien, Kl. I, 125 g","1.79","","28%","14,32 €/kg","https://assets.leaflets.schwarz/leaflets/pdfs/01a09f14-8dce-7298-afbc-d3636a4c9844/Prospekt-24-09-2026-30-09-2026-00.pdf"
"2026-09-20 21:02 Europe/Berlin","Kaufland","Kaufland Düsseldorf-Derendorf, Hilde-und-Joseph-Neyses-Platz 5, 40476 Düsseldorf (최근접 전단 지점, 지점별 가격 미확인)","40474","식품","21.09.2026-23.09.2026","LANDLIEBE Pudding","versch. Sorten, 150-225 g","0.44","","55%","1,96-2,94 €/kg","https://assets.leaflets.schwarz/leaflets/pdfs/01a09f9b-03e9-76b1-a889-c3de7dfc0f6c/Prospekt-21-09-2026-23-09-2026-00.pdf"
"2026-09-20 21:02 Europe/Berlin","Kaufland","Kaufland Düsseldorf-Derendorf, Hilde-und-Joseph-Neyses-Platz 5, 40476 Düsseldorf (최근접 전단 지점, 지점별 가격 미확인)","40474","식품","24.09.2026-30.09.2026","Möhren XXL","Deutschland, Kl. I, 3 kg","1.99","","","0,67 €/kg","https://assets.leaflets.schwarz/leaflets/pdfs/01a09f14-8dce-7298-afbc-d3636a4c9844/Prospekt-24-09-2026-30-09-2026-00.pdf"
"2026-09-20 21:02 Europe/Berlin","Kaufland","Kaufland Düsseldorf-Derendorf, Hilde-und-Joseph-Neyses-Platz 5, 40476 Düsseldorf (최근접 전단 지점, 지점별 가격 미확인)","40474","식품","24.09.2026-30.09.2026","Physalis","Kolumbien, 100 g","1.49","","16%","14,90 €/kg","https://assets.leaflets.schwarz/leaflets/pdfs/01a09f14-8dce-7298-afbc-d3636a4c9844/Prospekt-24-09-2026-30-09-2026-00.pdf"
"2026-09-20 21:02 Europe/Berlin","Kaufland","Kaufland Düsseldorf-Derendorf, Hilde-und-Joseph-Neyses-Platz 5, 40476 Düsseldorf (최근접 전단 지점, 지점별 가격 미확인)","40474","식품","24.09.2026-30.09.2026","Porree XXL","Deutschland, Kl. I, 1 kg","1.79","","","","https://assets.leaflets.schwarz/leaflets/pdfs/01a09f14-8dce-7298-afbc-d3636a4c9844/Prospekt-24-09-2026-30-09-2026-00.pdf"
"2026-09-20 21:02 Europe/Berlin","Kaufland","Kaufland Düsseldorf-Derendorf, Hilde-und-Joseph-Neyses-Platz 5, 40476 Düsseldorf (최근접 전단 지점, 지점별 가격 미확인)","40474","음료","24.09.2026-30.09.2026","RED BULL Energy Drink oder Erfrischungsgetränk","versch. Sorten, 0,25-0,33 l, zzgl. Pfand","0.79","","46%","2,40-3,16 €/l","https://assets.leaflets.schwarz/leaflets/pdfs/01a09f14-8dce-7298-afbc-d3636a4c9844/Prospekt-24-09-2026-30-09-2026-00.pdf"
"2026-09-20 21:02 Europe/Berlin","Kaufland","Kaufland Düsseldorf-Derendorf, Hilde-und-Joseph-Neyses-Platz 5, 40476 Düsseldorf (최근접 전단 지점, 지점별 가격 미확인)","40474","식품","24.09.2026-30.09.2026","SANLUCAR Tafeltrauben hell oder rot","600-g-Packung","2.49","","28%","4,15 €/kg","https://assets.leaflets.schwarz/leaflets/pdfs/01a09f14-8dce-7298-afbc-d3636a4c9844/Prospekt-24-09-2026-30-09-2026-00.pdf"
"2026-09-20 21:02 Europe/Berlin","Kaufland","Kaufland Düsseldorf-Derendorf, Hilde-und-Joseph-Neyses-Platz 5, 40476 Düsseldorf (최근접 전단 지점, 지점별 가격 미확인)","40474","식품","24.09.2026-30.09.2026","Speisekartoffeln XXL","Deutschland, Qualität I, 5 kg","2.99","","","0,60 €/kg","https://assets.leaflets.schwarz/leaflets/pdfs/01a09f14-8dce-7298-afbc-d3636a4c9844/Prospekt-24-09-2026-30-09-2026-00.pdf"
"2026-09-20 21:02 Europe/Berlin","Kaufland","Kaufland Düsseldorf-Derendorf, Hilde-und-Joseph-Neyses-Platz 5, 40476 Düsseldorf (최근접 전단 지점, 지점별 가격 미확인)","40474","식품","24.09.2026-30.09.2026","Spitzkohl","Deutschland, Kl. I, Stück","0.99","","50%","","https://assets.leaflets.schwarz/leaflets/pdfs/01a09f14-8dce-7298-afbc-d3636a4c9844/Prospekt-24-09-2026-30-09-2026-00.pdf"
"2026-09-20 21:02 Europe/Berlin","Kaufland","Kaufland Düsseldorf-Derendorf, Hilde-und-Joseph-Neyses-Platz 5, 40476 Düsseldorf (최근접 전단 지점, 지점별 가격 미확인)","40474","식품","24.09.2026-30.09.2026","Tafeläpfel XXL","Deutschland/Italien, Kl. I, 5 kg","4.99","","","1,00 €/kg","https://assets.leaflets.schwarz/leaflets/pdfs/01a09f14-8dce-7298-afbc-d3636a4c9844/Prospekt-24-09-2026-30-09-2026-00.pdf"
"2026-09-20 21:02 Europe/Berlin","Kaufland","Kaufland Düsseldorf-Derendorf, Hilde-und-Joseph-Neyses-Platz 5, 40476 Düsseldorf (최근접 전단 지점, 지점별 가격 미확인)","40474","식품","24.09.2026-30.09.2026","Tafelbirnen XXL","Niederlande/Belgien, Kl. I, 1,5 kg","2.49","","28%","1,66 €/kg","https://assets.leaflets.schwarz/leaflets/pdfs/01a09f14-8dce-7298-afbc-d3636a4c9844/Prospekt-24-09-2026-30-09-2026-00.pdf"
"2026-09-20 21:02 Europe/Berlin","Kaufland","Kaufland Düsseldorf-Derendorf, Hilde-und-Joseph-Neyses-Platz 5, 40476 Düsseldorf (최근접 전단 지점, 지점별 가격 미확인)","40474","식품","24.09.2026-30.09.2026","Tafeltrauben rot","Italien, Kl. I, 500 g","1.49","","16%","2,98 €/kg","https://assets.leaflets.schwarz/leaflets/pdfs/01a09f14-8dce-7298-afbc-d3636a4c9844/Prospekt-24-09-2026-30-09-2026-00.pdf"
"2026-09-20 21:02 Europe/Berlin","Kaufland","Kaufland Düsseldorf-Derendorf, Hilde-und-Joseph-Neyses-Platz 5, 40476 Düsseldorf (최근접 전단 지점, 지점별 가격 미확인)","40474","식품","24.09.2026-30.09.2026","Zwiebeln XXL","Deutschland, Kl. II, 5 kg","2.99","","","0,60 €/kg","https://assets.leaflets.schwarz/leaflets/pdfs/01a09f14-8dce-7298-afbc-d3636a4c9844/Prospekt-24-09-2026-30-09-2026-00.pdf"
"2026-09-20 21:02 Europe/Berlin","Kaufland","Kaufland Dortmund-Innenstadt-Nord, Bornstraße 160 a, 44145 Dortmund (최근접 활성 전단 지점, 지점별 가격 미확인)","44369","식품","21.09.2026-23.09.2026","BERGADER Schnittkäse","versch. Sorten, 130-170 g","1.49","","44%","8,77-11,47 €/kg","https://assets.leaflets.schwarz/leaflets/pdfs/01a09f76-d32a-7d23-a22a-c1660cd55205/Prospekt-21-09-2026-23-09-2026-00.pdf"
"2026-09-20 21:02 Europe/Berlin","Kaufland","Kaufland Dortmund-Innenstadt-Nord, Bornstraße 160 a, 44145 Dortmund (최근접 활성 전단 지점, 지점별 가격 미확인)","44369","식품","24.09.2026-30.09.2026","Bio-Miniromatomaten","Spanien, Kl. I, 250 g","1.49","","16%","5,96 €/kg","https://assets.leaflets.schwarz/leaflets/pdfs/01a09f07-3814-7f16-b48d-2f2a134a0020/Prospekt-24-09-2026-30-09-2026-00.pdf"
"2026-09-20 21:02 Europe/Berlin","Kaufland","Kaufland Dortmund-Innenstadt-Nord, Bornstraße 160 a, 44145 Dortmund (최근접 활성 전단 지점, 지점별 가격 미확인)","44369","식품","24.09.2026-30.09.2026","Bio-Zitronen","Peru/Spanien, Kl. I, 500 g","1.79","","21%","3,58 €/kg","https://assets.leaflets.schwarz/leaflets/pdfs/01a09f07-3814-7f16-b48d-2f2a134a0020/Prospekt-24-09-2026-30-09-2026-00.pdf"
"2026-09-20 21:02 Europe/Berlin","Kaufland","Kaufland Dortmund-Innenstadt-Nord, Bornstraße 160 a, 44145 Dortmund (최근접 활성 전단 지점, 지점별 가격 미확인)","44369","식품","21.09.2026-23.09.2026","Blumenkohl","Deutschland/Niederlande, Kl. I, Stück","1.29","","35%","","https://assets.leaflets.schwarz/leaflets/pdfs/01a09f76-d32a-7d23-a22a-c1660cd55205/Prospekt-21-09-2026-23-09-2026-00.pdf"
"2026-09-20 21:02 Europe/Berlin","Kaufland","Kaufland Dortmund-Innenstadt-Nord, Bornstraße 160 a, 44145 Dortmund (최근접 활성 전단 지점, 지점별 가격 미확인)","44369","주류","21.09.2026-23.09.2026","BREE Wein oder Free Alkoholfrei","versch. Sorten, 0,75-l-Fl.","2.79","","49%","3,72 €/l","https://assets.leaflets.schwarz/leaflets/pdfs/01a09f76-d32a-7d23-a22a-c1660cd55205/Prospekt-21-09-2026-23-09-2026-00.pdf"
"2026-09-20 21:02 Europe/Berlin","Kaufland","Kaufland Dortmund-Innenstadt-Nord, Bornstraße 160 a, 44145 Dortmund (최근접 활성 전단 지점, 지점별 가격 미확인)","44369","식품","21.09.2026-23.09.2026","BRESSO Frischkäse oder Frischkäsezubereitung","versch. Sorten, 120-150 g","1.11","","58%","7,40-9,25 €/kg","https://assets.leaflets.schwarz/leaflets/pdfs/01a09f76-d32a-7d23-a22a-c1660cd55205/Prospekt-21-09-2026-23-09-2026-00.pdf"
"2026-09-20 21:02 Europe/Berlin","Kaufland","Kaufland Dortmund-Innenstadt-Nord, Bornstraße 160 a, 44145 Dortmund (최근접 활성 전단 지점, 지점별 가격 미확인)","44369","식품","24.09.2026-30.09.2026","Broccoli","Deutschland, Kl. I, 500 g","1.29","","27%","2,58 €/kg","https://assets.leaflets.schwarz/leaflets/pdfs/01a09f07-3814-7f16-b48d-2f2a134a0020/Prospekt-24-09-2026-30-09-2026-00.pdf"
"2026-09-20 21:02 Europe/Berlin","Kaufland","Kaufland Dortmund-Innenstadt-Nord, Bornstraße 160 a, 44145 Dortmund (최근접 활성 전단 지점, 지점별 가격 미확인)","44369","식품","24.09.2026-30.09.2026","EHRMANN Almighurt Fruchtjoghurt","versch. Sorten, 150 g","0.25","","71%","1,67 €/kg","https://assets.leaflets.schwarz/leaflets/pdfs/01a09f07-3814-7f16-b48d-2f2a134a0020/Prospekt-24-09-2026-30-09-2026-00.pdf"
"2026-09-20 21:02 Europe/Berlin","Kaufland","Kaufland Dortmund-Innenstadt-Nord, Bornstraße 160 a, 44145 Dortmund (최근접 활성 전단 지점, 지점별 가격 미확인)","44369","식품","24.09.2026-30.09.2026","Feigen","Türkei, lose, Stück","0.49","","37%","","https://assets.leaflets.schwarz/leaflets/pdfs/01a09f07-3814-7f16-b48d-2f2a134a0020/Prospekt-24-09-2026-30-09-2026-00.pdf"
"2026-09-20 21:02 Europe/Berlin","Kaufland","Kaufland Dortmund-Innenstadt-Nord, Bornstraße 160 a, 44145 Dortmund (최근접 활성 전단 지점, 지점별 가격 미확인)","44369","식품","24.09.2026-30.09.2026","Feldsalat","Deutschland/Frankreich, Kl. I, 150 g","0.99","","23%","6,60 €/kg","https://assets.leaflets.schwarz/leaflets/pdfs/01a09f07-3814-7f16-b48d-2f2a134a0020/Prospekt-24-09-2026-30-09-2026-00.pdf"
"2026-09-20 21:02 Europe/Berlin","Kaufland","Kaufland Dortmund-Innenstadt-Nord, Bornstraße 160 a, 44145 Dortmund (최근접 활성 전단 지점, 지점별 가격 미확인)","44369","식품","24.09.2026-30.09.2026","Granatapfel","Spanien, Stück","1.29","","35%","","https://assets.leaflets.schwarz/leaflets/pdfs/01a09f07-3814-7f16-b48d-2f2a134a0020/Prospekt-24-09-2026-30-09-2026-00.pdf"
"2026-09-20 21:02 Europe/Berlin","Kaufland","Kaufland Dortmund-Innenstadt-Nord, Bornstraße 160 a, 44145 Dortmund (최근접 활성 전단 지점, 지점별 가격 미확인)","44369","식품","21.09.2026-23.09.2026","K-CLASSIC Natives Olivenöl extra","erste Güteklasse, 750-ml-Fl.","4.44","","","5,92 €/l","https://assets.leaflets.schwarz/leaflets/pdfs/01a09f76-d32a-7d23-a22a-c1660cd55205/Prospekt-21-09-2026-23-09-2026-00.pdf"
"2026-09-20 21:02 Europe/Berlin","Kaufland","Kaufland Dortmund-Innenstadt-Nord, Bornstraße 160 a, 44145 Dortmund (최근접 활성 전단 지점, 지점별 가격 미확인)","44369","음료","24.09.2026-30.09.2026","KÄFER Caffè Crema Lungo oder Espresso Forte","ganze Bohnen, 1 kg","9.99","","33%","","https://assets.leaflets.schwarz/leaflets/pdfs/01a09f07-3814-7f16-b48d-2f2a134a0020/Prospekt-24-09-2026-30-09-2026-00.pdf"
"2026-09-20 21:02 Europe/Berlin","Kaufland","Kaufland Dortmund-Innenstadt-Nord, Bornstraße 160 a, 44145 Dortmund (최근접 활성 전단 지점, 지점별 가격 미확인)","44369","식품","24.09.2026-30.09.2026","Kiwibeeren","Italien, Kl. I, 125 g","1.79","","28%","14,32 €/kg","https://assets.leaflets.schwarz/leaflets/pdfs/01a09f07-3814-7f16-b48d-2f2a134a0020/Prospekt-24-09-2026-30-09-2026-00.pdf"
"2026-09-20 21:02 Europe/Berlin","Kaufland","Kaufland Dortmund-Innenstadt-Nord, Bornstraße 160 a, 44145 Dortmund (최근접 활성 전단 지점, 지점별 가격 미확인)","44369","식품","21.09.2026-23.09.2026","LANDLIEBE Pudding","versch. Sorten, 150-225 g","0.44","","55%","1,96-2,94 €/kg","https://assets.leaflets.schwarz/leaflets/pdfs/01a09f76-d32a-7d23-a22a-c1660cd55205/Prospekt-21-09-2026-23-09-2026-00.pdf"
"2026-09-20 21:02 Europe/Berlin","Kaufland","Kaufland Dortmund-Innenstadt-Nord, Bornstraße 160 a, 44145 Dortmund (최근접 활성 전단 지점, 지점별 가격 미확인)","44369","식품","24.09.2026-30.09.2026","Möhren XXL","Deutschland, Kl. I, 3 kg","1.99","","","0,67 €/kg","https://assets.leaflets.schwarz/leaflets/pdfs/01a09f07-3814-7f16-b48d-2f2a134a0020/Prospekt-24-09-2026-30-09-2026-00.pdf"
"2026-09-20 21:02 Europe/Berlin","Kaufland","Kaufland Dortmund-Innenstadt-Nord, Bornstraße 160 a, 44145 Dortmund (최근접 활성 전단 지점, 지점별 가격 미확인)","44369","식품","24.09.2026-30.09.2026","Physalis","Kolumbien, 100 g","1.49","","16%","14,90 €/kg","https://assets.leaflets.schwarz/leaflets/pdfs/01a09f07-3814-7f16-b48d-2f2a134a0020/Prospekt-24-09-2026-30-09-2026-00.pdf"
"2026-09-20 21:02 Europe/Berlin","Kaufland","Kaufland Dortmund-Innenstadt-Nord, Bornstraße 160 a, 44145 Dortmund (최근접 활성 전단 지점, 지점별 가격 미확인)","44369","식품","24.09.2026-30.09.2026","Porree XXL","Deutschland, Kl. I, 1 kg","1.79","","","","https://assets.leaflets.schwarz/leaflets/pdfs/01a09f07-3814-7f16-b48d-2f2a134a0020/Prospekt-24-09-2026-30-09-2026-00.pdf"
"2026-09-20 21:02 Europe/Berlin","Kaufland","Kaufland Dortmund-Innenstadt-Nord, Bornstraße 160 a, 44145 Dortmund (최근접 활성 전단 지점, 지점별 가격 미확인)","44369","음료","24.09.2026-30.09.2026","RED BULL Energy Drink oder Erfrischungsgetränk","versch. Sorten, 0,25-0,33 l, zzgl. Pfand","0.79","","46%","2,40-3,16 €/l","https://assets.leaflets.schwarz/leaflets/pdfs/01a09f07-3814-7f16-b48d-2f2a134a0020/Prospekt-24-09-2026-30-09-2026-00.pdf"
"2026-09-20 21:02 Europe/Berlin","Kaufland","Kaufland Dortmund-Innenstadt-Nord, Bornstraße 160 a, 44145 Dortmund (최근접 활성 전단 지점, 지점별 가격 미확인)","44369","식품","24.09.2026-30.09.2026","SANLUCAR Tafeltrauben hell oder rot","600-g-Packung","2.49","","28%","4,15 €/kg","https://assets.leaflets.schwarz/leaflets/pdfs/01a09f07-3814-7f16-b48d-2f2a134a0020/Prospekt-24-09-2026-30-09-2026-00.pdf"
"2026-09-20 21:02 Europe/Berlin","Kaufland","Kaufland Dortmund-Innenstadt-Nord, Bornstraße 160 a, 44145 Dortmund (최근접 활성 전단 지점, 지점별 가격 미확인)","44369","식품","24.09.2026-30.09.2026","Speisekartoffeln XXL","Deutschland, Qualität I, 5 kg","2.99","","","0,60 €/kg","https://assets.leaflets.schwarz/leaflets/pdfs/01a09f07-3814-7f16-b48d-2f2a134a0020/Prospekt-24-09-2026-30-09-2026-00.pdf"
"2026-09-20 21:02 Europe/Berlin","Kaufland","Kaufland Dortmund-Innenstadt-Nord, Bornstraße 160 a, 44145 Dortmund (최근접 활성 전단 지점, 지점별 가격 미확인)","44369","식품","24.09.2026-30.09.2026","Spitzkohl","Deutschland, Kl. I, Stück","0.99","","50%","","https://assets.leaflets.schwarz/leaflets/pdfs/01a09f07-3814-7f16-b48d-2f2a134a0020/Prospekt-24-09-2026-30-09-2026-00.pdf"
"2026-09-20 21:02 Europe/Berlin","Kaufland","Kaufland Dortmund-Innenstadt-Nord, Bornstraße 160 a, 44145 Dortmund (최근접 활성 전단 지점, 지점별 가격 미확인)","44369","식품","24.09.2026-30.09.2026","Tafeläpfel XXL","Deutschland/Italien, Kl. I, 5 kg","4.99","","","1,00 €/kg","https://assets.leaflets.schwarz/leaflets/pdfs/01a09f07-3814-7f16-b48d-2f2a134a0020/Prospekt-24-09-2026-30-09-2026-00.pdf"
"2026-09-20 21:02 Europe/Berlin","Kaufland","Kaufland Dortmund-Innenstadt-Nord, Bornstraße 160 a, 44145 Dortmund (최근접 활성 전단 지점, 지점별 가격 미확인)","44369","식품","24.09.2026-30.09.2026","Tafelbirnen XXL","Niederlande/Belgien, Kl. I, 1,5 kg","2.49","","28%","1,66 €/kg","https://assets.leaflets.schwarz/leaflets/pdfs/01a09f07-3814-7f16-b48d-2f2a134a0020/Prospekt-24-09-2026-30-09-2026-00.pdf"
"2026-09-20 21:02 Europe/Berlin","Kaufland","Kaufland Dortmund-Innenstadt-Nord, Bornstraße 160 a, 44145 Dortmund (최근접 활성 전단 지점, 지점별 가격 미확인)","44369","식품","24.09.2026-30.09.2026","Tafeltrauben rot","Italien, Kl. I, 500 g","1.49","","16%","2,98 €/kg","https://assets.leaflets.schwarz/leaflets/pdfs/01a09f07-3814-7f16-b48d-2f2a134a0020/Prospekt-24-09-2026-30-09-2026-00.pdf"
"2026-09-20 21:02 Europe/Berlin","Kaufland","Kaufland Dortmund-Innenstadt-Nord, Bornstraße 160 a, 44145 Dortmund (최근접 활성 전단 지점, 지점별 가격 미확인)","44369","식품","24.09.2026-30.09.2026","Zwiebeln XXL","Deutschland, Kl. II, 5 kg","2.99","","","0,60 €/kg","https://assets.leaflets.schwarz/leaflets/pdfs/01a09f07-3814-7f16-b48d-2f2a134a0020/Prospekt-24-09-2026-30-09-2026-00.pdf"
"2026-09-20 21:02 Europe/Berlin","Kaufland","Kaufland Aachen, Breslauer Straße 35, 52068 Aachen (최근접 전단 지점, 지점별 가격 미확인)","52062","식품","21.09.2026-23.09.2026","BERGADER Schnittkäse","versch. Sorten, 130-170 g","1.49","","44%","8,77-11,47 €/kg","https://assets.leaflets.schwarz/leaflets/pdfs/01a09f78-c256-7363-a9ed-d4ca9d4bd872/Prospekt-21-09-2026-23-09-2026-00.pdf"
"2026-09-20 21:02 Europe/Berlin","Kaufland","Kaufland Aachen, Breslauer Straße 35, 52068 Aachen (최근접 전단 지점, 지점별 가격 미확인)","52062","식품","24.09.2026-30.09.2026","Bio-Miniromatomaten","Spanien, Kl. I, 250 g","1.49","","16%","5,96 €/kg","https://assets.leaflets.schwarz/leaflets/pdfs/01a09f07-b0cd-730a-a43e-6c79188a7bc2/Prospekt-24-09-2026-30-09-2026-00.pdf"
"2026-09-20 21:02 Europe/Berlin","Kaufland","Kaufland Aachen, Breslauer Straße 35, 52068 Aachen (최근접 전단 지점, 지점별 가격 미확인)","52062","식품","24.09.2026-30.09.2026","Bio-Zitronen","Peru/Spanien, Kl. I, 500 g","1.79","","21%","3,58 €/kg","https://assets.leaflets.schwarz/leaflets/pdfs/01a09f07-b0cd-730a-a43e-6c79188a7bc2/Prospekt-24-09-2026-30-09-2026-00.pdf"
"2026-09-20 21:02 Europe/Berlin","Kaufland","Kaufland Aachen, Breslauer Straße 35, 52068 Aachen (최근접 전단 지점, 지점별 가격 미확인)","52062","식품","21.09.2026-23.09.2026","Blumenkohl","Deutschland/Niederlande, Kl. I, Stück","1.29","","35%","","https://assets.leaflets.schwarz/leaflets/pdfs/01a09f78-c256-7363-a9ed-d4ca9d4bd872/Prospekt-21-09-2026-23-09-2026-00.pdf"
"2026-09-20 21:02 Europe/Berlin","Kaufland","Kaufland Aachen, Breslauer Straße 35, 52068 Aachen (최근접 전단 지점, 지점별 가격 미확인)","52062","주류","21.09.2026-23.09.2026","BREE Wein oder Free Alkoholfrei","versch. Sorten, 0,75-l-Fl.","2.79","","49%","3,72 €/l","https://assets.leaflets.schwarz/leaflets/pdfs/01a09f78-c256-7363-a9ed-d4ca9d4bd872/Prospekt-21-09-2026-23-09-2026-00.pdf"
"2026-09-20 21:02 Europe/Berlin","Kaufland","Kaufland Aachen, Breslauer Straße 35, 52068 Aachen (최근접 전단 지점, 지점별 가격 미확인)","52062","식품","21.09.2026-23.09.2026","BRESSO Frischkäse oder Frischkäsezubereitung","versch. Sorten, 120-150 g","1.11","","58%","7,40-9,25 €/kg","https://assets.leaflets.schwarz/leaflets/pdfs/01a09f78-c256-7363-a9ed-d4ca9d4bd872/Prospekt-21-09-2026-23-09-2026-00.pdf"
"2026-09-20 21:02 Europe/Berlin","Kaufland","Kaufland Aachen, Breslauer Straße 35, 52068 Aachen (최근접 전단 지점, 지점별 가격 미확인)","52062","식품","24.09.2026-30.09.2026","Broccoli","Deutschland, Kl. I, 500 g","1.29","","27%","2,58 €/kg","https://assets.leaflets.schwarz/leaflets/pdfs/01a09f07-b0cd-730a-a43e-6c79188a7bc2/Prospekt-24-09-2026-30-09-2026-00.pdf"
"2026-09-20 21:02 Europe/Berlin","Kaufland","Kaufland Aachen, Breslauer Straße 35, 52068 Aachen (최근접 전단 지점, 지점별 가격 미확인)","52062","식품","24.09.2026-30.09.2026","EHRMANN Almighurt Fruchtjoghurt","versch. Sorten, 150 g","0.25","","71%","1,67 €/kg","https://assets.leaflets.schwarz/leaflets/pdfs/01a09f07-b0cd-730a-a43e-6c79188a7bc2/Prospekt-24-09-2026-30-09-2026-00.pdf"
"2026-09-20 21:02 Europe/Berlin","Kaufland","Kaufland Aachen, Breslauer Straße 35, 52068 Aachen (최근접 전단 지점, 지점별 가격 미확인)","52062","식품","24.09.2026-30.09.2026","Feigen","Türkei, lose, Stück","0.49","","37%","","https://assets.leaflets.schwarz/leaflets/pdfs/01a09f07-b0cd-730a-a43e-6c79188a7bc2/Prospekt-24-09-2026-30-09-2026-00.pdf"
"2026-09-20 21:02 Europe/Berlin","Kaufland","Kaufland Aachen, Breslauer Straße 35, 52068 Aachen (최근접 전단 지점, 지점별 가격 미확인)","52062","식품","24.09.2026-30.09.2026","Feldsalat","Deutschland/Frankreich, Kl. I, 150 g","0.99","","23%","6,60 €/kg","https://assets.leaflets.schwarz/leaflets/pdfs/01a09f07-b0cd-730a-a43e-6c79188a7bc2/Prospekt-24-09-2026-30-09-2026-00.pdf"
"2026-09-20 21:02 Europe/Berlin","Kaufland","Kaufland Aachen, Breslauer Straße 35, 52068 Aachen (최근접 전단 지점, 지점별 가격 미확인)","52062","식품","24.09.2026-30.09.2026","Granatapfel","Spanien, Stück","1.29","","35%","","https://assets.leaflets.schwarz/leaflets/pdfs/01a09f07-b0cd-730a-a43e-6c79188a7bc2/Prospekt-24-09-2026-30-09-2026-00.pdf"
"2026-09-20 21:02 Europe/Berlin","Kaufland","Kaufland Aachen, Breslauer Straße 35, 52068 Aachen (최근접 전단 지점, 지점별 가격 미확인)","52062","식품","21.09.2026-23.09.2026","K-CLASSIC Natives Olivenöl extra","erste Güteklasse, 750-ml-Fl.","4.44","","","5,92 €/l","https://assets.leaflets.schwarz/leaflets/pdfs/01a09f78-c256-7363-a9ed-d4ca9d4bd872/Prospekt-21-09-2026-23-09-2026-00.pdf"
"2026-09-20 21:02 Europe/Berlin","Kaufland","Kaufland Aachen, Breslauer Straße 35, 52068 Aachen (최근접 전단 지점, 지점별 가격 미확인)","52062","음료","24.09.2026-30.09.2026","KÄFER Caffè Crema Lungo oder Espresso Forte","ganze Bohnen, 1 kg","9.99","","33%","","https://assets.leaflets.schwarz/leaflets/pdfs/01a09f07-b0cd-730a-a43e-6c79188a7bc2/Prospekt-24-09-2026-30-09-2026-00.pdf"
"2026-09-20 21:02 Europe/Berlin","Kaufland","Kaufland Aachen, Breslauer Straße 35, 52068 Aachen (최근접 전단 지점, 지점별 가격 미확인)","52062","식품","24.09.2026-30.09.2026","Kiwibeeren","Italien, Kl. I, 125 g","1.79","","28%","14,32 €/kg","https://assets.leaflets.schwarz/leaflets/pdfs/01a09f07-b0cd-730a-a43e-6c79188a7bc2/Prospekt-24-09-2026-30-09-2026-00.pdf"
"2026-09-20 21:02 Europe/Berlin","Kaufland","Kaufland Aachen, Breslauer Straße 35, 52068 Aachen (최근접 전단 지점, 지점별 가격 미확인)","52062","식품","21.09.2026-23.09.2026","LANDLIEBE Pudding","versch. Sorten, 150-225 g","0.44","","55%","1,96-2,94 €/kg","https://assets.leaflets.schwarz/leaflets/pdfs/01a09f78-c256-7363-a9ed-d4ca9d4bd872/Prospekt-21-09-2026-23-09-2026-00.pdf"
"2026-09-20 21:02 Europe/Berlin","Kaufland","Kaufland Aachen, Breslauer Straße 35, 52068 Aachen (최근접 전단 지점, 지점별 가격 미확인)","52062","식품","24.09.2026-30.09.2026","Möhren XXL","Deutschland, Kl. I, 3 kg","1.99","","","0,67 €/kg","https://assets.leaflets.schwarz/leaflets/pdfs/01a09f07-b0cd-730a-a43e-6c79188a7bc2/Prospekt-24-09-2026-30-09-2026-00.pdf"
"2026-09-20 21:02 Europe/Berlin","Kaufland","Kaufland Aachen, Breslauer Straße 35, 52068 Aachen (최근접 전단 지점, 지점별 가격 미확인)","52062","식품","24.09.2026-30.09.2026","Physalis","Kolumbien, 100 g","1.49","","16%","14,90 €/kg","https://assets.leaflets.schwarz/leaflets/pdfs/01a09f07-b0cd-730a-a43e-6c79188a7bc2/Prospekt-24-09-2026-30-09-2026-00.pdf"
"2026-09-20 21:02 Europe/Berlin","Kaufland","Kaufland Aachen, Breslauer Straße 35, 52068 Aachen (최근접 전단 지점, 지점별 가격 미확인)","52062","식품","24.09.2026-30.09.2026","Porree XXL","Deutschland, Kl. I, 1 kg","1.79","","","","https://assets.leaflets.schwarz/leaflets/pdfs/01a09f07-b0cd-730a-a43e-6c79188a7bc2/Prospekt-24-09-2026-30-09-2026-00.pdf"
"2026-09-20 21:02 Europe/Berlin","Kaufland","Kaufland Aachen, Breslauer Straße 35, 52068 Aachen (최근접 전단 지점, 지점별 가격 미확인)","52062","음료","24.09.2026-30.09.2026","RED BULL Energy Drink oder Erfrischungsgetränk","versch. Sorten, 0,25-0,33 l, zzgl. Pfand","0.79","","46%","2,40-3,16 €/l","https://assets.leaflets.schwarz/leaflets/pdfs/01a09f07-b0cd-730a-a43e-6c79188a7bc2/Prospekt-24-09-2026-30-09-2026-00.pdf"
"2026-09-20 21:02 Europe/Berlin","Kaufland","Kaufland Aachen, Breslauer Straße 35, 52068 Aachen (최근접 전단 지점, 지점별 가격 미확인)","52062","식품","24.09.2026-30.09.2026","SANLUCAR Tafeltrauben hell oder rot","600-g-Packung","2.49","","28%","4,15 €/kg","https://assets.leaflets.schwarz/leaflets/pdfs/01a09f07-b0cd-730a-a43e-6c79188a7bc2/Prospekt-24-09-2026-30-09-2026-00.pdf"
"2026-09-20 21:02 Europe/Berlin","Kaufland","Kaufland Aachen, Breslauer Straße 35, 52068 Aachen (최근접 전단 지점, 지점별 가격 미확인)","52062","식품","24.09.2026-30.09.2026","Speisekartoffeln XXL","Deutschland, Qualität I, 5 kg","2.99","","","0,60 €/kg","https://assets.leaflets.schwarz/leaflets/pdfs/01a09f07-b0cd-730a-a43e-6c79188a7bc2/Prospekt-24-09-2026-30-09-2026-00.pdf"
"2026-09-20 21:02 Europe/Berlin","Kaufland","Kaufland Aachen, Breslauer Straße 35, 52068 Aachen (최근접 전단 지점, 지점별 가격 미확인)","52062","식품","24.09.2026-30.09.2026","Spitzkohl","Deutschland, Kl. I, Stück","0.99","","50%","","https://assets.leaflets.schwarz/leaflets/pdfs/01a09f07-b0cd-730a-a43e-6c79188a7bc2/Prospekt-24-09-2026-30-09-2026-00.pdf"
"2026-09-20 21:02 Europe/Berlin","Kaufland","Kaufland Aachen, Breslauer Straße 35, 52068 Aachen (최근접 전단 지점, 지점별 가격 미확인)","52062","식품","24.09.2026-30.09.2026","Tafeläpfel XXL","Deutschland/Italien, Kl. I, 5 kg","4.99","","","1,00 €/kg","https://assets.leaflets.schwarz/leaflets/pdfs/01a09f07-b0cd-730a-a43e-6c79188a7bc2/Prospekt-24-09-2026-30-09-2026-00.pdf"
"2026-09-20 21:02 Europe/Berlin","Kaufland","Kaufland Aachen, Breslauer Straße 35, 52068 Aachen (최근접 전단 지점, 지점별 가격 미확인)","52062","식품","24.09.2026-30.09.2026","Tafelbirnen XXL","Niederlande/Belgien, Kl. I, 1,5 kg","2.49","","28%","1,66 €/kg","https://assets.leaflets.schwarz/leaflets/pdfs/01a09f07-b0cd-730a-a43e-6c79188a7bc2/Prospekt-24-09-2026-30-09-2026-00.pdf"
"2026-09-20 21:02 Europe/Berlin","Kaufland","Kaufland Aachen, Breslauer Straße 35, 52068 Aachen (최근접 전단 지점, 지점별 가격 미확인)","52062","식품","24.09.2026-30.09.2026","Tafeltrauben rot","Italien, Kl. I, 500 g","1.49","","16%","2,98 €/kg","https://assets.leaflets.schwarz/leaflets/pdfs/01a09f07-b0cd-730a-a43e-6c79188a7bc2/Prospekt-24-09-2026-30-09-2026-00.pdf"
"2026-09-20 21:02 Europe/Berlin","Kaufland","Kaufland Aachen, Breslauer Straße 35, 52068 Aachen (최근접 전단 지점, 지점별 가격 미확인)","52062","식품","24.09.2026-30.09.2026","Zwiebeln XXL","Deutschland, Kl. II, 5 kg","2.99","","","0,60 €/kg","https://assets.leaflets.schwarz/leaflets/pdfs/01a09f07-b0cd-730a-a43e-6c79188a7bc2/Prospekt-24-09-2026-30-09-2026-00.pdf"
"2026-09-20 21:02 Europe/Berlin","METRO","METRO Düsseldorf, Schlüterstraße 3, 40235 Düsseldorf (최근접 공개 전단 지점, 지점별 가격 미확인)","40468","식품","21.09.2026-26.09.2026","Argentinische Rinder-Steakhüfte","vorgereift, vakuumverpackt, ca. 2,2-kg-Stücke, Preis ab ca. 2,2 kg; Netto-Abholpreis zzgl. MwSt.","15.49","","","15,49 €/kg netto (16,57 € brutto)","https://prospekte.metro.de/3985/3370169/pdfs/9c9418ba-24fb-4f77-a005-92a6eab3744b.pdf?response-content-disposition=attachment%3B+filename%2A%3DUTF-8%27%27METRO%2520DE%2520-%2520Wochen-Angebote.pdf"
"2026-09-20 21:02 Europe/Berlin","METRO","METRO Düsseldorf, Schlüterstraße 3, 40235 Düsseldorf (최근접 공개 전단 지점, 지점별 가격 미확인)","40468","식품","21.09.2026-26.09.2026","Argentinisches Rinder-Roastbeef","vorgereift, vakuumverpackt, ca. 3,5-kg-Stücke; Netto-Abholpreis zzgl. MwSt.","10.79","","","10,79 €/kg netto (11,55 € brutto)","https://prospekte.metro.de/3985/3370169/pdfs/9c9418ba-24fb-4f77-a005-92a6eab3744b.pdf?response-content-disposition=attachment%3B+filename%2A%3DUTF-8%27%27METRO%2520DE%2520-%2520Wochen-Angebote.pdf"
"2026-09-20 21:02 Europe/Berlin","METRO","METRO Düsseldorf, Schlüterstraße 3, 40235 Düsseldorf (최근접 공개 전단 지점, 지점별 가격 미확인)","40468","식품","21.09.2026-26.09.2026","Dorade Royal Filets","80-120 g/Filet, 900-g-Beutel; Netto-Abholpreis zzgl. MwSt.","16.99","","","16,99 € netto (18,17 € brutto)","https://prospekte.metro.de/3985/3370169/pdfs/9c9418ba-24fb-4f77-a005-92a6eab3744b.pdf?response-content-disposition=attachment%3B+filename%2A%3DUTF-8%27%27METRO%2520DE%2520-%2520Wochen-Angebote.pdf"
"2026-09-20 21:02 Europe/Berlin","METRO","METRO Düsseldorf, Schlüterstraße 3, 40235 Düsseldorf (최근접 공개 전단 지점, 지점별 가격 미확인)","40468","식품","21.09.2026-26.09.2026","Emsrind Dry aged Côte de Boeuf / Prime Rib Steak","ca. 700/550-g-Packung; Netto-Abholpreis zzgl. MwSt.","22.49","","","22,49 €/kg netto (24,06 € brutto)","https://prospekte.metro.de/3985/3370169/pdfs/9c9418ba-24fb-4f77-a005-92a6eab3744b.pdf?response-content-disposition=attachment%3B+filename%2A%3DUTF-8%27%27METRO%2520DE%2520-%2520Wochen-Angebote.pdf"
"2026-09-20 21:02 Europe/Berlin","METRO","METRO Düsseldorf, Schlüterstraße 3, 40235 Düsseldorf (최근접 공개 전단 지점, 지점별 가격 미확인)","40468","식품","21.09.2026-26.09.2026","Emsrind Dry aged Rinder Short Ribs","ca. 1-kg-Packung; Netto-Abholpreis zzgl. MwSt.","18.49","","","18,49 €/kg netto (19,78 € brutto)","https://prospekte.metro.de/3985/3370169/pdfs/9c9418ba-24fb-4f77-a005-92a6eab3744b.pdf?response-content-disposition=attachment%3B+filename%2A%3DUTF-8%27%27METRO%2520DE%2520-%2520Wochen-Angebote.pdf"
"2026-09-20 21:02 Europe/Berlin","METRO","METRO Düsseldorf, Schlüterstraße 3, 40235 Düsseldorf (최근접 공개 전단 지점, 지점별 가격 미확인)","40468","식품","21.09.2026-26.09.2026","Frischer Pulpo","geputzt, Wildfang Mittlerer Ostatlantik, ca. 1 kg/Stück; Netto-Abholpreis zzgl. MwSt.","19.99","","","19,99 €/kg netto (21,39 € brutto)","https://prospekte.metro.de/3985/3370169/pdfs/9c9418ba-24fb-4f77-a005-92a6eab3744b.pdf?response-content-disposition=attachment%3B+filename%2A%3DUTF-8%27%27METRO%2520DE%2520-%2520Wochen-Angebote.pdf"
"2026-09-20 21:02 Europe/Berlin","METRO","METRO Düsseldorf, Schlüterstraße 3, 40235 Düsseldorf (최근접 공개 전단 지점, 지점별 가격 미확인)","40468","식품","21.09.2026-26.09.2026","Hackfleisch gemischt","Schweine- und Rindfleisch, frisch, ca. 1,5-kg-Packung; Netto-Abholpreis zzgl. MwSt.","8.59","","","8,59 €/kg netto (9,19 € brutto)","https://prospekte.metro.de/3985/3370169/pdfs/9c9418ba-24fb-4f77-a005-92a6eab3744b.pdf?response-content-disposition=attachment%3B+filename%2A%3DUTF-8%27%27METRO%2520DE%2520-%2520Wochen-Angebote.pdf"
"2026-09-20 21:02 Europe/Berlin","METRO","METRO Düsseldorf, Schlüterstraße 3, 40235 Düsseldorf (최근접 공개 전단 지점, 지점별 가격 미확인)","40468","식품","21.09.2026-26.09.2026","John Ross Schottischer Räucherlachs","kaltgeräuchert, 200-g-Packung; Netto-Abholpreis zzgl. MwSt.","9.99","","","9,99 € netto (10,69 € brutto)","https://prospekte.metro.de/3985/3370169/pdfs/9c9418ba-24fb-4f77-a005-92a6eab3744b.pdf?response-content-disposition=attachment%3B+filename%2A%3DUTF-8%27%27METRO%2520DE%2520-%2520Wochen-Angebote.pdf"
"2026-09-20 21:02 Europe/Berlin","METRO","METRO Düsseldorf, Schlüterstraße 3, 40235 Düsseldorf (최근접 공개 전단 지점, 지점별 가격 미확인)","40468","식품","21.09.2026-26.09.2026","Kasseler-Krustenbraten","aus dem Schinken, ca. 2,5-kg-Stücke; Netto-Abholpreis zzgl. MwSt.","6.49","","","6,49 €/kg netto (6,94 € brutto)","https://prospekte.metro.de/3985/3370169/pdfs/9c9418ba-24fb-4f77-a005-92a6eab3744b.pdf?response-content-disposition=attachment%3B+filename%2A%3DUTF-8%27%27METRO%2520DE%2520-%2520Wochen-Angebote.pdf"
"2026-09-20 21:02 Europe/Berlin","METRO","METRO Düsseldorf, Schlüterstraße 3, 40235 Düsseldorf (최근접 공개 전단 지점, 지점별 가격 미확인)","40468","식품","21.09.2026-26.09.2026","Medusa Meeresfrüchtesalat oder Sardellenfilets","150-g-Schale; Netto-Abholpreis zzgl. MwSt.","3.49","","","3,49 € netto (3,73 € brutto)","https://prospekte.metro.de/3985/3370169/pdfs/9c9418ba-24fb-4f77-a005-92a6eab3744b.pdf?response-content-disposition=attachment%3B+filename%2A%3DUTF-8%27%27METRO%2520DE%2520-%2520Wochen-Angebote.pdf"
"2026-09-20 21:02 Europe/Berlin","METRO","METRO Düsseldorf, Schlüterstraße 3, 40235 Düsseldorf (최근접 공개 전단 지점, 지점별 가격 미확인)","40468","식품","21.09.2026-26.09.2026","Rinderbraten Falsches Filet","europäische Herkunft, halal, ca. 1,5-kg-Stücke; Netto-Abholpreis zzgl. MwSt.","12.99","","","12,99 €/kg netto (13,90 € brutto)","https://prospekte.metro.de/3985/3370169/pdfs/9c9418ba-24fb-4f77-a005-92a6eab3744b.pdf?response-content-disposition=attachment%3B+filename%2A%3DUTF-8%27%27METRO%2520DE%2520-%2520Wochen-Angebote.pdf"
"2026-09-20 21:02 Europe/Berlin","METRO","METRO Düsseldorf, Schlüterstraße 3, 40235 Düsseldorf (최근접 공개 전단 지점, 지점별 가격 미확인)","40468","식품","21.09.2026-26.09.2026","Rinderkugel","europäische Herkunft, halal, ca. 4-kg-Stücke; Netto-Abholpreis zzgl. MwSt.","12.99","","","12,99 €/kg netto (13,90 € brutto)","https://prospekte.metro.de/3985/3370169/pdfs/9c9418ba-24fb-4f77-a005-92a6eab3744b.pdf?response-content-disposition=attachment%3B+filename%2A%3DUTF-8%27%27METRO%2520DE%2520-%2520Wochen-Angebote.pdf"
"2026-09-20 21:02 Europe/Berlin","METRO","METRO Düsseldorf, Schlüterstraße 3, 40235 Düsseldorf (최근접 공개 전단 지점, 지점별 가격 미확인)","40468","식품","21.09.2026-26.09.2026","Schweine Loin-Ribs","ca. 500-g-Stücke; Netto-Abholpreis zzgl. MwSt.","6.29","","","6,29 €/kg netto (6,73 € brutto)","https://prospekte.metro.de/3985/3370169/pdfs/9c9418ba-24fb-4f77-a005-92a6eab3744b.pdf?response-content-disposition=attachment%3B+filename%2A%3DUTF-8%27%27METRO%2520DE%2520-%2520Wochen-Angebote.pdf"
"2026-09-20 21:02 Europe/Berlin","METRO","METRO Düsseldorf, Schlüterstraße 3, 40235 Düsseldorf (최근접 공개 전단 지점, 지점별 가격 미확인)","40468","식품","21.09.2026-26.09.2026","Schweinefilet","ca. 500-g-Stücke; Netto-Abholpreis zzgl. MwSt.","8.49","","","8,49 €/kg netto (9,08 € brutto)","https://prospekte.metro.de/3985/3370169/pdfs/9c9418ba-24fb-4f77-a005-92a6eab3744b.pdf?response-content-disposition=attachment%3B+filename%2A%3DUTF-8%27%27METRO%2520DE%2520-%2520Wochen-Angebote.pdf"
"2026-09-20 21:02 Europe/Berlin","METRO","METRO Düsseldorf, Schlüterstraße 3, 40235 Düsseldorf (최근접 공개 전단 지점, 지점별 가격 미확인)","40468","식품","21.09.2026-26.09.2026","Schweinelachse","ca. 3,2-kg-Stücke; Netto-Abholpreis zzgl. MwSt.","3.79","","","3,79 €/kg netto (4,06 € brutto)","https://prospekte.metro.de/3985/3370169/pdfs/9c9418ba-24fb-4f77-a005-92a6eab3744b.pdf?response-content-disposition=attachment%3B+filename%2A%3DUTF-8%27%27METRO%2520DE%2520-%2520Wochen-Angebote.pdf"
"2026-09-20 21:02 Europe/Berlin","METRO","METRO Düsseldorf, Schlüterstraße 3, 40235 Düsseldorf (최근접 공개 전단 지점, 지점별 가격 미확인)","40468","식품","21.09.2026-26.09.2026","Schweinenacken","ohne Knochen, frisch, ca. 2,5-kg-Stücke; Netto-Abholpreis zzgl. MwSt.","4.99","","","4,99 €/kg netto (5,34 € brutto)","https://prospekte.metro.de/3985/3370169/pdfs/9c9418ba-24fb-4f77-a005-92a6eab3744b.pdf?response-content-disposition=attachment%3B+filename%2A%3DUTF-8%27%27METRO%2520DE%2520-%2520Wochen-Angebote.pdf"
"2026-09-20 21:02 Europe/Berlin","METRO","METRO Düsseldorf, Schlüterstraße 3, 40235 Düsseldorf (최근접 공개 전단 지점, 지점별 가격 미확인)","40474","식품","21.09.2026-26.09.2026","Argentinische Rinder-Steakhüfte","vorgereift, vakuumverpackt, ca. 2,2-kg-Stücke, Preis ab ca. 2,2 kg; Netto-Abholpreis zzgl. MwSt.","15.49","","","15,49 €/kg netto (16,57 € brutto)","https://prospekte.metro.de/3985/3370169/pdfs/9c9418ba-24fb-4f77-a005-92a6eab3744b.pdf?response-content-disposition=attachment%3B+filename%2A%3DUTF-8%27%27METRO%2520DE%2520-%2520Wochen-Angebote.pdf"
"2026-09-20 21:02 Europe/Berlin","METRO","METRO Düsseldorf, Schlüterstraße 3, 40235 Düsseldorf (최근접 공개 전단 지점, 지점별 가격 미확인)","40474","식품","21.09.2026-26.09.2026","Argentinisches Rinder-Roastbeef","vorgereift, vakuumverpackt, ca. 3,5-kg-Stücke; Netto-Abholpreis zzgl. MwSt.","10.79","","","10,79 €/kg netto (11,55 € brutto)","https://prospekte.metro.de/3985/3370169/pdfs/9c9418ba-24fb-4f77-a005-92a6eab3744b.pdf?response-content-disposition=attachment%3B+filename%2A%3DUTF-8%27%27METRO%2520DE%2520-%2520Wochen-Angebote.pdf"
"2026-09-20 21:02 Europe/Berlin","METRO","METRO Düsseldorf, Schlüterstraße 3, 40235 Düsseldorf (최근접 공개 전단 지점, 지점별 가격 미확인)","40474","식품","21.09.2026-26.09.2026","Dorade Royal Filets","80-120 g/Filet, 900-g-Beutel; Netto-Abholpreis zzgl. MwSt.","16.99","","","16,99 € netto (18,17 € brutto)","https://prospekte.metro.de/3985/3370169/pdfs/9c9418ba-24fb-4f77-a005-92a6eab3744b.pdf?response-content-disposition=attachment%3B+filename%2A%3DUTF-8%27%27METRO%2520DE%2520-%2520Wochen-Angebote.pdf"
"2026-09-20 21:02 Europe/Berlin","METRO","METRO Düsseldorf, Schlüterstraße 3, 40235 Düsseldorf (최근접 공개 전단 지점, 지점별 가격 미확인)","40474","식품","21.09.2026-26.09.2026","Emsrind Dry aged Côte de Boeuf / Prime Rib Steak","ca. 700/550-g-Packung; Netto-Abholpreis zzgl. MwSt.","22.49","","","22,49 €/kg netto (24,06 € brutto)","https://prospekte.metro.de/3985/3370169/pdfs/9c9418ba-24fb-4f77-a005-92a6eab3744b.pdf?response-content-disposition=attachment%3B+filename%2A%3DUTF-8%27%27METRO%2520DE%2520-%2520Wochen-Angebote.pdf"
"2026-09-20 21:02 Europe/Berlin","METRO","METRO Düsseldorf, Schlüterstraße 3, 40235 Düsseldorf (최근접 공개 전단 지점, 지점별 가격 미확인)","40474","식품","21.09.2026-26.09.2026","Emsrind Dry aged Rinder Short Ribs","ca. 1-kg-Packung; Netto-Abholpreis zzgl. MwSt.","18.49","","","18,49 €/kg netto (19,78 € brutto)","https://prospekte.metro.de/3985/3370169/pdfs/9c9418ba-24fb-4f77-a005-92a6eab3744b.pdf?response-content-disposition=attachment%3B+filename%2A%3DUTF-8%27%27METRO%2520DE%2520-%2520Wochen-Angebote.pdf"
"2026-09-20 21:02 Europe/Berlin","METRO","METRO Düsseldorf, Schlüterstraße 3, 40235 Düsseldorf (최근접 공개 전단 지점, 지점별 가격 미확인)","40474","식품","21.09.2026-26.09.2026","Frischer Pulpo","geputzt, Wildfang Mittlerer Ostatlantik, ca. 1 kg/Stück; Netto-Abholpreis zzgl. MwSt.","19.99","","","19,99 €/kg netto (21,39 € brutto)","https://prospekte.metro.de/3985/3370169/pdfs/9c9418ba-24fb-4f77-a005-92a6eab3744b.pdf?response-content-disposition=attachment%3B+filename%2A%3DUTF-8%27%27METRO%2520DE%2520-%2520Wochen-Angebote.pdf"
"2026-09-20 21:02 Europe/Berlin","METRO","METRO Düsseldorf, Schlüterstraße 3, 40235 Düsseldorf (최근접 공개 전단 지점, 지점별 가격 미확인)","40474","식품","21.09.2026-26.09.2026","Hackfleisch gemischt","Schweine- und Rindfleisch, frisch, ca. 1,5-kg-Packung; Netto-Abholpreis zzgl. MwSt.","8.59","","","8,59 €/kg netto (9,19 € brutto)","https://prospekte.metro.de/3985/3370169/pdfs/9c9418ba-24fb-4f77-a005-92a6eab3744b.pdf?response-content-disposition=attachment%3B+filename%2A%3DUTF-8%27%27METRO%2520DE%2520-%2520Wochen-Angebote.pdf"
"2026-09-20 21:02 Europe/Berlin","METRO","METRO Düsseldorf, Schlüterstraße 3, 40235 Düsseldorf (최근접 공개 전단 지점, 지점별 가격 미확인)","40474","식품","21.09.2026-26.09.2026","John Ross Schottischer Räucherlachs","kaltgeräuchert, 200-g-Packung; Netto-Abholpreis zzgl. MwSt.","9.99","","","9,99 € netto (10,69 € brutto)","https://prospekte.metro.de/3985/3370169/pdfs/9c9418ba-24fb-4f77-a005-92a6eab3744b.pdf?response-content-disposition=attachment%3B+filename%2A%3DUTF-8%27%27METRO%2520DE%2520-%2520Wochen-Angebote.pdf"
"2026-09-20 21:02 Europe/Berlin","METRO","METRO Düsseldorf, Schlüterstraße 3, 40235 Düsseldorf (최근접 공개 전단 지점, 지점별 가격 미확인)","40474","식품","21.09.2026-26.09.2026","Kasseler-Krustenbraten","aus dem Schinken, ca. 2,5-kg-Stücke; Netto-Abholpreis zzgl. MwSt.","6.49","","","6,49 €/kg netto (6,94 € brutto)","https://prospekte.metro.de/3985/3370169/pdfs/9c9418ba-24fb-4f77-a005-92a6eab3744b.pdf?response-content-disposition=attachment%3B+filename%2A%3DUTF-8%27%27METRO%2520DE%2520-%2520Wochen-Angebote.pdf"
"2026-09-20 21:02 Europe/Berlin","METRO","METRO Düsseldorf, Schlüterstraße 3, 40235 Düsseldorf (최근접 공개 전단 지점, 지점별 가격 미확인)","40474","식품","21.09.2026-26.09.2026","Medusa Meeresfrüchtesalat oder Sardellenfilets","150-g-Schale; Netto-Abholpreis zzgl. MwSt.","3.49","","","3,49 € netto (3,73 € brutto)","https://prospekte.metro.de/3985/3370169/pdfs/9c9418ba-24fb-4f77-a005-92a6eab3744b.pdf?response-content-disposition=attachment%3B+filename%2A%3DUTF-8%27%27METRO%2520DE%2520-%2520Wochen-Angebote.pdf"
"2026-09-20 21:02 Europe/Berlin","METRO","METRO Düsseldorf, Schlüterstraße 3, 40235 Düsseldorf (최근접 공개 전단 지점, 지점별 가격 미확인)","40474","식품","21.09.2026-26.09.2026","Rinderbraten Falsches Filet","europäische Herkunft, halal, ca. 1,5-kg-Stücke; Netto-Abholpreis zzgl. MwSt.","12.99","","","12,99 €/kg netto (13,90 € brutto)","https://prospekte.metro.de/3985/3370169/pdfs/9c9418ba-24fb-4f77-a005-92a6eab3744b.pdf?response-content-disposition=attachment%3B+filename%2A%3DUTF-8%27%27METRO%2520DE%2520-%2520Wochen-Angebote.pdf"
"2026-09-20 21:02 Europe/Berlin","METRO","METRO Düsseldorf, Schlüterstraße 3, 40235 Düsseldorf (최근접 공개 전단 지점, 지점별 가격 미확인)","40474","식품","21.09.2026-26.09.2026","Rinderkugel","europäische Herkunft, halal, ca. 4-kg-Stücke; Netto-Abholpreis zzgl. MwSt.","12.99","","","12,99 €/kg netto (13,90 € brutto)","https://prospekte.metro.de/3985/3370169/pdfs/9c9418ba-24fb-4f77-a005-92a6eab3744b.pdf?response-content-disposition=attachment%3B+filename%2A%3DUTF-8%27%27METRO%2520DE%2520-%2520Wochen-Angebote.pdf"
"2026-09-20 21:02 Europe/Berlin","METRO","METRO Düsseldorf, Schlüterstraße 3, 40235 Düsseldorf (최근접 공개 전단 지점, 지점별 가격 미확인)","40474","식품","21.09.2026-26.09.2026","Schweine Loin-Ribs","ca. 500-g-Stücke; Netto-Abholpreis zzgl. MwSt.","6.29","","","6,29 €/kg netto (6,73 € brutto)","https://prospekte.metro.de/3985/3370169/pdfs/9c9418ba-24fb-4f77-a005-92a6eab3744b.pdf?response-content-disposition=attachment%3B+filename%2A%3DUTF-8%27%27METRO%2520DE%2520-%2520Wochen-Angebote.pdf"
"2026-09-20 21:02 Europe/Berlin","METRO","METRO Düsseldorf, Schlüterstraße 3, 40235 Düsseldorf (최근접 공개 전단 지점, 지점별 가격 미확인)","40474","식품","21.09.2026-26.09.2026","Schweinefilet","ca. 500-g-Stücke; Netto-Abholpreis zzgl. MwSt.","8.49","","","8,49 €/kg netto (9,08 € brutto)","https://prospekte.metro.de/3985/3370169/pdfs/9c9418ba-24fb-4f77-a005-92a6eab3744b.pdf?response-content-disposition=attachment%3B+filename%2A%3DUTF-8%27%27METRO%2520DE%2520-%2520Wochen-Angebote.pdf"
"2026-09-20 21:02 Europe/Berlin","METRO","METRO Düsseldorf, Schlüterstraße 3, 40235 Düsseldorf (최근접 공개 전단 지점, 지점별 가격 미확인)","40474","식품","21.09.2026-26.09.2026","Schweinelachse","ca. 3,2-kg-Stücke; Netto-Abholpreis zzgl. MwSt.","3.79","","","3,79 €/kg netto (4,06 € brutto)","https://prospekte.metro.de/3985/3370169/pdfs/9c9418ba-24fb-4f77-a005-92a6eab3744b.pdf?response-content-disposition=attachment%3B+filename%2A%3DUTF-8%27%27METRO%2520DE%2520-%2520Wochen-Angebote.pdf"
"2026-09-20 21:02 Europe/Berlin","METRO","METRO Düsseldorf, Schlüterstraße 3, 40235 Düsseldorf (최근접 공개 전단 지점, 지점별 가격 미확인)","40474","식품","21.09.2026-26.09.2026","Schweinenacken","ohne Knochen, frisch, ca. 2,5-kg-Stücke; Netto-Abholpreis zzgl. MwSt.","4.99","","","4,99 €/kg netto (5,34 € brutto)","https://prospekte.metro.de/3985/3370169/pdfs/9c9418ba-24fb-4f77-a005-92a6eab3744b.pdf?response-content-disposition=attachment%3B+filename%2A%3DUTF-8%27%27METRO%2520DE%2520-%2520Wochen-Angebote.pdf"
"2026-09-20 21:02 Europe/Berlin","METRO","METRO Dortmund-Oespel, Borussiastraße 101, 44149 Dortmund (최근접 공개 전단 지점, 지점별 가격 미확인)","44369","식품","21.09.2026-26.09.2026","Argentinische Rinder-Steakhüfte","vorgereift, vakuumverpackt, ca. 2,2-kg-Stücke, Preis ab ca. 2,2 kg; Netto-Abholpreis zzgl. MwSt.","15.49","","","15,49 €/kg netto (16,57 € brutto)","https://prospekte.metro.de/3985/3370169/pdfs/9c9418ba-24fb-4f77-a005-92a6eab3744b.pdf?response-content-disposition=attachment%3B+filename%2A%3DUTF-8%27%27METRO%2520DE%2520-%2520Wochen-Angebote.pdf"
"2026-09-20 21:02 Europe/Berlin","METRO","METRO Dortmund-Oespel, Borussiastraße 101, 44149 Dortmund (최근접 공개 전단 지점, 지점별 가격 미확인)","44369","식품","21.09.2026-26.09.2026","Argentinisches Rinder-Roastbeef","vorgereift, vakuumverpackt, ca. 3,5-kg-Stücke; Netto-Abholpreis zzgl. MwSt.","10.79","","","10,79 €/kg netto (11,55 € brutto)","https://prospekte.metro.de/3985/3370169/pdfs/9c9418ba-24fb-4f77-a005-92a6eab3744b.pdf?response-content-disposition=attachment%3B+filename%2A%3DUTF-8%27%27METRO%2520DE%2520-%2520Wochen-Angebote.pdf"
"2026-09-20 21:02 Europe/Berlin","METRO","METRO Dortmund-Oespel, Borussiastraße 101, 44149 Dortmund (최근접 공개 전단 지점, 지점별 가격 미확인)","44369","식품","21.09.2026-26.09.2026","Dorade Royal Filets","80-120 g/Filet, 900-g-Beutel; Netto-Abholpreis zzgl. MwSt.","16.99","","","16,99 € netto (18,17 € brutto)","https://prospekte.metro.de/3985/3370169/pdfs/9c9418ba-24fb-4f77-a005-92a6eab3744b.pdf?response-content-disposition=attachment%3B+filename%2A%3DUTF-8%27%27METRO%2520DE%2520-%2520Wochen-Angebote.pdf"
"2026-09-20 21:02 Europe/Berlin","METRO","METRO Dortmund-Oespel, Borussiastraße 101, 44149 Dortmund (최근접 공개 전단 지점, 지점별 가격 미확인)","44369","식품","21.09.2026-26.09.2026","Emsrind Dry aged Côte de Boeuf / Prime Rib Steak","ca. 700/550-g-Packung; Netto-Abholpreis zzgl. MwSt.","22.49","","","22,49 €/kg netto (24,06 € brutto)","https://prospekte.metro.de/3985/3370169/pdfs/9c9418ba-24fb-4f77-a005-92a6eab3744b.pdf?response-content-disposition=attachment%3B+filename%2A%3DUTF-8%27%27METRO%2520DE%2520-%2520Wochen-Angebote.pdf"
"2026-09-20 21:02 Europe/Berlin","METRO","METRO Dortmund-Oespel, Borussiastraße 101, 44149 Dortmund (최근접 공개 전단 지점, 지점별 가격 미확인)","44369","식품","21.09.2026-26.09.2026","Emsrind Dry aged Rinder Short Ribs","ca. 1-kg-Packung; Netto-Abholpreis zzgl. MwSt.","18.49","","","18,49 €/kg netto (19,78 € brutto)","https://prospekte.metro.de/3985/3370169/pdfs/9c9418ba-24fb-4f77-a005-92a6eab3744b.pdf?response-content-disposition=attachment%3B+filename%2A%3DUTF-8%27%27METRO%2520DE%2520-%2520Wochen-Angebote.pdf"
"2026-09-20 21:02 Europe/Berlin","METRO","METRO Dortmund-Oespel, Borussiastraße 101, 44149 Dortmund (최근접 공개 전단 지점, 지점별 가격 미확인)","44369","식품","21.09.2026-26.09.2026","Frischer Pulpo","geputzt, Wildfang Mittlerer Ostatlantik, ca. 1 kg/Stück; Netto-Abholpreis zzgl. MwSt.","19.99","","","19,99 €/kg netto (21,39 € brutto)","https://prospekte.metro.de/3985/3370169/pdfs/9c9418ba-24fb-4f77-a005-92a6eab3744b.pdf?response-content-disposition=attachment%3B+filename%2A%3DUTF-8%27%27METRO%2520DE%2520-%2520Wochen-Angebote.pdf"
"2026-09-20 21:02 Europe/Berlin","METRO","METRO Dortmund-Oespel, Borussiastraße 101, 44149 Dortmund (최근접 공개 전단 지점, 지점별 가격 미확인)","44369","식품","21.09.2026-26.09.2026","Hackfleisch gemischt","Schweine- und Rindfleisch, frisch, ca. 1,5-kg-Packung; Netto-Abholpreis zzgl. MwSt.","8.59","","","8,59 €/kg netto (9,19 € brutto)","https://prospekte.metro.de/3985/3370169/pdfs/9c9418ba-24fb-4f77-a005-92a6eab3744b.pdf?response-content-disposition=attachment%3B+filename%2A%3DUTF-8%27%27METRO%2520DE%2520-%2520Wochen-Angebote.pdf"
"2026-09-20 21:02 Europe/Berlin","METRO","METRO Dortmund-Oespel, Borussiastraße 101, 44149 Dortmund (최근접 공개 전단 지점, 지점별 가격 미확인)","44369","식품","21.09.2026-26.09.2026","John Ross Schottischer Räucherlachs","kaltgeräuchert, 200-g-Packung; Netto-Abholpreis zzgl. MwSt.","9.99","","","9,99 € netto (10,69 € brutto)","https://prospekte.metro.de/3985/3370169/pdfs/9c9418ba-24fb-4f77-a005-92a6eab3744b.pdf?response-content-disposition=attachment%3B+filename%2A%3DUTF-8%27%27METRO%2520DE%2520-%2520Wochen-Angebote.pdf"
"2026-09-20 21:02 Europe/Berlin","METRO","METRO Dortmund-Oespel, Borussiastraße 101, 44149 Dortmund (최근접 공개 전단 지점, 지점별 가격 미확인)","44369","식품","21.09.2026-26.09.2026","Kasseler-Krustenbraten","aus dem Schinken, ca. 2,5-kg-Stücke; Netto-Abholpreis zzgl. MwSt.","6.49","","","6,49 €/kg netto (6,94 € brutto)","https://prospekte.metro.de/3985/3370169/pdfs/9c9418ba-24fb-4f77-a005-92a6eab3744b.pdf?response-content-disposition=attachment%3B+filename%2A%3DUTF-8%27%27METRO%2520DE%2520-%2520Wochen-Angebote.pdf"
"2026-09-20 21:02 Europe/Berlin","METRO","METRO Dortmund-Oespel, Borussiastraße 101, 44149 Dortmund (최근접 공개 전단 지점, 지점별 가격 미확인)","44369","식품","21.09.2026-26.09.2026","Medusa Meeresfrüchtesalat oder Sardellenfilets","150-g-Schale; Netto-Abholpreis zzgl. MwSt.","3.49","","","3,49 € netto (3,73 € brutto)","https://prospekte.metro.de/3985/3370169/pdfs/9c9418ba-24fb-4f77-a005-92a6eab3744b.pdf?response-content-disposition=attachment%3B+filename%2A%3DUTF-8%27%27METRO%2520DE%2520-%2520Wochen-Angebote.pdf"
"2026-09-20 21:02 Europe/Berlin","METRO","METRO Dortmund-Oespel, Borussiastraße 101, 44149 Dortmund (최근접 공개 전단 지점, 지점별 가격 미확인)","44369","식품","21.09.2026-26.09.2026","Rinderbraten Falsches Filet","europäische Herkunft, halal, ca. 1,5-kg-Stücke; Netto-Abholpreis zzgl. MwSt.","12.99","","","12,99 €/kg netto (13,90 € brutto)","https://prospekte.metro.de/3985/3370169/pdfs/9c9418ba-24fb-4f77-a005-92a6eab3744b.pdf?response-content-disposition=attachment%3B+filename%2A%3DUTF-8%27%27METRO%2520DE%2520-%2520Wochen-Angebote.pdf"
"2026-09-20 21:02 Europe/Berlin","METRO","METRO Dortmund-Oespel, Borussiastraße 101, 44149 Dortmund (최근접 공개 전단 지점, 지점별 가격 미확인)","44369","식품","21.09.2026-26.09.2026","Rinderkugel","europäische Herkunft, halal, ca. 4-kg-Stücke; Netto-Abholpreis zzgl. MwSt.","12.99","","","12,99 €/kg netto (13,90 € brutto)","https://prospekte.metro.de/3985/3370169/pdfs/9c9418ba-24fb-4f77-a005-92a6eab3744b.pdf?response-content-disposition=attachment%3B+filename%2A%3DUTF-8%27%27METRO%2520DE%2520-%2520Wochen-Angebote.pdf"
"2026-09-20 21:02 Europe/Berlin","METRO","METRO Dortmund-Oespel, Borussiastraße 101, 44149 Dortmund (최근접 공개 전단 지점, 지점별 가격 미확인)","44369","식품","21.09.2026-26.09.2026","Schweine Loin-Ribs","ca. 500-g-Stücke; Netto-Abholpreis zzgl. MwSt.","6.29","","","6,29 €/kg netto (6,73 € brutto)","https://prospekte.metro.de/3985/3370169/pdfs/9c9418ba-24fb-4f77-a005-92a6eab3744b.pdf?response-content-disposition=attachment%3B+filename%2A%3DUTF-8%27%27METRO%2520DE%2520-%2520Wochen-Angebote.pdf"
"2026-09-20 21:02 Europe/Berlin","METRO","METRO Dortmund-Oespel, Borussiastraße 101, 44149 Dortmund (최근접 공개 전단 지점, 지점별 가격 미확인)","44369","식품","21.09.2026-26.09.2026","Schweinefilet","ca. 500-g-Stücke; Netto-Abholpreis zzgl. MwSt.","8.49","","","8,49 €/kg netto (9,08 € brutto)","https://prospekte.metro.de/3985/3370169/pdfs/9c9418ba-24fb-4f77-a005-92a6eab3744b.pdf?response-content-disposition=attachment%3B+filename%2A%3DUTF-8%27%27METRO%2520DE%2520-%2520Wochen-Angebote.pdf"
"2026-09-20 21:02 Europe/Berlin","METRO","METRO Dortmund-Oespel, Borussiastraße 101, 44149 Dortmund (최근접 공개 전단 지점, 지점별 가격 미확인)","44369","식품","21.09.2026-26.09.2026","Schweinelachse","ca. 3,2-kg-Stücke; Netto-Abholpreis zzgl. MwSt.","3.79","","","3,79 €/kg netto (4,06 € brutto)","https://prospekte.metro.de/3985/3370169/pdfs/9c9418ba-24fb-4f77-a005-92a6eab3744b.pdf?response-content-disposition=attachment%3B+filename%2A%3DUTF-8%27%27METRO%2520DE%2520-%2520Wochen-Angebote.pdf"
"2026-09-20 21:02 Europe/Berlin","METRO","METRO Dortmund-Oespel, Borussiastraße 101, 44149 Dortmund (최근접 공개 전단 지점, 지점별 가격 미확인)","44369","식품","21.09.2026-26.09.2026","Schweinenacken","ohne Knochen, frisch, ca. 2,5-kg-Stücke; Netto-Abholpreis zzgl. MwSt.","4.99","","","4,99 €/kg netto (5,34 € brutto)","https://prospekte.metro.de/3985/3370169/pdfs/9c9418ba-24fb-4f77-a005-92a6eab3744b.pdf?response-content-disposition=attachment%3B+filename%2A%3DUTF-8%27%27METRO%2520DE%2520-%2520Wochen-Angebote.pdf"
"2026-09-20 21:02 Europe/Berlin","METRO","METRO Würselen, Schumanstraße 6, 52146 Würselen (최근접 공개 전단 지점, 지점별 가격 미확인)","52062","식품","21.09.2026-26.09.2026","Argentinische Rinder-Steakhüfte","vorgereift, vakuumverpackt, ca. 2,2-kg-Stücke, Preis ab ca. 2,2 kg; Netto-Abholpreis zzgl. MwSt.","15.49","","","15,49 €/kg netto (16,57 € brutto)","https://prospekte.metro.de/3985/3370169/pdfs/9c9418ba-24fb-4f77-a005-92a6eab3744b.pdf?response-content-disposition=attachment%3B+filename%2A%3DUTF-8%27%27METRO%2520DE%2520-%2520Wochen-Angebote.pdf"
"2026-09-20 21:02 Europe/Berlin","METRO","METRO Würselen, Schumanstraße 6, 52146 Würselen (최근접 공개 전단 지점, 지점별 가격 미확인)","52062","식품","21.09.2026-26.09.2026","Argentinisches Rinder-Roastbeef","vorgereift, vakuumverpackt, ca. 3,5-kg-Stücke; Netto-Abholpreis zzgl. MwSt.","10.79","","","10,79 €/kg netto (11,55 € brutto)","https://prospekte.metro.de/3985/3370169/pdfs/9c9418ba-24fb-4f77-a005-92a6eab3744b.pdf?response-content-disposition=attachment%3B+filename%2A%3DUTF-8%27%27METRO%2520DE%2520-%2520Wochen-Angebote.pdf"
"2026-09-20 21:02 Europe/Berlin","METRO","METRO Würselen, Schumanstraße 6, 52146 Würselen (최근접 공개 전단 지점, 지점별 가격 미확인)","52062","식품","21.09.2026-26.09.2026","Dorade Royal Filets","80-120 g/Filet, 900-g-Beutel; Netto-Abholpreis zzgl. MwSt.","16.99","","","16,99 € netto (18,17 € brutto)","https://prospekte.metro.de/3985/3370169/pdfs/9c9418ba-24fb-4f77-a005-92a6eab3744b.pdf?response-content-disposition=attachment%3B+filename%2A%3DUTF-8%27%27METRO%2520DE%2520-%2520Wochen-Angebote.pdf"
"2026-09-20 21:02 Europe/Berlin","METRO","METRO Würselen, Schumanstraße 6, 52146 Würselen (최근접 공개 전단 지점, 지점별 가격 미확인)","52062","식품","21.09.2026-26.09.2026","Emsrind Dry aged Côte de Boeuf / Prime Rib Steak","ca. 700/550-g-Packung; Netto-Abholpreis zzgl. MwSt.","22.49","","","22,49 €/kg netto (24,06 € brutto)","https://prospekte.metro.de/3985/3370169/pdfs/9c9418ba-24fb-4f77-a005-92a6eab3744b.pdf?response-content-disposition=attachment%3B+filename%2A%3DUTF-8%27%27METRO%2520DE%2520-%2520Wochen-Angebote.pdf"
"2026-09-20 21:02 Europe/Berlin","METRO","METRO Würselen, Schumanstraße 6, 52146 Würselen (최근접 공개 전단 지점, 지점별 가격 미확인)","52062","식품","21.09.2026-26.09.2026","Emsrind Dry aged Rinder Short Ribs","ca. 1-kg-Packung; Netto-Abholpreis zzgl. MwSt.","18.49","","","18,49 €/kg netto (19,78 € brutto)","https://prospekte.metro.de/3985/3370169/pdfs/9c9418ba-24fb-4f77-a005-92a6eab3744b.pdf?response-content-disposition=attachment%3B+filename%2A%3DUTF-8%27%27METRO%2520DE%2520-%2520Wochen-Angebote.pdf"
"2026-09-20 21:02 Europe/Berlin","METRO","METRO Würselen, Schumanstraße 6, 52146 Würselen (최근접 공개 전단 지점, 지점별 가격 미확인)","52062","식품","21.09.2026-26.09.2026","Frischer Pulpo","geputzt, Wildfang Mittlerer Ostatlantik, ca. 1 kg/Stück; Netto-Abholpreis zzgl. MwSt.","19.99","","","19,99 €/kg netto (21,39 € brutto)","https://prospekte.metro.de/3985/3370169/pdfs/9c9418ba-24fb-4f77-a005-92a6eab3744b.pdf?response-content-disposition=attachment%3B+filename%2A%3DUTF-8%27%27METRO%2520DE%2520-%2520Wochen-Angebote.pdf"
"2026-09-20 21:02 Europe/Berlin","METRO","METRO Würselen, Schumanstraße 6, 52146 Würselen (최근접 공개 전단 지점, 지점별 가격 미확인)","52062","식품","21.09.2026-26.09.2026","Hackfleisch gemischt","Schweine- und Rindfleisch, frisch, ca. 1,5-kg-Packung; Netto-Abholpreis zzgl. MwSt.","8.59","","","8,59 €/kg netto (9,19 € brutto)","https://prospekte.metro.de/3985/3370169/pdfs/9c9418ba-24fb-4f77-a005-92a6eab3744b.pdf?response-content-disposition=attachment%3B+filename%2A%3DUTF-8%27%27METRO%2520DE%2520-%2520Wochen-Angebote.pdf"
"2026-09-20 21:02 Europe/Berlin","METRO","METRO Würselen, Schumanstraße 6, 52146 Würselen (최근접 공개 전단 지점, 지점별 가격 미확인)","52062","식품","21.09.2026-26.09.2026","John Ross Schottischer Räucherlachs","kaltgeräuchert, 200-g-Packung; Netto-Abholpreis zzgl. MwSt.","9.99","","","9,99 € netto (10,69 € brutto)","https://prospekte.metro.de/3985/3370169/pdfs/9c9418ba-24fb-4f77-a005-92a6eab3744b.pdf?response-content-disposition=attachment%3B+filename%2A%3DUTF-8%27%27METRO%2520DE%2520-%2520Wochen-Angebote.pdf"
"2026-09-20 21:02 Europe/Berlin","METRO","METRO Würselen, Schumanstraße 6, 52146 Würselen (최근접 공개 전단 지점, 지점별 가격 미확인)","52062","식품","21.09.2026-26.09.2026","Kasseler-Krustenbraten","aus dem Schinken, ca. 2,5-kg-Stücke; Netto-Abholpreis zzgl. MwSt.","6.49","","","6,49 €/kg netto (6,94 € brutto)","https://prospekte.metro.de/3985/3370169/pdfs/9c9418ba-24fb-4f77-a005-92a6eab3744b.pdf?response-content-disposition=attachment%3B+filename%2A%3DUTF-8%27%27METRO%2520DE%2520-%2520Wochen-Angebote.pdf"
"2026-09-20 21:02 Europe/Berlin","METRO","METRO Würselen, Schumanstraße 6, 52146 Würselen (최근접 공개 전단 지점, 지점별 가격 미확인)","52062","식품","21.09.2026-26.09.2026","Medusa Meeresfrüchtesalat oder Sardellenfilets","150-g-Schale; Netto-Abholpreis zzgl. MwSt.","3.49","","","3,49 € netto (3,73 € brutto)","https://prospekte.metro.de/3985/3370169/pdfs/9c9418ba-24fb-4f77-a005-92a6eab3744b.pdf?response-content-disposition=attachment%3B+filename%2A%3DUTF-8%27%27METRO%2520DE%2520-%2520Wochen-Angebote.pdf"
"2026-09-20 21:02 Europe/Berlin","METRO","METRO Würselen, Schumanstraße 6, 52146 Würselen (최근접 공개 전단 지점, 지점별 가격 미확인)","52062","식품","21.09.2026-26.09.2026","Rinderbraten Falsches Filet","europäische Herkunft, halal, ca. 1,5-kg-Stücke; Netto-Abholpreis zzgl. MwSt.","12.99","","","12,99 €/kg netto (13,90 € brutto)","https://prospekte.metro.de/3985/3370169/pdfs/9c9418ba-24fb-4f77-a005-92a6eab3744b.pdf?response-content-disposition=attachment%3B+filename%2A%3DUTF-8%27%27METRO%2520DE%2520-%2520Wochen-Angebote.pdf"
"2026-09-20 21:02 Europe/Berlin","METRO","METRO Würselen, Schumanstraße 6, 52146 Würselen (최근접 공개 전단 지점, 지점별 가격 미확인)","52062","식품","21.09.2026-26.09.2026","Rinderkugel","europäische Herkunft, halal, ca. 4-kg-Stücke; Netto-Abholpreis zzgl. MwSt.","12.99","","","12,99 €/kg netto (13,90 € brutto)","https://prospekte.metro.de/3985/3370169/pdfs/9c9418ba-24fb-4f77-a005-92a6eab3744b.pdf?response-content-disposition=attachment%3B+filename%2A%3DUTF-8%27%27METRO%2520DE%2520-%2520Wochen-Angebote.pdf"
"2026-09-20 21:02 Europe/Berlin","METRO","METRO Würselen, Schumanstraße 6, 52146 Würselen (최근접 공개 전단 지점, 지점별 가격 미확인)","52062","식품","21.09.2026-26.09.2026","Schweine Loin-Ribs","ca. 500-g-Stücke; Netto-Abholpreis zzgl. MwSt.","6.29","","","6,29 €/kg netto (6,73 € brutto)","https://prospekte.metro.de/3985/3370169/pdfs/9c9418ba-24fb-4f77-a005-92a6eab3744b.pdf?response-content-disposition=attachment%3B+filename%2A%3DUTF-8%27%27METRO%2520DE%2520-%2520Wochen-Angebote.pdf"
"2026-09-20 21:02 Europe/Berlin","METRO","METRO Würselen, Schumanstraße 6, 52146 Würselen (최근접 공개 전단 지점, 지점별 가격 미확인)","52062","식품","21.09.2026-26.09.2026","Schweinefilet","ca. 500-g-Stücke; Netto-Abholpreis zzgl. MwSt.","8.49","","","8,49 €/kg netto (9,08 € brutto)","https://prospekte.metro.de/3985/3370169/pdfs/9c9418ba-24fb-4f77-a005-92a6eab3744b.pdf?response-content-disposition=attachment%3B+filename%2A%3DUTF-8%27%27METRO%2520DE%2520-%2520Wochen-Angebote.pdf"
"2026-09-20 21:02 Europe/Berlin","METRO","METRO Würselen, Schumanstraße 6, 52146 Würselen (최근접 공개 전단 지점, 지점별 가격 미확인)","52062","식품","21.09.2026-26.09.2026","Schweinelachse","ca. 3,2-kg-Stücke; Netto-Abholpreis zzgl. MwSt.","3.79","","","3,79 €/kg netto (4,06 € brutto)","https://prospekte.metro.de/3985/3370169/pdfs/9c9418ba-24fb-4f77-a005-92a6eab3744b.pdf?response-content-disposition=attachment%3B+filename%2A%3DUTF-8%27%27METRO%2520DE%2520-%2520Wochen-Angebote.pdf"
"2026-09-20 21:02 Europe/Berlin","METRO","METRO Würselen, Schumanstraße 6, 52146 Würselen (최근접 공개 전단 지점, 지점별 가격 미확인)","52062","식품","21.09.2026-26.09.2026","Schweinenacken","ohne Knochen, frisch, ca. 2,5-kg-Stücke; Netto-Abholpreis zzgl. MwSt.","4.99","","","4,99 €/kg netto (5,34 € brutto)","https://prospekte.metro.de/3985/3370169/pdfs/9c9418ba-24fb-4f77-a005-92a6eab3744b.pdf?response-content-disposition=attachment%3B+filename%2A%3DUTF-8%27%27METRO%2520DE%2520-%2520Wochen-Angebote.pdf"
